0	1006551
1	1007348
2	1008348
3	1009348
4	1010344
5	1011348
6	1012344
7	1013344
8	1014348
9	1015348
10	1016348
11	1017348
12	1018348
13	1019348
14	1020344
15	1021348
16	1022348
17	1023344
18	1024348
19	1025348
20	1026348
21	1027348
22	1028348
23	1029352
24	1030348
25	1031348
26	1032344
27	1033344
28	1034348
29	1035344
30	1036348
31	1037348
32	1038348
33	1039348
34	1040344
35	1041344
36	1042344
37	1043352
38	1044348
39	1045348
40	1046344
41	1047344
42	1048348
43	1049348
44	1050348
45	1051344
46	1052348
47	1053348
48	1054348
49	1055348
50	1056344
51	1057348
52	1058344
53	1059348
54	1060348
55	1061348
56	1062348
57	1063348
58	1064340
59	1065348
60	1066344
61	1067348
62	1068348
63	1069340
64	1070348
65	1071348
66	1072348
67	1073348
68	1074344
69	1075340
70	1076348
71	1077348
72	1078348
73	1079348
74	1080348
75	1081348
76	1082348
77	1083348
78	1084340
79	1085348
80	1086348
81	1087344
82	1088344
83	1089348
84	1090344
85	1091348
86	1092348
87	1093348
88	1094348
89	1095344
90	1096348
91	1097348
92	1098348
93	1099348
94	1100344
95	1101348
96	1102344
97	1103348
98	1104348
99	1105344
100	1106348
101	1107348
102	1108348
103	1109348
104	1110348
105	1111344
106	1112348
107	1113348
108	1114344
109	1115348
110	1116348
111	1117348
112	1118348
113	1119348
114	1120344
115	1121344
116	1122348
117	1123348
118	1124348
119	1125348
120	1126348
121	1127344
122	1128344
123	1129348
124	1130344
125	1131344
126	1132344
127	1133352
128	1134344
129	1135344
130	1136348
131	1137348
132	1138348
133	1139344
134	1140344
135	1141348
136	1142344
137	1143348
138	1144344
139	1145348
140	1146348
141	1147344
142	1148348
143	1149348
144	1150348
145	1151348
146	1152344
147	1153348
148	1154344
149	1155348
150	1156348
151	1157348
152	1158352
153	1159348
154	1160348
155	1161348
156	1162348
157	1163348
158	1164348
159	1165348
160	1166348
161	1167348
162	1168348
163	1169348
164	1170348
165	1171344
166	1172348
167	1173348
168	1174348
169	1175348
170	1176348
171	1177348
172	1178352
173	1179348
174	1180348
175	1181348
176	1182348
177	1183348
178	1184348
179	1185348
180	1186348
181	1187348
182	1188348
183	1189348
184	1190348
185	1191348
186	1192348
187	1193348
188	1194348
189	1195348
190	1196348
191	1197348
192	1198348
193	1199348
194	1200348
195	1201348
196	1202348
197	1203348
198	1204348
199	1205348
200	1206348
201	1207348
202	1208348
203	1209348
204	1210348
205	1211348
206	1212348
207	1213348
208	1214348
209	1215348
210	1216348
211	1217348
212	1218348
213	1219348
214	1220348
215	1221348
216	1222344
217	1223348
218	1224348
219	1225348
220	1226348
221	1227348
222	1228348
223	1229348
224	1230348
225	1231344
226	1232344
227	1233348
228	1234348
229	1235344
230	1236348
231	1237352
232	1238348
233	1239348
234	1240348
235	1241348
236	1242348
237	1243348
238	1244348
239	1245348
240	1246344
241	1247348
242	1248348
243	1249348
244	1250344
245	1251348
246	1252344
247	1253348
248	1254348
249	1255352
250	1256348
251	1257348
252	1258348
253	1259348
254	1260344
255	1261348
256	1262352
257	1263352
258	1264352
259	1265352
260	1266352
261	1267348
262	1268348
263	1269352
264	1270352
265	1271352
266	1272356
267	1273352
268	1274352
269	1275352
270	1276352
271	1277352
272	1278352
273	1279344
274	1280352
275	1281356
276	1282352
277	1283352
278	1284352
279	1285352
280	1286352
281	1287352
282	1288352
283	1289352
284	1290348
285	1291352
286	1292352
287	1293356
288	1294352
289	1295356
290	1296348
291	1297348
292	1298348
293	1299352
294	1300352
295	1301348
296	1302352
297	1303348
298	1304348
299	1305352
300	1306352
301	1307352
302	1308352
303	1309352
304	1310352
305	1311352
306	1312352
307	1313352
308	1314352
309	1315348
310	1316348
311	1317348
312	1318344
313	1319348
314	1320348
315	1321344
316	1322344
317	1323344
318	1324348
319	1325348
320	1326344
321	1327348
322	1328348
323	1329348
324	1330348
325	1331344
326	1332352
327	1333352
328	1334352
329	1335352
330	1336352
331	1337352
332	1338348
333	1339356
334	1340352
335	1341352
336	1342352
337	1343352
338	1344352
339	1345352
340	1346356
341	1347352
342	1348352
343	1349352
344	1350352
345	1351352
346	1352352
347	1353352
348	1354352
349	1355348
350	1356352
351	1357352
352	1358352
353	1359348
354	1360352
355	1361356
356	1362352
357	1363352
358	1364352
359	1365352
360	1366352
361	1367352
362	1368352
363	1369348
364	1370352
365	1371352
366	1372348
367	1373352
368	1374348
369	1375352
370	1376348
371	1377352
372	1378356
373	1379352
374	1380352
375	1381352
376	1382352
377	1383352
378	1384352
379	1385352
380	1386352
381	1387352
382	1388352
383	1389352
384	1390352
385	1391352
386	1392352
387	1393352
388	1394352
389	1395352
390	1396352
391	1397352
392	1398352
393	1399352
394	1400352
395	1401352
396	1402348
397	1403352
398	1404352
399	1405352
400	1406352
401	1407352
402	1408352
403	1409352
404	1410348
405	1411352
406	1412352
407	1413352
408	1414352
409	1415352
410	1416352
411	1417352
412	1418352
413	1419352
414	1420352
415	1421352
416	1422356
417	1423352
418	1424352
419	1425352
420	1426356
421	1427352
422	1428352
423	1429356
424	1430348
425	1431352
426	1432352
427	1433352
428	1434352
429	1435352
430	1436352
431	1437352
432	1438352
433	1439352
434	1440352
435	1441352
436	1442352
437	1443352
438	1444352
439	1445352
440	1446352
441	1447352
442	1448352
443	1449356
444	1450352
445	1451352
446	1452352
447	1453356
448	1454352
449	1455352
450	1456352
451	1457352
452	1458352
453	1459352
454	1460352
455	1461352
456	1462352
457	1463352
458	1464348
459	1465356
460	1466352
461	1467352
462	1468352
463	1469352
464	1470348
465	1471352
466	1472356
467	1473356
468	1474352
469	1475352
470	1476352
471	1477352
472	1478352
473	1479352
474	1480352
475	1481352
476	1482356
477	1483352
478	1484352
479	1485356
480	1486352
481	1487352
482	1488356
483	1489352
484	1490348
485	1491352
486	1492348
487	1493352
488	1494352
489	1495352
490	1496352
491	1497352
492	1498348
493	1499352
494	1500352
495	1501352
496	1502352
497	1503348
498	1504352
499	1505352
500	1506352
501	1507356
502	1508348
503	1509356
504	1510352
505	1511352
506	1512352
507	1513352
508	1514352
509	1515352
510	1516352
511	1517356
512	1518352
513	1519348
514	1520352
515	1521352
516	1522348
517	1523352
518	1524352
519	1525356
520	1526352
521	1527352
522	1528352
523	1529352
524	1530352
525	1531352
526	1532352
527	1533352
528	1534348
529	1535344
530	1536352
531	1537352
532	1538352
533	1539352
534	1540348
535	1541352
536	1542348
537	1543348
538	1544352
539	1545352
540	1546352
541	1547352
542	1548352
543	1549352
544	1550352
545	1551348
546	1552348
547	1553352
548	1554348
549	1555352
550	1556344
551	1557352
552	1558356
553	1559352
554	1560352
555	1561356
556	1562352
557	1563356
558	1564348
559	1565356
560	1566348
561	1567352
562	1568352
563	1569356
564	1570352
565	1571352
566	1572352
567	1573356
568	1574352
569	1575352
570	1576348
571	1577352
572	1578352
573	1579352
574	1580352
575	1581352
576	1582348
577	1583352
578	1584352
579	1585352
580	1586352
581	1587348
582	1588352
583	1589352
584	1590352
585	1591352
586	1592348
587	1593352
588	1594356
589	1595348
590	1596356
591	1597352
592	1598352
593	1599352
594	1600352
595	1601352
596	1602352
597	1603352
598	1604348
599	1605352
600	1606352
601	1607348
602	1608356
603	1609352
604	1610352
605	1611348
606	1612352
607	1613356
608	1614352
609	1615352
610	1616352
611	1617348
612	1618348
613	1619348
614	1620352
615	1621352
616	1622352
617	1623352
618	1624352
619	1625352
620	1626352
621	1627348
622	1628352
623	1629352
624	1630352
625	1631352
626	1632352
627	1633352
628	1634352
629	1635352
630	1636352
631	1637352
632	1638352
633	1639352
634	1640356
635	1641348
636	1642352
637	1643352
638	1644356
639	1645348
640	1646352
641	1647352
642	1648352
643	1649352
644	1650348
645	1651352
646	1652352
647	1653348
648	1654348
649	1655348
650	1656352
651	1657352
652	1658352
653	1659352
654	1660352
655	1661356
656	1662352
657	1663352
658	1664348
659	1665352
660	1666356
661	1667352
662	1668356
663	1669348
664	1670352
665	1671352
666	1672352
667	1673352
668	1674352
669	1675352
670	1676352
671	1677352
672	1678352
673	1679352
674	1680348
675	1681352
676	1682356
677	1683356
678	1684352
679	1685352
680	1686352
681	1687352
682	1688352
683	1689352
684	1690352
685	1691348
686	1692352
687	1693352
688	1694352
689	1695352
690	1696352
691	1697352
692	1698352
693	1699352
694	1700352
695	1701352
696	1702352
697	1703352
698	1704352
699	1705352
700	1706352
701	1707352
702	1708352
703	1709352
704	1710352
705	1711352
706	1712352
707	1713352
708	1714352
709	1715352
710	1716352
711	1717352
712	1718356
713	1719352
714	1720352
715	1721352
716	1722352
717	1723352
718	1724352
719	1725352
720	1726352
721	1727352
722	1728352
723	1729352
724	1730352
725	1731352
726	1732352
727	1733352
728	1734352
729	1735352
730	1736352
731	1737356
732	1738352
733	1739352
734	1740352
735	1741352
736	1742352
737	1743352
738	1744356
739	1745352
740	1746352
741	1747348
742	1748352
743	1749352
744	1750352
745	1751352
746	1752352
747	1753352
748	1754348
749	1755352
750	1756352
751	1757352
752	1758352
753	1759352
754	1760352
755	1761348
756	1762352
757	1763352
758	1764356
759	1765352
760	1766352
761	1767352
762	1768348
763	1769352
764	1770352
765	1771352
766	1772348
767	1773348
768	1774348
769	1775352
770	1776348
771	1777352
772	1778352
773	1779356
774	1780352
775	1781352
776	1782352
777	1783352
778	1784352
779	1785352
780	1786348
781	1787352
782	1788348
783	1789352
784	1790352
785	1791344
786	1792348
787	1793352
788	1794352
789	1795352
790	1796352
791	1797352
792	1798348
793	1799352
794	1800352
795	1801352
796	1802352
797	1803352
798	1804352
799	1805352
800	1806352
801	1807348
802	1808348
803	1809352
804	1810352
805	1811352
806	1812352
807	1813352
808	1814352
809	1815352
810	1816352
811	1817352
812	1818352
813	1819352
814	1820352
815	1821352
816	1822352
817	1823348
818	1824352
819	1825352
820	1826348
821	1827352
822	1828352
823	1829352
824	1830352
825	1831352
826	1832348
827	1833352
828	1834352
829	1835352
830	1836352
831	1837352
832	1838348
833	1839348
834	1840352
835	1841352
836	1842352
837	1843348
838	1844352
839	1845352
840	1846348
841	1847352
842	1848352
843	1849356
844	1850352
845	1851352
846	1852356
847	1853356
848	1854348
849	1855352
850	1856352
851	1857352
852	1858352
853	1859352
854	1860348
855	1861352
856	1862352
857	1863356
858	1864356
859	1865352
860	1866356
861	1867352
862	1868352
863	1869352
864	1870348
865	1871352
866	1872352
867	1873352
868	1874352
869	1875352
870	1876352
871	1877352
872	1878356
873	1879352
874	1880352
875	1881352
876	1882352
877	1883352
878	1884352
879	1885352
880	1886352
881	1887352
882	1888352
883	1889352
884	1890352
885	1891356
886	1892352
887	1893352
888	1894352
889	1895352
890	1896352
891	1897348
892	1898352
893	1899352
894	1900352
895	1901352
896	1902348
897	1903352
898	1904352
899	1905352
900	1906348
901	1907356
902	1908352
903	1909352
904	1910352
905	1911352
906	1912352
907	1913352
908	1914352
909	1915352
910	1916352
911	1917352
912	1918352
913	1919348
914	1920352
915	1921356
916	1922352
917	1923348
918	1924352
919	1925356
920	1926352
921	1927352
922	1928352
923	1929356
924	1930352
925	1931356
926	1932352
927	1933356
928	1934352
929	1935352
930	1936352
931	1937352
932	1938352
933	1939352
934	1940348
935	1941352
936	1942348
937	1943352
938	1944352
939	1945352
940	1946352
941	1947356
942	1948352
943	1949356
944	1950352
945	1951352
946	1952352
947	1953352
948	1954348
949	1955352
950	1956356
951	1957352
952	1958352
953	1959352
954	1960352
955	1961352
956	1962352
957	1963356
958	1964352
959	1965356
960	1966352
961	1967352
962	1968356
963	1969352
964	1970352
965	1971352
966	1972352
967	1973352
968	1974352
969	1975352
970	1976352
971	1977356
972	1978352
973	1979352
974	1980352
975	1981352
976	1982352
977	1983356
978	1984352
979	1985352
980	1986348
981	1987352
982	1988352
983	1989352
984	1990352
985	1991352
986	1992352
987	1993348
988	1994348
989	1995352
990	1996352
991	1997352
992	1998352
993	1999356
994	2000352
995	2001356
996	2002352
997	2003352
998	2004352
999	2005352
1000	2006352
1001	2007352
1002	2008352
1003	2009352
1004	2010352
1005	2011352
1006	2012352
1007	2013352
1008	2014352
1009	2015352
1010	2016352
1011	2017356
1012	2018356
1013	2019352
1014	2020352
1015	2021352
1016	2022352
1017	2023352
1018	2024352
1019	2025352
1020	2026352
1021	2027352
1022	2028352
1023	2029352
1024	2030356
1025	2031352
1026	2032352
1027	2033352
1028	2034352
1029	2035352
1030	2036352
1031	2037352
1032	2038352
1033	2039352
1034	2040352
1035	2041352
1036	2042352
1037	2043352
1038	2044352
1039	2045356
1040	2046352
1041	2047348
1042	2048352
1043	2049352
1044	2050352
1045	2051352
1046	2052352
1047	2053352
1048	2054352
1049	2055352
1050	2056352
1051	2057352
1052	2058352
1053	2059348
1054	2060348
1055	2061352
1056	2062352
1057	2063352
1058	2064348
1059	2065352
1060	2066352
1061	2067352
1062	2068352
1063	2069356
1064	2070352
1065	2071352
1066	2072352
1067	2073356
1068	2074352
1069	2075348
1070	2076352
1071	2077352
1072	2078352
1073	2079352
1074	2080352
1075	2081352
1076	2082352
1077	2083352
1078	2084352
1079	2085352
1080	2086352
1081	2087352
1082	2088348
1083	2089348
1084	2090352
1085	2091352
1086	2092352
1087	2093356
1088	2094352
1089	2095352
1090	2096356
1091	2097348
1092	2098352
1093	2099344
1094	2100352
1095	2101356
1096	2102348
1097	2103352
1098	2104352
1099	2105352
1100	2106352
1101	2107352
1102	2108352
1103	2109352
1104	2110348
1105	2111352
1106	2112352
1107	2113352
1108	2114352
1109	2115352
1110	2116352
1111	2117352
1112	2118352
1113	2119352
1114	2120356
1115	2121348
1116	2122352
1117	2123352
1118	2124352
1119	2125352
1120	2126352
1121	2127348
1122	2128348
1123	2129352
1124	2130352
1125	2131356
1126	2132352
1127	2133348
1128	2134356
1129	2135352
1130	2136352
1131	2137352
1132	2138348
1133	2139352
1134	2140352
1135	2141352
1136	2142352
1137	2143352
1138	2144352
1139	2145352
1140	2146352
1141	2147352
1142	2148352
1143	2149352
1144	2150352
1145	2151352
1146	2152352
1147	2153352
1148	2154348
1149	2155352
1150	2156352
1151	2157352
1152	2158352
1153	2159352
1154	2160352
1155	2161352
1156	2162352
1157	2163352
1158	2164352
1159	2165352
1160	2166352
1161	2167352
1162	2168352
1163	2169356
1164	2170352
1165	2171352
1166	2172352
1167	2173356
1168	2174352
1169	2175352
1170	2176352
1171	2177352
1172	2178352
1173	2179356
1174	2180352
1175	2181352
1176	2182352
1177	2183352
1178	2184352
1179	2185352
1180	2186352
1181	2187348
1182	2188352
1183	2189352
1184	2190348
1185	2191352
1186	2192352
1187	2193352
1188	2194348
1189	2195352
1190	2196352
1191	2197356
1192	2198352
1193	2199352
1194	2200352
1195	2201352
1196	2202352
1197	2203352
1198	2204352
1199	2205348
1200	2206352
1201	2207352
1202	2208352
1203	2209352
1204	2210352
1205	2211352
1206	2212356
1207	2213352
1208	2214352
1209	2215352
1210	2216352
1211	2217352
1212	2218352
1213	2219352
1214	2220352
1215	2221352
1216	2222352
1217	2223352
1218	2224348
1219	2225348
1220	2226352
1221	2227352
1222	2228352
1223	2229352
1224	2230352
1225	2231356
1226	2232352
1227	2233352
1228	2234352
1229	2235352
1230	2236356
1231	2237352
1232	2238352
1233	2239352
1234	2240352
1235	2241352
1236	2242356
1237	2243352
1238	2244348
1239	2245352
1240	2246352
1241	2247352
1242	2248352
1243	2249352
1244	2250352
1245	2251352
1246	2252352
1247	2253356
1248	2254352
1249	2255352
1250	2256352
1251	2257352
1252	2258352
1253	2259348
1254	2260352
1255	2261352
1256	2262348
1257	2263352
1258	2264352
1259	2265356
1260	2266352
1261	2267352
1262	2268352
1263	2269356
1264	2270352
1265	2271348
1266	2272352
1267	2273348
1268	2274352
1269	2275348
1270	2276356
1271	2277356
1272	2278348
1273	2279352
1274	2280352
1275	2281352
1276	2282352
1277	2283352
1278	2284352
1279	2285352
1280	2286352
1281	2287352
1282	2288352
1283	2289352
1284	2290352
1285	2291352
1286	2292352
1287	2293352
1288	2294352
1289	2295352
1290	2296352
1291	2297348
1292	2298352
1293	2299352
1294	2300352
1295	2301352
1296	2302352
1297	2303348
1298	2304352
1299	2305356
1300	2306348
1301	2307352
1302	2308352
1303	2309352
1304	2310352
1305	2311348
1306	2312352
1307	2313352
1308	2314352
1309	2315352
1310	2316352
1311	2317352
1312	2318352
1313	2319352
1314	2320348
1315	2321352
1316	2322348
1317	2323352
1318	2324352
1319	2325356
1320	2326352
1321	2327352
1322	2328348
1323	2329352
1324	2330348
1325	2331348
1326	2332352
1327	2333352
1328	2334352
1329	2335352
1330	2336348
1331	2337352
1332	2338352
1333	2339352
1334	2340352
1335	2341352
1336	2342352
1337	2343352
1338	2344348
1339	2345352
1340	2346352
1341	2347352
1342	2348352
1343	2349348
1344	2350352
1345	2351356
1346	2352352
1347	2353348
1348	2354352
1349	2355344
1350	2356352
1351	2357352
1352	2358352
1353	2359352
1354	2360352
1355	2361352
1356	2362352
1357	2363352
1358	2364352
1359	2365352
1360	2366352
1361	2367352
1362	2368352
1363	2369352
1364	2370352
1365	2371352
1366	2372352
1367	2373352
1368	2374352
1369	2375348
1370	2376348
1371	2377352
1372	2378352
1373	2379352
1374	2380352
1375	2381352
1376	2382352
1377	2383352
1378	2384352
1379	2385352
1380	2386352
1381	2387352
1382	2388352
1383	2389352
1384	2390352
1385	2391352
1386	2392352
1387	2393352
1388	2394348
1389	2395352
1390	2396348
1391	2397352
1392	2398348
1393	2399352
1394	2400352
1395	2401352
1396	2402352
1397	2403352
1398	2404352
1399	2405352
1400	2406352
1401	2407352
1402	2408356
1403	2409352
1404	2410356
1405	2411352
1406	2412352
1407	2413352
1408	2414352
1409	2415352
1410	2416352
1411	2417352
1412	2418348
1413	2419352
1414	2420352
1415	2421352
1416	2422352
1417	2423352
1418	2424352
1419	2425352
1420	2426348
1421	2427352
1422	2428352
1423	2429352
1424	2430352
1425	2431352
1426	2432352
1427	2433352
1428	2434352
1429	2435352
1430	2436352
1431	2437352
1432	2438356
1433	2439352
1434	2440352
1435	2441352
1436	2442352
1437	2443352
1438	2444352
1439	2445352
1440	2446352
1441	2447352
1442	2448352
1443	2449352
1444	2450352
1445	2451352
1446	2452356
1447	2453352
1448	2454352
1449	2455356
1450	2456352
1451	2457352
1452	2458352
1453	2459352
1454	2460352
1455	2461348
1456	2462348
1457	2463352
1458	2464352
1459	2465352
1460	2466356
1461	2467352
1462	2468352
1463	2469356
1464	2470356
1465	2471352
1466	2472352
1467	2473352
1468	2474356
1469	2475352
1470	2476352
1471	2477352
1472	2478356
1473	2479352
1474	2480352
1475	2481352
1476	2482356
1477	2483352
1478	2484352
1479	2485352
1480	2486352
1481	2487352
1482	2488352
1483	2489356
1484	2490352
1485	2491356
1486	2492352
1487	2493352
1488	2494352
1489	2495352
1490	2496352
1491	2497352
1492	2498352
1493	2499352
1494	2500352
1495	2501352
1496	2502352
1497	2503352
1498	2504352
1499	2505352
1500	2506352
1501	2507352
1502	2508352
1503	2509352
1504	2510348
1505	2511352
1506	2512352
1507	2513352
1508	2514352
1509	2515352
1510	2516352
1511	2517356
1512	2518352
1513	2519352
1514	2520352
1515	2521356
1516	2522352
1517	2523352
1518	2524352
1519	2525352
1520	2526352
1521	2527352
1522	2528356
1523	2529352
1524	2530356
1525	2531352
1526	2532352
1527	2533356
1528	2534352
1529	2535352
1530	2536352
1531	2537352
1532	2538356
1533	2539352
1534	2540352
1535	2541356
1536	2542356
1537	2543352
1538	2544352
1539	2545356
1540	2546352
1541	2547352
1542	2548352
1543	2549352
1544	2550352
1545	2551352
1546	2552352
1547	2553352
1548	2554352
1549	2555352
1550	2556356
1551	2557352
1552	2558352
1553	2559344
1554	2560352
1555	2561352
1556	2562352
1557	2563352
1558	2564352
1559	2565352
1560	2566352
1561	2567352
1562	2568352
1563	2569352
1564	2570352
1565	2571352
1566	2572352
1567	2573352
1568	2574352
1569	2575352
1570	2576348
1571	2577352
1572	2578352
1573	2579352
1574	2580348
1575	2581352
1576	2582352
1577	2583352
1578	2584352
1579	2585352
1580	2586352
1581	2587352
1582	2588352
1583	2589352
1584	2590356
1585	2591352
1586	2592352
1587	2593352
1588	2594356
1589	2595352
1590	2596352
1591	2597348
1592	2598352
1593	2599352
1594	2600348
1595	2601352
1596	2602352
1597	2603356
1598	2604352
1599	2605352
1600	2606356
1601	2607352
1602	2608352
1603	2609352
1604	2610352
1605	2611348
1606	2612356
1607	2613352
1608	2614352
1609	2615352
1610	2616352
1611	2617356
1612	2618352
1613	2619352
1614	2620352
1615	2621356
1616	2622352
1617	2623352
1618	2624352
1619	2625352
1620	2626352
1621	2627352
1622	2628348
1623	2629352
1624	2630348
1625	2631348
1626	2632352
1627	2633352
1628	2634352
1629	2635356
1630	2636356
1631	2637356
1632	2638348
1633	2639356
1634	2640352
1635	2641352
1636	2642352
1637	2643352
1638	2644352
1639	2645352
1640	2646352
1641	2647352
1642	2648352
1643	2649352
1644	2650352
1645	2651352
1646	2652352
1647	2653356
1648	2654352
1649	2655352
1650	2656352
1651	2657348
1652	2658352
1653	2659352
1654	2660352
1655	2661352
1656	2662352
1657	2663352
1658	2664356
1659	2665352
1660	2666352
1661	2667352
1662	2668352
1663	2669352
1664	2670352
1665	2671352
1666	2672352
1667	2673348
1668	2674352
1669	2675352
1670	2676348
1671	2677352
1672	2678352
1673	2679352
1674	2680352
1675	2681352
1676	2682352
1677	2683348
1678	2684356
1679	2685352
1680	2686352
1681	2687356
1682	2688352
1683	2689352
1684	2690356
1685	2691352
1686	2692352
1687	2693352
1688	2694352
1689	2695352
1690	2696352
1691	2697352
1692	2698352
1693	2699356
1694	2700348
1695	2701352
1696	2702356
1697	2703352
1698	2704352
1699	2705352
1700	2706352
1701	2707356
1702	2708352
1703	2709352
1704	2710352
1705	2711352
1706	2712352
1707	2713352
1708	2714352
1709	2715348
1710	2716352
1711	2717352
1712	2718356
1713	2719352
1714	2720352
1715	2721352
1716	2722356
1717	2723352
1718	2724352
1719	2725348
1720	2726352
1721	2727352
1722	2728352
1723	2729352
1724	2730352
1725	2731352
1726	2732352
1727	2733356
1728	2734356
1729	2735352
1730	2736352
1731	2737356
1732	2738352
1733	2739352
1734	2740352
1735	2741352
1736	2742348
1737	2743352
1738	2744352
1739	2745352
1740	2746352
1741	2747352
1742	2748352
1743	2749352
1744	2750348
1745	2751352
1746	2752348
1747	2753352
1748	2754356
1749	2755356
1750	2756352
1751	2757352
1752	2758352
1753	2759352
1754	2760352
1755	2761352
1756	2762352
1757	2763352
1758	2764352
1759	2765356
1760	2766352
1761	2767352
1762	2768352
1763	2769352
1764	2770352
1765	2771352
1766	2772352
1767	2773356
1768	2774352
1769	2775352
1770	2776352
1771	2777352
1772	2778352
1773	2779352
1774	2780352
1775	2781352
1776	2782352
1777	2783352
1778	2784352
1779	2785356
1780	2786352
1781	2787352
1782	2788352
1783	2789352
1784	2790352
1785	2791352
1786	2792356
1787	2793352
1788	2794352
1789	2795352
1790	2796352
1791	2797352
1792	2798352
1793	2799352
1794	2800352
1795	2801352
1796	2802352
1797	2803356
1798	2804352
1799	2805352
1800	2806352
1801	2807348
1802	2808352
1803	2809352
1804	2810352
1805	2811352
1806	2812352
1807	2813352
1808	2814352
1809	2815348
1810	2816352
1811	2817352
1812	2818352
1813	2819352
1814	2820352
1815	2821352
1816	2822352
1817	2823352
1818	2824352
1819	2825356
1820	2826348
1821	2827352
1822	2828348
1823	2829348
1824	2830352
1825	2831352
1826	2832348
1827	2833352
1828	2834352
1829	2835352
1830	2836356
1831	2837352
1832	2838352
1833	2839352
1834	2840356
1835	2841352
1836	2842352
1837	2843348
1838	2844352
1839	2845352
1840	2846352
1841	2847356
1842	2848356
1843	2849356
1844	2850352
1845	2851352
1846	2852352
1847	2853352
1848	2854352
1849	2855348
1850	2856344
1851	2857352
1852	2858348
1853	2859352
1854	2860352
1855	2861356
1856	2862352
1857	2863352
1858	2864352
1859	2865352
1860	2866352
1861	2867348
1862	2868356
1863	2869352
1864	2870352
1865	2871352
1866	2872352
1867	2873356
1868	2874352
1869	2875352
1870	2876352
1871	2877352
1872	2878352
1873	2879348
1874	2880352
1875	2881356
1876	2882352
1877	2883352
1878	2884352
1879	2885352
1880	2886352
1881	2887352
1882	2888356
1883	2889356
1884	2890348
1885	2891352
1886	2892352
1887	2893356
1888	2894348
1889	2895352
1890	2896352
1891	2897352
1892	2898352
1893	2899356
1894	2900352
1895	2901352
1896	2902352
1897	2903352
1898	2904352
1899	2905352
1900	2906352
1901	2907348
1902	2908348
1903	2909352
1904	2910352
1905	2911352
1906	2912352
1907	2913352
1908	2914348
1909	2915348
1910	2916352
1911	2917352
1912	2918356
1913	2919356
1914	2920352
1915	2921352
1916	2922352
1917	2923352
1918	2924352
1919	2925356
1920	2926352
1921	2927352
1922	2928352
1923	2929352
1924	2930348
1925	2931352
1926	2932352
1927	2933352
1928	2934352
1929	2935352
1930	2936352
1931	2937352
1932	2938352
1933	2939352
1934	2940352
1935	2941352
1936	2942356
1937	2943352
1938	2944352
1939	2945352
1940	2946352
1941	2947352
1942	2948352
1943	2949352
1944	2950352
1945	2951352
1946	2952352
1947	2953356
1948	2954352
1949	2955352
1950	2956352
1951	2957352
1952	2958352
1953	2959356
1954	2960352
1955	2961348
1956	2962352
1957	2963348
1958	2964352
1959	2965352
1960	2966352
1961	2967352
1962	2968352
1963	2969352
1964	2970352
1965	2971352
1966	2972356
1967	2973352
1968	2974352
1969	2975352
1970	2976352
1971	2977356
1972	2978352
1973	2979352
1974	2980352
1975	2981352
1976	2982352
1977	2983352
1978	2984356
1979	2985352
1980	2986352
1981	2987352
1982	2988356
1983	2989356
1984	2990348
1985	2991352
1986	2992352
1987	2993352
1988	2994352
1989	2995352
1990	2996352
1991	2997352
1992	2998352
1993	2999352
1994	3000352
1995	3001356
1996	3002356
1997	3003352
1998	3004352
1999	3005352
2000	3006352
2001	3007348
2002	3008356
2003	3009356
2004	3010352
2005	3011352
2006	3012356
2007	3013356
2008	3014352
2009	3015352
2010	3016352
2011	3017352
2012	3018352
2013	3019356
2014	3020352
2015	3021352
2016	3022348
2017	3023352
2018	3024352
2019	3025352
2020	3026352
2021	3027352
2022	3028352
2023	3029356
2024	3030352
2025	3031356
2026	3032352
2027	3033352
2028	3034352
2029	3035352
2030	3036352
2031	3037356
2032	3038356
2033	3039352
2034	3040352
2035	3041352
2036	3042352
2037	3043352
2038	3044352
2039	3045356
2040	3046352
2041	3047356
2042	3048352
2043	3049352
2044	3050352
2045	3051352
2046	3052352
2047	3053352
2048	3054356
2049	3055352
2050	3056352
2051	3057356
2052	3058352
2053	3059352
2054	3060352
2055	3061352
2056	3062352
2057	3063352
2058	3064352
2059	3065352
2060	3066352
2061	3067352
2062	3068352
2063	3069352
2064	3070352
2065	3071344
2066	3072352
2067	3073352
2068	3074352
2069	3075356
2070	3076356
2071	3077352
2072	3078352
2073	3079352
2074	3080352
2075	3081348
2076	3082356
2077	3083352
2078	3084352
2079	3085352
2080	3086352
2081	3087352
2082	3088348
2083	3089352
2084	3090352
2085	3091352
2086	3092356
2087	3093352
2088	3094352
2089	3095352
2090	3096352
2091	3097352
2092	3098348
2093	3099352
2094	3100352
2095	3101352
2096	3102352
2097	3103352
2098	3104352
2099	3105352
2100	3106352
2101	3107348
2102	3108352
2103	3109352
2104	3110352
2105	3111352
2106	3112348
2107	3113352
2108	3114352
2109	3115352
2110	3116352
2111	3117352
2112	3118352
2113	3119352
2114	3120356
2115	3121352
2116	3122352
2117	3123348
2118	3124352
2119	3125352
2120	3126352
2121	3127348
2122	3128356
2123	3129352
2124	3130352
2125	3131352
2126	3132352
2127	3133352
2128	3134352
2129	3135352
2130	3136352
2131	3137352
2132	3138352
2133	3139352
2134	3140348
2135	3141352
2136	3142352
2137	3143352
2138	3144352
2139	3145352
2140	3146352
2141	3147352
2142	3148352
2143	3149352
2144	3150352
2145	3151352
2146	3152352
2147	3153352
2148	3154352
2149	3155352
2150	3156352
2151	3157356
2152	3158352
2153	3159356
2154	3160352
2155	3161352
2156	3162348
2157	3163352
2158	3164348
2159	3165352
2160	3166352
2161	3167352
2162	3168352
2163	3169356
2164	3170352
2165	3171352
2166	3172352
2167	3173356
2168	3174352
2169	3175352
2170	3176352
2171	3177352
2172	3178352
2173	3179352
2174	3180352
2175	3181352
2176	3182348
2177	3183352
2178	3184352
2179	3185352
2180	3186352
2181	3187352
2182	3188356
2183	3189352
2184	3190352
2185	3191352
2186	3192352
2187	3193352
2188	3194352
2189	3195352
2190	3196348
2191	3197352
2192	3198352
2193	3199352
2194	3200352
2195	3201356
2196	3202352
2197	3203352
2198	3204356
2199	3205352
2200	3206352
2201	3207352
2202	3208352
2203	3209356
2204	3210352
2205	3211352
2206	3212352
2207	3213352
2208	3214352
2209	3215352
2210	3216356
2211	3217356
2212	3218352
2213	3219352
2214	3220352
2215	3221352
2216	3222352
2217	3223352
2218	3224352
2219	3225352
2220	3226352
2221	3227352
2222	3228352
2223	3229352
2224	3230352
2225	3231352
2226	3232352
2227	3233352
2228	3234352
2229	3235352
2230	3236352
2231	3237356
2232	3238356
2233	3239352
2234	3240352
2235	3241352
2236	3242348
2237	3243356
2238	3244352
2239	3245352
2240	3246352
2241	3247352
2242	3248348
2243	3249352
2244	3250352
2245	3251356
2246	3252356
2247	3253352
2248	3254352
2249	3255352
2250	3256352
2251	3257352
2252	3258352
2253	3259352
2254	3260352
2255	3261348
2256	3262356
2257	3263352
2258	3264352
2259	3265356
2260	3266352
2261	3267352
2262	3268352
2263	3269352
2264	3270352
2265	3271352
2266	3272356
2267	3273352
2268	3274352
2269	3275352
2270	3276352
2271	3277356
2272	3278352
2273	3279356
2274	3280352
2275	3281356
2276	3282356
2277	3283352
2278	3284352
2279	3285352
2280	3286352
2281	3287356
2282	3288352
2283	3289356
2284	3290356
2285	3291352
2286	3292356
2287	3293352
2288	3294352
2289	3295352
2290	3296352
2291	3297352
2292	3298352
2293	3299352
2294	3300356
2295	3301356
2296	3302352
2297	3303356
2298	3304356
2299	3305352
2300	3306352
2301	3307352
2302	3308352
2303	3309356
2304	3310352
2305	3311348
2306	3312352
2307	3313352
2308	3314348
2309	3315352
2310	3316352
2311	3317348
2312	3318348
2313	3319352
2314	3320352
2315	3321352
2316	3322352
2317	3323352
2318	3324352
2319	3325352
2320	3326352
2321	3327344
2322	3328352
2323	3329352
2324	3330348
2325	3331352
2326	3332352
2327	3333352
2328	3334356
2329	3335352
2330	3336352
2331	3337352
2332	3338352
2333	3339352
2334	3340356
2335	3341352
2336	3342352
2337	3343356
2338	3344352
2339	3345352
2340	3346352
2341	3347352
2342	3348352
2343	3349352
2344	3350352
2345	3351356
2346	3352352
2347	3353352
2348	3354348
2349	3355352
2350	3356352
2351	3357352
2352	3358352
2353	3359352
2354	3360352
2355	3361352
2356	3362352
2357	3363352
2358	3364352
2359	3365352
2360	3366352
2361	3367352
2362	3368348
2363	3369352
2364	3370352
2365	3371356
2366	3372356
2367	3373352
2368	3374352
2369	3375352
2370	3376352
2371	3377356
2372	3378352
2373	3379348
2374	3380352
2375	3381352
2376	3382352
2377	3383348
2378	3384352
2379	3385352
2380	3386348
2381	3387352
2382	3388352
2383	3389356
2384	3390352
2385	3391352
2386	3392352
2387	3393352
2388	3394352
2389	3395352
2390	3396352
2391	3397352
2392	3398352
2393	3399352
2394	3400348
2395	3401352
2396	3402356
2397	3403352
2398	3404352
2399	3405356
2400	3406352
2401	3407352
2402	3408352
2403	3409356
2404	3410348
2405	3411348
2406	3412352
2407	3413352
2408	3414352
2409	3415352
2410	3416352
2411	3417352
2412	3418352
2413	3419352
2414	3420356
2415	3421352
2416	3422352
2417	3423352
2418	3424352
2419	3425352
2420	3426352
2421	3427348
2422	3428352
2423	3429352
2424	3430348
2425	3431352
2426	3432352
2427	3433352
2428	3434352
2429	3435352
2430	3436352
2431	3437352
2432	3438352
2433	3439352
2434	3440352
2435	3441356
2436	3442352
2437	3443356
2438	3444356
2439	3445352
2440	3446348
2441	3447352
2442	3448356
2443	3449352
2444	3450352
2445	3451352
2446	3452352
2447	3453352
2448	3454352
2449	3455352
2450	3456348
2451	3457352
2452	3458348
2453	3459352
2454	3460352
2455	3461352
2456	3462352
2457	3463352
2458	3464352
2459	3465352
2460	3466352
2461	3467352
2462	3468356
2463	3469352
2464	3470352
2465	3471352
2466	3472352
2467	3473352
2468	3474352
2469	3475348
2470	3476356
2471	3477352
2472	3478352
2473	3479356
2474	3480356
2475	3481352
2476	3482352
2477	3483356
2478	3484356
2479	3485348
2480	3486352
2481	3487352
2482	3488352
2483	3489356
2484	3490356
2485	3491352
2486	3492352
2487	3493352
2488	3494352
2489	3495352
2490	3496352
2491	3497352
2492	3498352
2493	3499352
2494	3500352
2495	3501352
2496	3502352
2497	3503352
2498	3504352
2499	3505352
2500	3506356
2501	3507356
2502	3508352
2503	3509352
2504	3510356
2505	3511356
2506	3512352
2507	3513356
2508	3514352
2509	3515352
2510	3516352
2511	3517352
2512	3518352
2513	3519348
2514	3520352
2515	3521356
2516	3522352
2517	3523348
2518	3524352
2519	3525356
2520	3526352
2521	3527352
2522	3528352
2523	3529356
2524	3530352
2525	3531352
2526	3532352
2527	3533352
2528	3534348
2529	3535352
2530	3536352
2531	3537356
2532	3538352
2533	3539352
2534	3540352
2535	3541352
2536	3542352
2537	3543352
2538	3544352
2539	3545352
2540	3546352
2541	3547352
2542	3548352
2543	3549352
2544	3550352
2545	3551352
2546	3552352
2547	3553352
2548	3554352
2549	3555352
2550	3556352
2551	3557352
2552	3558352
2553	3559356
2554	3560352
2555	3561352
2556	3562352
2557	3563352
2558	3564352
2559	3565352
2560	3566352
2561	3567344
2562	3568356
2563	3569352
2564	3570352
2565	3571352
2566	3572352
2567	3573352
2568	3574352
2569	3575352
2570	3576352
2571	3577352
2572	3578352
2573	3579352
2574	3580348
2575	3581352
2576	3582352
2577	3583344
2578	3584348
2579	3585348
2580	3586356
2581	3587352
2582	3588352
2583	3589352
2584	3590348
2585	3591352
2586	3592352
2587	3593356
2588	3594352
2589	3595352
2590	3596352
2591	3597352
2592	3598352
2593	3599352
2594	3600348
2595	3601352
2596	3602352
2597	3603352
2598	3604352
2599	3605356
2600	3606356
2601	3607352
2602	3608352
2603	3609352
2604	3610356
2605	3611352
2606	3612352
2607	3613352
2608	3614352
2609	3615352
2610	3616352
2611	3617348
2612	3618352
2613	3619352
2614	3620352
2615	3621352
2616	3622352
2617	3623352
2618	3624348
2619	3625352
2620	3626352
2621	3627352
2622	3628352
2623	3629352
2624	3630352
2625	3631352
2626	3632352
2627	3633352
2628	3634348
2629	3635348
2630	3636352
2631	3637352
2632	3638348
2633	3639352
2634	3640352
2635	3641352
2636	3642352
2637	3643352
2638	3644356
2639	3645356
2640	3646352
2641	3647352
2642	3648352
2643	3649352
2644	3650352
2645	3651352
2646	3652352
2647	3653352
2648	3654348
2649	3655352
2650	3656352
2651	3657356
2652	3658352
2653	3659352
2654	3660352
2655	3661352
2656	3662352
2657	3663352
2658	3664352
2659	3665352
2660	3666352
2661	3667352
2662	3668352
2663	3669352
2664	3670352
2665	3671352
2666	3672352
2667	3673352
2668	3674352
2669	3675352
2670	3676352
2671	3677352
2672	3678356
2673	3679352
2674	3680352
2675	3681352
2676	3682352
2677	3683352
2678	3684352
2679	3685352
2680	3686352
2681	3687352
2682	3688352
2683	3689352
2684	3690352
2685	3691352
2686	3692352
2687	3693348
2688	3694352
2689	3695352
2690	3696352
2691	3697352
2692	3698356
2693	3699352
2694	3700352
2695	3701352
2696	3702352
2697	3703352
2698	3704352
2699	3705352
2700	3706352
2701	3707352
2702	3708352
2703	3709352
2704	3710352
2705	3711352
2706	3712352
2707	3713352
2708	3714352
2709	3715352
2710	3716352
2711	3717352
2712	3718352
2713	3719356
2714	3720352
2715	3721352
2716	3722356
2717	3723352
2718	3724352
2719	3725352
2720	3726356
2721	3727356
2722	3728352
2723	3729352
2724	3730352
2725	3731352
2726	3732356
2727	3733352
2728	3734352
2729	3735352
2730	3736356
2731	3737352
2732	3738352
2733	3739356
2734	3740352
2735	3741356
2736	3742352
2737	3743356
2738	3744352
2739	3745356
2740	3746352
2741	3747352
2742	3748348
2743	3749356
2744	3750352
2745	3751352
2746	3752352
2747	3753352
2748	3754352
2749	3755352
2750	3756352
2751	3757352
2752	3758352
2753	3759352
2754	3760352
2755	3761352
2756	3762352
2757	3763352
2758	3764348
2759	3765352
2760	3766352
2761	3767352
2762	3768352
2763	3769352
2764	3770352
2765	3771352
2766	3772352
2767	3773356
2768	3774352
2769	3775352
2770	3776352
2771	3777356
2772	3778352
2773	3779352
2774	3780348
2775	3781352
2776	3782348
2777	3783352
2778	3784352
2779	3785356
2780	3786352
2781	3787352
2782	3788356
2783	3789352
2784	3790352
2785	3791352
2786	3792356
2787	3793352
2788	3794352
2789	3795352
2790	3796352
2791	3797352
2792	3798352
2793	3799352
2794	3800352
2795	3801352
2796	3802352
2797	3803352
2798	3804352
2799	3805352
2800	3806546
2801	3807352
2802	3808352
2803	3809352
2804	3810352
2805	3811352
2806	3812352
2807	3813352
2808	3814352
2809	3815352
2810	3816352
2811	3817352
2812	3818352
2813	3819352
2814	3820352
2815	3821356
2816	3822352
2817	3823352
2818	3824352
2819	3825352
2820	3826356
2821	3827352
2822	3828352
2823	3829356
2824	3830352
2825	3831352
2826	3832352
2827	3833352
2828	3834352
2829	3835348
2830	3836352
2831	3837352
2832	3838352
2833	3839348
2834	3840352
2835	3841352
2836	3842356
2837	3843352
2838	3844352
2839	3845352
2840	3846352
2841	3847352
2842	3848352
2843	3849352
2844	3850348
2845	3851352
2846	3852348
2847	3853352
2848	3854352
2849	3855356
2850	3856348
2851	3857356
2852	3858348
2853	3859352
2854	3860352
2855	3861352
2856	3862352
2857	3863352
2858	3864348
2859	3865352
2860	3866352
2861	3867352
2862	3868352
2863	3869356
2864	3870352
2865	3871352
2866	3872352
2867	3873352
2868	3874352
2869	3875352
2870	3876352
2871	3877352
2872	3878352
2873	3879352
2874	3880348
2875	3881352
2876	3882352
2877	3883352
2878	3884348
2879	3885356
2880	3886352
2881	3887352
2882	3888352
2883	3889352
2884	3890352
2885	3891348
2886	3892352
2887	3893352
2888	3894352
2889	3895352
2890	3896352
2891	3897356
2892	3898352
2893	3899352
2894	3900352
2895	3901352
2896	3902348
2897	3903352
2898	3904352
2899	3905352
2900	3906356
2901	3907352
2902	3908356
2903	3909352
2904	3910352
2905	3911352
2906	3912352
2907	3913352
2908	3914352
2909	3915352
2910	3916352
2911	3917352
2912	3918348
2913	3919352
2914	3920352
2915	3921352
2916	3922352
2917	3923352
2918	3924352
2919	3925352
2920	3926348
2921	3927356
2922	3928352
2923	3929356
2924	3930348
2925	3931352
2926	3932352
2927	3933352
2928	3934352
2929	3935352
2930	3936352
2931	3937352
2932	3938352
2933	3939352
2934	3940352
2935	3941352
2936	3942356
2937	3943356
2938	3944348
2939	3945352
2940	3946352
2941	3947348
2942	3948352
2943	3949352
2944	3950352
2945	3951352
2946	3952348
2947	3953348
2948	3954352
2949	3955356
2950	3956352
2951	3957352
2952	3958352
2953	3959356
2954	3960352
2955	3961352
2956	3962352
2957	3963352
2958	3964352
2959	3965352
2960	3966352
2961	3967356
2962	3968352
2963	3969352
2964	3970352
2965	3971352
2966	3972352
2967	3973356
2968	3974352
2969	3975352
2970	3976352
2971	3977352
2972	3978352
2973	3979356
2974	3980352
2975	3981352
2976	3982356
2977	3983352
2978	3984356
2979	3985352
2980	3986352
2981	3987352
2982	3988352
2983	3989352
2984	3990352
2985	3991352
2986	3992352
2987	3993352
2988	3994352
2989	3995352
2990	3996352
2991	3997356
2992	3998352
2993	3999356
2994	4000352
2995	4001356
2996	4002352
2997	4003352
2998	4004352
2999	4005352
3000	4006352
3001	4007348
3002	4008352
3003	4009352
3004	4010352
3005	4011356
3006	4012352
3007	4013352
3008	4014352
3009	4015352
3010	4016352
3011	4017352
3012	4018352
3013	4019352
3014	4020352
3015	4021352
3016	4022352
3017	4023352
3018	4024352
3019	4025352
3020	4026352
3021	4027352
3022	4028352
3023	4029356
3024	4030356
3025	4031352
3026	4032352
3027	4033352
3028	4034352
3029	4035352
3030	4036356
3031	4037352
3032	4038352
3033	4039352
3034	4040352
3035	4041352
3036	4042352
3037	4043356
3038	4044352
3039	4045352
3040	4046352
3041	4047352
3042	4048352
3043	4049352
3044	4050352
3045	4051352
3046	4052352
3047	4053352
3048	4054352
3049	4055352
3050	4056352
3051	4057348
3052	4058352
3053	4059352
3054	4060352
3055	4061352
3056	4062352
3057	4063352
3058	4064352
3059	4065352
3060	4066352
3061	4067356
3062	4068352
3063	4069352
3064	4070352
3065	4071352
3066	4072352
3067	4073352
3068	4074352
3069	4075352
3070	4076352
3071	4077356
3072	4078356
3073	4079352
3074	4080356
3075	4081352
3076	4082352
3077	4083356
3078	4084352
3079	4085356
3080	4086352
3081	4087352
3082	4088352
3083	4089352
3084	4090352
3085	4091352
3086	4092348
3087	4093352
3088	4094348
3089	4095344
3090	4096352
3091	4097352
3092	4098352
3093	4099356
3094	4100356
3095	4101352
3096	4102356
3097	4103352
3098	4104352
3099	4105356
3100	4106352
3101	4107356
3102	4108352
3103	4109352
3104	4110352
3105	4111352
3106	4112348
3107	4113356
3108	4114352
3109	4115352
3110	4116352
3111	4117352
3112	4118352
3113	4119352
3114	4120352
3115	4121352
3116	4122352
3117	4123348
3118	4124352
3119	4125352
3120	4126352
3121	4127356
3122	4128352
3123	4129352
3124	4130352
3125	4131352
3126	4132352
3127	4133352
3128	4134352
3129	4135352
3130	4136348
3131	4137356
3132	4138352
3133	4139352
3134	4140348
3135	4141352
3136	4142352
3137	4143356
3138	4144352
3139	4145356
3140	4146352
3141	4147348
3142	4148352
3143	4149352
3144	4150352
3145	4151352
3146	4152356
3147	4153348
3148	4154352
3149	4155352
3150	4156352
3151	4157352
3152	4158352
3153	4159352
3154	4160356
3155	4161352
3156	4162352
3157	4163352
3158	4164352
3159	4165352
3160	4166352
3161	4167356
3162	4168352
3163	4169352
3164	4170352
3165	4171352
3166	4172352
3167	4173352
3168	4174352
3169	4175352
3170	4176352
3171	4177352
3172	4178352
3173	4179352
3174	4180352
3175	4181352
3176	4182352
3177	4183352
3178	4184352
3179	4185352
3180	4186352
3181	4187352
3182	4188352
3183	4189352
3184	4190352
3185	4191352
3186	4192352
3187	4193352
3188	4194352
3189	4195352
3190	4196352
3191	4197352
3192	4198352
3193	4199356
3194	4200356
3195	4201356
3196	4202352
3197	4203352
3198	4204352
3199	4205352
3200	4206348
3201	4207352
3202	4208352
3203	4209352
3204	4210356
3205	4211356
3206	4212352
3207	4213356
3208	4214352
3209	4215352
3210	4216352
3211	4217352
3212	4218352
3213	4219348
3214	4220352
3215	4221352
3216	4222356
3217	4223352
3218	4224352
3219	4225352
3220	4226352
3221	4227352
3222	4228356
3223	4229356
3224	4230352
3225	4231352
3226	4232352
3227	4233352
3228	4234352
3229	4235352
3230	4236356
3231	4237356
3232	4238348
3233	4239352
3234	4240356
3235	4241356
3236	4242352
3237	4243352
3238	4244352
3239	4245352
3240	4246352
3241	4247352
3242	4248356
3243	4249356
3244	4250352
3245	4251352
3246	4252352
3247	4253356
3248	4254352
3249	4255352
3250	4256352
3251	4257352
3252	4258352
3253	4259352
3254	4260352
3255	4261352
3256	4262356
3257	4263352
3258	4264356
3259	4265356
3260	4266348
3261	4267356
3262	4268348
3263	4269344
3264	4270348
3265	4271348
3266	4272352
3267	4273344
3268	4274348
3269	4275348
3270	4276344
3271	4277348
3272	4278348
3273	4279348
3274	4280348
3275	4281348
3276	4282348
3277	4283348
3278	4284344
3279	4285352
3280	4286352
3281	4287356
3282	4288352
3283	4289352
3284	4290352
3285	4291352
3286	4292352
3287	4293352
3288	4294352
3289	4295356
3290	4296352
3291	4297352
3292	4298352
3293	4299352
3294	4300356
3295	4301352
3296	4302352
3297	4303352
3298	4304352
3299	4305352
3300	4306352
3301	4307352
3302	4308352
3303	4309352
3304	4310352
3305	4311352
3306	4312352
3307	4313352
3308	4314352
3309	4315356
3310	4316352
3311	4317352
3312	4318352
3313	4319352
3314	4320352
3315	4321356
3316	4322352
3317	4323352
3318	4324352
3319	4325352
3320	4326356
3321	4327352
3322	4328356
3323	4329356
3324	4330352
3325	4331352
3326	4332352
3327	4333356
3328	4334352
3329	4335352
3330	4336352
3331	4337352
3332	4338352
3333	4339352
3334	4340352
3335	4341352
3336	4342352
3337	4343352
3338	4344356
3339	4345356
3340	4346352
3341	4347352
3342	4348352
3343	4349352
3344	4350356
3345	4351344
3346	4352356
3347	4353352
3348	4354352
3349	4355352
3350	4356352
3351	4357352
3352	4358352
3353	4359348
3354	4360348
3355	4361352
3356	4362352
3357	4363352
3358	4364352
3359	4365352
3360	4366352
3361	4367352
3362	4368348
3363	4369352
3364	4370352
3365	4371352
3366	4372356
3367	4373352
3368	4374352
3369	4375352
3370	4376356
3371	4377352
3372	4378352
3373	4379352
3374	4380352
3375	4381356
3376	4382356
3377	4383352
3378	4384352
3379	4385352
3380	4386352
3381	4387352
3382	4388352
3383	4389352
3384	4390352
3385	4391352
3386	4392352
3387	4393352
3388	4394352
3389	4395352
3390	4396352
3391	4397352
3392	4398352
3393	4399352
3394	4400352
3395	4401356
3396	4402352
3397	4403348
3398	4404352
3399	4405352
3400	4406356
3401	4407352
3402	4408352
3403	4409352
3404	4410352
3405	4411348
3406	4412352
3407	4413352
3408	4414352
3409	4415352
3410	4416352
3411	4417352
3412	4418352
3413	4419352
3414	4420356
3415	4421352
3416	4422352
3417	4423352
3418	4424352
3419	4425352
3420	4426352
3421	4427352
3422	4428352
3423	4429348
3424	4430352
3425	4431352
3426	4432352
3427	4433348
3428	4434352
3429	4435352
3430	4436352
3431	4437352
3432	4438352
3433	4439352
3434	4440352
3435	4441352
3436	4442352
3437	4443352
3438	4444348
3439	4445356
3440	4446356
3441	4447352
3442	4448352
3443	4449352
3444	4450352
3445	4451352
3446	4452352
3447	4453356
3448	4454352
3449	4455352
3450	4456352
3451	4457352
3452	4458352
3453	4459352
3454	4460352
3455	4461352
3456	4462356
3457	4463352
3458	4464352
3459	4465352
3460	4466352
3461	4467352
3462	4468352
3463	4469352
3464	4470352
3465	4471352
3466	4472352
3467	4473352
3468	4474352
3469	4475352
3470	4476352
3471	4477352
3472	4478352
3473	4479352
3474	4480352
3475	4481352
3476	4482352
3477	4483352
3478	4484352
3479	4485352
3480	4486352
3481	4487352
3482	4488352
3483	4489352
3484	4490352
3485	4491352
3486	4492352
3487	4493352
3488	4494352
3489	4495352
3490	4496352
3491	4497352
3492	4498352
3493	4499352
3494	4500352
3495	4501356
3496	4502352
3497	4503356
3498	4504356
3499	4505352
3500	4506352
3501	4507356
3502	4508352
3503	4509352
3504	4510352
3505	4511352
3506	4512352
3507	4513356
3508	4514352
3509	4515352
3510	4516352
3511	4517352
3512	4518352
3513	4519352
3514	4520352
3515	4521352
3516	4522356
3517	4523352
3518	4524352
3519	4525352
3520	4526352
3521	4527352
3522	4528352
3523	4529352
3524	4530352
3525	4531356
3526	4532352
3527	4533356
3528	4534356
3529	4535352
3530	4536352
3531	4537352
3532	4538356
3533	4539352
3534	4540356
3535	4541352
3536	4542352
3537	4543352
3538	4544352
3539	4545352
3540	4546352
3541	4547352
3542	4548352
3543	4549352
3544	4550352
3545	4551352
3546	4552352
3547	4553352
3548	4554352
3549	4555352
3550	4556352
3551	4557352
3552	4558352
3553	4559352
3554	4560356
3555	4561352
3556	4562352
3557	4563352
3558	4564352
3559	4565352
3560	4566352
3561	4567352
3562	4568352
3563	4569356
3564	4570352
3565	4571352
3566	4572356
3567	4573352
3568	4574352
3569	4575352
3570	4576352
3571	4577356
3572	4578352
3573	4579352
3574	4580352
3575	4581356
3576	4582356
3577	4583352
3578	4584352
3579	4585356
3580	4586356
3581	4587348
3582	4588352
3583	4589352
3584	4590352
3585	4591352
3586	4592352
3587	4593348
3588	4594348
3589	4595352
3590	4596352
3591	4597352
3592	4598352
3593	4599356
3594	4600352
3595	4601352
3596	4602352
3597	4603352
3598	4604356
3599	4605352
3600	4606352
3601	4607344
3602	4608352
3603	4609352
3604	4610352
3605	4611352
3606	4612352
3607	4613356
3608	4614348
3609	4615352
3610	4616352
3611	4617352
3612	4618348
3613	4619352
3614	4620352
3615	4621356
3616	4622352
3617	4623352
3618	4624348
3619	4625352
3620	4626352
3621	4627352
3622	4628352
3623	4629352
3624	4630352
3625	4631352
3626	4632352
3627	4633352
3628	4634352
3629	4635352
3630	4636352
3631	4637356
3632	4638348
3633	4639348
3634	4640352
3635	4641352
3636	4642352
3637	4643352
3638	4644352
3639	4645352
3640	4646352
3641	4647352
3642	4648352
3643	4649352
3644	4650356
3645	4651352
3646	4652352
3647	4653352
3648	4654356
3649	4655352
3650	4656352
3651	4657352
3652	4658352
3653	4659348
3654	4660352
3655	4661352
3656	4662352
3657	4663352
3658	4664352
3659	4665352
3660	4666352
3661	4667352
3662	4668348
3663	4669356
3664	4670352
3665	4671352
3666	4672352
3667	4673356
3668	4674352
3669	4675352
3670	4676348
3671	4677352
3672	4678352
3673	4679348
3674	4680352
3675	4681352
3676	4682352
3677	4683356
3678	4684352
3679	4685352
3680	4686348
3681	4687352
3682	4688352
3683	4689352
3684	4690352
3685	4691352
3686	4692352
3687	4693352
3688	4694356
3689	4695352
3690	4696352
3691	4697356
3692	4698352
3693	4699352
3694	4700352
3695	4701352
3696	4702352
3697	4703352
3698	4704352
3699	4705352
3700	4706348
3701	4707348
3702	4708352
3703	4709352
3704	4710352
3705	4711352
3706	4712352
3707	4713356
3708	4714352
3709	4715356
3710	4716352
3711	4717352
3712	4718352
3713	4719352
3714	4720352
3715	4721352
3716	4722352
3717	4723352
3718	4724352
3719	4725352
3720	4726352
3721	4727352
3722	4728352
3723	4729352
3724	4730352
3725	4731356
3726	4732352
3727	4733352
3728	4734352
3729	4735352
3730	4736352
3731	4737352
3732	4738352
3733	4739352
3734	4740352
3735	4741352
3736	4742352
3737	4743348
3738	4744352
3739	4745352
3740	4746356
3741	4747352
3742	4748356
3743	4749352
3744	4750352
3745	4751352
3746	4752352
3747	4753352
3748	4754356
3749	4755352
3750	4756352
3751	4757348
3752	4758352
3753	4759352
3754	4760352
3755	4761352
3756	4762352
3757	4763352
3758	4764352
3759	4765352
3760	4766352
3761	4767356
3762	4768352
3763	4769352
3764	4770352
3765	4771352
3766	4772352
3767	4773352
3768	4774356
3769	4775352
3770	4776348
3771	4777352
3772	4778352
3773	4779356
3774	4780352
3775	4781352
3776	4782348
3777	4783352
3778	4784352
3779	4785352
3780	4786352
3781	4787352
3782	4788352
3783	4789352
3784	4790352
3785	4791352
3786	4792348
3787	4793352
3788	4794356
3789	4795352
3790	4796348
3791	4797352
3792	4798352
3793	4799352
3794	4800348
3795	4801356
3796	4802352
3797	4803352
3798	4804352
3799	4805352
3800	4806352
3801	4807352
3802	4808352
3803	4809352
3804	4810352
3805	4811352
3806	4812356
3807	4813352
3808	4814352
3809	4815352
3810	4816356
3811	4817352
3812	4818352
3813	4819352
3814	4820352
3815	4821352
3816	4822352
3817	4823352
3818	4824352
3819	4825352
3820	4826352
3821	4827352
3822	4828352
3823	4829352
3824	4830352
3825	4831352
3826	4832352
3827	4833352
3828	4834352
3829	4835352
3830	4836356
3831	4837352
3832	4838348
3833	4839352
3834	4840352
3835	4841356
3836	4842348
3837	4843352
3838	4844352
3839	4845352
3840	4846352
3841	4847352
3842	4848352
3843	4849352
3844	4850352
3845	4851352
3846	4852352
3847	4853352
3848	4854352
3849	4855356
3850	4856352
3851	4857352
3852	4858348
3853	4859352
3854	4860352
3855	4861352
3856	4862352
3857	4863348
3858	4864348
3859	4865352
3860	4866352
3861	4867352
3862	4868348
3863	4869352
3864	4870352
3865	4871352
3866	4872352
3867	4873352
3868	4874352
3869	4875352
3870	4876352
3871	4877352
3872	4878352
3873	4879352
3874	4880348
3875	4881352
3876	4882356
3877	4883352
3878	4884352
3879	4885352
3880	4886352
3881	4887352
3882	4888352
3883	4889352
3884	4890352
3885	4891352
3886	4892352
3887	4893352
3888	4894352
3889	4895352
3890	4896348
3891	4897352
3892	4898352
3893	4899352
3894	4900352
3895	4901352
3896	4902352
3897	4903352
3898	4904356
3899	4905352
3900	4906352
3901	4907352
3902	4908352
3903	4909352
3904	4910352
3905	4911356
3906	4912352
3907	4913352
3908	4914352
3909	4915348
3910	4916356
3911	4917356
3912	4918356
3913	4919352
3914	4920352
3915	4921356
3916	4922352
3917	4923352
3918	4924352
3919	4925352
3920	4926352
3921	4927352
3922	4928352
3923	4929352
3924	4930352
3925	4931352
3926	4932352
3927	4933352
3928	4934352
3929	4935352
3930	4936352
3931	4937352
3932	4938352
3933	4939352
3934	4940352
3935	4941352
3936	4942352
3937	4943352
3938	4944352
3939	4945352
3940	4946352
3941	4947352
3942	4948352
3943	4949352
3944	4950352
3945	4951356
3946	4952356
3947	4953352
3948	4954352
3949	4955352
3950	4956352
3951	4957352
3952	4958352
3953	4959352
3954	4960352
3955	4961352
3956	4962352
3957	4963352
3958	4964352
3959	4965352
3960	4966356
3961	4967352
3962	4968352
3963	4969352
3964	4970356
3965	4971352
3966	4972352
3967	4973352
3968	4974348
3969	4975352
3970	4976352
3971	4977352
3972	4978352
3973	4979352
3974	4980352
3975	4981352
3976	4982352
3977	4983352
3978	4984352
3979	4985352
3980	4986352
3981	4987352
3982	4988352
3983	4989348
3984	4990352
3985	4991356
3986	4992352
3987	4993356
3988	4994356
3989	4995352
3990	4996356
3991	4997352
3992	4998352
3993	4999348
3994	5000356
3995	5001356
3996	5002352
3997	5003356
3998	5004352
3999	5005356
4000	5006352
4001	5007356
4002	5008352
4003	5009352
4004	5010352
4005	5011352
4006	5012352
4007	5013352
4008	5014352
4009	5015356
4010	5016352
4011	5017356
4012	5018352
4013	5019352
4014	5020356
4015	5021352
4016	5022352
4017	5023352
4018	5024352
4019	5025356
4020	5026356
4021	5027352
4022	5028352
4023	5029352
4024	5030352
4025	5031352
4026	5032356
4027	5033356
4028	5034352
4029	5035352
4030	5036356
4031	5037352
4032	5038352
4033	5039352
4034	5040352
4035	5041352
4036	5042352
4037	5043352
4038	5044352
4039	5045352
4040	5046356
4041	5047352
4042	5048352
4043	5049352
4044	5050356
4045	5051356
4046	5052352
4047	5053356
4048	5054352
4049	5055352
4050	5056352
4051	5057352
4052	5058352
4053	5059356
4054	5060348
4055	5061352
4056	5062352
4057	5063352
4058	5064352
4059	5065356
4060	5066352
4061	5067352
4062	5068352
4063	5069352
4064	5070352
4065	5071356
4066	5072356
4067	5073352
4068	5074352
4069	5075352
4070	5076352
4071	5077352
4072	5078356
4073	5079352
4074	5080352
4075	5081352
4076	5082352
4077	5083352
4078	5084352
4079	5085356
4080	5086352
4081	5087352
4082	5088352
4083	5089356
4084	5090352
4085	5091352
4086	5092352
4087	5093352
4088	5094352
4089	5095352
4090	5096356
4091	5097356
4092	5098352
4093	5099352
4094	5100348
4095	5101356
4096	5102356
4097	5103352
4098	5104352
4099	5105352
4100	5106348
4101	5107348
4102	5108352
4103	5109352
4104	5110352
4105	5111348
4106	5112352
4107	5113356
4108	5114352
4109	5115352
4110	5116352
4111	5117352
4112	5118352
4113	5119348
4114	5120352
4115	5121352
4116	5122352
4117	5123352
4118	5124352
4119	5125352
4120	5126352
4121	5127352
4122	5128352
4123	5129352
4124	5130352
4125	5131352
4126	5132352
4127	5133352
4128	5134356
4129	5135352
4130	5136348
4131	5137352
4132	5138352
4133	5139352
4134	5140352
4135	5141352
4136	5142352
4137	5143352
4138	5144356
4139	5145352
4140	5146352
4141	5147352
4142	5148352
4143	5149352
4144	5150348
4145	5151356
4146	5152352
4147	5153352
4148	5154352
4149	5155352
4150	5156352
4151	5157352
4152	5158352
4153	5159356
4154	5160352
4155	5161352
4156	5162352
4157	5163352
4158	5164352
4159	5165352
4160	5166352
4161	5167352
4162	5168348
4163	5169352
4164	5170352
4165	5171344
4166	5172356
4167	5173356
4168	5174352
4169	5175352
4170	5176352
4171	5177352
4172	5178356
4173	5179352
4174	5180352
4175	5181352
4176	5182352
4177	5183356
4178	5184352
4179	5185352
4180	5186352
4181	5187352
4182	5188352
4183	5189352
4184	5190352
4185	5191356
4186	5192348
4187	5193352
4188	5194352
4189	5195352
4190	5196352
4191	5197356
4192	5198348
4193	5199352
4194	5200352
4195	5201356
4196	5202352
4197	5203352
4198	5204352
4199	5205352
4200	5206352
4201	5207352
4202	5208352
4203	5209352
4204	5210352
4205	5211352
4206	5212348
4207	5213356
4208	5214356
4209	5215352
4210	5216352
4211	5217352
4212	5218352
4213	5219352
4214	5220352
4215	5221352
4216	5222352
4217	5223352
4218	5224352
4219	5225352
4220	5226352
4221	5227352
4222	5228352
4223	5229356
4224	5230352
4225	5231356
4226	5232352
4227	5233356
4228	5234352
4229	5235352
4230	5236352
4231	5237356
4232	5238352
4233	5239352
4234	5240352
4235	5241352
4236	5242352
4237	5243352
4238	5244352
4239	5245352
4240	5246352
4241	5247352
4242	5248352
4243	5249356
4244	5250352
4245	5251352
4246	5252352
4247	5253352
4248	5254352
4249	5255352
4250	5256352
4251	5257352
4252	5258356
4253	5259352
4254	5260352
4255	5261352
4256	5262352
4257	5263352
4258	5264352
4259	5265352
4260	5266356
4261	5267352
4262	5268352
4263	5269348
4264	5270352
4265	5271348
4266	5272352
4267	5273352
4268	5274352
4269	5275352
4270	5276352
4271	5277352
4272	5278352
4273	5279352
4274	5280352
4275	5281352
4276	5282352
4277	5283352
4278	5284356
4279	5285352
4280	5286352
4281	5287352
4282	5288356
4283	5289352
4284	5290352
4285	5291356
4286	5292356
4287	5293352
4288	5294352
4289	5295352
4290	5296352
4291	5297352
4292	5298352
4293	5299352
4294	5300356
4295	5301356
4296	5302352
4297	5303352
4298	5304352
4299	5305352
4300	5306356
4301	5307352
4302	5308352
4303	5309352
4304	5310352
4305	5311356
4306	5312352
4307	5313352
4308	5314352
4309	5315352
4310	5316352
4311	5317352
4312	5318352
4313	5319356
4314	5320352
4315	5321356
4316	5322352
4317	5323352
4318	5324352
4319	5325352
4320	5326352
4321	5327352
4322	5328352
4323	5329352
4324	5330352
4325	5331352
4326	5332352
4327	5333352
4328	5334348
4329	5335352
4330	5336356
4331	5337352
4332	5338352
4333	5339352
4334	5340352
4335	5341352
4336	5342352
4337	5343356
4338	5344348
4339	5345352
4340	5346352
4341	5347352
4342	5348352
4343	5349352
4344	5350352
4345	5351352
4346	5352352
4347	5353356
4348	5354356
4349	5355352
4350	5356352
4351	5357352
4352	5358348
4353	5359352
4354	5360352
4355	5361352
4356	5362352
4357	5363352
4358	5364352
4359	5365356
4360	5366352
4361	5367352
4362	5368352
4363	5369356
4364	5370352
4365	5371352
4366	5372352
4367	5373356
4368	5374352
4369	5375344
4370	5376356
4371	5377352
4372	5378352
4373	5379352
4374	5380352
4375	5381348
4376	5382352
4377	5383348
4378	5384352
4379	5385352
4380	5386348
4381	5387352
4382	5388352
4383	5389352
4384	5390352
4385	5391352
4386	5392348
4387	5393356
4388	5394352
4389	5395352
4390	5396352
4391	5397352
4392	5398352
4393	5399352
4394	5400352
4395	5401352
4396	5402352
4397	5403352
4398	5404352
4399	5405352
4400	5406352
4401	5407352
4402	5408352
4403	5409356
4404	5410352
4405	5411352
4406	5412352
4407	5413352
4408	5414352
4409	5415356
4410	5416352
4411	5417344
4412	5418352
4413	5419356
4414	5420356
4415	5421352
4416	5422352
4417	5423348
4418	5424352
4419	5425356
4420	5426352
4421	5427348
4422	5428352
4423	5429352
4424	5430352
4425	5431352
4426	5432352
4427	5433352
4428	5434352
4429	5435352
4430	5436352
4431	5437352
4432	5438352
4433	5439352
4434	5440352
4435	5441356
4436	5442352
4437	5443352
4438	5444352
4439	5445352
4440	5446352
4441	5447352
4442	5448352
4443	5449352
4444	5450352
4445	5451352
4446	5452352
4447	5453352
4448	5454352
4449	5455352
4450	5456352
4451	5457356
4452	5458352
4453	5459352
4454	5460352
4455	5461352
4456	5462352
4457	5463352
4458	5464352
4459	5465348
4460	5466356
4461	5467352
4462	5468348
4463	5469356
4464	5470352
4465	5471352
4466	5472352
4467	5473352
4468	5474356
4469	5475352
4470	5476348
4471	5477348
4472	5478352
4473	5479352
4474	5480352
4475	5481356
4476	5482352
4477	5483352
4478	5484352
4479	5485352
4480	5486352
4481	5487352
4482	5488352
4483	5489356
4484	5490352
4485	5491356
4486	5492356
4487	5493352
4488	5494352
4489	5495352
4490	5496352
4491	5497352
4492	5498348
4493	5499352
4494	5500352
4495	5501352
4496	5502352
4497	5503356
4498	5504356
4499	5505352
4500	5506352
4501	5507352
4502	5508356
4503	5509352
4504	5510356
4505	5511352
4506	5512356
4507	5513352
4508	5514352
4509	5515352
4510	5516352
4511	5517352
4512	5518352
4513	5519356
4514	5520352
4515	5521356
4516	5522352
4517	5523352
4518	5524352
4519	5525356
4520	5526352
4521	5527352
4522	5528352
4523	5529352
4524	5530352
4525	5531352
4526	5532352
4527	5533352
4528	5534356
4529	5535352
4530	5536352
4531	5537352
4532	5538352
4533	5539352
4534	5540352
4535	5541352
4536	5542352
4537	5543352
4538	5544352
4539	5545352
4540	5546356
4541	5547352
4542	5548352
4543	5549352
4544	5550348
4545	5551352
4546	5552352
4547	5553356
4548	5554356
4549	5555352
4550	5556352
4551	5557356
4552	5558352
4553	5559356
4554	5560352
4555	5561352
4556	5562352
4557	5563352
4558	5564352
4559	5565356
4560	5566352
4561	5567348
4562	5568352
4563	5569352
4564	5570352
4565	5571352
4566	5572352
4567	5573356
4568	5574356
4569	5575356
4570	5576352
4571	5577352
4572	5578356
4573	5579352
4574	5580352
4575	5581352
4576	5582352
4577	5583352
4578	5584352
4579	5585352
4580	5586352
4581	5587352
4582	5588352
4583	5589356
4584	5590352
4585	5591352
4586	5592352
4587	5593356
4588	5594348
4589	5595352
4590	5596352
4591	5597352
4592	5598348
4593	5599352
4594	5600356
4595	5601352
4596	5602352
4597	5603352
4598	5604352
4599	5605352
4600	5606352
4601	5607352
4602	5608356
4603	5609356
4604	5610352
4605	5611352
4606	5612352
4607	5613352
4608	5614352
4609	5615352
4610	5616352
4611	5617352
4612	5618352
4613	5619352
4614	5620352
4615	5621352
4616	5622352
4617	5623356
4618	5624348
4619	5625352
4620	5626352
4621	5627352
4622	5628352
4623	5629352
4624	5630352
4625	5631344
4626	5632356
4627	5633352
4628	5634352
4629	5635352
4630	5636352
4631	5637352
4632	5638352
4633	5639352
4634	5640352
4635	5641352
4636	5642352
4637	5643348
4638	5644348
4639	5645352
4640	5646352
4641	5647352
4642	5648348
4643	5649352
4644	5650356
4645	5651352
4646	5652352
4647	5653352
4648	5654352
4649	5655352
4650	5656356
4651	5657352
4652	5658352
4653	5659352
4654	5660352
4655	5661352
4656	5662352
4657	5663352
4658	5664352
4659	5665348
4660	5666352
4661	5667356
4662	5668352
4663	5669352
4664	5670352
4665	5671352
4666	5672352
4667	5673352
4668	5674352
4669	5675352
4670	5676352
4671	5677352
4672	5678352
4673	5679356
4674	5680352
4675	5681352
4676	5682356
4677	5683344
4678	5684352
4679	5685352
4680	5686352
4681	5687352
4682	5688356
4683	5689356
4684	5690352
4685	5691352
4686	5692352
4687	5693356
4688	5694352
4689	5695352
4690	5696352
4691	5697352
4692	5698352
4693	5699352
4694	5700348
4695	5701352
4696	5702352
4697	5703356
4698	5704352
4699	5705356
4700	5706352
4701	5707352
4702	5708356
4703	5709356
4704	5710352
4705	5711352
4706	5712352
4707	5713356
4708	5714352
4709	5715352
4710	5716348
4711	5717352
4712	5718352
4713	5719356
4714	5720352
4715	5721352
4716	5722352
4717	5723352
4718	5724352
4719	5725356
4720	5726352
4721	5727356
4722	5728352
4723	5729352
4724	5730348
4725	5731352
4726	5732352
4727	5733356
4728	5734352
4729	5735352
4730	5736352
4731	5737352
4732	5738352
4733	5739352
4734	5740348
4735	5741352
4736	5742356
4737	5743352
4738	5744352
4739	5745352
4740	5746352
4741	5747352
4742	5748356
4743	5749352
4744	5750352
4745	5751352
4746	5752348
4747	5753352
4748	5754352
4749	5755352
4750	5756356
4751	5757356
4752	5758352
4753	5759352
4754	5760356
4755	5761352
4756	5762352
4757	5763352
4758	5764352
4759	5765352
4760	5766352
4761	5767352
4762	5768352
4763	5769352
4764	5770352
4765	5771356
4766	5772352
4767	5773352
4768	5774352
4769	5775356
4770	5776352
4771	5777352
4772	5778356
4773	5779352
4774	5780352
4775	5781352
4776	5782352
4777	5783348
4778	5784352
4779	5785352
4780	5786356
4781	5787352
4782	5788352
4783	5789352
4784	5790352
4785	5791352
4786	5792352
4787	5793352
4788	5794352
4789	5795348
4790	5796352
4791	5797352
4792	5798356
4793	5799356
4794	5800352
4795	5801356
4796	5802352
4797	5803352
4798	5804352
4799	5805352
4800	5806352
4801	5807352
4802	5808352
4803	5809356
4804	5810356
4805	5811352
4806	5812352
4807	5813352
4808	5814352
4809	5815352
4810	5816352
4811	5817356
4812	5818352
4813	5819352
4814	5820356
4815	5821352
4816	5822352
4817	5823352
4818	5824352
4819	5825352
4820	5826352
4821	5827352
4822	5828356
4823	5829356
4824	5830352
4825	5831352
4826	5832356
4827	5833352
4828	5834348
4829	5835352
4830	5836352
4831	5837352
4832	5838352
4833	5839352
4834	5840356
4835	5841356
4836	5842356
4837	5843352
4838	5844352
4839	5845352
4840	5846356
4841	5847352
4842	5848356
4843	5849356
4844	5850352
4845	5851352
4846	5852352
4847	5853352
4848	5854352
4849	5855352
4850	5856352
4851	5857352
4852	5858356
4853	5859356
4854	5860356
4855	5861356
4856	5862352
4857	5863352
4858	5864352
4859	5865352
4860	5866348
4861	5867352
4862	5868352
4863	5869352
4864	5870352
4865	5871356
4866	5872352
4867	5873352
4868	5874352
4869	5875352
4870	5876352
4871	5877352
4872	5878352
4873	5879352
4874	5880352
4875	5881352
4876	5882352
4877	5883356
4878	5884352
4879	5885352
4880	5886352
4881	5887344
4882	5888352
4883	5889348
4884	5890352
4885	5891352
4886	5892352
4887	5893352
4888	5894352
4889	5895352
4890	5896352
4891	5897352
4892	5898352
4893	5899348
4894	5900352
4895	5901352
4896	5902356
4897	5903348
4898	5904348
4899	5905352
4900	5906352
4901	5907352
4902	5908352
4903	5909352
4904	5910356
4905	5911348
4906	5912352
4907	5913356
4908	5914352
4909	5915352
4910	5916352
4911	5917352
4912	5918352
4913	5919352
4914	5920352
4915	5921352
4916	5922352
4917	5923352
4918	5924352
4919	5925352
4920	5926352
4921	5927352
4922	5928352
4923	5929352
4924	5930352
4925	5931352
4926	5932356
4927	5933352
4928	5934348
4929	5935352
4930	5936352
4931	5937352
4932	5938352
4933	5939344
4934	5940356
4935	5941352
4936	5942352
4937	5943356
4938	5944352
4939	5945352
4940	5946352
4941	5947352
4942	5948352
4943	5949352
4944	5950352
4945	5951352
4946	5952352
4947	5953352
4948	5954356
4949	5955352
4950	5956352
4951	5957352
4952	5958352
4953	5959352
4954	5960352
4955	5961352
4956	5962352
4957	5963352
4958	5964352
4959	5965352
4960	5966352
4961	5967356
4962	5968352
4963	5969352
4964	5970352
4965	5971352
4966	5972352
4967	5973356
4968	5974352
4969	5975352
4970	5976356
4971	5977352
4972	5978352
4973	5979352
4974	5980352
4975	5981352
4976	5982352
4977	5983352
4978	5984352
4979	5985352
4980	5986352
4981	5987352
4982	5988348
4983	5989352
4984	5990352
4985	5991352
4986	5992356
4987	5993356
4988	5994352
4989	5995356
4990	5996352
4991	5997356
4992	5998352
4993	5999352
4994	6000352
4995	6001352
4996	6002352
4997	6003352
4998	6004348
4999	6005352
5000	6006352
5001	6007352
5002	6008352
5003	6009356
5004	6010352
5005	6011352
5006	6012352
5007	6013352
5008	6014356
5009	6015352
5010	6016352
5011	6017352
5012	6018356
5013	6019352
5014	6020352
5015	6021356
5016	6022356
5017	6023352
5018	6024352
5019	6025356
5020	6026352
5021	6027356
5022	6028352
5023	6029352
5024	6030352
5025	6031352
5026	6032352
5027	6033352
5028	6034352
5029	6035348
5030	6036352
5031	6037352
5032	6038352
5033	6039352
5034	6040352
5035	6041352
5036	6042352
5037	6043352
5038	6044352
5039	6045356
5040	6046352
5041	6047352
5042	6048352
5043	6049352
5044	6050352
5045	6051352
5046	6052352
5047	6053352
5048	6054352
5049	6055356
5050	6056352
5051	6057352
5052	6058352
5053	6059356
5054	6060352
5055	6061352
5056	6062352
5057	6063356
5058	6064356
5059	6065352
5060	6066352
5061	6067352
5062	6068352
5063	6069352
5064	6070352
5065	6071352
5066	6072352
5067	6073360
5068	6074352
5069	6075352
5070	6076352
5071	6077352
5072	6078352
5073	6079352
5074	6080352
5075	6081352
5076	6082356
5077	6083356
5078	6084356
5079	6085352
5080	6086352
5081	6087352
5082	6088352
5083	6089356
5084	6090352
5085	6091352
5086	6092352
5087	6093352
5088	6094352
5089	6095356
5090	6096352
5091	6097356
5092	6098352
5093	6099352
5094	6100352
5095	6101352
5096	6102352
5097	6103352
5098	6104352
5099	6105352
5100	6106356
5101	6107352
5102	6108356
5103	6109352
5104	6110356
5105	6111356
5106	6112352
5107	6113348
5108	6114352
5109	6115352
5110	6116352
5111	6117348
5112	6118352
5113	6119352
5114	6120356
5115	6121356
5116	6122352
5117	6123352
5118	6124352
5119	6125352
5120	6126352
5121	6127352
5122	6128352
5123	6129356
5124	6130348
5125	6131352
5126	6132352
5127	6133352
5128	6134352
5129	6135356
5130	6136356
5131	6137352
5132	6138352
5133	6139352
5134	6140352
5135	6141356
5136	6142352
5137	6143348
5138	6144352
5139	6145356
5140	6146352
5141	6147348
5142	6148352
5143	6149352
5144	6150348
5145	6151352
5146	6152352
5147	6153352
5148	6154352
5149	6155352
5150	6156356
5151	6157352
5152	6158356
5153	6159352
5154	6160348
5155	6161352
5156	6162352
5157	6163352
5158	6164352
5159	6165352
5160	6166352
5161	6167356
5162	6168352
5163	6169352
5164	6170352
5165	6171348
5166	6172356
5167	6173352
5168	6174352
5169	6175352
5170	6176352
5171	6177356
5172	6178352
5173	6179352
5174	6180356
5175	6181352
5176	6182352
5177	6183352
5178	6184352
5179	6185352
5180	6186352
5181	6187352
5182	6188352
5183	6189352
5184	6190356
5185	6191352
5186	6192348
5187	6193352
5188	6194352
5189	6195348
5190	6196352
5191	6197352
5192	6198352
5193	6199348
5194	6200352
5195	6201352
5196	6202352
5197	6203352
5198	6204352
5199	6205352
5200	6206348
5201	6207352
5202	6208352
5203	6209356
5204	6210352
5205	6211356
5206	6212352
5207	6213352
5208	6214352
5209	6215352
5210	6216352
5211	6217352
5212	6218352
5213	6219352
5214	6220352
5215	6221352
5216	6222356
5217	6223352
5218	6224352
5219	6225352
5220	6226352
5221	6227356
5222	6228352
5223	6229352
5224	6230352
5225	6231352
5226	6232352
5227	6233356
5228	6234352
5229	6235352
5230	6236352
5231	6237352
5232	6238352
5233	6239352
5234	6240352
5235	6241352
5236	6242352
5237	6243352
5238	6244352
5239	6245352
5240	6246352
5241	6247352
5242	6248352
5243	6249352
5244	6250352
5245	6251352
5246	6252352
5247	6253352
5248	6254352
5249	6255352
5250	6256352
5251	6257356
5252	6258352
5253	6259352
5254	6260352
5255	6261352
5256	6262352
5257	6263356
5258	6264348
5259	6265352
5260	6266352
5261	6267352
5262	6268352
5263	6269352
5264	6270352
5265	6271352
5266	6272356
5267	6273352
5268	6274352
5269	6275352
5270	6276352
5271	6277356
5272	6278352
5273	6279352
5274	6280352
5275	6281352
5276	6282352
5277	6283352
5278	6284352
5279	6285352
5280	6286352
5281	6287352
5282	6288352
5283	6289356
5284	6290352
5285	6291352
5286	6292352
5287	6293356
5288	6294352
5289	6295356
5290	6296352
5291	6297356
5292	6298352
5293	6299356
5294	6300352
5295	6301352
5296	6302352
5297	6303352
5298	6304356
5299	6305356
5300	6306352
5301	6307352
5302	6308356
5303	6309352
5304	6310356
5305	6311352
5306	6312352
5307	6313352
5308	6314352
5309	6315352
5310	6316352
5311	6317352
5312	6318352
5313	6319352
5314	6320352
5315	6321352
5316	6322352
5317	6323352
5318	6324356
5319	6325352
5320	6326356
5321	6327352
5322	6328352
5323	6329352
5324	6330352
5325	6331352
5326	6332352
5327	6333352
5328	6334348
5329	6335352
5330	6336352
5331	6337352
5332	6338352
5333	6339356
5334	6340352
5335	6341352
5336	6342352
5337	6343352
5338	6344352
5339	6345356
5340	6346352
5341	6347356
5342	6348352
5343	6349356
5344	6350356
5345	6351352
5346	6352352
5347	6353352
5348	6354348
5349	6355352
5350	6356352
5351	6357352
5352	6358352
5353	6359352
5354	6360352
5355	6361352
5356	6362352
5357	6363356
5358	6364352
5359	6365356
5360	6366356
5361	6367352
5362	6368348
5363	6369356
5364	6370352
5365	6371352
5366	6372352
5367	6373356
5368	6374348
5369	6375348
5370	6376352
5371	6377352
5372	6378352
5373	6379352
5374	6380352
5375	6381352
5376	6382356
5377	6383352
5378	6384352
5379	6385348
5380	6386352
5381	6387352
5382	6388352
5383	6389352
5384	6390352
5385	6391352
5386	6392356
5387	6393352
5388	6394352
5389	6395352
5390	6396352
5391	6397356
5392	6398352
5393	6399344
5394	6400352
5395	6401352
5396	6402348
5397	6403352
5398	6404352
5399	6405352
5400	6406352
5401	6407352
5402	6408352
5403	6409352
5404	6410352
5405	6411348
5406	6412352
5407	6413352
5408	6414352
5409	6415352
5410	6416344
5411	6417352
5412	6418352
5413	6419352
5414	6420352
5415	6421352
5416	6422352
5417	6423352
5418	6424356
5419	6425352
5420	6426352
5421	6427352
5422	6428352
5423	6429356
5424	6430352
5425	6431348
5426	6432356
5427	6433352
5428	6434352
5429	6435352
5430	6436352
5431	6437356
5432	6438352
5433	6439352
5434	6440352
5435	6441352
5436	6442348
5437	6443352
5438	6444352
5439	6445352
5440	6446356
5441	6447352
5442	6448348
5443	6449352
5444	6450352
5445	6451348
5446	6452352
5447	6453352
5448	6454352
5449	6455352
5450	6456348
5451	6457352
5452	6458352
5453	6459352
5454	6460352
5455	6461352
5456	6462352
5457	6463352
5458	6464352
5459	6465352
5460	6466352
5461	6467352
5462	6468352
5463	6469356
5464	6470352
5465	6471352
5466	6472352
5467	6473352
5468	6474352
5469	6475352
5470	6476352
5471	6477352
5472	6478352
5473	6479352
5474	6480348
5475	6481356
5476	6482352
5477	6483352
5478	6484352
5479	6485352
5480	6486352
5481	6487352
5482	6488348
5483	6489352
5484	6490352
5485	6491352
5486	6492352
5487	6493352
5488	6494352
5489	6495352
5490	6496352
5491	6497352
5492	6498352
5493	6499352
5494	6500352
5495	6501352
5496	6502352
5497	6503352
5498	6504352
5499	6505352
5500	6506352
5501	6507352
5502	6508352
5503	6509352
5504	6510352
5505	6511352
5506	6512352
5507	6513352
5508	6514352
5509	6515356
5510	6516352
5511	6517352
5512	6518352
5513	6519352
5514	6520352
5515	6521352
5516	6522348
5517	6523356
5518	6524356
5519	6525352
5520	6526352
5521	6527356
5522	6528356
5523	6529352
5524	6530352
5525	6531356
5526	6532352
5527	6533352
5528	6534352
5529	6535352
5530	6536352
5531	6537356
5532	6538352
5533	6539352
5534	6540352
5535	6541356
5536	6542352
5537	6543352
5538	6544352
5539	6545352
5540	6546352
5541	6547352
5542	6548352
5543	6549356
5544	6550352
5545	6551352
5546	6552352
5547	6553352
5548	6554356
5549	6555356
5550	6556352
5551	6557352
5552	6558352
5553	6559352
5554	6560352
5555	6561352
5556	6562348
5557	6563352
5558	6564352
5559	6565356
5560	6566356
5561	6567352
5562	6568352
5563	6569352
5564	6570352
5565	6571348
5566	6572352
5567	6573356
5568	6574356
5569	6575352
5570	6576352
5571	6577348
5572	6578352
5573	6579356
5574	6580352
5575	6581352
5576	6582352
5577	6583352
5578	6584356
5579	6585352
5580	6586352
5581	6587352
5582	6588356
5583	6589352
5584	6590352
5585	6591352
5586	6592352
5587	6593356
5588	6594352
5589	6595352
5590	6596356
5591	6597356
5592	6598356
5593	6599352
5594	6600352
5595	6601356
5596	6602352
5597	6603344
5598	6604352
5599	6605352
5600	6606352
5601	6607352
5602	6608348
5603	6609352
5604	6610352
5605	6611352
5606	6612356
5607	6613352
5608	6614352
5609	6615352
5610	6616356
5611	6617356
5612	6618352
5613	6619352
5614	6620352
5615	6621356
5616	6622352
5617	6623356
5618	6624352
5619	6625352
5620	6626352
5621	6627352
5622	6628352
5623	6629352
5624	6630352
5625	6631352
5626	6632352
5627	6633352
5628	6634348
5629	6635356
5630	6636348
5631	6637352
5632	6638352
5633	6639352
5634	6640352
5635	6641352
5636	6642352
5637	6643352
5638	6644352
5639	6645356
5640	6646352
5641	6647352
5642	6648352
5643	6649356
5644	6650352
5645	6651352
5646	6652352
5647	6653352
5648	6654352
5649	6655348
5650	6656352
5651	6657352
5652	6658352
5653	6659352
5654	6660352
5655	6661356
5656	6662352
5657	6663352
5658	6664352
5659	6665352
5660	6666352
5661	6667352
5662	6668352
5663	6669352
5664	6670352
5665	6671352
5666	6672348
5667	6673348
5668	6674352
5669	6675352
5670	6676352
5671	6677356
5672	6678352
5673	6679352
5674	6680352
5675	6681348
5676	6682352
5677	6683356
5678	6684348
5679	6685356
5680	6686348
5681	6687352
5682	6688352
5683	6689352
5684	6690352
5685	6691352
5686	6692352
5687	6693352
5688	6694352
5689	6695348
5690	6696356
5691	6697352
5692	6698352
5693	6699352
5694	6700352
5695	6701356
5696	6702356
5697	6703352
5698	6704352
5699	6705352
5700	6706352
5701	6707348
5702	6708352
5703	6709352
5704	6710352
5705	6711352
5706	6712356
5707	6713352
5708	6714352
5709	6715352
5710	6716352
5711	6717356
5712	6718356
5713	6719352
5714	6720352
5715	6721352
5716	6722352
5717	6723352
5718	6724352
5719	6725352
5720	6726352
5721	6727348
5722	6728352
5723	6729356
5724	6730352
5725	6731352
5726	6732352
5727	6733352
5728	6734352
5729	6735352
5730	6736352
5731	6737356
5732	6738352
5733	6739352
5734	6740356
5735	6741352
5736	6742352
5737	6743352
5738	6744352
5739	6745352
5740	6746352
5741	6747352
5742	6748352
5743	6749356
5744	6750356
5745	6751352
5746	6752356
5747	6753352
5748	6754352
5749	6755356
5750	6756352
5751	6757352
5752	6758352
5753	6759356
5754	6760352
5755	6761352
5756	6762352
5757	6763352
5758	6764352
5759	6765352
5760	6766352
5761	6767352
5762	6768356
5763	6769352
5764	6770352
5765	6771356
5766	6772352
5767	6773352
5768	6774352
5769	6775352
5770	6776352
5771	6777352
5772	6778352
5773	6779352
5774	6780352
5775	6781352
5776	6782352
5777	6783352
5778	6784352
5779	6785356
5780	6786348
5781	6787356
5782	6788352
5783	6789356
5784	6790352
5785	6791356
5786	6792352
5787	6793356
5788	6794356
5789	6795352
5790	6796352
5791	6797352
5792	6798356
5793	6799352
5794	6800356
5795	6801352
5796	6802352
5797	6803352
5798	6804348
5799	6805352
5800	6806352
5801	6807352
5802	6808352
5803	6809352
5804	6810352
5805	6811352
5806	6812356
5807	6813356
5808	6814352
5809	6815348
5810	6816356
5811	6817352
5812	6818352
5813	6819352
5814	6820352
5815	6821352
5816	6822352
5817	6823352
5818	6824356
5819	6825352
5820	6826352
5821	6827352
5822	6828352
5823	6829352
5824	6830352
5825	6831352
5826	6832352
5827	6833352
5828	6834352
5829	6835356
5830	6836352
5831	6837356
5832	6838352
5833	6839352
5834	6840352
5835	6841352
5836	6842352
5837	6843356
5838	6844356
5839	6845356
5840	6846356
5841	6847352
5842	6848352
5843	6849352
5844	6850352
5845	6851352
5846	6852356
5847	6853356
5848	6854356
5849	6855356
5850	6856352
5851	6857352
5852	6858352
5853	6859348
5854	6860352
5855	6861352
5856	6862356
5857	6863352
5858	6864352
5859	6865352
5860	6866356
5861	6867352
5862	6868352
5863	6869356
5864	6870352
5865	6871352
5866	6872352
5867	6873352
5868	6874356
5869	6875356
5870	6876352
5871	6877352
5872	6878348
5873	6879352
5874	6880352
5875	6881352
5876	6882352
5877	6883352
5878	6884348
5879	6885352
5880	6886352
5881	6887352
5882	6888352
5883	6889352
5884	6890352
5885	6891356
5886	6892352
5887	6893352
5888	6894356
5889	6895352
5890	6896352
5891	6897356
5892	6898356
5893	6899352
5894	6900352
5895	6901356
5896	6902352
5897	6903356
5898	6904352
5899	6905352
5900	6906352
5901	6907356
5902	6908352
5903	6909352
5904	6910352
5905	6911344
5906	6912356
5907	6913352
5908	6914352
5909	6915356
5910	6916356
5911	6917356
5912	6918352
5913	6919348
5914	6920352
5915	6921352
5916	6922352
5917	6923352
5918	6924352
5919	6925352
5920	6926356
5921	6927356
5922	6928348
5923	6929356
5924	6930352
5925	6931348
5926	6932352
5927	6933352
5928	6934352
5929	6935352
5930	6936352
5931	6937356
5932	6938352
5933	6939352
5934	6940352
5935	6941352
5936	6942352
5937	6943352
5938	6944348
5939	6945352
5940	6946352
5941	6947352
5942	6948352
5943	6949356
5944	6950352
5945	6951348
5946	6952352
5947	6953352
5948	6954352
5949	6955348
5950	6956352
5951	6957348
5952	6958352
5953	6959352
5954	6960352
5955	6961352
5956	6962352
5957	6963344
5958	6964356
5959	6965352
5960	6966352
5961	6967352
5962	6968352
5963	6969356
5964	6970352
5965	6971352
5966	6972352
5967	6973352
5968	6974356
5969	6975352
5970	6976352
5971	6977352
5972	6978352
5973	6979356
5974	6980352
5975	6981356
5976	6982352
5977	6983352
5978	6984352
5979	6985356
5980	6986352
5981	6987352
5982	6988352
5983	6989352
5984	6990352
5985	6991352
5986	6992352
5987	6993352
5988	6994352
5989	6995352
5990	6996352
5991	6997352
5992	6998352
5993	6999356
5994	7000352
5995	7001352
5996	7002352
5997	7003352
5998	7004352
5999	7005352
6000	7006352
6001	7007352
6002	7008348
6003	7009352
6004	7010348
6005	7011352
6006	7012352
6007	7013356
6008	7014356
6009	7015352
6010	7016352
6011	7017352
6012	7018352
6013	7019352
6014	7020352
6015	7021352
6016	7022356
6017	7023356
6018	7024352
6019	7025352
6020	7026352
6021	7027352
6022	7028352
6023	7029352
6024	7030356
6025	7031356
6026	7032352
6027	7033352
6028	7034356
6029	7035352
6030	7036352
6031	7037352
6032	7038352
6033	7039352
6034	7040352
6035	7041352
6036	7042352
6037	7043352
6038	7044356
6039	7045352
6040	7046352
6041	7047352
6042	7048352
6043	7049356
6044	7050348
6045	7051352
6046	7052352
6047	7053352
6048	7054352
6049	7055352
6050	7056352
6051	7057352
6052	7058356
6053	7059352
6054	7060352
6055	7061352
6056	7062352
6057	7063352
6058	7064352
6059	7065356
6060	7066352
6061	7067352
6062	7068352
6063	7069352
6064	7070352
6065	7071352
6066	7072352
6067	7073356
6068	7074352
6069	7075352
6070	7076352
6071	7077352
6072	7078352
6073	7079352
6074	7080352
6075	7081352
6076	7082352
6077	7083352
6078	7084352
6079	7085356
6080	7086348
6081	7087356
6082	7088352
6083	7089352
6084	7090352
6085	7091352
6086	7092352
6087	7093352
6088	7094352
6089	7095352
6090	7096352
6091	7097352
6092	7098356
6093	7099356
6094	7100352
6095	7101352
6096	7102356
6097	7103352
6098	7104356
6099	7105352
6100	7106352
6101	7107352
6102	7108352
6103	7109356
6104	7110352
6105	7111352
6106	7112352
6107	7113356
6108	7114352
6109	7115352
6110	7116356
6111	7117356
6112	7118352
6113	7119356
6114	7120352
6115	7121352
6116	7122356
6117	7123352
6118	7124352
6119	7125352
6120	7126352
6121	7127352
6122	7128352
6123	7129356
6124	7130352
6125	7131352
6126	7132352
6127	7133352
6128	7134356
6129	7135356
6130	7136356
6131	7137356
6132	7138356
6133	7139352
6134	7140352
6135	7141356
6136	7142352
6137	7143356
6138	7144348
6139	7145352
6140	7146352
6141	7147352
6142	7148352
6143	7149356
6144	7150356
6145	7151352
6146	7152356
6147	7153356
6148	7154352
6149	7155352
6150	7156352
6151	7157352
6152	7158356
6153	7159356
6154	7160352
6155	7161352
6156	7162352
6157	7163352
6158	7164356
6159	7165352
6160	7166352
6161	7167348
6162	7168352
6163	7169352
6164	7170348
6165	7171352
6166	7172352
6167	7173352
6168	7174352
6169	7175352
6170	7176352
6171	7177352
6172	7178352
6173	7179352
6174	7180356
6175	7181352
6176	7182352
6177	7183352
6178	7184348
6179	7185352
6180	7186352
6181	7187352
6182	7188356
6183	7189352
6184	7190352
6185	7191352
6186	7192356
6187	7193352
6188	7194352
6189	7195352
6190	7196348
6191	7197352
6192	7198356
6193	7199352
6194	7200356
6195	7201352
6196	7202352
6197	7203356
6198	7204352
6199	7205360
6200	7206352
6201	7207352
6202	7208352
6203	7209352
6204	7210352
6205	7211352
6206	7212352
6207	7213352
6208	7214352
6209	7215352
6210	7216352
6211	7217352
6212	7218352
6213	7219348
6214	7220352
6215	7221352
6216	7222352
6217	7223352
6218	7224352
6219	7225352
6220	7226352
6221	7227352
6222	7228352
6223	7229352
6224	7230352
6225	7231352
6226	7232352
6227	7233356
6228	7234352
6229	7235352
6230	7236352
6231	7237352
6232	7238348
6233	7239356
6234	7240356
6235	7241352
6236	7242356
6237	7243352
6238	7244352
6239	7245352
6240	7246348
6241	7247356
6242	7248352
6243	7249352
6244	7250352
6245	7251348
6246	7252356
6247	7253352
6248	7254352
6249	7255352
6250	7256352
6251	7257352
6252	7258352
6253	7259356
6254	7260352
6255	7261352
6256	7262352
6257	7263352
6258	7264352
6259	7265352
6260	7266352
6261	7267352
6262	7268348
6263	7269352
6264	7270352
6265	7271352
6266	7272352
6267	7273356
6268	7274356
6269	7275352
6270	7276356
6271	7277352
6272	7278356
6273	7279348
6274	7280352
6275	7281352
6276	7282352
6277	7283352
6278	7284352
6279	7285352
6280	7286352
6281	7287356
6282	7288348
6283	7289352
6284	7290352
6285	7291352
6286	7292352
6287	7293356
6288	7294352
6289	7295352
6290	7296352
6291	7297352
6292	7298348
6293	7299348
6294	7300352
6295	7301352
6296	7302352
6297	7303352
6298	7304356
6299	7305356
6300	7306352
6301	7307348
6302	7308352
6303	7309352
6304	7310352
6305	7311352
6306	7312352
6307	7313352
6308	7314356
6309	7315352
6310	7316352
6311	7317352
6312	7318352
6313	7319352
6314	7320352
6315	7321352
6316	7322352
6317	7323352
6318	7324352
6319	7325356
6320	7326356
6321	7327356
6322	7328352
6323	7329356
6324	7330352
6325	7331356
6326	7332356
6327	7333352
6328	7334352
6329	7335352
6330	7336356
6331	7337352
6332	7338352
6333	7339356
6334	7340352
6335	7341352
6336	7342352
6337	7343352
6338	7344356
6339	7345352
6340	7346352
6341	7347356
6342	7348352
6343	7349356
6344	7350348
6345	7351352
6346	7352352
6347	7353352
6348	7354352
6349	7355352
6350	7356352
6351	7357352
6352	7358352
6353	7359352
6354	7360352
6355	7361352
6356	7362352
6357	7363352
6358	7364356
6359	7365352
6360	7366352
6361	7367356
6362	7368352
6363	7369352
6364	7370356
6365	7371352
6366	7372352
6367	7373352
6368	7374352
6369	7375352
6370	7376352
6371	7377356
6372	7378352
6373	7379356
6374	7380352
6375	7381352
6376	7382356
6377	7383356
6378	7384352
6379	7385352
6380	7386356
6381	7387352
6382	7388356
6383	7389356
6384	7390352
6385	7391352
6386	7392352
6387	7393356
6388	7394352
6389	7395352
6390	7396352
6391	7397356
6392	7398352
6393	7399356
6394	7400356
6395	7401356
6396	7402352
6397	7403352
6398	7404352
6399	7405352
6400	7406352
6401	7407352
6402	7408352
6403	7409352
6404	7410352
6405	7411352
6406	7412352
6407	7413352
6408	7414356
6409	7415352
6410	7416352
6411	7417356
6412	7418352
6413	7419352
6414	7420352
6415	7421356
6416	7422348
6417	7423344
6418	7424352
6419	7425352
6420	7426352
6421	7427356
6422	7428352
6423	7429352
6424	7430352
6425	7431356
6426	7432352
6427	7433352
6428	7434352
6429	7435352
6430	7436352
6431	7437352
6432	7438352
6433	7439348
6434	7440348
6435	7441352
6436	7442352
6437	7443352
6438	7444352
6439	7445356
6440	7446352
6441	7447352
6442	7448356
6443	7449352
6444	7450352
6445	7451352
6446	7452352
6447	7453352
6448	7454352
6449	7455352
6450	7456352
6451	7457352
6452	7458356
6453	7459352
6454	7460356
6455	7461352
6456	7462352
6457	7463352
6458	7464352
6459	7465352
6460	7466352
6461	7467356
6462	7468352
6463	7469348
6464	7470352
6465	7471356
6466	7472352
6467	7473352
6468	7474352
6469	7475348
6470	7476356
6471	7477356
6472	7478352
6473	7479352
6474	7480352
6475	7481352
6476	7482356
6477	7483356
6478	7484352
6479	7485352
6480	7486352
6481	7487352
6482	7488352
6483	7489352
6484	7490352
6485	7491348
6486	7492352
6487	7493356
6488	7494352
6489	7495356
6490	7496352
6491	7497352
6492	7498352
6493	7499352
6494	7500352
6495	7501356
6496	7502352
6497	7503352
6498	7504352
6499	7505352
6500	7506356
6501	7507352
6502	7508352
6503	7509356
6504	7510348
6505	7511352
6506	7512352
6507	7513352
6508	7514356
6509	7515352
6510	7516352
6511	7517352
6512	7518352
6513	7519356
6514	7520352
6515	7521352
6516	7522352
6517	7523352
6518	7524356
6519	7525352
6520	7526352
6521	7527352
6522	7528348
6523	7529352
6524	7530356
6525	7531352
6526	7532352
6527	7533348
6528	7534356
6529	7535352
6530	7536356
6531	7537352
6532	7538352
6533	7539352
6534	7540352
6535	7541352
6536	7542352
6537	7543352
6538	7544352
6539	7545352
6540	7546352
6541	7547352
6542	7548352
6543	7549352
6544	7550352
6545	7551352
6546	7552352
6547	7553356
6548	7554352
6549	7555352
6550	7556352
6551	7557356
6552	7558352
6553	7559352
6554	7560352
6555	7561352
6556	7562352
6557	7563352
6558	7564352
6559	7565352
6560	7566356
6561	7567352
6562	7568356
6563	7569352
6564	7570352
6565	7571356
6566	7572356
6567	7573356
6568	7574352
6569	7575352
6570	7576348
6571	7577352
6572	7578352
6573	7579356
6574	7580356
6575	7581352
6576	7582356
6577	7583352
6578	7584352
6579	7585352
6580	7586352
6581	7587352
6582	7588356
6583	7589356
6584	7590348
6585	7591352
6586	7592352
6587	7593356
6588	7594356
6589	7595352
6590	7596352
6591	7597352
6592	7598352
6593	7599352
6594	7600356
6595	7601352
6596	7602352
6597	7603352
6598	7604352
6599	7605352
6600	7606352
6601	7607352
6602	7608356
6603	7609352
6604	7610352
6605	7611352
6606	7612352
6607	7613356
6608	7614356
6609	7615352
6610	7616352
6611	7617356
6612	7618352
6613	7619352
6614	7620348
6615	7621352
6616	7622352
6617	7623352
6618	7624352
6619	7625352
6620	7626352
6621	7627352
6622	7628352
6623	7629356
6624	7630352
6625	7631352
6626	7632352
6627	7633356
6628	7634352
6629	7635352
6630	7636356
6631	7637356
6632	7638352
6633	7639352
6634	7640352
6635	7641352
6636	7642352
6637	7643352
6638	7644352
6639	7645352
6640	7646352
6641	7647352
6642	7648352
6643	7649352
6644	7650356
6645	7651352
6646	7652352
6647	7653352
6648	7654352
6649	7655352
6650	7656352
6651	7657356
6652	7658352
6653	7659352
6654	7660356
6655	7661352
6656	7662356
6657	7663352
6658	7664352
6659	7665352
6660	7666352
6661	7667352
6662	7668352
6663	7669356
6664	7670352
6665	7671352
6666	7672356
6667	7673352
6668	7674352
6669	7675352
6670	7676356
6671	7677356
6672	7678352
6673	7679344
6674	7680352
6675	7681352
6676	7682352
6677	7683352
6678	7684356
6679	7685352
6680	7686352
6681	7687348
6682	7688352
6683	7689352
6684	7690352
6685	7691352
6686	7692352
6687	7693356
6688	7694348
6689	7695352
6690	7696348
6691	7697352
6692	7698352
6693	7699344
6694	7700352
6695	7701352
6696	7702348
6697	7703356
6698	7704356
6699	7705356
6700	7706352
6701	7707352
6702	7708348
6703	7709352
6704	7710352
6705	7711356
6706	7712352
6707	7713352
6708	7714352
6709	7715348
6710	7716352
6711	7717352
6712	7718348
6713	7719352
6714	7720352
6715	7721352
6716	7722352
6717	7723356
6718	7724352
6719	7725356
6720	7726352
6721	7727352
6722	7728352
6723	7729352
6724	7730352
6725	7731348
6726	7732352
6727	7733356
6728	7734352
6729	7735352
6730	7736352
6731	7737356
6732	7738352
6733	7739352
6734	7740352
6735	7741352
6736	7742352
6737	7743352
6738	7744352
6739	7745352
6740	7746352
6741	7747352
6742	7748356
6743	7749352
6744	7750352
6745	7751352
6746	7752352
6747	7753356
6748	7754352
6749	7755352
6750	7756352
6751	7757356
6752	7758352
6753	7759352
6754	7760352
6755	7761352
6756	7762352
6757	7763352
6758	7764352
6759	7765348
6760	7766352
6761	7767352
6762	7768352
6763	7769352
6764	7770352
6765	7771352
6766	7772352
6767	7773356
6768	7774352
6769	7775352
6770	7776352
6771	7777352
6772	7778352
6773	7779348
6774	7780352
6775	7781352
6776	7782352
6777	7783356
6778	7784352
6779	7785352
6780	7786352
6781	7787352
6782	7788352
6783	7789352
6784	7790356
6785	7791356
6786	7792352
6787	7793352
6788	7794352
6789	7795356
6790	7796352
6791	7797352
6792	7798352
6793	7799352
6794	7800352
6795	7801352
6796	7802356
6797	7803352
6798	7804352
6799	7805352
6800	7806356
6801	7807356
6802	7808356
6803	7809356
6804	7810356
6805	7811352
6806	7812352
6807	7813356
6808	7814352
6809	7815352
6810	7816352
6811	7817356
6812	7818356
6813	7819352
6814	7820352
6815	7821356
6816	7822356
6817	7823352
6818	7824352
6819	7825356
6820	7826352
6821	7827352
6822	7828352
6823	7829352
6824	7830356
6825	7831352
6826	7832352
6827	7833348
6828	7834352
6829	7835352
6830	7836356
6831	7837356
6832	7838352
6833	7839352
6834	7840352
6835	7841356
6836	7842352
6837	7843352
6838	7844352
6839	7845356
6840	7846352
6841	7847348
6842	7848352
6843	7849352
6844	7850352
6845	7851352
6846	7852356
6847	7853352
6848	7854352
6849	7855348
6850	7856352
6851	7857356
6852	7858352
6853	7859352
6854	7860352
6855	7861356
6856	7862352
6857	7863356
6858	7864352
6859	7865356
6860	7866352
6861	7867352
6862	7868356
6863	7869356
6864	7870352
6865	7871352
6866	7872356
6867	7873352
6868	7874352
6869	7875352
6870	7876352
6871	7877352
6872	7878352
6873	7879352
6874	7880356
6875	7881352
6876	7882356
6877	7883352
6878	7884352
6879	7885356
6880	7886352
6881	7887352
6882	7888356
6883	7889352
6884	7890352
6885	7891356
6886	7892356
6887	7893356
6888	7894348
6889	7895352
6890	7896352
6891	7897352
6892	7898352
6893	7899356
6894	7900352
6895	7901352
6896	7902352
6897	7903352
6898	7904352
6899	7905356
6900	7906352
6901	7907352
6902	7908356
6903	7909352
6904	7910352
6905	7911356
6906	7912356
6907	7913352
6908	7914352
6909	7915356
6910	7916352
6911	7917352
6912	7918352
6913	7919352
6914	7920356
6915	7921356
6916	7922352
6917	7923356
6918	7924356
6919	7925352
6920	7926352
6921	7927352
6922	7928352
6923	7929352
6924	7930356
6925	7931352
6926	7932356
6927	7933352
6928	7934352
6929	7935352
6930	7936352
6931	7937352
6932	7938356
6933	7939352
6934	7940356
6935	7941352
6936	7942352
6937	7943352
6938	7944352
6939	7945352
6940	7946352
6941	7947352
6942	7948352
6943	7949352
6944	7950348
6945	7951348
6946	7952348
6947	7953352
6948	7954352
6949	7955356
6950	7956352
6951	7957356
6952	7958356
6953	7959352
6954	7960352
6955	7961352
6956	7962356
6957	7963352
6958	7964352
6959	7965352
6960	7966352
6961	7967356
6962	7968352
6963	7969356
6964	7970356
6965	7971352
6966	7972356
6967	7973356
6968	7974352
6969	7975352
6970	7976352
6971	7977352
6972	7978352
6973	7979352
6974	7980352
6975	7981352
6976	7982352
6977	7983356
6978	7984352
6979	7985356
6980	7986352
6981	7987348
6982	7988356
6983	7989356
6984	7990352
6985	7991352
6986	7992352
6987	7993356
6988	7994352
6989	7995352
6990	7996352
6991	7997352
6992	7998356
6993	7999352
6994	8000352
6995	8001352
6996	8002352
6997	8003352
6998	8004352
6999	8005352
7000	8006352
7001	8007352
7002	8008356
7003	8009352
7004	8010352
7005	8011352
7006	8012352
7007	8013356
7008	8014352
7009	8015352
7010	8016356
7011	8017352
7012	8018352
7013	8019356
7014	8020352
7015	8021352
7016	8022352
7017	8023352
7018	8024352
7019	8025356
7020	8026352
7021	8027352
7022	8028352
7023	8029356
7024	8030352
7025	8031352
7026	8032352
7027	8033356
7028	8034352
7029	8035352
7030	8036352
7031	8037356
7032	8038352
7033	8039356
7034	8040352
7035	8041352
7036	8042352
7037	8043356
7038	8044352
7039	8045352
7040	8046352
7041	8047352
7042	8048352
7043	8049352
7044	8050352
7045	8051352
7046	8052352
7047	8053352
7048	8054352
7049	8055352
7050	8056352
7051	8057352
7052	8058352
7053	8059352
7054	8060352
7055	8061352
7056	8062352
7057	8063352
7058	8064352
7059	8065356
7060	8066356
7061	8067356
7062	8068352
7063	8069352
7064	8070352
7065	8071352
7066	8072356
7067	8073356
7068	8074356
7069	8075356
7070	8076356
7071	8077356
7072	8078352
7073	8079352
7074	8080356
7075	8081356
7076	8082352
7077	8083352
7078	8084352
7079	8085356
7080	8086352
7081	8087356
7082	8088352
7083	8089356
7084	8090356
7085	8091352
7086	8092356
7087	8093352
7088	8094352
7089	8095352
7090	8096352
7091	8097352
7092	8098352
7093	8099352
7094	8100356
7095	8101352
7096	8102352
7097	8103356
7098	8104352
7099	8105356
7100	8106352
7101	8107356
7102	8108356
7103	8109356
7104	8110352
7105	8111352
7106	8112356
7107	8113352
7108	8114356
7109	8115356
7110	8116352
7111	8117356
7112	8118352
7113	8119352
7114	8120356
7115	8121352
7116	8122352
7117	8123356
7118	8124356
7119	8125352
7120	8126352
7121	8127352
7122	8128352
7123	8129352
7124	8130352
7125	8131352
7126	8132352
7127	8133356
7128	8134352
7129	8135352
7130	8136352
7131	8137352
7132	8138352
7133	8139356
7134	8140356
7135	8141356
7136	8142352
7137	8143352
7138	8144352
7139	8145356
7140	8146352
7141	8147352
7142	8148356
7143	8149352
7144	8150352
7145	8151352
7146	8152356
7147	8153352
7148	8154352
7149	8155352
7150	8156352
7151	8157352
7152	8158352
7153	8159356
7154	8160352
7155	8161356
7156	8162352
7157	8163356
7158	8164352
7159	8165352
7160	8166352
7161	8167356
7162	8168356
7163	8169352
7164	8170356
7165	8171352
7166	8172356
7167	8173352
7168	8174356
7169	8175352
7170	8176352
7171	8177356
7172	8178352
7173	8179352
7174	8180352
7175	8181352
7176	8182352
7177	8183352
7178	8184352
7179	8185348
7180	8186356
7181	8187348
7182	8188348
7183	8189352
7184	8190352
7185	8191348
7186	8192356
7187	8193356
7188	8194352
7189	8195352
7190	8196352
7191	8197352
7192	8198352
7193	8199352
7194	8200352
7195	8201356
7196	8202352
7197	8203352
7198	8204352
7199	8205352
7200	8206352
7201	8207352
7202	8208348
7203	8209356
7204	8210352
7205	8211356
7206	8212352
7207	8213356
7208	8214352
7209	8215352
7210	8216352
7211	8217356
7212	8218352
7213	8219356
7214	8220352
7215	8221356
7216	8222356
7217	8223352
7218	8224352
7219	8225356
7220	8226352
7221	8227356
7222	8228356
7223	8229356
7224	8230352
7225	8231352
7226	8232352
7227	8233352
7228	8234352
7229	8235352
7230	8236352
7231	8237352
7232	8238352
7233	8239352
7234	8240356
7235	8241352
7236	8242352
7237	8243348
7238	8244352
7239	8245352
7240	8246352
7241	8247348
7242	8248352
7243	8249356
7244	8250352
7245	8251352
7246	8252352
7247	8253356
7248	8254352
7249	8255352
7250	8256352
7251	8257352
7252	8258352
7253	8259352
7254	8260352
7255	8261356
7256	8262352
7257	8263352
7258	8264352
7259	8265352
7260	8266352
7261	8267352
7262	8268356
7263	8269356
7264	8270356
7265	8271352
7266	8272352
7267	8273356
7268	8274352
7269	8275356
7270	8276352
7271	8277352
7272	8278352
7273	8279352
7274	8280352
7275	8281352
7276	8282352
7277	8283352
7278	8284352
7279	8285352
7280	8286348
7281	8287356
7282	8288352
7283	8289352
7284	8290352
7285	8291352
7286	8292352
7287	8293352
7288	8294356
7289	8295352
7290	8296356
7291	8297352
7292	8298352
7293	8299352
7294	8300352
7295	8301352
7296	8302352
7297	8303352
7298	8304352
7299	8305356
7300	8306352
7301	8307352
7302	8308352
7303	8309352
7304	8310352
7305	8311352
7306	8312356
7307	8313356
7308	8314352
7309	8315352
7310	8316352
7311	8317352
7312	8318352
7313	8319352
7314	8320352
7315	8321356
7316	8322352
7317	8323352
7318	8324352
7319	8325356
7320	8326352
7321	8327356
7322	8328356
7323	8329352
7324	8330356
7325	8331352
7326	8332352
7327	8333352
7328	8334356
7329	8335356
7330	8336352
7331	8337352
7332	8338356
7333	8339352
7334	8340352
7335	8341352
7336	8342352
7337	8343352
7338	8344352
7339	8345348
7340	8346352
7341	8347352
7342	8348352
7343	8349352
7344	8350356
7345	8351352
7346	8352352
7347	8353356
7348	8354352
7349	8355352
7350	8356352
7351	8357352
7352	8358352
7353	8359352
7354	8360352
7355	8361352
7356	8362352
7357	8363352
7358	8364352
7359	8365352
7360	8366352
7361	8367352
7362	8368356
7363	8369352
7364	8370352
7365	8371352
7366	8372352
7367	8373352
7368	8374352
7369	8375352
7370	8376356
7371	8377352
7372	8378352
7373	8379352
7374	8380352
7375	8381352
7376	8382352
7377	8383352
7378	8384348
7379	8385356
7380	8386356
7381	8387356
7382	8388352
7383	8389352
7384	8390356
7385	8391356
7386	8392352
7387	8393352
7388	8394352
7389	8395348
7390	8396352
7391	8397352
7392	8398352
7393	8399352
7394	8400352
7395	8401352
7396	8402352
7397	8403348
7398	8404348
7399	8405352
7400	8406352
7401	8407352
7402	8408348
7403	8409348
7404	8410352
7405	8411356
7406	8412356
7407	8413352
7408	8414352
7409	8415352
7410	8416356
7411	8417356
7412	8418352
7413	8419352
7414	8420352
7415	8421356
7416	8422352
7417	8423352
7418	8424352
7419	8425352
7420	8426356
7421	8427352
7422	8428352
7423	8429356
7424	8430352
7425	8431352
7426	8432356
7427	8433352
7428	8434352
7429	8435352
7430	8436348
7431	8437356
7432	8438352
7433	8439352
7434	8440352
7435	8441356
7436	8442352
7437	8443352
7438	8444352
7439	8445352
7440	8446352
7441	8447344
7442	8448352
7443	8449352
7444	8450352
7445	8451352
7446	8452352
7447	8453352
7448	8454352
7449	8455352
7450	8456352
7451	8457352
7452	8458352
7453	8459352
7454	8460352
7455	8461356
7456	8462352
7457	8463352
7458	8464352
7459	8465356
7460	8466352
7461	8467352
7462	8468356
7463	8469352
7464	8470352
7465	8471352
7466	8472352
7467	8473352
7468	8474352
7469	8475352
7470	8476352
7471	8477352
7472	8478352
7473	8479352
7474	8480352
7475	8481352
7476	8482352
7477	8483352
7478	8484352
7479	8485356
7480	8486352
7481	8487352
7482	8488356
7483	8489352
7484	8490352
7485	8491356
7486	8492352
7487	8493352
7488	8494352
7489	8495356
7490	8496352
7491	8497352
7492	8498352
7493	8499348
7494	8500352
7495	8501352
7496	8502352
7497	8503352
7498	8504352
7499	8505356
7500	8506352
7501	8507352
7502	8508352
7503	8509352
7504	8510352
7505	8511356
7506	8512352
7507	8513352
7508	8514352
7509	8515348
7510	8516352
7511	8517352
7512	8518352
7513	8519352
7514	8520352
7515	8521352
7516	8522352
7517	8523352
7518	8524352
7519	8525352
7520	8526352
7521	8527352
7522	8528352
7523	8529352
7524	8530352
7525	8531348
7526	8532356
7527	8533352
7528	8534356
7529	8535352
7530	8536352
7531	8537352
7532	8538352
7533	8539352
7534	8540352
7535	8541352
7536	8542356
7537	8543352
7538	8544352
7539	8545352
7540	8546356
7541	8547352
7542	8548352
7543	8549356
7544	8550352
7545	8551356
7546	8552352
7547	8553352
7548	8554352
7549	8555352
7550	8556352
7551	8557352
7552	8558352
7553	8559348
7554	8560352
7555	8561352
7556	8562352
7557	8563352
7558	8564352
7559	8565352
7560	8566356
7561	8567352
7562	8568352
7563	8569356
7564	8570356
7565	8571352
7566	8572356
7567	8573356
7568	8574356
7569	8575356
7570	8576356
7571	8577356
7572	8578352
7573	8579352
7574	8580352
7575	8581352
7576	8582356
7577	8583352
7578	8584352
7579	8585352
7580	8586352
7581	8587352
7582	8588352
7583	8589352
7584	8590356
7585	8591356
7586	8592356
7587	8593352
7588	8594356
7589	8595352
7590	8596352
7591	8597352
7592	8598348
7593	8599352
7594	8600352
7595	8601352
7596	8602352
7597	8603352
7598	8604352
7599	8605352
7600	8606352
7601	8607352
7602	8608352
7603	8609352
7604	8610352
7605	8611352
7606	8612352
7607	8613352
7608	8614352
7609	8615356
7610	8616352
7611	8617352
7612	8618352
7613	8619352
7614	8620352
7615	8621352
7616	8622352
7617	8623356
7618	8624356
7619	8625352
7620	8626352
7621	8627352
7622	8628352
7623	8629352
7624	8630352
7625	8631352
7626	8632352
7627	8633352
7628	8634352
7629	8635352
7630	8636352
7631	8637352
7632	8638352
7633	8639352
7634	8640352
7635	8641356
7636	8642352
7637	8643352
7638	8644352
7639	8645356
7640	8646352
7641	8647352
7642	8648352
7643	8649352
7644	8650348
7645	8651352
7646	8652352
7647	8653356
7648	8654352
7649	8655352
7650	8656352
7651	8657352
7652	8658352
7653	8659356
7654	8660352
7655	8661356
7656	8662352
7657	8663356
7658	8664352
7659	8665352
7660	8666348
7661	8667352
7662	8668352
7663	8669352
7664	8670352
7665	8671352
7666	8672352
7667	8673356
7668	8674352
7669	8675348
7670	8676352
7671	8677356
7672	8678352
7673	8679352
7674	8680352
7675	8681352
7676	8682352
7677	8683348
7678	8684352
7679	8685356
7680	8686352
7681	8687352
7682	8688352
7683	8689352
7684	8690352
7685	8691352
7686	8692352
7687	8693356
7688	8694356
7689	8695348
7690	8696352
7691	8697352
7692	8698352
7693	8699352
7694	8700352
7695	8701352
7696	8702352
7697	8703344
7698	8704352
7699	8705352
7700	8706348
7701	8707352
7702	8708352
7703	8709352
7704	8710352
7705	8711352
7706	8712352
7707	8713352
7708	8714352
7709	8715352
7710	8716352
7711	8717352
7712	8718352
7713	8719356
7714	8720348
7715	8721352
7716	8722352
7717	8723352
7718	8724352
7719	8725352
7720	8726352
7721	8727352
7722	8728356
7723	8729352
7724	8730352
7725	8731352
7726	8732352
7727	8733356
7728	8734356
7729	8735352
7730	8736352
7731	8737352
7732	8738348
7733	8739348
7734	8740352
7735	8741356
7736	8742352
7737	8743352
7738	8744352
7739	8745352
7740	8746352
7741	8747356
7742	8748348
7743	8749352
7744	8750348
7745	8751352
7746	8752352
7747	8753352
7748	8754352
7749	8755348
7750	8756348
7751	8757352
7752	8758352
7753	8759352
7754	8760352
7755	8761352
7756	8762352
7757	8763352
7758	8764352
7759	8765352
7760	8766352
7761	8767356
7762	8768352
7763	8769352
7764	8770352
7765	8771352
7766	8772352
7767	8773352
7768	8774352
7769	8775356
7770	8776352
7771	8777352
7772	8778352
7773	8779352
7774	8780352
7775	8781352
7776	8782352
7777	8783352
7778	8784352
7779	8785356
7780	8786352
7781	8787352
7782	8788352
7783	8789352
7784	8790352
7785	8791352
7786	8792352
7787	8793356
7788	8794352
7789	8795356
7790	8796352
7791	8797352
7792	8798352
7793	8799352
7794	8800356
7795	8801352
7796	8802352
7797	8803352
7798	8804352
7799	8805352
7800	8806352
7801	8807352
7802	8808352
7803	8809352
7804	8810352
7805	8811352
7806	8812352
7807	8813356
7808	8814352
7809	8815352
7810	8816352
7811	8817352
7812	8818352
7813	8819352
7814	8820352
7815	8821352
7816	8822352
7817	8823352
7818	8824352
7819	8825352
7820	8826352
7821	8827352
7822	8828352
7823	8829352
7824	8830352
7825	8831348
7826	8832352
7827	8833352
7828	8834352
7829	8835352
7830	8836348
7831	8837348
7832	8838352
7833	8839352
7834	8840352
7835	8841356
7836	8842352
7837	8843352
7838	8844352
7839	8845352
7840	8846356
7841	8847356
7842	8848348
7843	8849356
7844	8850352
7845	8851356
7846	8852352
7847	8853348
7848	8854356
7849	8855352
7850	8856352
7851	8857352
7852	8858356
7853	8859352
7854	8860352
7855	8861352
7856	8862352
7857	8863352
7858	8864356
7859	8865356
7860	8866356
7861	8867352
7862	8868352
7863	8869352
7864	8870352
7865	8871352
7866	8872356
7867	8873348
7868	8874352
7869	8875352
7870	8876352
7871	8877352
7872	8878352
7873	8879356
7874	8880356
7875	8881352
7876	8882352
7877	8883352
7878	8884356
7879	8885356
7880	8886356
7881	8887352
7882	8888352
7883	8889356
7884	8890352
7885	8891352
7886	8892356
7887	8893356
7888	8894352
7889	8895352
7890	8896352
7891	8897352
7892	8898352
7893	8899352
7894	8900352
7895	8901352
7896	8902356
7897	8903352
7898	8904352
7899	8905352
7900	8906352
7901	8907352
7902	8908352
7903	8909352
7904	8910356
7905	8911352
7906	8912352
7907	8913356
7908	8914352
7909	8915352
7910	8916356
7911	8917356
7912	8918352
7913	8919352
7914	8920352
7915	8921352
7916	8922352
7917	8923352
7918	8924352
7919	8925352
7920	8926352
7921	8927352
7922	8928352
7923	8929356
7924	8930352
7925	8931352
7926	8932352
7927	8933352
7928	8934356
7929	8935352
7930	8936352
7931	8937352
7932	8938352
7933	8939352
7934	8940352
7935	8941352
7936	8942352
7937	8943352
7938	8944352
7939	8945348
7940	8946352
7941	8947352
7942	8948352
7943	8949352
7944	8950352
7945	8951352
7946	8952356
7947	8953352
7948	8954352
7949	8955352
7950	8956348
7951	8957352
7952	8958352
7953	8959348
7954	8960352
7955	8961352
7956	8962352
7957	8963352
7958	8964352
7959	8965352
7960	8966352
7961	8967352
7962	8968352
7963	8969352
7964	8970352
7965	8971352
7966	8972352
7967	8973352
7968	8974352
7969	8975352
7970	8976348
7971	8977356
7972	8978352
7973	8979348
7974	8980352
7975	8981352
7976	8982356
7977	8983352
7978	8984352
7979	8985352
7980	8986352
7981	8987352
7982	8988352
7983	8989352
7984	8990352
7985	8991352
7986	8992352
7987	8993352
7988	8994352
7989	8995356
7990	8996356
7991	8997352
7992	8998352
7993	8999352
7994	9000352
7995	9001352
7996	9002352
7997	9003352
7998	9004352
7999	9005356
8000	9006348
8001	9007352
8002	9008352
8003	9009352
8004	9010352
8005	9011348
8006	9012352
8007	9013352
8008	9014352
8009	9015356
8010	9016352
8011	9017352
8012	9018348
8013	9019352
8014	9020352
8015	9021352
8016	9022352
8017	9023352
8018	9024352
8019	9025352
8020	9026352
8021	9027352
8022	9028352
8023	9029352
8024	9030352
8025	9031352
8026	9032352
8027	9033356
8028	9034352
8029	9035352
8030	9036352
8031	9037352
8032	9038352
8033	9039352
8034	9040352
8035	9041356
8036	9042352
8037	9043352
8038	9044356
8039	9045352
8040	9046352
8041	9047356
8042	9048352
8043	9049352
8044	9050352
8045	9051356
8046	9052352
8047	9053356
8048	9054352
8049	9055352
8050	9056348
8051	9057352
8052	9058352
8053	9059352
8054	9060352
8055	9061352
8056	9062352
8057	9063352
8058	9064352
8059	9065352
8060	9066352
8061	9067352
8062	9068352
8063	9069352
8064	9070356
8065	9071352
8066	9072352
8067	9073352
8068	9074352
8069	9075356
8070	9076352
8071	9077348
8072	9078352
8073	9079352
8074	9080352
8075	9081352
8076	9082356
8077	9083352
8078	9084352
8079	9085348
8080	9086352
8081	9087352
8082	9088352
8083	9089356
8084	9090352
8085	9091352
8086	9092352
8087	9093356
8088	9094356
8089	9095352
8090	9096352
8091	9097352
8092	9098356
8093	9099352
8094	9100352
8095	9101352
8096	9102352
8097	9103352
8098	9104352
8099	9105356
8100	9106352
8101	9107352
8102	9108352
8103	9109352
8104	9110352
8105	9111356
8106	9112352
8107	9113352
8108	9114352
8109	9115352
8110	9116352
8111	9117352
8112	9118352
8113	9119352
8114	9120352
8115	9121352
8116	9122352
8117	9123352
8118	9124352
8119	9125356
8120	9126352
8121	9127352
8122	9128352
8123	9129352
8124	9130352
8125	9131356
8126	9132352
8127	9133352
8128	9134352
8129	9135352
8130	9136352
8131	9137352
8132	9138356
8133	9139352
8134	9140352
8135	9141352
8136	9142352
8137	9143352
8138	9144356
8139	9145352
8140	9146352
8141	9147352
8142	9148352
8143	9149356
8144	9150352
8145	9151352
8146	9152352
8147	9153352
8148	9154352
8149	9155352
8150	9156352
8151	9157356
8152	9158352
8153	9159352
8154	9160352
8155	9161352
8156	9162352
8157	9163352
8158	9164352
8159	9165356
8160	9166352
8161	9167356
8162	9168352
8163	9169352
8164	9170352
8165	9171352
8166	9172352
8167	9173356
8168	9174352
8169	9175352
8170	9176352
8171	9177348
8172	9178352
8173	9179352
8174	9180352
8175	9181352
8176	9182352
8177	9183352
8178	9184352
8179	9185352
8180	9186352
8181	9187352
8182	9188352
8183	9189352
8184	9190352
8185	9191352
8186	9192352
8187	9193352
8188	9194348
8189	9195352
8190	9196352
8191	9197352
8192	9198352
8193	9199352
8194	9200352
8195	9201352
8196	9202352
8197	9203352
8198	9204352
8199	9205356
8200	9206352
8201	9207352
8202	9208348
8203	9209352
8204	9210352
8205	9211352
8206	9212348
8207	9213352
8208	9214352
8209	9215348
8210	9216348
8211	9217352
8212	9218352
8213	9219352
8214	9220352
8215	9221352
8216	9222352
8217	9223348
8218	9224352
8219	9225352
8220	9226352
8221	9227352
8222	9228356
8223	9229352
8224	9230352
8225	9231352
8226	9232348
8227	9233348
8228	9234352
8229	9235348
8230	9236352
8231	9237352
8232	9238352
8233	9239352
8234	9240352
8235	9241352
8236	9242352
8237	9243352
8238	9244352
8239	9245352
8240	9246352
8241	9247352
8242	9248352
8243	9249352
8244	9250352
8245	9251356
8246	9252352
8247	9253352
8248	9254352
8249	9255352
8250	9256352
8251	9257352
8252	9258352
8253	9259352
8254	9260348
8255	9261352
8256	9262352
8257	9263352
8258	9264352
8259	9265356
8260	9266352
8261	9267348
8262	9268348
8263	9269352
8264	9270352
8265	9271348
8266	9272352
8267	9273352
8268	9274352
8269	9275352
8270	9276352
8271	9277352
8272	9278352
8273	9279352
8274	9280352
8275	9281352
8276	9282352
8277	9283352
8278	9284352
8279	9285352
8280	9286352
8281	9287352
8282	9288352
8283	9289352
8284	9290352
8285	9291352
8286	9292352
8287	9293352
8288	9294348
8289	9295352
8290	9296348
8291	9297352
8292	9298352
8293	9299352
8294	9300352
8295	9301352
8296	9302352
8297	9303352
8298	9304348
8299	9305352
8300	9306356
8301	9307352
8302	9308352
8303	9309352
8304	9310352
8305	9311352
8306	9312352
8307	9313352
8308	9314352
8309	9315352
8310	9316352
8311	9317352
8312	9318352
8313	9319352
8314	9320352
8315	9321348
8316	9322352
8317	9323352
8318	9324348
8319	9325352
8320	9326352
8321	9327352
8322	9328352
8323	9329352
8324	9330352
8325	9331352
8326	9332352
8327	9333352
8328	9334352
8329	9335352
8330	9336352
8331	9337352
8332	9338352
8333	9339352
8334	9340348
8335	9341352
8336	9342352
8337	9343352
8338	9344352
8339	9345352
8340	9346348
8341	9347352
8342	9348356
8343	9349352
8344	9350352
8345	9351352
8346	9352352
8347	9353356
8348	9354348
8349	9355352
8350	9356352
8351	9357352
8352	9358352
8353	9359352
8354	9360352
8355	9361356
8356	9362352
8357	9363352
8358	9364352
8359	9365352
8360	9366352
8361	9367356
8362	9368352
8363	9369352
8364	9370352
8365	9371352
8366	9372352
8367	9373352
8368	9374356
8369	9375352
8370	9376348
8371	9377352
8372	9378356
8373	9379356
8374	9380352
8375	9381352
8376	9382352
8377	9383352
8378	9384352
8379	9385352
8380	9386352
8381	9387356
8382	9388352
8383	9389356
8384	9390348
8385	9391352
8386	9392352
8387	9393352
8388	9394352
8389	9395352
8390	9396352
8391	9397352
8392	9398352
8393	9399356
8394	9400356
8395	9401352
8396	9402356
8397	9403352
8398	9404352
8399	9405352
8400	9406352
8401	9407352
8402	9408348
8403	9409352
8404	9410352
8405	9411352
8406	9412352
8407	9413352
8408	9414352
8409	9415352
8410	9416352
8411	9417356
8412	9418352
8413	9419352
8414	9420356
8415	9421356
8416	9422352
8417	9423352
8418	9424352
8419	9425352
8420	9426352
8421	9427352
8422	9428352
8423	9429356
8424	9430352
8425	9431352
8426	9432356
8427	9433356
8428	9434356
8429	9435352
8430	9436352
8431	9437356
8432	9438352
8433	9439352
8434	9440352
8435	9441352
8436	9442352
8437	9443352
8438	9444352
8439	9445352
8440	9446356
8441	9447352
8442	9448352
8443	9449352
8444	9450356
8445	9451356
8446	9452352
8447	9453352
8448	9454356
8449	9455352
8450	9456352
8451	9457352
8452	9458352
8453	9459352
8454	9460352
8455	9461352
8456	9462352
8457	9463352
8458	9464356
8459	9465352
8460	9466352
8461	9467352
8462	9468352
8463	9469352
8464	9470352
8465	9471344
8466	9472352
8467	9473352
8468	9474352
8469	9475352
8470	9476348
8471	9477356
8472	9478352
8473	9479348
8474	9480352
8475	9481352
8476	9482352
8477	9483352
8478	9484352
8479	9485356
8480	9486352
8481	9487352
8482	9488348
8483	9489356
8484	9490352
8485	9491352
8486	9492352
8487	9493352
8488	9494352
8489	9495352
8490	9496356
8491	9497352
8492	9498352
8493	9499352
8494	9500352
8495	9501352
8496	9502352
8497	9503356
8498	9504352
8499	9505352
8500	9506352
8501	9507356
8502	9508352
8503	9509352
8504	9510356
8505	9511352
8506	9512352
8507	9513352
8508	9514352
8509	9515352
8510	9516352
8511	9517352
8512	9518352
8513	9519352
8514	9520356
8515	9521352
8516	9522352
8517	9523344
8518	9524352
8519	9525348
8520	9526352
8521	9527352
8522	9528352
8523	9529352
8524	9530352
8525	9531352
8526	9532352
8527	9533352
8528	9534356
8529	9535352
8530	9536352
8531	9537352
8532	9538356
8533	9539352
8534	9540348
8535	9541352
8536	9542352
8537	9543352
8538	9544352
8539	9545356
8540	9546352
8541	9547352
8542	9548352
8543	9549352
8544	9550352
8545	9551352
8546	9552352
8547	9553352
8548	9554352
8549	9555352
8550	9556352
8551	9557352
8552	9558352
8553	9559352
8554	9560352
8555	9561352
8556	9562356
8557	9563352
8558	9564352
8559	9565352
8560	9566352
8561	9567352
8562	9568352
8563	9569352
8564	9570352
8565	9571352
8566	9572356
8567	9573352
8568	9574348
8569	9575352
8570	9576352
8571	9577352
8572	9578352
8573	9579352
8574	9580356
8575	9581352
8576	9582348
8577	9583348
8578	9584352
8579	9585352
8580	9586352
8581	9587352
8582	9588352
8583	9589352
8584	9590348
8585	9591352
8586	9592352
8587	9593348
8588	9594352
8589	9595352
8590	9596352
8591	9597352
8592	9598352
8593	9599352
8594	9600352
8595	9601352
8596	9602352
8597	9603352
8598	9604352
8599	9605352
8600	9606352
8601	9607348
8602	9608356
8603	9609352
8604	9610352
8605	9611352
8606	9612352
8607	9613352
8608	9614352
8609	9615352
8610	9616352
8611	9617352
8612	9618356
8613	9619352
8614	9620352
8615	9621352
8616	9622352
8617	9623356
8618	9624352
8619	9625352
8620	9626352
8621	9627352
8622	9628352
8623	9629352
8624	9630352
8625	9631356
8626	9632348
8627	9633352
8628	9634352
8629	9635352
8630	9636352
8631	9637348
8632	9638352
8633	9639352
8634	9640348
8635	9641352
8636	9642352
8637	9643352
8638	9644352
8639	9645352
8640	9646352
8641	9647352
8642	9648352
8643	9649356
8644	9650356
8645	9651356
8646	9652352
8647	9653352
8648	9654352
8649	9655356
8650	9656352
8651	9657356
8652	9658352
8653	9659352
8654	9660352
8655	9661352
8656	9662352
8657	9663352
8658	9664356
8659	9665352
8660	9666356
8661	9667348
8662	9668352
8663	9669352
8664	9670352
8665	9671352
8666	9672352
8667	9673356
8668	9674352
8669	9675352
8670	9676352
8671	9677352
8672	9678352
8673	9679352
8674	9680352
8675	9681356
8676	9682352
8677	9683352
8678	9684352
8679	9685356
8680	9686356
8681	9687352
8682	9688352
8683	9689356
8684	9690356
8685	9691352
8686	9692348
8687	9693352
8688	9694352
8689	9695352
8690	9696356
8691	9697352
8692	9698352
8693	9699352
8694	9700356
8695	9701352
8696	9702356
8697	9703356
8698	9704352
8699	9705352
8700	9706352
8701	9707352
8702	9708356
8703	9709356
8704	9710344
8705	9711352
8706	9712352
8707	9713352
8708	9714352
8709	9715352
8710	9716352
8711	9717352
8712	9718348
8713	9719352
8714	9720356
8715	9721352
8716	9722352
8717	9723352
8718	9724352
8719	9725352
8720	9726352
8721	9727344
8722	9728352
8723	9729352
8724	9730352
8725	9731352
8726	9732352
8727	9733352
8728	9734352
8729	9735352
8730	9736352
8731	9737352
8732	9738352
8733	9739352
8734	9740352
8735	9741352
8736	9742348
8737	9743356
8738	9744348
8739	9745352
8740	9746352
8741	9747352
8742	9748352
8743	9749352
8744	9750352
8745	9751348
8746	9752352
8747	9753352
8748	9754352
8749	9755352
8750	9756352
8751	9757352
8752	9758356
8753	9759352
8754	9760348
8755	9761356
8756	9762352
8757	9763352
8758	9764352
8759	9765352
8760	9766352
8761	9767352
8762	9768356
8763	9769356
8764	9770352
8765	9771344
8766	9772352
8767	9773352
8768	9774356
8769	9775348
8770	9776352
8771	9777352
8772	9778352
8773	9779344
8774	9780352
8775	9781352
8776	9782356
8777	9783352
8778	9784352
8779	9785352
8780	9786352
8781	9787352
8782	9788348
8783	9789352
8784	9790352
8785	9791352
8786	9792356
8787	9793352
8788	9794352
8789	9795352
8790	9796352
8791	9797352
8792	9798352
8793	9799352
8794	9800352
8795	9801352
8796	9802352
8797	9803352
8798	9804352
8799	9805352
8800	9806352
8801	9807352
8802	9808352
8803	9809352
8804	9810352
8805	9811352
8806	9812352
8807	9813352
8808	9814352
8809	9815352
8810	9816356
8811	9817352
8812	9818352
8813	9819352
8814	9820352
8815	9821352
8816	9822352
8817	9823352
8818	9824352
8819	9825352
8820	9826352
8821	9827356
8822	9828352
8823	9829352
8824	9830352
8825	9831352
8826	9832352
8827	9833352
8828	9834352
8829	9835356
8830	9836348
8831	9837352
8832	9838352
8833	9839352
8834	9840352
8835	9841352
8836	9842352
8837	9843352
8838	9844352
8839	9845352
8840	9846352
8841	9847352
8842	9848352
8843	9849352
8844	9850352
8845	9851352
8846	9852352
8847	9853352
8848	9854352
8849	9855352
8850	9856352
8851	9857352
8852	9858352
8853	9859352
8854	9860352
8855	9861356
8856	9862352
8857	9863352
8858	9864352
8859	9865356
8860	9866356
8861	9867352
8862	9868356
8863	9869356
8864	9870352
8865	9871352
8866	9872352
8867	9873356
8868	9874352
8869	9875348
8870	9876352
8871	9877352
8872	9878352
8873	9879352
8874	9880352
8875	9881352
8876	9882356
8877	9883352
8878	9884352
8879	9885352
8880	9886352
8881	9887352
8882	9888352
8883	9889352
8884	9890352
8885	9891352
8886	9892352
8887	9893352
8888	9894352
8889	9895356
8890	9896352
8891	9897348
8892	9898356
8893	9899352
8894	9900356
8895	9901352
8896	9902356
8897	9903352
8898	9904356
8899	9905352
8900	9906352
8901	9907352
8902	9908352
8903	9909352
8904	9910352
8905	9911352
8906	9912352
8907	9913352
8908	9914356
8909	9915352
8910	9916356
8911	9917352
8912	9918352
8913	9919352
8914	9920352
8915	9921356
8916	9922348
8917	9923352
8918	9924348
8919	9925352
8920	9926352
8921	9927348
8922	9928352
8923	9929352
8924	9930352
8925	9931352
8926	9932348
8927	9933352
8928	9934352
8929	9935352
8930	9936352
8931	9937352
8932	9938352
8933	9939352
8934	9940352
8935	9941352
8936	9942352
8937	9943352
8938	9944352
8939	9945352
8940	9946352
8941	9947352
8942	9948356
8943	9949352
8944	9950352
8945	9951352
8946	9952352
8947	9953352
8948	9954356
8949	9955352
8950	9956356
8951	9957352
8952	9958356
8953	9959356
8954	9960352
8955	9961352
8956	9962352
8957	9963352
8958	9964356
8959	9965352
8960	9966352
8961	9967348
8962	9968352
8963	9969352
8964	9970352
8965	9971356
8966	9972352
8967	9973356
8968	9974352
8969	9975352
8970	9976352
8971	9977352
8972	9978352
8973	9979352
8974	9980352
8975	9981352
8976	9982352
8977	9983348
8978	9984352
8979	9985348
8980	9986356
8981	9987352
8982	9988352
8983	9989348
8984	9990352
8985	9991352
8986	9992356
8987	9993352
8988	9994352
8989	9995352
8990	9996352
8991	9997352
8992	9998352
8993	9999352
8994	-1
8995	-1
8996	-1
8997	-1
8998	-1
8999	-1
9000	-1
9001	-1
9002	-1
9003	-1
9004	-1
9005	-1
9006	-1
9007	-1
9008	-1
9009	-1
9010	-1
9011	-1
9012	-1
9013	-1
9014	-1
9015	-1
9016	-1
9017	-1
9018	-1
9019	-1
9020	-1
9021	-1
9022	-1
9023	-1
9024	-1
9025	-1
9026	-1
9027	-1
9028	-1
9029	-1
9030	-1
9031	-1
9032	-1
9033	-1
9034	-1
9035	-1
9036	-1
9037	-1
9038	-1
9039	-1
9040	-1
9041	-1
9042	-1
9043	-1
9044	-1
9045	-1
9046	-1
9047	-1
9048	-1
9049	-1
9050	-1
9051	-1
9052	-1
9053	-1
9054	-1
9055	-1
9056	-1
9057	-1
9058	-1
9059	-1
9060	-1
9061	-1
9062	-1
9063	-1
9064	-1
9065	-1
9066	-1
9067	-1
9068	-1
9069	-1
9070	-1
9071	-1
9072	-1
9073	-1
9074	-1
9075	-1
9076	-1
9077	-1
9078	-1
9079	-1
9080	-1
9081	-1
9082	-1
9083	-1
9084	-1
9085	-1
9086	-1
9087	-1
9088	-1
9089	-1
9090	-1
9091	-1
9092	-1
9093	-1
9094	-1
9095	-1
9096	-1
9097	-1
9098	-1
9099	-1
9100	-1
9101	-1
9102	-1
9103	-1
9104	-1
9105	-1
9106	-1
9107	-1
9108	-1
9109	-1
9110	-1
9111	-1
9112	-1
9113	-1
9114	-1
9115	-1
9116	-1
9117	-1
9118	-1
9119	-1
9120	-1
9121	-1
9122	-1
9123	-1
9124	-1
9125	-1
9126	-1
9127	-1
9128	-1
9129	-1
9130	-1
9131	-1
9132	-1
9133	-1
9134	-1
9135	-1
9136	-1
9137	-1
9138	-1
9139	-1
9140	-1
9141	-1
9142	-1
9143	-1
9144	-1
9145	-1
9146	-1
9147	-1
9148	-1
9149	-1
9150	-1
9151	-1
9152	-1
9153	-1
9154	-1
9155	-1
9156	-1
9157	-1
9158	-1
9159	-1
9160	-1
9161	-1
9162	-1
9163	-1
9164	-1
9165	-1
9166	-1
9167	-1
9168	-1
9169	-1
9170	-1
9171	-1
9172	-1
9173	-1
9174	-1
9175	-1
9176	-1
9177	-1
9178	-1
9179	-1
9180	-1
9181	-1
9182	-1
9183	-1
9184	-1
9185	-1
9186	-1
9187	-1
9188	-1
9189	-1
9190	-1
9191	-1
9192	-1
9193	-1
9194	-1
9195	-1
9196	-1
9197	-1
9198	-1
9199	-1
9200	-1
9201	-1
9202	-1
9203	-1
9204	-1
9205	-1
9206	-1
9207	-1
9208	-1
9209	-1
9210	-1
9211	-1
9212	-1
9213	-1
9214	-1
9215	-1
9216	-1
9217	-1
9218	-1
9219	-1
9220	-1
9221	-1
9222	-1
9223	-1
9224	-1
9225	-1
9226	-1
9227	-1
9228	-1
9229	-1
9230	-1
9231	-1
9232	-1
9233	-1
9234	-1
9235	-1
9236	-1
9237	-1
9238	-1
9239	-1
9240	-1
9241	-1
9242	-1
9243	-1
9244	-1
9245	-1
9246	-1
9247	-1
9248	-1
9249	-1
9250	-1
9251	-1
9252	-1
9253	-1
9254	-1
9255	-1
9256	-1
9257	-1
9258	-1
9259	-1
9260	-1
9261	-1
9262	-1
9263	-1
9264	-1
9265	-1
9266	-1
9267	-1
9268	-1
9269	-1
9270	-1
9271	-1
9272	-1
9273	-1
9274	-1
9275	-1
9276	-1
9277	-1
9278	-1
9279	-1
9280	-1
9281	-1
9282	-1
9283	-1
9284	-1
9285	-1
9286	-1
9287	-1
9288	-1
9289	-1
9290	-1
9291	-1
9292	-1
9293	-1
9294	-1
9295	-1
9296	-1
9297	-1
9298	-1
9299	-1
9300	-1
9301	-1
9302	-1
9303	-1
9304	-1
9305	-1
9306	-1
9307	-1
9308	-1
9309	-1
9310	-1
9311	-1
9312	-1
9313	-1
9314	-1
9315	-1
9316	-1
9317	-1
9318	-1
9319	-1
9320	-1
9321	-1
9322	-1
9323	-1
9324	-1
9325	-1
9326	-1
9327	-1
9328	-1
9329	-1
9330	-1
9331	-1
9332	-1
9333	-1
9334	-1
9335	-1
9336	-1
9337	-1
9338	-1
9339	-1
9340	-1
9341	-1
9342	-1
9343	-1
9344	-1
9345	-1
9346	-1
9347	-1
9348	-1
9349	-1
9350	-1
9351	-1
9352	-1
9353	-1
9354	-1
9355	-1
9356	-1
9357	-1
9358	-1
9359	-1
9360	-1
9361	-1
9362	-1
9363	-1
9364	-1
9365	-1
9366	-1
9367	-1
9368	-1
9369	-1
9370	-1
9371	-1
9372	-1
9373	-1
9374	-1
9375	-1
9376	-1
9377	-1
9378	-1
9379	-1
9380	-1
9381	-1
9382	-1
9383	-1
9384	-1
9385	-1
9386	-1
9387	-1
9388	-1
9389	-1
9390	-1
9391	-1
9392	-1
9393	-1
9394	-1
9395	-1
9396	-1
9397	-1
9398	-1
9399	-1
9400	-1
9401	-1
9402	-1
9403	-1
9404	-1
9405	-1
9406	-1
9407	-1
9408	-1
9409	-1
9410	-1
9411	-1
9412	-1
9413	-1
9414	-1
9415	-1
9416	-1
9417	-1
9418	-1
9419	-1
9420	-1
9421	-1
9422	-1
9423	-1
9424	-1
9425	-1
9426	-1
9427	-1
9428	-1
9429	-1
9430	-1
9431	-1
9432	-1
9433	-1
9434	-1
9435	-1
9436	-1
9437	-1
9438	-1
9439	-1
9440	-1
9441	-1
9442	-1
9443	-1
9444	-1
9445	-1
9446	-1
9447	-1
9448	-1
9449	-1
9450	-1
9451	-1
9452	-1
9453	-1
9454	-1
9455	-1
9456	-1
9457	-1
9458	-1
9459	-1
9460	-1
9461	-1
9462	-1
9463	-1
9464	-1
9465	-1
9466	-1
9467	-1
9468	-1
9469	-1
9470	-1
9471	-1
9472	-1
9473	-1
9474	-1
9475	-1
9476	-1
9477	-1
9478	-1
9479	-1
9480	-1
9481	-1
9482	-1
9483	-1
9484	-1
9485	-1
9486	-1
9487	-1
9488	-1
9489	-1
9490	-1
9491	-1
9492	-1
9493	-1
9494	-1
9495	-1
9496	-1
9497	-1
9498	-1
9499	-1
9500	-1
9501	-1
9502	-1
9503	-1
9504	-1
9505	-1
9506	-1
9507	-1
9508	-1
9509	-1
9510	-1
9511	-1
9512	-1
9513	-1
9514	-1
9515	-1
9516	-1
9517	-1
9518	-1
9519	-1
9520	-1
9521	-1
9522	-1
9523	-1
9524	-1
9525	-1
9526	-1
9527	-1
9528	-1
9529	-1
9530	-1
9531	-1
9532	-1
9533	-1
9534	-1
9535	-1
9536	-1
9537	-1
9538	-1
9539	-1
9540	-1
9541	-1
9542	-1
9543	-1
9544	-1
9545	-1
9546	-1
9547	-1
9548	-1
9549	-1
9550	-1
9551	-1
9552	-1
9553	-1
9554	-1
9555	-1
9556	-1
9557	-1
9558	-1
9559	-1
9560	-1
9561	-1
9562	-1
9563	-1
9564	-1
9565	-1
9566	-1
9567	-1
9568	-1
9569	-1
9570	-1
9571	-1
9572	-1
9573	-1
9574	-1
9575	-1
9576	-1
9577	-1
9578	-1
9579	-1
9580	-1
9581	-1
9582	-1
9583	-1
9584	-1
9585	-1
9586	-1
9587	-1
9588	-1
9589	-1
9590	-1
9591	-1
9592	-1
9593	-1
9594	-1
9595	-1
9596	-1
9597	-1
9598	-1
9599	-1
9600	-1
9601	-1
9602	-1
9603	-1
9604	-1
9605	-1
9606	-1
9607	-1
9608	-1
9609	-1
9610	-1
9611	-1
9612	-1
9613	-1
9614	-1
9615	-1
9616	-1
9617	-1
9618	-1
9619	-1
9620	-1
9621	-1
9622	-1
9623	-1
9624	-1
9625	-1
9626	-1
9627	-1
9628	-1
9629	-1
9630	-1
9631	-1
9632	-1
9633	-1
9634	-1
9635	-1
9636	-1
9637	-1
9638	-1
9639	-1
9640	-1
9641	-1
9642	-1
9643	-1
9644	-1
9645	-1
9646	-1
9647	-1
9648	-1
9649	-1
9650	-1
9651	-1
9652	-1
9653	-1
9654	-1
9655	-1
9656	-1
9657	-1
9658	-1
9659	-1
9660	-1
9661	-1
9662	-1
9663	-1
9664	-1
9665	-1
9666	-1
9667	-1
9668	-1
9669	-1
9670	-1
9671	-1
9672	-1
9673	-1
9674	-1
9675	-1
9676	-1
9677	-1
9678	-1
9679	-1
9680	-1
9681	-1
9682	-1
9683	-1
9684	-1
9685	-1
9686	-1
9687	-1
9688	-1
9689	-1
9690	-1
9691	-1
9692	-1
9693	-1
9694	-1
9695	-1
9696	-1
9697	-1
9698	-1
9699	-1
9700	-1
9701	-1
9702	-1
9703	-1
9704	-1
9705	-1
9706	-1
9707	-1
9708	-1
9709	-1
9710	-1
9711	-1
9712	-1
9713	-1
9714	-1
9715	-1
9716	-1
9717	-1
9718	-1
9719	-1
9720	-1
9721	-1
9722	-1
9723	-1
9724	-1
9725	-1
9726	-1
9727	-1
9728	-1
9729	-1
9730	-1
9731	-1
9732	-1
9733	-1
9734	-1
9735	-1
9736	-1
9737	-1
9738	-1
9739	-1
9740	-1
9741	-1
9742	-1
9743	-1
9744	-1
9745	-1
9746	-1
9747	-1
9748	-1
9749	-1
9750	-1
9751	-1
9752	-1
9753	-1
9754	-1
9755	-1
9756	-1
9757	-1
9758	-1
9759	-1
9760	-1
9761	-1
9762	-1
9763	-1
9764	-1
9765	-1
9766	-1
9767	-1
9768	-1
9769	-1
9770	-1
9771	-1
9772	-1
9773	-1
9774	-1
9775	-1
9776	-1
9777	-1
9778	-1
9779	-1
9780	-1
9781	-1
9782	-1
9783	-1
9784	-1
9785	-1
9786	-1
9787	-1
9788	-1
9789	-1
9790	-1
9791	-1
9792	-1
9793	-1
9794	-1
9795	-1
9796	-1
9797	-1
9798	-1
9799	-1
9800	-1
9801	-1
9802	-1
9803	-1
9804	-1
9805	-1
9806	-1
9807	-1
9808	-1
9809	-1
9810	-1
9811	-1
9812	-1
9813	-1
9814	-1
9815	-1
9816	-1
9817	-1
9818	-1
9819	-1
9820	-1
9821	-1
9822	-1
9823	-1
9824	-1
9825	-1
9826	-1
9827	-1
9828	-1
9829	-1
9830	-1
9831	-1
9832	-1
9833	-1
9834	-1
9835	-1
9836	-1
9837	-1
9838	-1
9839	-1
9840	-1
9841	-1
9842	-1
9843	-1
9844	-1
9845	-1
9846	-1
9847	-1
9848	-1
9849	-1
9850	-1
9851	-1
9852	-1
9853	-1
9854	-1
9855	-1
9856	-1
9857	-1
9858	-1
9859	-1
9860	-1
9861	-1
9862	-1
9863	-1
9864	-1
9865	-1
9866	-1
9867	-1
9868	-1
9869	-1
9870	-1
9871	-1
9872	-1
9873	-1
9874	-1
9875	-1
9876	-1
9877	-1
9878	-1
9879	-1
9880	-1
9881	-1
9882	-1
9883	-1
9884	-1
9885	-1
9886	-1
9887	-1
9888	-1
9889	-1
9890	-1
9891	-1
9892	-1
9893	-1
9894	-1
9895	-1
9896	-1
9897	-1
9898	-1
9899	-1
9900	-1
9901	-1
9902	-1
9903	-1
9904	-1
9905	-1
9906	-1
9907	-1
9908	-1
9909	-1
9910	-1
9911	-1
9912	-1
9913	-1
9914	-1
9915	-1
9916	-1
9917	-1
9918	-1
9919	-1
9920	-1
9921	-1
9922	-1
9923	-1
9924	-1
9925	-1
9926	-1
9927	-1
9928	-1
9929	-1
9930	-1
9931	-1
9932	-1
9933	-1
9934	-1
9935	-1
9936	-1
9937	-1
9938	-1
9939	-1
9940	-1
9941	-1
9942	-1
9943	-1
9944	-1
9945	-1
9946	-1
9947	-1
9948	-1
9949	-1
9950	-1
9951	-1
9952	-1
9953	-1
9954	-1
9955	-1
9956	-1
9957	-1
9958	-1
9959	-1
9960	-1
9961	-1
9962	-1
9963	-1
9964	-1
9965	-1
9966	-1
9967	-1
9968	-1
9969	-1
9970	-1
9971	-1
9972	-1
9973	-1
9974	-1
9975	-1
9976	-1
9977	-1
9978	-1
9979	-1
9980	-1
9981	-1
9982	-1
9983	-1
9984	-1
9985	-1
9986	-1
9987	-1
9988	-1
9989	-1
9990	-1
9991	-1
9992	-1
9993	-1
9994	-1
9995	-1
9996	-1
9997	-1
9998	-1
9999	-1
