0	1006495
1	1007352
2	1008352
3	1009352
4	1010352
5	1011352
6	1012352
7	1013352
8	1014352
9	1015352
10	1016352
11	1017352
12	1018352
13	1019352
14	1020352
15	1021352
16	1022352
17	1023344
18	1024352
19	1025352
20	1026352
21	1027352
22	1028352
23	1029352
24	1030352
25	1031352
26	1032352
27	1033352
28	1034352
29	1035352
30	1036352
31	1037352
32	1038352
33	1039352
34	1040352
35	1041352
36	1042352
37	1043352
38	1044352
39	1045352
40	1046348
41	1047352
42	1048352
43	1049352
44	1050352
45	1051352
46	1052352
47	1053352
48	1054352
49	1055352
50	1056352
51	1057352
52	1058352
53	1059352
54	1060352
55	1061352
56	1062352
57	1063352
58	1064352
59	1065352
60	1066352
61	1067352
62	1068352
63	1069348
64	1070352
65	1071352
66	1072352
67	1073352
68	1074352
69	1075352
70	1076352
71	1077352
72	1078352
73	1079352
74	1080352
75	1081352
76	1082352
77	1083352
78	1084352
79	1085352
80	1086352
81	1087352
82	1088352
83	1089352
84	1090352
85	1091352
86	1092352
87	1093352
88	1094352
89	1095352
90	1096352
91	1097352
92	1098352
93	1099352
94	1100352
95	1101352
96	1102352
97	1103352
98	1104352
99	1105352
100	1106352
101	1107352
102	1108352
103	1109352
104	1110352
105	1111352
106	1112352
107	1113352
108	1114352
109	1115352
110	1116352
111	1117352
112	1118352
113	1119352
114	1120352
115	1121352
116	1122352
117	1123352
118	1124352
119	1125352
120	1126352
121	1127352
122	1128352
123	1129352
124	1130352
125	1131352
126	1132352
127	1133352
128	1134352
129	1135352
130	1136352
131	1137352
132	1138352
133	1139352
134	1140352
135	1141352
136	1142352
137	1143352
138	1144352
139	1145352
140	1146352
141	1147352
142	1148352
143	1149352
144	1150352
145	1151352
146	1152352
147	1153352
148	1154352
149	1155352
150	1156352
151	1157352
152	1158352
153	1159352
154	1160352
155	1161352
156	1162352
157	1163352
158	1164352
159	1165352
160	1166352
161	1167352
162	1168352
163	1169352
164	1170352
165	1171352
166	1172352
167	1173352
168	1174352
169	1175352
170	1176352
171	1177352
172	1178352
173	1179352
174	1180352
175	1181352
176	1182352
177	1183352
178	1184352
179	1185352
180	1186352
181	1187352
182	1188352
183	1189352
184	1190352
185	1191352
186	1192352
187	1193352
188	1194352
189	1195352
190	1196352
191	1197352
192	1198352
193	1199352
194	1200352
195	1201352
196	1202352
197	1203352
198	1204352
199	1205352
200	1206352
201	1207352
202	1208352
203	1209352
204	1210352
205	1211352
206	1212352
207	1213352
208	1214352
209	1215352
210	1216352
211	1217352
212	1218352
213	1219352
214	1220352
215	1221352
216	1222352
217	1223352
218	1224352
219	1225352
220	1226352
221	1227352
222	1228352
223	1229352
224	1230352
225	1231352
226	1232352
227	1233352
228	1234352
229	1235352
230	1236352
231	1237352
232	1238352
233	1239352
234	1240352
235	1241352
236	1242352
237	1243352
238	1244352
239	1245352
240	1246352
241	1247352
242	1248352
243	1249352
244	1250352
245	1251352
246	1252352
247	1253352
248	1254352
249	1255352
250	1256352
251	1257352
252	1258352
253	1259352
254	1260352
255	1261352
256	1262356
257	1263356
258	1264356
259	1265356
260	1266356
261	1267356
262	1268356
263	1269356
264	1270356
265	1271356
266	1272356
267	1273356
268	1274356
269	1275356
270	1276356
271	1277356
272	1278356
273	1279348
274	1280356
275	1281356
276	1282356
277	1283356
278	1284356
279	1285356
280	1286356
281	1287356
282	1288356
283	1289356
284	1290356
285	1291356
286	1292356
287	1293356
288	1294356
289	1295356
290	1296356
291	1297356
292	1298356
293	1299356
294	1300356
295	1301356
296	1302352
297	1303356
298	1304356
299	1305356
300	1306356
301	1307356
302	1308356
303	1309356
304	1310356
305	1311356
306	1312356
307	1313356
308	1314356
309	1315356
310	1316356
311	1317356
312	1318356
313	1319356
314	1320356
315	1321356
316	1322356
317	1323356
318	1324356
319	1325356
320	1326356
321	1327356
322	1328356
323	1329356
324	1330356
325	1331356
326	1332356
327	1333356
328	1334356
329	1335356
330	1336356
331	1337356
332	1338356
333	1339356
334	1340356
335	1341356
336	1342356
337	1343356
338	1344356
339	1345356
340	1346356
341	1347356
342	1348356
343	1349356
344	1350356
345	1351356
346	1352356
347	1353356
348	1354356
349	1355356
350	1356356
351	1357356
352	1358356
353	1359356
354	1360356
355	1361356
356	1362356
357	1363356
358	1364356
359	1365356
360	1366356
361	1367356
362	1368356
363	1369356
364	1370356
365	1371356
366	1372356
367	1373356
368	1374356
369	1375356
370	1376356
371	1377356
372	1378356
373	1379356
374	1380356
375	1381356
376	1382356
377	1383356
378	1384356
379	1385356
380	1386356
381	1387356
382	1388356
383	1389356
384	1390356
385	1391356
386	1392356
387	1393356
388	1394356
389	1395356
390	1396356
391	1397356
392	1398356
393	1399356
394	1400356
395	1401356
396	1402356
397	1403356
398	1404356
399	1405356
400	1406356
401	1407356
402	1408356
403	1409356
404	1410356
405	1411356
406	1412356
407	1413356
408	1414356
409	1415356
410	1416356
411	1417356
412	1418356
413	1419356
414	1420356
415	1421356
416	1422356
417	1423356
418	1424356
419	1425356
420	1426356
421	1427356
422	1428356
423	1429356
424	1430356
425	1431356
426	1432356
427	1433356
428	1434356
429	1435356
430	1436356
431	1437356
432	1438356
433	1439356
434	1440356
435	1441356
436	1442356
437	1443356
438	1444356
439	1445356
440	1446356
441	1447356
442	1448356
443	1449356
444	1450356
445	1451356
446	1452356
447	1453356
448	1454356
449	1455356
450	1456356
451	1457356
452	1458356
453	1459356
454	1460356
455	1461356
456	1462356
457	1463356
458	1464356
459	1465356
460	1466356
461	1467356
462	1468356
463	1469356
464	1470356
465	1471356
466	1472356
467	1473356
468	1474356
469	1475356
470	1476356
471	1477356
472	1478356
473	1479356
474	1480356
475	1481356
476	1482356
477	1483356
478	1484356
479	1485356
480	1486356
481	1487356
482	1488356
483	1489356
484	1490356
485	1491356
486	1492356
487	1493356
488	1494356
489	1495356
490	1496356
491	1497356
492	1498356
493	1499356
494	1500356
495	1501356
496	1502356
497	1503356
498	1504356
499	1505356
500	1506356
501	1507356
502	1508356
503	1509356
504	1510356
505	1511356
506	1512356
507	1513356
508	1514356
509	1515356
510	1516356
511	1517356
512	1518356
513	1519356
514	1520356
515	1521356
516	1522356
517	1523356
518	1524356
519	1525356
520	1526356
521	1527356
522	1528356
523	1529356
524	1530356
525	1531356
526	1532356
527	1533356
528	1534356
529	1535348
530	1536356
531	1537356
532	1538356
533	1539356
534	1540356
535	1541356
536	1542356
537	1543356
538	1544356
539	1545356
540	1546356
541	1547356
542	1548356
543	1549356
544	1550356
545	1551356
546	1552356
547	1553356
548	1554356
549	1555356
550	1556356
551	1557356
552	1558352
553	1559356
554	1560356
555	1561356
556	1562356
557	1563356
558	1564356
559	1565356
560	1566356
561	1567356
562	1568356
563	1569356
564	1570356
565	1571356
566	1572356
567	1573356
568	1574356
569	1575356
570	1576356
571	1577356
572	1578356
573	1579356
574	1580356
575	1581356
576	1582356
577	1583356
578	1584356
579	1585356
580	1586356
581	1587356
582	1588356
583	1589356
584	1590356
585	1591356
586	1592356
587	1593356
588	1594356
589	1595356
590	1596356
591	1597356
592	1598356
593	1599356
594	1600356
595	1601356
596	1602356
597	1603356
598	1604356
599	1605356
600	1606356
601	1607356
602	1608356
603	1609356
604	1610356
605	1611356
606	1612356
607	1613356
608	1614356
609	1615356
610	1616356
611	1617356
612	1618356
613	1619356
614	1620356
615	1621356
616	1622356
617	1623356
618	1624356
619	1625356
620	1626356
621	1627356
622	1628356
623	1629356
624	1630356
625	1631356
626	1632356
627	1633356
628	1634356
629	1635356
630	1636356
631	1637356
632	1638356
633	1639356
634	1640356
635	1641356
636	1642356
637	1643356
638	1644356
639	1645356
640	1646356
641	1647356
642	1648356
643	1649356
644	1650356
645	1651356
646	1652356
647	1653356
648	1654356
649	1655356
650	1656356
651	1657356
652	1658356
653	1659356
654	1660356
655	1661356
656	1662356
657	1663356
658	1664356
659	1665356
660	1666356
661	1667356
662	1668356
663	1669356
664	1670356
665	1671356
666	1672356
667	1673356
668	1674356
669	1675356
670	1676356
671	1677356
672	1678356
673	1679356
674	1680356
675	1681356
676	1682356
677	1683356
678	1684356
679	1685356
680	1686356
681	1687356
682	1688356
683	1689356
684	1690356
685	1691356
686	1692356
687	1693356
688	1694356
689	1695356
690	1696356
691	1697356
692	1698356
693	1699356
694	1700356
695	1701356
696	1702356
697	1703356
698	1704356
699	1705356
700	1706356
701	1707356
702	1708356
703	1709356
704	1710356
705	1711356
706	1712356
707	1713356
708	1714356
709	1715356
710	1716356
711	1717356
712	1718356
713	1719356
714	1720356
715	1721356
716	1722356
717	1723356
718	1724356
719	1725356
720	1726356
721	1727356
722	1728356
723	1729356
724	1730356
725	1731356
726	1732356
727	1733356
728	1734356
729	1735356
730	1736356
731	1737356
732	1738356
733	1739356
734	1740356
735	1741356
736	1742356
737	1743356
738	1744356
739	1745356
740	1746356
741	1747356
742	1748356
743	1749356
744	1750356
745	1751356
746	1752356
747	1753356
748	1754356
749	1755356
750	1756356
751	1757356
752	1758356
753	1759356
754	1760356
755	1761356
756	1762356
757	1763356
758	1764356
759	1765356
760	1766356
761	1767356
762	1768356
763	1769356
764	1770356
765	1771356
766	1772356
767	1773356
768	1774356
769	1775356
770	1776356
771	1777356
772	1778356
773	1779356
774	1780356
775	1781356
776	1782356
777	1783356
778	1784356
779	1785356
780	1786356
781	1787356
782	1788356
783	1789356
784	1790356
785	1791348
786	1792356
787	1793356
788	1794356
789	1795356
790	1796356
791	1797356
792	1798356
793	1799356
794	1800356
795	1801356
796	1802356
797	1803356
798	1804356
799	1805356
800	1806356
801	1807356
802	1808356
803	1809356
804	1810356
805	1811356
806	1812356
807	1813356
808	1814344
809	1815356
810	1816356
811	1817356
812	1818356
813	1819356
814	1820356
815	1821356
816	1822356
817	1823356
818	1824356
819	1825356
820	1826356
821	1827356
822	1828356
823	1829356
824	1830356
825	1831356
826	1832356
827	1833356
828	1834356
829	1835356
830	1836356
831	1837356
832	1838356
833	1839356
834	1840356
835	1841356
836	1842356
837	1843356
838	1844356
839	1845356
840	1846356
841	1847356
842	1848356
843	1849356
844	1850356
845	1851356
846	1852356
847	1853356
848	1854356
849	1855356
850	1856356
851	1857356
852	1858356
853	1859356
854	1860356
855	1861356
856	1862356
857	1863356
858	1864356
859	1865356
860	1866356
861	1867356
862	1868356
863	1869356
864	1870356
865	1871356
866	1872356
867	1873356
868	1874356
869	1875356
870	1876356
871	1877356
872	1878356
873	1879356
874	1880356
875	1881356
876	1882356
877	1883356
878	1884356
879	1885356
880	1886356
881	1887356
882	1888356
883	1889356
884	1890356
885	1891356
886	1892356
887	1893356
888	1894356
889	1895356
890	1896356
891	1897356
892	1898356
893	1899356
894	1900356
895	1901356
896	1902356
897	1903356
898	1904356
899	1905356
900	1906356
901	1907356
902	1908356
903	1909356
904	1910356
905	1911356
906	1912356
907	1913356
908	1914356
909	1915356
910	1916356
911	1917356
912	1918356
913	1919356
914	1920356
915	1921356
916	1922356
917	1923356
918	1924356
919	1925356
920	1926356
921	1927356
922	1928356
923	1929356
924	1930356
925	1931356
926	1932356
927	1933356
928	1934356
929	1935356
930	1936356
931	1937356
932	1938356
933	1939356
934	1940356
935	1941356
936	1942356
937	1943356
938	1944356
939	1945356
940	1946356
941	1947356
942	1948356
943	1949356
944	1950356
945	1951356
946	1952356
947	1953356
948	1954356
949	1955356
950	1956356
951	1957356
952	1958356
953	1959356
954	1960356
955	1961356
956	1962356
957	1963356
958	1964356
959	1965356
960	1966356
961	1967356
962	1968356
963	1969356
964	1970356
965	1971356
966	1972356
967	1973356
968	1974356
969	1975356
970	1976356
971	1977356
972	1978356
973	1979356
974	1980356
975	1981356
976	1982356
977	1983356
978	1984356
979	1985356
980	1986356
981	1987356
982	1988356
983	1989356
984	1990356
985	1991356
986	1992356
987	1993356
988	1994356
989	1995356
990	1996356
991	1997356
992	1998356
993	1999356
994	2000356
995	2001356
996	2002356
997	2003356
998	2004356
999	2005356
1000	2006356
1001	2007356
1002	2008356
1003	2009356
1004	2010356
1005	2011356
1006	2012356
1007	2013356
1008	2014356
1009	2015356
1010	2016356
1011	2017356
1012	2018356
1013	2019356
1014	2020356
1015	2021356
1016	2022356
1017	2023356
1018	2024356
1019	2025356
1020	2026356
1021	2027356
1022	2028356
1023	2029356
1024	2030356
1025	2031356
1026	2032356
1027	2033356
1028	2034356
1029	2035356
1030	2036356
1031	2037356
1032	2038356
1033	2039356
1034	2040356
1035	2041356
1036	2042356
1037	2043356
1038	2044356
1039	2045356
1040	2046356
1041	2047348
1042	2048356
1043	2049356
1044	2050356
1045	2051356
1046	2052356
1047	2053356
1048	2054356
1049	2055356
1050	2056356
1051	2057356
1052	2058356
1053	2059356
1054	2060356
1055	2061356
1056	2062356
1057	2063356
1058	2064356
1059	2065356
1060	2066356
1061	2067356
1062	2068356
1063	2069356
1064	2070352
1065	2071356
1066	2072356
1067	2073356
1068	2074356
1069	2075356
1070	2076356
1071	2077356
1072	2078356
1073	2079356
1074	2080356
1075	2081356
1076	2082356
1077	2083356
1078	2084356
1079	2085356
1080	2086356
1081	2087356
1082	2088356
1083	2089356
1084	2090356
1085	2091356
1086	2092356
1087	2093356
1088	2094356
1089	2095356
1090	2096356
1091	2097356
1092	2098356
1093	2099356
1094	2100356
1095	2101356
1096	2102356
1097	2103356
1098	2104356
1099	2105356
1100	2106356
1101	2107356
1102	2108356
1103	2109356
1104	2110356
1105	2111356
1106	2112356
1107	2113356
1108	2114356
1109	2115356
1110	2116356
1111	2117356
1112	2118356
1113	2119356
1114	2120356
1115	2121356
1116	2122356
1117	2123356
1118	2124356
1119	2125356
1120	2126356
1121	2127356
1122	2128356
1123	2129356
1124	2130356
1125	2131356
1126	2132356
1127	2133356
1128	2134356
1129	2135356
1130	2136356
1131	2137356
1132	2138356
1133	2139356
1134	2140356
1135	2141356
1136	2142356
1137	2143356
1138	2144356
1139	2145356
1140	2146356
1141	2147356
1142	2148356
1143	2149356
1144	2150356
1145	2151356
1146	2152356
1147	2153356
1148	2154356
1149	2155356
1150	2156356
1151	2157356
1152	2158356
1153	2159356
1154	2160356
1155	2161356
1156	2162356
1157	2163356
1158	2164356
1159	2165356
1160	2166356
1161	2167356
1162	2168356
1163	2169356
1164	2170356
1165	2171356
1166	2172356
1167	2173356
1168	2174356
1169	2175356
1170	2176356
1171	2177356
1172	2178356
1173	2179356
1174	2180356
1175	2181356
1176	2182356
1177	2183356
1178	2184356
1179	2185356
1180	2186356
1181	2187356
1182	2188356
1183	2189356
1184	2190356
1185	2191356
1186	2192356
1187	2193356
1188	2194356
1189	2195356
1190	2196356
1191	2197356
1192	2198356
1193	2199356
1194	2200356
1195	2201356
1196	2202356
1197	2203356
1198	2204356
1199	2205356
1200	2206356
1201	2207356
1202	2208356
1203	2209356
1204	2210356
1205	2211356
1206	2212356
1207	2213356
1208	2214356
1209	2215356
1210	2216356
1211	2217356
1212	2218356
1213	2219356
1214	2220356
1215	2221356
1216	2222356
1217	2223356
1218	2224356
1219	2225356
1220	2226356
1221	2227356
1222	2228356
1223	2229356
1224	2230356
1225	2231356
1226	2232356
1227	2233356
1228	2234356
1229	2235356
1230	2236356
1231	2237356
1232	2238356
1233	2239356
1234	2240356
1235	2241356
1236	2242356
1237	2243356
1238	2244356
1239	2245356
1240	2246356
1241	2247356
1242	2248356
1243	2249356
1244	2250356
1245	2251356
1246	2252356
1247	2253356
1248	2254356
1249	2255356
1250	2256356
1251	2257356
1252	2258356
1253	2259356
1254	2260356
1255	2261356
1256	2262356
1257	2263356
1258	2264356
1259	2265356
1260	2266356
1261	2267356
1262	2268356
1263	2269356
1264	2270356
1265	2271356
1266	2272356
1267	2273356
1268	2274356
1269	2275356
1270	2276356
1271	2277356
1272	2278356
1273	2279356
1274	2280356
1275	2281356
1276	2282356
1277	2283356
1278	2284356
1279	2285356
1280	2286356
1281	2287356
1282	2288356
1283	2289356
1284	2290356
1285	2291356
1286	2292356
1287	2293356
1288	2294356
1289	2295356
1290	2296356
1291	2297356
1292	2298356
1293	2299356
1294	2300356
1295	2301356
1296	2302356
1297	2303348
1298	2304356
1299	2305356
1300	2306356
1301	2307356
1302	2308356
1303	2309356
1304	2310356
1305	2311356
1306	2312356
1307	2313356
1308	2314356
1309	2315356
1310	2316356
1311	2317356
1312	2318356
1313	2319356
1314	2320356
1315	2321356
1316	2322356
1317	2323356
1318	2324356
1319	2325356
1320	2326352
1321	2327356
1322	2328356
1323	2329356
1324	2330356
1325	2331356
1326	2332356
1327	2333356
1328	2334356
1329	2335356
1330	2336356
1331	2337356
1332	2338356
1333	2339356
1334	2340356
1335	2341356
1336	2342356
1337	2343356
1338	2344356
1339	2345356
1340	2346356
1341	2347356
1342	2348356
1343	2349356
1344	2350356
1345	2351356
1346	2352356
1347	2353356
1348	2354356
1349	2355356
1350	2356356
1351	2357356
1352	2358356
1353	2359356
1354	2360356
1355	2361356
1356	2362356
1357	2363356
1358	2364356
1359	2365356
1360	2366356
1361	2367356
1362	2368356
1363	2369356
1364	2370356
1365	2371356
1366	2372356
1367	2373356
1368	2374356
1369	2375356
1370	2376356
1371	2377356
1372	2378356
1373	2379356
1374	2380356
1375	2381356
1376	2382356
1377	2383356
1378	2384356
1379	2385356
1380	2386356
1381	2387356
1382	2388356
1383	2389356
1384	2390356
1385	2391356
1386	2392356
1387	2393356
1388	2394356
1389	2395356
1390	2396356
1391	2397356
1392	2398356
1393	2399356
1394	2400356
1395	2401356
1396	2402356
1397	2403356
1398	2404356
1399	2405356
1400	2406356
1401	2407356
1402	2408356
1403	2409356
1404	2410356
1405	2411356
1406	2412356
1407	2413356
1408	2414356
1409	2415356
1410	2416356
1411	2417356
1412	2418356
1413	2419356
1414	2420356
1415	2421356
1416	2422356
1417	2423356
1418	2424356
1419	2425356
1420	2426356
1421	2427356
1422	2428356
1423	2429356
1424	2430356
1425	2431356
1426	2432356
1427	2433356
1428	2434356
1429	2435356
1430	2436356
1431	2437356
1432	2438356
1433	2439356
1434	2440356
1435	2441356
1436	2442356
1437	2443356
1438	2444356
1439	2445356
1440	2446356
1441	2447356
1442	2448356
1443	2449356
1444	2450356
1445	2451356
1446	2452356
1447	2453356
1448	2454356
1449	2455356
1450	2456356
1451	2457356
1452	2458356
1453	2459356
1454	2460356
1455	2461356
1456	2462356
1457	2463356
1458	2464356
1459	2465356
1460	2466356
1461	2467356
1462	2468356
1463	2469356
1464	2470356
1465	2471356
1466	2472356
1467	2473356
1468	2474356
1469	2475356
1470	2476356
1471	2477356
1472	2478356
1473	2479356
1474	2480356
1475	2481356
1476	2482356
1477	2483356
1478	2484356
1479	2485356
1480	2486356
1481	2487356
1482	2488356
1483	2489356
1484	2490356
1485	2491356
1486	2492356
1487	2493356
1488	2494356
1489	2495356
1490	2496356
1491	2497356
1492	2498356
1493	2499356
1494	2500356
1495	2501356
1496	2502356
1497	2503356
1498	2504356
1499	2505356
1500	2506356
1501	2507356
1502	2508356
1503	2509356
1504	2510356
1505	2511356
1506	2512356
1507	2513356
1508	2514356
1509	2515356
1510	2516356
1511	2517356
1512	2518356
1513	2519356
1514	2520356
1515	2521356
1516	2522356
1517	2523356
1518	2524356
1519	2525356
1520	2526356
1521	2527356
1522	2528356
1523	2529356
1524	2530356
1525	2531356
1526	2532356
1527	2533356
1528	2534356
1529	2535356
1530	2536356
1531	2537356
1532	2538356
1533	2539356
1534	2540356
1535	2541356
1536	2542356
1537	2543356
1538	2544356
1539	2545356
1540	2546356
1541	2547356
1542	2548356
1543	2549356
1544	2550356
1545	2551356
1546	2552356
1547	2553356
1548	2554356
1549	2555356
1550	2556356
1551	2557356
1552	2558356
1553	2559352
1554	2560356
1555	2561356
1556	2562356
1557	2563356
1558	2564356
1559	2565356
1560	2566356
1561	2567356
1562	2568356
1563	2569356
1564	2570356
1565	2571356
1566	2572356
1567	2573356
1568	2574356
1569	2575356
1570	2576356
1571	2577356
1572	2578356
1573	2579356
1574	2580356
1575	2581356
1576	2582352
1577	2583356
1578	2584356
1579	2585356
1580	2586356
1581	2587356
1582	2588356
1583	2589356
1584	2590356
1585	2591356
1586	2592356
1587	2593356
1588	2594356
1589	2595356
1590	2596356
1591	2597356
1592	2598356
1593	2599356
1594	2600356
1595	2601356
1596	2602356
1597	2603356
1598	2604356
1599	2605356
1600	2606356
1601	2607356
1602	2608356
1603	2609356
1604	2610356
1605	2611356
1606	2612356
1607	2613356
1608	2614356
1609	2615356
1610	2616356
1611	2617356
1612	2618356
1613	2619356
1614	2620356
1615	2621356
1616	2622356
1617	2623356
1618	2624356
1619	2625356
1620	2626356
1621	2627356
1622	2628356
1623	2629356
1624	2630356
1625	2631356
1626	2632356
1627	2633356
1628	2634356
1629	2635356
1630	2636356
1631	2637356
1632	2638356
1633	2639356
1634	2640356
1635	2641356
1636	2642356
1637	2643356
1638	2644356
1639	2645356
1640	2646356
1641	2647356
1642	2648356
1643	2649356
1644	2650356
1645	2651356
1646	2652356
1647	2653356
1648	2654356
1649	2655356
1650	2656356
1651	2657356
1652	2658356
1653	2659356
1654	2660356
1655	2661356
1656	2662356
1657	2663356
1658	2664356
1659	2665356
1660	2666356
1661	2667356
1662	2668356
1663	2669356
1664	2670356
1665	2671356
1666	2672356
1667	2673356
1668	2674356
1669	2675356
1670	2676356
1671	2677356
1672	2678356
1673	2679356
1674	2680356
1675	2681356
1676	2682356
1677	2683356
1678	2684356
1679	2685356
1680	2686356
1681	2687356
1682	2688356
1683	2689356
1684	2690356
1685	2691356
1686	2692356
1687	2693356
1688	2694356
1689	2695356
1690	2696356
1691	2697356
1692	2698356
1693	2699356
1694	2700356
1695	2701356
1696	2702356
1697	2703356
1698	2704356
1699	2705356
1700	2706356
1701	2707356
1702	2708356
1703	2709356
1704	2710356
1705	2711356
1706	2712356
1707	2713356
1708	2714356
1709	2715356
1710	2716356
1711	2717356
1712	2718356
1713	2719356
1714	2720356
1715	2721356
1716	2722356
1717	2723356
1718	2724356
1719	2725356
1720	2726356
1721	2727356
1722	2728356
1723	2729356
1724	2730356
1725	2731356
1726	2732356
1727	2733356
1728	2734356
1729	2735356
1730	2736356
1731	2737356
1732	2738356
1733	2739356
1734	2740356
1735	2741356
1736	2742356
1737	2743356
1738	2744356
1739	2745356
1740	2746356
1741	2747356
1742	2748356
1743	2749356
1744	2750356
1745	2751356
1746	2752356
1747	2753356
1748	2754356
1749	2755356
1750	2756356
1751	2757356
1752	2758356
1753	2759356
1754	2760356
1755	2761356
1756	2762356
1757	2763356
1758	2764356
1759	2765356
1760	2766356
1761	2767356
1762	2768356
1763	2769356
1764	2770356
1765	2771356
1766	2772356
1767	2773356
1768	2774356
1769	2775356
1770	2776356
1771	2777356
1772	2778356
1773	2779356
1774	2780356
1775	2781356
1776	2782356
1777	2783356
1778	2784356
1779	2785356
1780	2786356
1781	2787356
1782	2788356
1783	2789356
1784	2790356
1785	2791356
1786	2792356
1787	2793356
1788	2794356
1789	2795356
1790	2796356
1791	2797356
1792	2798356
1793	2799356
1794	2800356
1795	2801356
1796	2802356
1797	2803356
1798	2804356
1799	2805356
1800	2806356
1801	2807356
1802	2808356
1803	2809356
1804	2810356
1805	2811356
1806	2812356
1807	2813356
1808	2814356
1809	2815352
1810	2816356
1811	2817356
1812	2818356
1813	2819356
1814	2820356
1815	2821356
1816	2822356
1817	2823356
1818	2824356
1819	2825356
1820	2826356
1821	2827356
1822	2828356
1823	2829356
1824	2830356
1825	2831356
1826	2832356
1827	2833356
1828	2834356
1829	2835356
1830	2836356
1831	2837356
1832	2838352
1833	2839356
1834	2840356
1835	2841356
1836	2842356
1837	2843356
1838	2844356
1839	2845356
1840	2846356
1841	2847356
1842	2848356
1843	2849356
1844	2850356
1845	2851356
1846	2852356
1847	2853356
1848	2854356
1849	2855356
1850	2856356
1851	2857356
1852	2858352
1853	2859356
1854	2860356
1855	2861356
1856	2862356
1857	2863356
1858	2864356
1859	2865356
1860	2866356
1861	2867356
1862	2868356
1863	2869356
1864	2870356
1865	2871356
1866	2872356
1867	2873356
1868	2874356
1869	2875356
1870	2876356
1871	2877356
1872	2878356
1873	2879356
1874	2880356
1875	2881356
1876	2882356
1877	2883356
1878	2884356
1879	2885356
1880	2886356
1881	2887356
1882	2888356
1883	2889356
1884	2890356
1885	2891356
1886	2892356
1887	2893356
1888	2894356
1889	2895356
1890	2896356
1891	2897356
1892	2898356
1893	2899356
1894	2900356
1895	2901356
1896	2902356
1897	2903356
1898	2904356
1899	2905356
1900	2906356
1901	2907356
1902	2908356
1903	2909356
1904	2910356
1905	2911356
1906	2912356
1907	2913356
1908	2914356
1909	2915356
1910	2916356
1911	2917356
1912	2918356
1913	2919356
1914	2920356
1915	2921356
1916	2922356
1917	2923356
1918	2924356
1919	2925356
1920	2926356
1921	2927356
1922	2928356
1923	2929356
1924	2930356
1925	2931356
1926	2932356
1927	2933356
1928	2934356
1929	2935356
1930	2936356
1931	2937356
1932	2938356
1933	2939356
1934	2940356
1935	2941356
1936	2942356
1937	2943356
1938	2944356
1939	2945356
1940	2946356
1941	2947356
1942	2948356
1943	2949356
1944	2950356
1945	2951356
1946	2952356
1947	2953356
1948	2954356
1949	2955356
1950	2956356
1951	2957356
1952	2958356
1953	2959356
1954	2960356
1955	2961356
1956	2962356
1957	2963356
1958	2964356
1959	2965356
1960	2966356
1961	2967356
1962	2968356
1963	2969356
1964	2970356
1965	2971356
1966	2972356
1967	2973356
1968	2974356
1969	2975356
1970	2976356
1971	2977356
1972	2978356
1973	2979356
1974	2980356
1975	2981356
1976	2982356
1977	2983356
1978	2984356
1979	2985356
1980	2986356
1981	2987356
1982	2988356
1983	2989356
1984	2990356
1985	2991356
1986	2992356
1987	2993356
1988	2994356
1989	2995356
1990	2996356
1991	2997356
1992	2998356
1993	2999356
1994	3000356
1995	3001356
1996	3002356
1997	3003356
1998	3004356
1999	3005356
2000	3006356
2001	3007356
2002	3008356
2003	3009356
2004	3010356
2005	3011356
2006	3012356
2007	3013356
2008	3014356
2009	3015356
2010	3016356
2011	3017356
2012	3018356
2013	3019356
2014	3020356
2015	3021356
2016	3022356
2017	3023356
2018	3024356
2019	3025356
2020	3026356
2021	3027356
2022	3028356
2023	3029356
2024	3030356
2025	3031356
2026	3032356
2027	3033356
2028	3034356
2029	3035356
2030	3036356
2031	3037356
2032	3038356
2033	3039356
2034	3040356
2035	3041356
2036	3042356
2037	3043356
2038	3044356
2039	3045356
2040	3046356
2041	3047356
2042	3048356
2043	3049356
2044	3050356
2045	3051356
2046	3052356
2047	3053356
2048	3054360
2049	3055356
2050	3056356
2051	3057356
2052	3058356
2053	3059356
2054	3060356
2055	3061356
2056	3062356
2057	3063356
2058	3064356
2059	3065356
2060	3066356
2061	3067356
2062	3068356
2063	3069356
2064	3070356
2065	3071352
2066	3072356
2067	3073356
2068	3074356
2069	3075356
2070	3076356
2071	3077356
2072	3078356
2073	3079356
2074	3080356
2075	3081356
2076	3082356
2077	3083356
2078	3084356
2079	3085356
2080	3086356
2081	3087356
2082	3088356
2083	3089356
2084	3090356
2085	3091356
2086	3092356
2087	3093356
2088	3094352
2089	3095356
2090	3096356
2091	3097356
2092	3098356
2093	3099356
2094	3100356
2095	3101356
2096	3102356
2097	3103356
2098	3104356
2099	3105356
2100	3106356
2101	3107356
2102	3108356
2103	3109356
2104	3110356
2105	3111356
2106	3112356
2107	3113356
2108	3114356
2109	3115356
2110	3116356
2111	3117356
2112	3118356
2113	3119356
2114	3120356
2115	3121356
2116	3122356
2117	3123356
2118	3124356
2119	3125356
2120	3126356
2121	3127356
2122	3128356
2123	3129356
2124	3130356
2125	3131356
2126	3132356
2127	3133356
2128	3134356
2129	3135356
2130	3136356
2131	3137356
2132	3138356
2133	3139356
2134	3140356
2135	3141356
2136	3142356
2137	3143356
2138	3144356
2139	3145356
2140	3146356
2141	3147356
2142	3148356
2143	3149356
2144	3150356
2145	3151356
2146	3152356
2147	3153356
2148	3154356
2149	3155356
2150	3156356
2151	3157356
2152	3158356
2153	3159356
2154	3160356
2155	3161356
2156	3162356
2157	3163356
2158	3164356
2159	3165356
2160	3166356
2161	3167356
2162	3168356
2163	3169356
2164	3170356
2165	3171356
2166	3172356
2167	3173356
2168	3174356
2169	3175356
2170	3176356
2171	3177356
2172	3178356
2173	3179356
2174	3180356
2175	3181356
2176	3182356
2177	3183356
2178	3184356
2179	3185356
2180	3186356
2181	3187356
2182	3188356
2183	3189356
2184	3190356
2185	3191356
2186	3192356
2187	3193356
2188	3194356
2189	3195356
2190	3196356
2191	3197356
2192	3198356
2193	3199356
2194	3200356
2195	3201356
2196	3202356
2197	3203356
2198	3204356
2199	3205356
2200	3206356
2201	3207356
2202	3208356
2203	3209356
2204	3210356
2205	3211356
2206	3212356
2207	3213356
2208	3214356
2209	3215356
2210	3216356
2211	3217356
2212	3218356
2213	3219356
2214	3220356
2215	3221356
2216	3222356
2217	3223356
2218	3224356
2219	3225356
2220	3226356
2221	3227356
2222	3228356
2223	3229356
2224	3230356
2225	3231356
2226	3232356
2227	3233356
2228	3234356
2229	3235356
2230	3236356
2231	3237356
2232	3238356
2233	3239356
2234	3240356
2235	3241356
2236	3242356
2237	3243356
2238	3244356
2239	3245356
2240	3246356
2241	3247356
2242	3248356
2243	3249356
2244	3250356
2245	3251356
2246	3252356
2247	3253356
2248	3254356
2249	3255356
2250	3256356
2251	3257356
2252	3258356
2253	3259356
2254	3260356
2255	3261356
2256	3262356
2257	3263356
2258	3264356
2259	3265356
2260	3266356
2261	3267356
2262	3268356
2263	3269356
2264	3270356
2265	3271356
2266	3272356
2267	3273356
2268	3274356
2269	3275356
2270	3276356
2271	3277356
2272	3278356
2273	3279356
2274	3280356
2275	3281356
2276	3282356
2277	3283356
2278	3284356
2279	3285356
2280	3286356
2281	3287356
2282	3288356
2283	3289356
2284	3290356
2285	3291356
2286	3292356
2287	3293356
2288	3294356
2289	3295356
2290	3296356
2291	3297356
2292	3298356
2293	3299356
2294	3300356
2295	3301356
2296	3302356
2297	3303356
2298	3304356
2299	3305356
2300	3306356
2301	3307356
2302	3308356
2303	3309356
2304	3310356
2305	3311356
2306	3312356
2307	3313356
2308	3314356
2309	3315356
2310	3316356
2311	3317356
2312	3318356
2313	3319356
2314	3320356
2315	3321356
2316	3322356
2317	3323356
2318	3324356
2319	3325356
2320	3326356
2321	3327352
2322	3328356
2323	3329356
2324	3330356
2325	3331356
2326	3332356
2327	3333356
2328	3334356
2329	3335356
2330	3336356
2331	3337356
2332	3338356
2333	3339356
2334	3340356
2335	3341356
2336	3342356
2337	3343356
2338	3344356
2339	3345356
2340	3346356
2341	3347356
2342	3348356
2343	3349356
2344	3350352
2345	3351356
2346	3352356
2347	3353356
2348	3354356
2349	3355356
2350	3356356
2351	3357356
2352	3358356
2353	3359356
2354	3360356
2355	3361356
2356	3362356
2357	3363356
2358	3364356
2359	3365356
2360	3366356
2361	3367356
2362	3368356
2363	3369356
2364	3370356
2365	3371356
2366	3372356
2367	3373356
2368	3374356
2369	3375356
2370	3376356
2371	3377356
2372	3378356
2373	3379356
2374	3380356
2375	3381356
2376	3382356
2377	3383356
2378	3384356
2379	3385356
2380	3386356
2381	3387356
2382	3388356
2383	3389356
2384	3390356
2385	3391356
2386	3392356
2387	3393356
2388	3394356
2389	3395356
2390	3396356
2391	3397356
2392	3398356
2393	3399356
2394	3400356
2395	3401356
2396	3402356
2397	3403356
2398	3404356
2399	3405356
2400	3406356
2401	3407356
2402	3408356
2403	3409356
2404	3410356
2405	3411356
2406	3412356
2407	3413356
2408	3414356
2409	3415356
2410	3416356
2411	3417356
2412	3418356
2413	3419356
2414	3420356
2415	3421356
2416	3422356
2417	3423356
2418	3424356
2419	3425356
2420	3426356
2421	3427356
2422	3428356
2423	3429356
2424	3430356
2425	3431356
2426	3432356
2427	3433356
2428	3434356
2429	3435356
2430	3436356
2431	3437356
2432	3438356
2433	3439356
2434	3440356
2435	3441356
2436	3442356
2437	3443356
2438	3444356
2439	3445356
2440	3446356
2441	3447356
2442	3448356
2443	3449356
2444	3450356
2445	3451356
2446	3452356
2447	3453356
2448	3454356
2449	3455356
2450	3456356
2451	3457356
2452	3458356
2453	3459356
2454	3460356
2455	3461356
2456	3462356
2457	3463356
2458	3464356
2459	3465356
2460	3466356
2461	3467356
2462	3468356
2463	3469356
2464	3470356
2465	3471356
2466	3472356
2467	3473356
2468	3474356
2469	3475356
2470	3476356
2471	3477356
2472	3478356
2473	3479356
2474	3480356
2475	3481356
2476	3482356
2477	3483356
2478	3484356
2479	3485356
2480	3486356
2481	3487356
2482	3488356
2483	3489356
2484	3490356
2485	3491356
2486	3492356
2487	3493356
2488	3494356
2489	3495356
2490	3496356
2491	3497356
2492	3498356
2493	3499356
2494	3500356
2495	3501356
2496	3502356
2497	3503356
2498	3504356
2499	3505356
2500	3506356
2501	3507356
2502	3508356
2503	3509356
2504	3510356
2505	3511356
2506	3512356
2507	3513356
2508	3514356
2509	3515356
2510	3516356
2511	3517356
2512	3518356
2513	3519356
2514	3520356
2515	3521356
2516	3522356
2517	3523356
2518	3524356
2519	3525356
2520	3526356
2521	3527356
2522	3528356
2523	3529356
2524	3530356
2525	3531356
2526	3532356
2527	3533356
2528	3534356
2529	3535356
2530	3536356
2531	3537356
2532	3538356
2533	3539356
2534	3540356
2535	3541356
2536	3542356
2537	3543356
2538	3544356
2539	3545356
2540	3546356
2541	3547356
2542	3548356
2543	3549356
2544	3550356
2545	3551356
2546	3552356
2547	3553356
2548	3554356
2549	3555356
2550	3556356
2551	3557356
2552	3558356
2553	3559356
2554	3560356
2555	3561356
2556	3562356
2557	3563356
2558	3564356
2559	3565356
2560	3566356
2561	3567352
2562	3568356
2563	3569356
2564	3570356
2565	3571356
2566	3572356
2567	3573356
2568	3574356
2569	3575356
2570	3576356
2571	3577356
2572	3578356
2573	3579356
2574	3580356
2575	3581356
2576	3582356
2577	3583352
2578	3584356
2579	3585356
2580	3586356
2581	3587356
2582	3588356
2583	3589356
2584	3590356
2585	3591356
2586	3592356
2587	3593356
2588	3594356
2589	3595356
2590	3596356
2591	3597356
2592	3598356
2593	3599356
2594	3600356
2595	3601356
2596	3602356
2597	3603356
2598	3604356
2599	3605356
2600	3606348
2601	3607356
2602	3608356
2603	3609356
2604	3610356
2605	3611356
2606	3612356
2607	3613356
2608	3614356
2609	3615356
2610	3616356
2611	3617356
2612	3618356
2613	3619356
2614	3620356
2615	3621356
2616	3622356
2617	3623356
2618	3624356
2619	3625356
2620	3626356
2621	3627356
2622	3628356
2623	3629356
2624	3630356
2625	3631356
2626	3632356
2627	3633356
2628	3634356
2629	3635356
2630	3636356
2631	3637356
2632	3638356
2633	3639356
2634	3640356
2635	3641356
2636	3642356
2637	3643356
2638	3644356
2639	3645356
2640	3646356
2641	3647356
2642	3648356
2643	3649356
2644	3650356
2645	3651356
2646	3652356
2647	3653356
2648	3654356
2649	3655356
2650	3656356
2651	3657356
2652	3658356
2653	3659356
2654	3660356
2655	3661356
2656	3662356
2657	3663356
2658	3664356
2659	3665356
2660	3666356
2661	3667356
2662	3668356
2663	3669356
2664	3670356
2665	3671356
2666	3672356
2667	3673356
2668	3674356
2669	3675356
2670	3676356
2671	3677356
2672	3678356
2673	3679356
2674	3680356
2675	3681356
2676	3682356
2677	3683356
2678	3684356
2679	3685356
2680	3686356
2681	3687356
2682	3688356
2683	3689356
2684	3690356
2685	3691356
2686	3692356
2687	3693356
2688	3694356
2689	3695356
2690	3696356
2691	3697356
2692	3698356
2693	3699356
2694	3700356
2695	3701356
2696	3702356
2697	3703356
2698	3704356
2699	3705356
2700	3706356
2701	3707356
2702	3708356
2703	3709356
2704	3710356
2705	3711356
2706	3712356
2707	3713356
2708	3714356
2709	3715356
2710	3716356
2711	3717356
2712	3718356
2713	3719356
2714	3720356
2715	3721356
2716	3722356
2717	3723356
2718	3724356
2719	3725356
2720	3726356
2721	3727356
2722	3728356
2723	3729356
2724	3730356
2725	3731356
2726	3732356
2727	3733356
2728	3734356
2729	3735356
2730	3736356
2731	3737356
2732	3738356
2733	3739356
2734	3740356
2735	3741356
2736	3742356
2737	3743356
2738	3744356
2739	3745356
2740	3746356
2741	3747356
2742	3748356
2743	3749356
2744	3750356
2745	3751356
2746	3752356
2747	3753356
2748	3754356
2749	3755356
2750	3756356
2751	3757356
2752	3758356
2753	3759356
2754	3760356
2755	3761356
2756	3762356
2757	3763356
2758	3764356
2759	3765356
2760	3766356
2761	3767356
2762	3768356
2763	3769356
2764	3770356
2765	3771356
2766	3772356
2767	3773356
2768	3774356
2769	3775356
2770	3776356
2771	3777356
2772	3778356
2773	3779356
2774	3780356
2775	3781356
2776	3782356
2777	3783356
2778	3784356
2779	3785356
2780	3786356
2781	3787356
2782	3788356
2783	3789356
2784	3790356
2785	3791356
2786	3792356
2787	3793356
2788	3794356
2789	3795356
2790	3796356
2791	3797356
2792	3798356
2793	3799356
2794	3800356
2795	3801356
2796	3802356
2797	3803356
2798	3804356
2799	3805356
2800	3806490
2801	3807356
2802	3808356
2803	3809356
2804	3810356
2805	3811356
2806	3812356
2807	3813356
2808	3814356
2809	3815356
2810	3816356
2811	3817356
2812	3818356
2813	3819356
2814	3820356
2815	3821356
2816	3822356
2817	3823356
2818	3824356
2819	3825356
2820	3826356
2821	3827356
2822	3828356
2823	3829356
2824	3830356
2825	3831356
2826	3832356
2827	3833356
2828	3834356
2829	3835356
2830	3836356
2831	3837356
2832	3838356
2833	3839352
2834	3840356
2835	3841356
2836	3842356
2837	3843356
2838	3844356
2839	3845356
2840	3846356
2841	3847356
2842	3848356
2843	3849356
2844	3850356
2845	3851356
2846	3852356
2847	3853356
2848	3854356
2849	3855356
2850	3856356
2851	3857356
2852	3858356
2853	3859356
2854	3860356
2855	3861356
2856	3862352
2857	3863356
2858	3864356
2859	3865356
2860	3866356
2861	3867356
2862	3868356
2863	3869356
2864	3870356
2865	3871356
2866	3872356
2867	3873356
2868	3874356
2869	3875356
2870	3876356
2871	3877356
2872	3878356
2873	3879356
2874	3880356
2875	3881356
2876	3882356
2877	3883356
2878	3884356
2879	3885356
2880	3886356
2881	3887356
2882	3888356
2883	3889356
2884	3890356
2885	3891356
2886	3892356
2887	3893356
2888	3894356
2889	3895356
2890	3896356
2891	3897356
2892	3898356
2893	3899356
2894	3900356
2895	3901356
2896	3902356
2897	3903356
2898	3904356
2899	3905356
2900	3906356
2901	3907356
2902	3908356
2903	3909356
2904	3910356
2905	3911356
2906	3912356
2907	3913356
2908	3914356
2909	3915356
2910	3916356
2911	3917356
2912	3918356
2913	3919356
2914	3920356
2915	3921356
2916	3922356
2917	3923356
2918	3924356
2919	3925356
2920	3926356
2921	3927356
2922	3928356
2923	3929356
2924	3930356
2925	3931356
2926	3932356
2927	3933356
2928	3934356
2929	3935356
2930	3936356
2931	3937356
2932	3938356
2933	3939356
2934	3940356
2935	3941356
2936	3942356
2937	3943356
2938	3944356
2939	3945356
2940	3946356
2941	3947356
2942	3948356
2943	3949356
2944	3950356
2945	3951356
2946	3952356
2947	3953356
2948	3954356
2949	3955356
2950	3956356
2951	3957356
2952	3958356
2953	3959356
2954	3960356
2955	3961356
2956	3962356
2957	3963356
2958	3964356
2959	3965356
2960	3966356
2961	3967356
2962	3968356
2963	3969356
2964	3970356
2965	3971356
2966	3972356
2967	3973356
2968	3974356
2969	3975356
2970	3976356
2971	3977356
2972	3978356
2973	3979356
2974	3980356
2975	3981356
2976	3982356
2977	3983356
2978	3984356
2979	3985356
2980	3986356
2981	3987356
2982	3988356
2983	3989356
2984	3990356
2985	3991356
2986	3992356
2987	3993356
2988	3994356
2989	3995356
2990	3996356
2991	3997356
2992	3998356
2993	3999356
2994	4000356
2995	4001356
2996	4002356
2997	4003356
2998	4004356
2999	4005356
3000	4006356
3001	4007356
3002	4008356
3003	4009356
3004	4010356
3005	4011356
3006	4012356
3007	4013356
3008	4014356
3009	4015356
3010	4016356
3011	4017356
3012	4018356
3013	4019356
3014	4020356
3015	4021356
3016	4022356
3017	4023356
3018	4024356
3019	4025356
3020	4026356
3021	4027356
3022	4028356
3023	4029356
3024	4030356
3025	4031356
3026	4032356
3027	4033356
3028	4034356
3029	4035356
3030	4036356
3031	4037356
3032	4038356
3033	4039356
3034	4040356
3035	4041356
3036	4042356
3037	4043356
3038	4044356
3039	4045356
3040	4046356
3041	4047356
3042	4048356
3043	4049356
3044	4050356
3045	4051356
3046	4052356
3047	4053356
3048	4054356
3049	4055356
3050	4056356
3051	4057356
3052	4058356
3053	4059356
3054	4060356
3055	4061356
3056	4062356
3057	4063356
3058	4064356
3059	4065356
3060	4066356
3061	4067356
3062	4068356
3063	4069356
3064	4070356
3065	4071356
3066	4072356
3067	4073356
3068	4074356
3069	4075356
3070	4076356
3071	4077356
3072	4078360
3073	4079356
3074	4080356
3075	4081356
3076	4082356
3077	4083356
3078	4084356
3079	4085356
3080	4086356
3081	4087356
3082	4088356
3083	4089356
3084	4090356
3085	4091356
3086	4092356
3087	4093356
3088	4094356
3089	4095352
3090	4096356
3091	4097356
3092	4098356
3093	4099356
3094	4100356
3095	4101356
3096	4102356
3097	4103356
3098	4104356
3099	4105356
3100	4106356
3101	4107356
3102	4108356
3103	4109356
3104	4110356
3105	4111356
3106	4112356
3107	4113356
3108	4114356
3109	4115356
3110	4116356
3111	4117356
3112	4118352
3113	4119356
3114	4120356
3115	4121356
3116	4122356
3117	4123356
3118	4124356
3119	4125356
3120	4126356
3121	4127356
3122	4128356
3123	4129356
3124	4130356
3125	4131356
3126	4132356
3127	4133356
3128	4134356
3129	4135356
3130	4136356
3131	4137356
3132	4138356
3133	4139356
3134	4140356
3135	4141356
3136	4142356
3137	4143356
3138	4144356
3139	4145356
3140	4146356
3141	4147356
3142	4148356
3143	4149356
3144	4150356
3145	4151356
3146	4152356
3147	4153356
3148	4154356
3149	4155356
3150	4156356
3151	4157356
3152	4158356
3153	4159356
3154	4160356
3155	4161356
3156	4162356
3157	4163356
3158	4164356
3159	4165356
3160	4166356
3161	4167356
3162	4168356
3163	4169356
3164	4170356
3165	4171356
3166	4172356
3167	4173356
3168	4174356
3169	4175356
3170	4176356
3171	4177356
3172	4178356
3173	4179356
3174	4180356
3175	4181356
3176	4182356
3177	4183356
3178	4184356
3179	4185356
3180	4186356
3181	4187356
3182	4188356
3183	4189356
3184	4190356
3185	4191356
3186	4192356
3187	4193356
3188	4194356
3189	4195356
3190	4196356
3191	4197356
3192	4198356
3193	4199356
3194	4200356
3195	4201356
3196	4202356
3197	4203356
3198	4204356
3199	4205356
3200	4206356
3201	4207356
3202	4208356
3203	4209356
3204	4210356
3205	4211356
3206	4212356
3207	4213356
3208	4214356
3209	4215356
3210	4216356
3211	4217356
3212	4218356
3213	4219356
3214	4220356
3215	4221356
3216	4222356
3217	4223356
3218	4224356
3219	4225356
3220	4226356
3221	4227356
3222	4228356
3223	4229356
3224	4230356
3225	4231356
3226	4232356
3227	4233356
3228	4234356
3229	4235356
3230	4236356
3231	4237356
3232	4238356
3233	4239356
3234	4240356
3235	4241356
3236	4242356
3237	4243356
3238	4244356
3239	4245356
3240	4246356
3241	4247356
3242	4248356
3243	4249356
3244	4250356
3245	4251356
3246	4252356
3247	4253356
3248	4254356
3249	4255356
3250	4256356
3251	4257356
3252	4258356
3253	4259356
3254	4260356
3255	4261356
3256	4262356
3257	4263356
3258	4264356
3259	4265356
3260	4266356
3261	4267356
3262	4268352
3263	4269352
3264	4270352
3265	4271352
3266	4272352
3267	4273352
3268	4274352
3269	4275352
3270	4276352
3271	4277352
3272	4278352
3273	4279352
3274	4280352
3275	4281352
3276	4282352
3277	4283352
3278	4284352
3279	4285356
3280	4286356
3281	4287356
3282	4288356
3283	4289356
3284	4290356
3285	4291356
3286	4292356
3287	4293356
3288	4294356
3289	4295356
3290	4296356
3291	4297356
3292	4298356
3293	4299356
3294	4300356
3295	4301356
3296	4302356
3297	4303356
3298	4304356
3299	4305356
3300	4306356
3301	4307356
3302	4308356
3303	4309356
3304	4310356
3305	4311356
3306	4312356
3307	4313356
3308	4314356
3309	4315356
3310	4316356
3311	4317356
3312	4318356
3313	4319356
3314	4320356
3315	4321356
3316	4322356
3317	4323356
3318	4324356
3319	4325356
3320	4326356
3321	4327356
3322	4328356
3323	4329356
3324	4330356
3325	4331356
3326	4332356
3327	4333356
3328	4334356
3329	4335356
3330	4336356
3331	4337356
3332	4338356
3333	4339356
3334	4340356
3335	4341356
3336	4342356
3337	4343356
3338	4344356
3339	4345356
3340	4346356
3341	4347356
3342	4348356
3343	4349356
3344	4350356
3345	4351348
3346	4352356
3347	4353356
3348	4354356
3349	4355356
3350	4356356
3351	4357356
3352	4358356
3353	4359356
3354	4360356
3355	4361356
3356	4362356
3357	4363356
3358	4364356
3359	4365356
3360	4366356
3361	4367356
3362	4368356
3363	4369356
3364	4370356
3365	4371356
3366	4372356
3367	4373356
3368	4374356
3369	4375356
3370	4376356
3371	4377356
3372	4378356
3373	4379356
3374	4380356
3375	4381356
3376	4382356
3377	4383356
3378	4384356
3379	4385356
3380	4386356
3381	4387356
3382	4388356
3383	4389356
3384	4390356
3385	4391356
3386	4392356
3387	4393356
3388	4394356
3389	4395356
3390	4396356
3391	4397356
3392	4398356
3393	4399356
3394	4400356
3395	4401356
3396	4402356
3397	4403356
3398	4404356
3399	4405356
3400	4406356
3401	4407356
3402	4408356
3403	4409356
3404	4410356
3405	4411356
3406	4412356
3407	4413356
3408	4414356
3409	4415356
3410	4416356
3411	4417356
3412	4418356
3413	4419356
3414	4420356
3415	4421356
3416	4422356
3417	4423356
3418	4424356
3419	4425356
3420	4426356
3421	4427356
3422	4428356
3423	4429356
3424	4430356
3425	4431356
3426	4432356
3427	4433356
3428	4434356
3429	4435356
3430	4436356
3431	4437356
3432	4438356
3433	4439356
3434	4440356
3435	4441356
3436	4442356
3437	4443356
3438	4444356
3439	4445356
3440	4446356
3441	4447356
3442	4448356
3443	4449356
3444	4450356
3445	4451356
3446	4452356
3447	4453356
3448	4454356
3449	4455356
3450	4456356
3451	4457356
3452	4458356
3453	4459356
3454	4460356
3455	4461356
3456	4462356
3457	4463356
3458	4464356
3459	4465356
3460	4466356
3461	4467356
3462	4468356
3463	4469356
3464	4470356
3465	4471356
3466	4472356
3467	4473356
3468	4474356
3469	4475356
3470	4476356
3471	4477356
3472	4478356
3473	4479356
3474	4480356
3475	4481356
3476	4482356
3477	4483356
3478	4484356
3479	4485356
3480	4486356
3481	4487356
3482	4488356
3483	4489356
3484	4490356
3485	4491356
3486	4492356
3487	4493356
3488	4494356
3489	4495356
3490	4496356
3491	4497356
3492	4498356
3493	4499356
3494	4500356
3495	4501356
3496	4502356
3497	4503356
3498	4504356
3499	4505356
3500	4506356
3501	4507356
3502	4508356
3503	4509356
3504	4510356
3505	4511356
3506	4512356
3507	4513356
3508	4514356
3509	4515356
3510	4516356
3511	4517356
3512	4518356
3513	4519356
3514	4520356
3515	4521356
3516	4522356
3517	4523356
3518	4524356
3519	4525356
3520	4526356
3521	4527356
3522	4528356
3523	4529356
3524	4530356
3525	4531356
3526	4532356
3527	4533356
3528	4534356
3529	4535356
3530	4536356
3531	4537356
3532	4538356
3533	4539356
3534	4540356
3535	4541356
3536	4542356
3537	4543356
3538	4544356
3539	4545356
3540	4546356
3541	4547356
3542	4548356
3543	4549356
3544	4550356
3545	4551356
3546	4552356
3547	4553356
3548	4554356
3549	4555356
3550	4556356
3551	4557356
3552	4558356
3553	4559356
3554	4560356
3555	4561356
3556	4562356
3557	4563356
3558	4564356
3559	4565356
3560	4566356
3561	4567356
3562	4568356
3563	4569356
3564	4570356
3565	4571356
3566	4572356
3567	4573356
3568	4574356
3569	4575356
3570	4576356
3571	4577356
3572	4578356
3573	4579356
3574	4580356
3575	4581356
3576	4582356
3577	4583356
3578	4584356
3579	4585356
3580	4586356
3581	4587356
3582	4588356
3583	4589356
3584	4590356
3585	4591356
3586	4592356
3587	4593356
3588	4594356
3589	4595356
3590	4596356
3591	4597356
3592	4598356
3593	4599356
3594	4600356
3595	4601356
3596	4602356
3597	4603356
3598	4604356
3599	4605356
3600	4606356
3601	4607348
3602	4608356
3603	4609356
3604	4610356
3605	4611356
3606	4612356
3607	4613356
3608	4614356
3609	4615356
3610	4616356
3611	4617356
3612	4618356
3613	4619356
3614	4620356
3615	4621356
3616	4622356
3617	4623356
3618	4624356
3619	4625356
3620	4626356
3621	4627356
3622	4628356
3623	4629356
3624	4630356
3625	4631356
3626	4632356
3627	4633356
3628	4634356
3629	4635356
3630	4636356
3631	4637356
3632	4638356
3633	4639356
3634	4640356
3635	4641356
3636	4642356
3637	4643356
3638	4644356
3639	4645356
3640	4646356
3641	4647356
3642	4648356
3643	4649356
3644	4650356
3645	4651356
3646	4652356
3647	4653356
3648	4654356
3649	4655356
3650	4656356
3651	4657356
3652	4658356
3653	4659356
3654	4660356
3655	4661356
3656	4662356
3657	4663356
3658	4664356
3659	4665356
3660	4666356
3661	4667356
3662	4668356
3663	4669356
3664	4670356
3665	4671356
3666	4672356
3667	4673356
3668	4674356
3669	4675356
3670	4676356
3671	4677356
3672	4678356
3673	4679356
3674	4680356
3675	4681356
3676	4682356
3677	4683356
3678	4684356
3679	4685356
3680	4686356
3681	4687356
3682	4688356
3683	4689356
3684	4690356
3685	4691356
3686	4692356
3687	4693356
3688	4694356
3689	4695356
3690	4696356
3691	4697356
3692	4698356
3693	4699356
3694	4700356
3695	4701356
3696	4702356
3697	4703356
3698	4704356
3699	4705356
3700	4706356
3701	4707356
3702	4708356
3703	4709356
3704	4710356
3705	4711356
3706	4712356
3707	4713356
3708	4714356
3709	4715356
3710	4716356
3711	4717356
3712	4718356
3713	4719356
3714	4720356
3715	4721356
3716	4722356
3717	4723356
3718	4724356
3719	4725356
3720	4726356
3721	4727356
3722	4728356
3723	4729356
3724	4730356
3725	4731356
3726	4732356
3727	4733356
3728	4734356
3729	4735356
3730	4736356
3731	4737356
3732	4738356
3733	4739356
3734	4740356
3735	4741356
3736	4742356
3737	4743356
3738	4744356
3739	4745356
3740	4746356
3741	4747356
3742	4748356
3743	4749356
3744	4750356
3745	4751356
3746	4752356
3747	4753356
3748	4754356
3749	4755356
3750	4756356
3751	4757356
3752	4758356
3753	4759356
3754	4760356
3755	4761356
3756	4762356
3757	4763356
3758	4764356
3759	4765356
3760	4766356
3761	4767356
3762	4768356
3763	4769356
3764	4770356
3765	4771356
3766	4772356
3767	4773356
3768	4774356
3769	4775356
3770	4776356
3771	4777356
3772	4778356
3773	4779356
3774	4780356
3775	4781356
3776	4782356
3777	4783356
3778	4784356
3779	4785356
3780	4786356
3781	4787356
3782	4788356
3783	4789356
3784	4790356
3785	4791356
3786	4792356
3787	4793356
3788	4794356
3789	4795356
3790	4796356
3791	4797356
3792	4798356
3793	4799356
3794	4800356
3795	4801356
3796	4802356
3797	4803356
3798	4804356
3799	4805356
3800	4806356
3801	4807356
3802	4808356
3803	4809356
3804	4810356
3805	4811356
3806	4812356
3807	4813356
3808	4814356
3809	4815356
3810	4816356
3811	4817356
3812	4818356
3813	4819356
3814	4820356
3815	4821356
3816	4822356
3817	4823356
3818	4824356
3819	4825356
3820	4826356
3821	4827356
3822	4828356
3823	4829356
3824	4830356
3825	4831356
3826	4832356
3827	4833356
3828	4834356
3829	4835356
3830	4836356
3831	4837356
3832	4838356
3833	4839356
3834	4840356
3835	4841356
3836	4842356
3837	4843356
3838	4844356
3839	4845356
3840	4846356
3841	4847356
3842	4848356
3843	4849356
3844	4850356
3845	4851356
3846	4852356
3847	4853356
3848	4854356
3849	4855356
3850	4856356
3851	4857356
3852	4858356
3853	4859356
3854	4860356
3855	4861356
3856	4862356
3857	4863348
3858	4864356
3859	4865356
3860	4866356
3861	4867356
3862	4868356
3863	4869356
3864	4870356
3865	4871356
3866	4872356
3867	4873356
3868	4874356
3869	4875356
3870	4876356
3871	4877356
3872	4878356
3873	4879356
3874	4880356
3875	4881356
3876	4882356
3877	4883356
3878	4884356
3879	4885356
3880	4886356
3881	4887356
3882	4888356
3883	4889356
3884	4890356
3885	4891356
3886	4892356
3887	4893356
3888	4894356
3889	4895356
3890	4896356
3891	4897356
3892	4898356
3893	4899356
3894	4900356
3895	4901356
3896	4902356
3897	4903356
3898	4904356
3899	4905356
3900	4906356
3901	4907356
3902	4908356
3903	4909356
3904	4910356
3905	4911356
3906	4912356
3907	4913356
3908	4914356
3909	4915356
3910	4916356
3911	4917356
3912	4918356
3913	4919356
3914	4920356
3915	4921356
3916	4922356
3917	4923356
3918	4924356
3919	4925356
3920	4926356
3921	4927356
3922	4928356
3923	4929356
3924	4930356
3925	4931356
3926	4932356
3927	4933356
3928	4934356
3929	4935356
3930	4936356
3931	4937356
3932	4938356
3933	4939356
3934	4940356
3935	4941356
3936	4942356
3937	4943356
3938	4944356
3939	4945356
3940	4946356
3941	4947356
3942	4948356
3943	4949356
3944	4950356
3945	4951356
3946	4952356
3947	4953356
3948	4954356
3949	4955356
3950	4956356
3951	4957356
3952	4958356
3953	4959356
3954	4960356
3955	4961356
3956	4962356
3957	4963356
3958	4964356
3959	4965356
3960	4966356
3961	4967356
3962	4968356
3963	4969356
3964	4970356
3965	4971356
3966	4972356
3967	4973356
3968	4974356
3969	4975356
3970	4976356
3971	4977356
3972	4978356
3973	4979356
3974	4980356
3975	4981356
3976	4982356
3977	4983356
3978	4984356
3979	4985356
3980	4986356
3981	4987356
3982	4988356
3983	4989356
3984	4990356
3985	4991356
3986	4992356
3987	4993356
3988	4994356
3989	4995356
3990	4996356
3991	4997356
3992	4998356
3993	4999356
3994	5000356
3995	5001356
3996	5002356
3997	5003356
3998	5004356
3999	5005356
4000	5006356
4001	5007356
4002	5008356
4003	5009356
4004	5010356
4005	5011356
4006	5012356
4007	5013356
4008	5014356
4009	5015356
4010	5016356
4011	5017356
4012	5018356
4013	5019356
4014	5020356
4015	5021356
4016	5022356
4017	5023356
4018	5024356
4019	5025356
4020	5026356
4021	5027356
4022	5028356
4023	5029356
4024	5030356
4025	5031356
4026	5032356
4027	5033356
4028	5034356
4029	5035356
4030	5036356
4031	5037356
4032	5038356
4033	5039356
4034	5040356
4035	5041356
4036	5042356
4037	5043356
4038	5044356
4039	5045356
4040	5046356
4041	5047356
4042	5048356
4043	5049356
4044	5050356
4045	5051356
4046	5052356
4047	5053356
4048	5054356
4049	5055356
4050	5056356
4051	5057356
4052	5058356
4053	5059356
4054	5060356
4055	5061356
4056	5062356
4057	5063356
4058	5064356
4059	5065356
4060	5066356
4061	5067356
4062	5068356
4063	5069356
4064	5070356
4065	5071356
4066	5072356
4067	5073356
4068	5074356
4069	5075356
4070	5076356
4071	5077356
4072	5078356
4073	5079356
4074	5080356
4075	5081356
4076	5082356
4077	5083356
4078	5084356
4079	5085356
4080	5086356
4081	5087356
4082	5088356
4083	5089356
4084	5090356
4085	5091356
4086	5092356
4087	5093356
4088	5094356
4089	5095356
4090	5096356
4091	5097356
4092	5098356
4093	5099356
4094	5100356
4095	5101356
4096	5102356
4097	5103356
4098	5104356
4099	5105352
4100	5106356
4101	5107356
4102	5108356
4103	5109356
4104	5110356
4105	5111356
4106	5112356
4107	5113356
4108	5114356
4109	5115356
4110	5116356
4111	5117356
4112	5118356
4113	5119348
4114	5120356
4115	5121356
4116	5122356
4117	5123356
4118	5124356
4119	5125356
4120	5126352
4121	5127356
4122	5128356
4123	5129356
4124	5130356
4125	5131356
4126	5132356
4127	5133356
4128	5134356
4129	5135356
4130	5136356
4131	5137356
4132	5138356
4133	5139356
4134	5140356
4135	5141356
4136	5142356
4137	5143356
4138	5144356
4139	5145356
4140	5146356
4141	5147356
4142	5148356
4143	5149356
4144	5150356
4145	5151356
4146	5152356
4147	5153356
4148	5154356
4149	5155356
4150	5156356
4151	5157356
4152	5158356
4153	5159356
4154	5160356
4155	5161356
4156	5162356
4157	5163356
4158	5164356
4159	5165356
4160	5166356
4161	5167356
4162	5168356
4163	5169356
4164	5170356
4165	5171356
4166	5172356
4167	5173356
4168	5174356
4169	5175356
4170	5176356
4171	5177356
4172	5178356
4173	5179356
4174	5180356
4175	5181356
4176	5182356
4177	5183356
4178	5184356
4179	5185356
4180	5186356
4181	5187356
4182	5188356
4183	5189356
4184	5190356
4185	5191356
4186	5192356
4187	5193356
4188	5194356
4189	5195356
4190	5196356
4191	5197356
4192	5198356
4193	5199356
4194	5200356
4195	5201356
4196	5202356
4197	5203356
4198	5204356
4199	5205356
4200	5206356
4201	5207356
4202	5208356
4203	5209356
4204	5210356
4205	5211356
4206	5212356
4207	5213356
4208	5214356
4209	5215356
4210	5216356
4211	5217356
4212	5218356
4213	5219356
4214	5220356
4215	5221356
4216	5222356
4217	5223356
4218	5224356
4219	5225356
4220	5226356
4221	5227356
4222	5228356
4223	5229356
4224	5230356
4225	5231356
4226	5232356
4227	5233356
4228	5234356
4229	5235356
4230	5236356
4231	5237356
4232	5238356
4233	5239356
4234	5240356
4235	5241356
4236	5242356
4237	5243356
4238	5244356
4239	5245356
4240	5246356
4241	5247356
4242	5248356
4243	5249356
4244	5250356
4245	5251356
4246	5252356
4247	5253356
4248	5254356
4249	5255356
4250	5256356
4251	5257356
4252	5258356
4253	5259356
4254	5260356
4255	5261356
4256	5262356
4257	5263356
4258	5264356
4259	5265356
4260	5266356
4261	5267356
4262	5268356
4263	5269356
4264	5270356
4265	5271356
4266	5272356
4267	5273356
4268	5274356
4269	5275356
4270	5276356
4271	5277356
4272	5278356
4273	5279356
4274	5280356
4275	5281356
4276	5282356
4277	5283356
4278	5284356
4279	5285356
4280	5286356
4281	5287356
4282	5288356
4283	5289356
4284	5290356
4285	5291356
4286	5292356
4287	5293356
4288	5294356
4289	5295356
4290	5296356
4291	5297356
4292	5298356
4293	5299356
4294	5300356
4295	5301356
4296	5302356
4297	5303356
4298	5304356
4299	5305356
4300	5306356
4301	5307356
4302	5308356
4303	5309356
4304	5310356
4305	5311356
4306	5312356
4307	5313356
4308	5314356
4309	5315356
4310	5316356
4311	5317356
4312	5318356
4313	5319356
4314	5320356
4315	5321356
4316	5322356
4317	5323356
4318	5324356
4319	5325356
4320	5326356
4321	5327356
4322	5328356
4323	5329356
4324	5330356
4325	5331356
4326	5332356
4327	5333356
4328	5334356
4329	5335356
4330	5336356
4331	5337356
4332	5338356
4333	5339356
4334	5340356
4335	5341356
4336	5342356
4337	5343356
4338	5344356
4339	5345356
4340	5346356
4341	5347356
4342	5348356
4343	5349356
4344	5350356
4345	5351356
4346	5352356
4347	5353356
4348	5354356
4349	5355356
4350	5356356
4351	5357356
4352	5358352
4353	5359356
4354	5360356
4355	5361356
4356	5362356
4357	5363356
4358	5364356
4359	5365356
4360	5366356
4361	5367356
4362	5368356
4363	5369356
4364	5370356
4365	5371356
4366	5372356
4367	5373356
4368	5374356
4369	5375348
4370	5376356
4371	5377356
4372	5378356
4373	5379356
4374	5380356
4375	5381356
4376	5382356
4377	5383356
4378	5384356
4379	5385356
4380	5386356
4381	5387356
4382	5388356
4383	5389356
4384	5390356
4385	5391356
4386	5392356
4387	5393356
4388	5394356
4389	5395356
4390	5396356
4391	5397356
4392	5398356
4393	5399356
4394	5400356
4395	5401356
4396	5402356
4397	5403356
4398	5404356
4399	5405356
4400	5406356
4401	5407356
4402	5408356
4403	5409356
4404	5410356
4405	5411356
4406	5412356
4407	5413356
4408	5414356
4409	5415356
4410	5416356
4411	5417356
4412	5418356
4413	5419356
4414	5420356
4415	5421356
4416	5422356
4417	5423356
4418	5424356
4419	5425356
4420	5426356
4421	5427356
4422	5428356
4423	5429356
4424	5430356
4425	5431356
4426	5432356
4427	5433356
4428	5434356
4429	5435356
4430	5436356
4431	5437356
4432	5438356
4433	5439356
4434	5440356
4435	5441356
4436	5442356
4437	5443356
4438	5444356
4439	5445356
4440	5446356
4441	5447356
4442	5448356
4443	5449356
4444	5450356
4445	5451356
4446	5452356
4447	5453356
4448	5454356
4449	5455356
4450	5456356
4451	5457356
4452	5458356
4453	5459356
4454	5460356
4455	5461356
4456	5462356
4457	5463356
4458	5464356
4459	5465356
4460	5466356
4461	5467356
4462	5468356
4463	5469356
4464	5470356
4465	5471356
4466	5472356
4467	5473356
4468	5474356
4469	5475356
4470	5476356
4471	5477356
4472	5478356
4473	5479356
4474	5480356
4475	5481356
4476	5482356
4477	5483356
4478	5484356
4479	5485356
4480	5486356
4481	5487356
4482	5488356
4483	5489356
4484	5490356
4485	5491356
4486	5492356
4487	5493356
4488	5494356
4489	5495356
4490	5496356
4491	5497356
4492	5498356
4493	5499356
4494	5500356
4495	5501356
4496	5502356
4497	5503356
4498	5504356
4499	5505356
4500	5506356
4501	5507356
4502	5508356
4503	5509356
4504	5510356
4505	5511356
4506	5512356
4507	5513356
4508	5514356
4509	5515356
4510	5516356
4511	5517356
4512	5518356
4513	5519356
4514	5520356
4515	5521356
4516	5522356
4517	5523356
4518	5524356
4519	5525356
4520	5526356
4521	5527356
4522	5528356
4523	5529356
4524	5530356
4525	5531356
4526	5532356
4527	5533356
4528	5534356
4529	5535356
4530	5536356
4531	5537356
4532	5538356
4533	5539356
4534	5540356
4535	5541356
4536	5542356
4537	5543356
4538	5544356
4539	5545356
4540	5546356
4541	5547356
4542	5548356
4543	5549356
4544	5550356
4545	5551356
4546	5552356
4547	5553356
4548	5554356
4549	5555356
4550	5556356
4551	5557356
4552	5558356
4553	5559356
4554	5560356
4555	5561356
4556	5562356
4557	5563356
4558	5564356
4559	5565356
4560	5566356
4561	5567356
4562	5568356
4563	5569356
4564	5570356
4565	5571356
4566	5572356
4567	5573356
4568	5574356
4569	5575356
4570	5576356
4571	5577356
4572	5578356
4573	5579356
4574	5580356
4575	5581356
4576	5582356
4577	5583356
4578	5584356
4579	5585356
4580	5586356
4581	5587356
4582	5588356
4583	5589356
4584	5590356
4585	5591356
4586	5592356
4587	5593356
4588	5594356
4589	5595356
4590	5596356
4591	5597356
4592	5598356
4593	5599356
4594	5600356
4595	5601356
4596	5602356
4597	5603356
4598	5604356
4599	5605356
4600	5606356
4601	5607356
4602	5608356
4603	5609356
4604	5610356
4605	5611356
4606	5612356
4607	5613356
4608	5614356
4609	5615356
4610	5616356
4611	5617356
4612	5618356
4613	5619356
4614	5620356
4615	5621356
4616	5622356
4617	5623356
4618	5624356
4619	5625356
4620	5626356
4621	5627356
4622	5628356
4623	5629356
4624	5630356
4625	5631348
4626	5632356
4627	5633356
4628	5634356
4629	5635356
4630	5636356
4631	5637356
4632	5638356
4633	5639356
4634	5640356
4635	5641356
4636	5642356
4637	5643356
4638	5644356
4639	5645356
4640	5646356
4641	5647356
4642	5648356
4643	5649356
4644	5650356
4645	5651356
4646	5652356
4647	5653356
4648	5654356
4649	5655356
4650	5656356
4651	5657356
4652	5658356
4653	5659356
4654	5660356
4655	5661356
4656	5662356
4657	5663356
4658	5664356
4659	5665356
4660	5666356
4661	5667356
4662	5668356
4663	5669356
4664	5670356
4665	5671356
4666	5672356
4667	5673356
4668	5674356
4669	5675356
4670	5676356
4671	5677356
4672	5678356
4673	5679356
4674	5680356
4675	5681356
4676	5682356
4677	5683356
4678	5684356
4679	5685356
4680	5686356
4681	5687356
4682	5688356
4683	5689356
4684	5690356
4685	5691356
4686	5692356
4687	5693356
4688	5694356
4689	5695356
4690	5696356
4691	5697356
4692	5698356
4693	5699356
4694	5700356
4695	5701356
4696	5702356
4697	5703356
4698	5704356
4699	5705356
4700	5706356
4701	5707356
4702	5708356
4703	5709356
4704	5710356
4705	5711356
4706	5712356
4707	5713356
4708	5714356
4709	5715356
4710	5716356
4711	5717356
4712	5718356
4713	5719356
4714	5720356
4715	5721356
4716	5722356
4717	5723356
4718	5724356
4719	5725356
4720	5726356
4721	5727356
4722	5728356
4723	5729356
4724	5730356
4725	5731356
4726	5732356
4727	5733356
4728	5734356
4729	5735356
4730	5736356
4731	5737356
4732	5738356
4733	5739356
4734	5740356
4735	5741356
4736	5742356
4737	5743356
4738	5744356
4739	5745356
4740	5746356
4741	5747356
4742	5748356
4743	5749356
4744	5750356
4745	5751356
4746	5752356
4747	5753356
4748	5754356
4749	5755356
4750	5756356
4751	5757356
4752	5758356
4753	5759356
4754	5760356
4755	5761356
4756	5762356
4757	5763356
4758	5764356
4759	5765356
4760	5766356
4761	5767356
4762	5768356
4763	5769356
4764	5770356
4765	5771356
4766	5772356
4767	5773356
4768	5774356
4769	5775356
4770	5776356
4771	5777356
4772	5778356
4773	5779356
4774	5780356
4775	5781356
4776	5782356
4777	5783356
4778	5784356
4779	5785356
4780	5786356
4781	5787356
4782	5788356
4783	5789356
4784	5790356
4785	5791356
4786	5792356
4787	5793356
4788	5794356
4789	5795356
4790	5796356
4791	5797356
4792	5798356
4793	5799356
4794	5800356
4795	5801356
4796	5802356
4797	5803356
4798	5804356
4799	5805356
4800	5806356
4801	5807356
4802	5808356
4803	5809356
4804	5810356
4805	5811356
4806	5812356
4807	5813356
4808	5814356
4809	5815356
4810	5816356
4811	5817356
4812	5818356
4813	5819356
4814	5820356
4815	5821356
4816	5822356
4817	5823356
4818	5824356
4819	5825356
4820	5826356
4821	5827356
4822	5828356
4823	5829356
4824	5830356
4825	5831356
4826	5832356
4827	5833356
4828	5834356
4829	5835356
4830	5836356
4831	5837356
4832	5838356
4833	5839356
4834	5840356
4835	5841356
4836	5842356
4837	5843356
4838	5844356
4839	5845356
4840	5846356
4841	5847356
4842	5848356
4843	5849356
4844	5850356
4845	5851356
4846	5852356
4847	5853356
4848	5854356
4849	5855356
4850	5856356
4851	5857356
4852	5858356
4853	5859356
4854	5860356
4855	5861356
4856	5862356
4857	5863356
4858	5864356
4859	5865356
4860	5866356
4861	5867356
4862	5868356
4863	5869356
4864	5870356
4865	5871356
4866	5872356
4867	5873356
4868	5874356
4869	5875356
4870	5876356
4871	5877356
4872	5878356
4873	5879356
4874	5880356
4875	5881356
4876	5882356
4877	5883356
4878	5884356
4879	5885356
4880	5886356
4881	5887348
4882	5888356
4883	5889356
4884	5890356
4885	5891356
4886	5892356
4887	5893356
4888	5894356
4889	5895356
4890	5896356
4891	5897356
4892	5898356
4893	5899356
4894	5900356
4895	5901356
4896	5902356
4897	5903356
4898	5904356
4899	5905356
4900	5906356
4901	5907356
4902	5908356
4903	5909356
4904	5910356
4905	5911356
4906	5912356
4907	5913356
4908	5914356
4909	5915356
4910	5916356
4911	5917356
4912	5918356
4913	5919356
4914	5920356
4915	5921356
4916	5922356
4917	5923356
4918	5924356
4919	5925356
4920	5926356
4921	5927356
4922	5928356
4923	5929356
4924	5930356
4925	5931356
4926	5932356
4927	5933356
4928	5934356
4929	5935356
4930	5936356
4931	5937356
4932	5938356
4933	5939356
4934	5940356
4935	5941356
4936	5942356
4937	5943356
4938	5944356
4939	5945356
4940	5946356
4941	5947356
4942	5948356
4943	5949356
4944	5950356
4945	5951356
4946	5952356
4947	5953356
4948	5954356
4949	5955356
4950	5956356
4951	5957356
4952	5958356
4953	5959356
4954	5960356
4955	5961356
4956	5962356
4957	5963356
4958	5964356
4959	5965356
4960	5966356
4961	5967356
4962	5968356
4963	5969356
4964	5970356
4965	5971356
4966	5972356
4967	5973356
4968	5974356
4969	5975356
4970	5976356
4971	5977356
4972	5978356
4973	5979356
4974	5980356
4975	5981356
4976	5982356
4977	5983356
4978	5984356
4979	5985356
4980	5986356
4981	5987356
4982	5988356
4983	5989356
4984	5990356
4985	5991356
4986	5992356
4987	5993356
4988	5994356
4989	5995356
4990	5996356
4991	5997356
4992	5998356
4993	5999356
4994	6000356
4995	6001356
4996	6002356
4997	6003356
4998	6004356
4999	6005356
5000	6006356
5001	6007356
5002	6008356
5003	6009356
5004	6010356
5005	6011356
5006	6012356
5007	6013356
5008	6014356
5009	6015356
5010	6016356
5011	6017356
5012	6018356
5013	6019356
5014	6020356
5015	6021356
5016	6022356
5017	6023356
5018	6024356
5019	6025356
5020	6026356
5021	6027356
5022	6028356
5023	6029356
5024	6030356
5025	6031356
5026	6032356
5027	6033356
5028	6034356
5029	6035356
5030	6036356
5031	6037356
5032	6038356
5033	6039356
5034	6040356
5035	6041356
5036	6042356
5037	6043356
5038	6044356
5039	6045356
5040	6046356
5041	6047356
5042	6048356
5043	6049356
5044	6050356
5045	6051356
5046	6052356
5047	6053356
5048	6054356
5049	6055356
5050	6056356
5051	6057356
5052	6058356
5053	6059356
5054	6060356
5055	6061356
5056	6062356
5057	6063356
5058	6064356
5059	6065356
5060	6066356
5061	6067356
5062	6068356
5063	6069356
5064	6070356
5065	6071356
5066	6072356
5067	6073356
5068	6074356
5069	6075356
5070	6076356
5071	6077356
5072	6078356
5073	6079356
5074	6080356
5075	6081356
5076	6082356
5077	6083356
5078	6084356
5079	6085356
5080	6086356
5081	6087356
5082	6088356
5083	6089356
5084	6090356
5085	6091356
5086	6092356
5087	6093356
5088	6094356
5089	6095356
5090	6096356
5091	6097356
5092	6098356
5093	6099356
5094	6100356
5095	6101356
5096	6102356
5097	6103356
5098	6104356
5099	6105356
5100	6106356
5101	6107356
5102	6108356
5103	6109356
5104	6110356
5105	6111356
5106	6112356
5107	6113356
5108	6114356
5109	6115356
5110	6116356
5111	6117356
5112	6118356
5113	6119356
5114	6120356
5115	6121356
5116	6122356
5117	6123356
5118	6124356
5119	6125356
5120	6126356
5121	6127356
5122	6128356
5123	6129356
5124	6130356
5125	6131356
5126	6132356
5127	6133356
5128	6134356
5129	6135356
5130	6136356
5131	6137356
5132	6138356
5133	6139356
5134	6140356
5135	6141356
5136	6142356
5137	6143348
5138	6144356
5139	6145356
5140	6146356
5141	6147356
5142	6148356
5143	6149356
5144	6150356
5145	6151356
5146	6152356
5147	6153356
5148	6154356
5149	6155356
5150	6156356
5151	6157356
5152	6158356
5153	6159356
5154	6160356
5155	6161356
5156	6162356
5157	6163356
5158	6164356
5159	6165356
5160	6166356
5161	6167356
5162	6168356
5163	6169356
5164	6170356
5165	6171356
5166	6172356
5167	6173356
5168	6174356
5169	6175356
5170	6176356
5171	6177356
5172	6178356
5173	6179356
5174	6180356
5175	6181356
5176	6182356
5177	6183356
5178	6184356
5179	6185356
5180	6186356
5181	6187356
5182	6188356
5183	6189356
5184	6190356
5185	6191356
5186	6192356
5187	6193356
5188	6194356
5189	6195356
5190	6196356
5191	6197356
5192	6198356
5193	6199356
5194	6200356
5195	6201356
5196	6202356
5197	6203356
5198	6204356
5199	6205356
5200	6206356
5201	6207356
5202	6208356
5203	6209356
5204	6210356
5205	6211356
5206	6212356
5207	6213356
5208	6214356
5209	6215356
5210	6216356
5211	6217356
5212	6218356
5213	6219356
5214	6220356
5215	6221356
5216	6222356
5217	6223356
5218	6224356
5219	6225356
5220	6226356
5221	6227356
5222	6228356
5223	6229356
5224	6230356
5225	6231356
5226	6232356
5227	6233356
5228	6234356
5229	6235356
5230	6236356
5231	6237356
5232	6238356
5233	6239356
5234	6240356
5235	6241356
5236	6242356
5237	6243356
5238	6244356
5239	6245356
5240	6246356
5241	6247356
5242	6248356
5243	6249356
5244	6250356
5245	6251356
5246	6252356
5247	6253356
5248	6254356
5249	6255356
5250	6256356
5251	6257356
5252	6258356
5253	6259356
5254	6260356
5255	6261356
5256	6262356
5257	6263356
5258	6264356
5259	6265356
5260	6266356
5261	6267356
5262	6268356
5263	6269356
5264	6270356
5265	6271356
5266	6272356
5267	6273356
5268	6274356
5269	6275356
5270	6276356
5271	6277356
5272	6278356
5273	6279356
5274	6280356
5275	6281356
5276	6282356
5277	6283356
5278	6284356
5279	6285356
5280	6286356
5281	6287356
5282	6288356
5283	6289356
5284	6290356
5285	6291356
5286	6292356
5287	6293356
5288	6294356
5289	6295356
5290	6296356
5291	6297356
5292	6298356
5293	6299356
5294	6300356
5295	6301356
5296	6302356
5297	6303356
5298	6304356
5299	6305356
5300	6306356
5301	6307356
5302	6308356
5303	6309356
5304	6310356
5305	6311356
5306	6312356
5307	6313356
5308	6314356
5309	6315356
5310	6316356
5311	6317356
5312	6318356
5313	6319356
5314	6320356
5315	6321356
5316	6322356
5317	6323356
5318	6324356
5319	6325356
5320	6326356
5321	6327356
5322	6328356
5323	6329356
5324	6330356
5325	6331356
5326	6332356
5327	6333356
5328	6334356
5329	6335356
5330	6336356
5331	6337356
5332	6338356
5333	6339356
5334	6340356
5335	6341356
5336	6342356
5337	6343356
5338	6344356
5339	6345356
5340	6346356
5341	6347356
5342	6348356
5343	6349356
5344	6350356
5345	6351356
5346	6352356
5347	6353356
5348	6354356
5349	6355356
5350	6356356
5351	6357356
5352	6358356
5353	6359356
5354	6360356
5355	6361356
5356	6362356
5357	6363356
5358	6364356
5359	6365356
5360	6366356
5361	6367356
5362	6368356
5363	6369356
5364	6370356
5365	6371356
5366	6372356
5367	6373356
5368	6374356
5369	6375356
5370	6376356
5371	6377356
5372	6378356
5373	6379356
5374	6380356
5375	6381356
5376	6382356
5377	6383356
5378	6384356
5379	6385356
5380	6386356
5381	6387356
5382	6388356
5383	6389356
5384	6390356
5385	6391356
5386	6392356
5387	6393356
5388	6394356
5389	6395356
5390	6396356
5391	6397356
5392	6398356
5393	6399348
5394	6400356
5395	6401356
5396	6402356
5397	6403356
5398	6404356
5399	6405356
5400	6406356
5401	6407356
5402	6408356
5403	6409356
5404	6410356
5405	6411356
5406	6412356
5407	6413356
5408	6414356
5409	6415356
5410	6416356
5411	6417356
5412	6418356
5413	6419356
5414	6420356
5415	6421356
5416	6422356
5417	6423356
5418	6424356
5419	6425356
5420	6426356
5421	6427356
5422	6428356
5423	6429356
5424	6430356
5425	6431356
5426	6432356
5427	6433356
5428	6434356
5429	6435356
5430	6436356
5431	6437356
5432	6438356
5433	6439356
5434	6440356
5435	6441356
5436	6442356
5437	6443356
5438	6444356
5439	6445356
5440	6446356
5441	6447356
5442	6448356
5443	6449356
5444	6450356
5445	6451356
5446	6452356
5447	6453356
5448	6454356
5449	6455356
5450	6456356
5451	6457356
5452	6458356
5453	6459356
5454	6460356
5455	6461356
5456	6462356
5457	6463356
5458	6464356
5459	6465356
5460	6466356
5461	6467356
5462	6468356
5463	6469356
5464	6470356
5465	6471356
5466	6472356
5467	6473356
5468	6474356
5469	6475356
5470	6476356
5471	6477356
5472	6478356
5473	6479356
5474	6480356
5475	6481356
5476	6482356
5477	6483356
5478	6484356
5479	6485356
5480	6486356
5481	6487356
5482	6488356
5483	6489356
5484	6490356
5485	6491356
5486	6492356
5487	6493356
5488	6494356
5489	6495356
5490	6496356
5491	6497356
5492	6498356
5493	6499356
5494	6500356
5495	6501356
5496	6502356
5497	6503356
5498	6504356
5499	6505356
5500	6506356
5501	6507356
5502	6508356
5503	6509356
5504	6510356
5505	6511356
5506	6512356
5507	6513356
5508	6514356
5509	6515356
5510	6516356
5511	6517356
5512	6518356
5513	6519356
5514	6520356
5515	6521356
5516	6522356
5517	6523356
5518	6524356
5519	6525356
5520	6526356
5521	6527356
5522	6528356
5523	6529356
5524	6530356
5525	6531356
5526	6532356
5527	6533356
5528	6534356
5529	6535356
5530	6536356
5531	6537356
5532	6538356
5533	6539356
5534	6540356
5535	6541356
5536	6542356
5537	6543356
5538	6544356
5539	6545356
5540	6546356
5541	6547356
5542	6548356
5543	6549356
5544	6550356
5545	6551356
5546	6552356
5547	6553356
5548	6554356
5549	6555356
5550	6556356
5551	6557356
5552	6558356
5553	6559356
5554	6560356
5555	6561356
5556	6562356
5557	6563356
5558	6564356
5559	6565356
5560	6566356
5561	6567356
5562	6568356
5563	6569356
5564	6570356
5565	6571356
5566	6572356
5567	6573356
5568	6574356
5569	6575356
5570	6576356
5571	6577356
5572	6578356
5573	6579356
5574	6580356
5575	6581356
5576	6582356
5577	6583356
5578	6584356
5579	6585356
5580	6586356
5581	6587356
5582	6588356
5583	6589356
5584	6590356
5585	6591356
5586	6592356
5587	6593356
5588	6594356
5589	6595356
5590	6596356
5591	6597356
5592	6598356
5593	6599356
5594	6600356
5595	6601356
5596	6602356
5597	6603356
5598	6604356
5599	6605356
5600	6606356
5601	6607356
5602	6608356
5603	6609356
5604	6610356
5605	6611356
5606	6612356
5607	6613356
5608	6614356
5609	6615356
5610	6616356
5611	6617356
5612	6618356
5613	6619356
5614	6620356
5615	6621356
5616	6622356
5617	6623356
5618	6624356
5619	6625356
5620	6626356
5621	6627356
5622	6628356
5623	6629356
5624	6630356
5625	6631356
5626	6632356
5627	6633356
5628	6634356
5629	6635356
5630	6636356
5631	6637356
5632	6638356
5633	6639356
5634	6640356
5635	6641356
5636	6642356
5637	6643356
5638	6644356
5639	6645356
5640	6646356
5641	6647356
5642	6648356
5643	6649356
5644	6650356
5645	6651356
5646	6652356
5647	6653356
5648	6654356
5649	6655348
5650	6656356
5651	6657356
5652	6658356
5653	6659356
5654	6660356
5655	6661356
5656	6662356
5657	6663356
5658	6664356
5659	6665356
5660	6666356
5661	6667356
5662	6668356
5663	6669356
5664	6670356
5665	6671356
5666	6672356
5667	6673356
5668	6674356
5669	6675356
5670	6676356
5671	6677356
5672	6678356
5673	6679356
5674	6680356
5675	6681356
5676	6682356
5677	6683356
5678	6684356
5679	6685356
5680	6686356
5681	6687356
5682	6688356
5683	6689356
5684	6690356
5685	6691356
5686	6692356
5687	6693356
5688	6694356
5689	6695356
5690	6696356
5691	6697356
5692	6698356
5693	6699356
5694	6700356
5695	6701356
5696	6702356
5697	6703356
5698	6704356
5699	6705356
5700	6706356
5701	6707356
5702	6708356
5703	6709356
5704	6710356
5705	6711356
5706	6712356
5707	6713356
5708	6714356
5709	6715356
5710	6716356
5711	6717356
5712	6718356
5713	6719356
5714	6720356
5715	6721356
5716	6722356
5717	6723356
5718	6724356
5719	6725356
5720	6726356
5721	6727356
5722	6728356
5723	6729356
5724	6730356
5725	6731356
5726	6732356
5727	6733356
5728	6734356
5729	6735356
5730	6736356
5731	6737356
5732	6738356
5733	6739356
5734	6740356
5735	6741356
5736	6742356
5737	6743356
5738	6744356
5739	6745356
5740	6746356
5741	6747356
5742	6748356
5743	6749356
5744	6750356
5745	6751356
5746	6752356
5747	6753356
5748	6754356
5749	6755356
5750	6756356
5751	6757356
5752	6758356
5753	6759356
5754	6760356
5755	6761356
5756	6762356
5757	6763356
5758	6764356
5759	6765356
5760	6766356
5761	6767356
5762	6768356
5763	6769356
5764	6770356
5765	6771356
5766	6772356
5767	6773356
5768	6774356
5769	6775356
5770	6776356
5771	6777356
5772	6778356
5773	6779356
5774	6780356
5775	6781356
5776	6782356
5777	6783356
5778	6784356
5779	6785356
5780	6786356
5781	6787356
5782	6788356
5783	6789356
5784	6790356
5785	6791356
5786	6792356
5787	6793356
5788	6794356
5789	6795356
5790	6796356
5791	6797356
5792	6798356
5793	6799356
5794	6800356
5795	6801356
5796	6802356
5797	6803356
5798	6804356
5799	6805356
5800	6806356
5801	6807356
5802	6808356
5803	6809356
5804	6810356
5805	6811356
5806	6812356
5807	6813356
5808	6814356
5809	6815356
5810	6816356
5811	6817356
5812	6818356
5813	6819356
5814	6820356
5815	6821356
5816	6822356
5817	6823356
5818	6824356
5819	6825356
5820	6826356
5821	6827356
5822	6828356
5823	6829356
5824	6830356
5825	6831356
5826	6832356
5827	6833356
5828	6834356
5829	6835356
5830	6836356
5831	6837356
5832	6838356
5833	6839356
5834	6840356
5835	6841356
5836	6842356
5837	6843356
5838	6844356
5839	6845356
5840	6846356
5841	6847356
5842	6848356
5843	6849356
5844	6850356
5845	6851356
5846	6852356
5847	6853356
5848	6854356
5849	6855356
5850	6856356
5851	6857356
5852	6858356
5853	6859356
5854	6860356
5855	6861356
5856	6862356
5857	6863356
5858	6864356
5859	6865356
5860	6866356
5861	6867356
5862	6868356
5863	6869356
5864	6870356
5865	6871356
5866	6872356
5867	6873356
5868	6874356
5869	6875356
5870	6876356
5871	6877356
5872	6878356
5873	6879356
5874	6880356
5875	6881356
5876	6882356
5877	6883356
5878	6884356
5879	6885356
5880	6886356
5881	6887356
5882	6888356
5883	6889356
5884	6890356
5885	6891356
5886	6892356
5887	6893356
5888	6894356
5889	6895356
5890	6896356
5891	6897356
5892	6898356
5893	6899356
5894	6900356
5895	6901356
5896	6902356
5897	6903356
5898	6904356
5899	6905356
5900	6906356
5901	6907356
5902	6908356
5903	6909356
5904	6910356
5905	6911352
5906	6912356
5907	6913356
5908	6914356
5909	6915356
5910	6916356
5911	6917356
5912	6918356
5913	6919356
5914	6920356
5915	6921356
5916	6922356
5917	6923356
5918	6924356
5919	6925356
5920	6926356
5921	6927356
5922	6928356
5923	6929356
5924	6930356
5925	6931356
5926	6932356
5927	6933356
5928	6934360
5929	6935356
5930	6936356
5931	6937356
5932	6938356
5933	6939356
5934	6940356
5935	6941356
5936	6942356
5937	6943356
5938	6944356
5939	6945356
5940	6946356
5941	6947356
5942	6948356
5943	6949356
5944	6950356
5945	6951356
5946	6952356
5947	6953356
5948	6954356
5949	6955356
5950	6956356
5951	6957356
5952	6958356
5953	6959356
5954	6960356
5955	6961356
5956	6962356
5957	6963356
5958	6964356
5959	6965356
5960	6966356
5961	6967356
5962	6968356
5963	6969356
5964	6970356
5965	6971356
5966	6972356
5967	6973356
5968	6974356
5969	6975356
5970	6976356
5971	6977356
5972	6978356
5973	6979356
5974	6980356
5975	6981356
5976	6982356
5977	6983356
5978	6984356
5979	6985356
5980	6986356
5981	6987356
5982	6988356
5983	6989356
5984	6990356
5985	6991356
5986	6992356
5987	6993356
5988	6994356
5989	6995356
5990	6996356
5991	6997356
5992	6998356
5993	6999356
5994	7000356
5995	7001356
5996	7002356
5997	7003356
5998	7004356
5999	7005356
6000	7006356
6001	7007356
6002	7008356
6003	7009356
6004	7010356
6005	7011356
6006	7012356
6007	7013356
6008	7014356
6009	7015356
6010	7016356
6011	7017356
6012	7018356
6013	7019356
6014	7020356
6015	7021356
6016	7022356
6017	7023356
6018	7024356
6019	7025356
6020	7026356
6021	7027356
6022	7028356
6023	7029356
6024	7030356
6025	7031356
6026	7032356
6027	7033356
6028	7034356
6029	7035356
6030	7036356
6031	7037356
6032	7038356
6033	7039356
6034	7040356
6035	7041356
6036	7042356
6037	7043356
6038	7044356
6039	7045356
6040	7046356
6041	7047356
6042	7048356
6043	7049356
6044	7050356
6045	7051356
6046	7052356
6047	7053356
6048	7054356
6049	7055356
6050	7056356
6051	7057356
6052	7058356
6053	7059356
6054	7060356
6055	7061356
6056	7062356
6057	7063356
6058	7064356
6059	7065356
6060	7066356
6061	7067356
6062	7068356
6063	7069356
6064	7070356
6065	7071356
6066	7072356
6067	7073356
6068	7074356
6069	7075356
6070	7076356
6071	7077356
6072	7078356
6073	7079356
6074	7080356
6075	7081356
6076	7082356
6077	7083356
6078	7084356
6079	7085356
6080	7086356
6081	7087356
6082	7088356
6083	7089356
6084	7090356
6085	7091356
6086	7092356
6087	7093356
6088	7094356
6089	7095356
6090	7096356
6091	7097356
6092	7098356
6093	7099356
6094	7100356
6095	7101356
6096	7102356
6097	7103356
6098	7104356
6099	7105356
6100	7106356
6101	7107356
6102	7108356
6103	7109356
6104	7110356
6105	7111356
6106	7112356
6107	7113356
6108	7114356
6109	7115356
6110	7116356
6111	7117356
6112	7118356
6113	7119356
6114	7120356
6115	7121356
6116	7122356
6117	7123356
6118	7124356
6119	7125356
6120	7126356
6121	7127356
6122	7128356
6123	7129356
6124	7130356
6125	7131356
6126	7132356
6127	7133356
6128	7134356
6129	7135356
6130	7136356
6131	7137356
6132	7138356
6133	7139356
6134	7140356
6135	7141356
6136	7142356
6137	7143356
6138	7144356
6139	7145356
6140	7146356
6141	7147356
6142	7148356
6143	7149356
6144	7150360
6145	7151356
6146	7152356
6147	7153356
6148	7154356
6149	7155356
6150	7156356
6151	7157356
6152	7158356
6153	7159356
6154	7160356
6155	7161356
6156	7162356
6157	7163356
6158	7164356
6159	7165356
6160	7166356
6161	7167352
6162	7168356
6163	7169356
6164	7170356
6165	7171356
6166	7172356
6167	7173356
6168	7174356
6169	7175356
6170	7176356
6171	7177356
6172	7178356
6173	7179356
6174	7180356
6175	7181356
6176	7182356
6177	7183356
6178	7184356
6179	7185356
6180	7186356
6181	7187356
6182	7188356
6183	7189356
6184	7190356
6185	7191356
6186	7192356
6187	7193356
6188	7194356
6189	7195356
6190	7196356
6191	7197356
6192	7198356
6193	7199356
6194	7200356
6195	7201356
6196	7202356
6197	7203356
6198	7204356
6199	7205356
6200	7206356
6201	7207356
6202	7208356
6203	7209356
6204	7210356
6205	7211356
6206	7212356
6207	7213356
6208	7214356
6209	7215356
6210	7216356
6211	7217356
6212	7218356
6213	7219356
6214	7220356
6215	7221356
6216	7222356
6217	7223356
6218	7224356
6219	7225356
6220	7226356
6221	7227356
6222	7228356
6223	7229356
6224	7230356
6225	7231356
6226	7232356
6227	7233356
6228	7234356
6229	7235356
6230	7236356
6231	7237356
6232	7238356
6233	7239356
6234	7240356
6235	7241356
6236	7242356
6237	7243356
6238	7244356
6239	7245356
6240	7246356
6241	7247356
6242	7248356
6243	7249356
6244	7250356
6245	7251356
6246	7252356
6247	7253356
6248	7254356
6249	7255356
6250	7256356
6251	7257356
6252	7258356
6253	7259356
6254	7260356
6255	7261356
6256	7262356
6257	7263356
6258	7264356
6259	7265356
6260	7266356
6261	7267356
6262	7268356
6263	7269356
6264	7270356
6265	7271356
6266	7272356
6267	7273356
6268	7274356
6269	7275356
6270	7276356
6271	7277356
6272	7278356
6273	7279356
6274	7280356
6275	7281356
6276	7282356
6277	7283356
6278	7284356
6279	7285356
6280	7286356
6281	7287356
6282	7288356
6283	7289356
6284	7290356
6285	7291356
6286	7292356
6287	7293356
6288	7294356
6289	7295356
6290	7296356
6291	7297356
6292	7298356
6293	7299356
6294	7300356
6295	7301356
6296	7302356
6297	7303356
6298	7304356
6299	7305356
6300	7306356
6301	7307356
6302	7308356
6303	7309356
6304	7310356
6305	7311356
6306	7312356
6307	7313356
6308	7314356
6309	7315356
6310	7316356
6311	7317356
6312	7318356
6313	7319356
6314	7320356
6315	7321356
6316	7322356
6317	7323356
6318	7324356
6319	7325356
6320	7326356
6321	7327356
6322	7328356
6323	7329356
6324	7330356
6325	7331356
6326	7332356
6327	7333356
6328	7334356
6329	7335356
6330	7336356
6331	7337356
6332	7338356
6333	7339356
6334	7340356
6335	7341356
6336	7342356
6337	7343356
6338	7344356
6339	7345356
6340	7346356
6341	7347356
6342	7348356
6343	7349356
6344	7350356
6345	7351356
6346	7352356
6347	7353356
6348	7354356
6349	7355356
6350	7356356
6351	7357356
6352	7358356
6353	7359356
6354	7360356
6355	7361356
6356	7362356
6357	7363356
6358	7364356
6359	7365356
6360	7366356
6361	7367356
6362	7368356
6363	7369356
6364	7370356
6365	7371356
6366	7372356
6367	7373356
6368	7374356
6369	7375356
6370	7376356
6371	7377356
6372	7378356
6373	7379356
6374	7380356
6375	7381356
6376	7382356
6377	7383356
6378	7384356
6379	7385356
6380	7386356
6381	7387356
6382	7388356
6383	7389356
6384	7390356
6385	7391356
6386	7392356
6387	7393356
6388	7394356
6389	7395356
6390	7396356
6391	7397356
6392	7398356
6393	7399356
6394	7400356
6395	7401356
6396	7402356
6397	7403356
6398	7404356
6399	7405356
6400	7406356
6401	7407356
6402	7408356
6403	7409356
6404	7410356
6405	7411356
6406	7412356
6407	7413356
6408	7414356
6409	7415356
6410	7416356
6411	7417356
6412	7418356
6413	7419356
6414	7420356
6415	7421356
6416	7422356
6417	7423348
6418	7424356
6419	7425356
6420	7426356
6421	7427356
6422	7428356
6423	7429356
6424	7430356
6425	7431356
6426	7432356
6427	7433356
6428	7434356
6429	7435356
6430	7436356
6431	7437356
6432	7438356
6433	7439356
6434	7440356
6435	7441356
6436	7442356
6437	7443356
6438	7444356
6439	7445356
6440	7446356
6441	7447356
6442	7448356
6443	7449356
6444	7450356
6445	7451356
6446	7452356
6447	7453356
6448	7454356
6449	7455356
6450	7456356
6451	7457356
6452	7458356
6453	7459356
6454	7460356
6455	7461356
6456	7462356
6457	7463356
6458	7464356
6459	7465356
6460	7466356
6461	7467356
6462	7468356
6463	7469356
6464	7470356
6465	7471356
6466	7472356
6467	7473356
6468	7474356
6469	7475356
6470	7476356
6471	7477356
6472	7478356
6473	7479356
6474	7480356
6475	7481356
6476	7482356
6477	7483356
6478	7484356
6479	7485356
6480	7486356
6481	7487356
6482	7488356
6483	7489356
6484	7490356
6485	7491356
6486	7492356
6487	7493356
6488	7494356
6489	7495356
6490	7496356
6491	7497356
6492	7498356
6493	7499356
6494	7500356
6495	7501356
6496	7502356
6497	7503356
6498	7504356
6499	7505356
6500	7506356
6501	7507356
6502	7508356
6503	7509356
6504	7510356
6505	7511356
6506	7512356
6507	7513356
6508	7514356
6509	7515356
6510	7516356
6511	7517356
6512	7518356
6513	7519356
6514	7520356
6515	7521356
6516	7522356
6517	7523356
6518	7524356
6519	7525356
6520	7526356
6521	7527356
6522	7528356
6523	7529356
6524	7530356
6525	7531356
6526	7532356
6527	7533356
6528	7534356
6529	7535356
6530	7536356
6531	7537356
6532	7538356
6533	7539356
6534	7540356
6535	7541356
6536	7542356
6537	7543356
6538	7544356
6539	7545356
6540	7546356
6541	7547356
6542	7548356
6543	7549356
6544	7550356
6545	7551356
6546	7552356
6547	7553356
6548	7554356
6549	7555356
6550	7556356
6551	7557356
6552	7558356
6553	7559356
6554	7560356
6555	7561356
6556	7562356
6557	7563356
6558	7564356
6559	7565356
6560	7566356
6561	7567356
6562	7568356
6563	7569356
6564	7570356
6565	7571356
6566	7572356
6567	7573356
6568	7574356
6569	7575356
6570	7576356
6571	7577356
6572	7578356
6573	7579356
6574	7580356
6575	7581356
6576	7582356
6577	7583356
6578	7584356
6579	7585356
6580	7586356
6581	7587356
6582	7588356
6583	7589356
6584	7590356
6585	7591356
6586	7592356
6587	7593356
6588	7594356
6589	7595356
6590	7596356
6591	7597356
6592	7598356
6593	7599356
6594	7600356
6595	7601356
6596	7602356
6597	7603356
6598	7604356
6599	7605356
6600	7606356
6601	7607356
6602	7608356
6603	7609356
6604	7610356
6605	7611356
6606	7612356
6607	7613356
6608	7614356
6609	7615356
6610	7616356
6611	7617356
6612	7618356
6613	7619356
6614	7620356
6615	7621356
6616	7622356
6617	7623356
6618	7624356
6619	7625356
6620	7626356
6621	7627356
6622	7628356
6623	7629356
6624	7630356
6625	7631356
6626	7632356
6627	7633356
6628	7634356
6629	7635356
6630	7636356
6631	7637356
6632	7638356
6633	7639356
6634	7640356
6635	7641356
6636	7642356
6637	7643356
6638	7644356
6639	7645356
6640	7646356
6641	7647356
6642	7648356
6643	7649356
6644	7650356
6645	7651356
6646	7652356
6647	7653356
6648	7654356
6649	7655356
6650	7656356
6651	7657356
6652	7658356
6653	7659356
6654	7660356
6655	7661356
6656	7662356
6657	7663356
6658	7664356
6659	7665356
6660	7666356
6661	7667356
6662	7668356
6663	7669356
6664	7670356
6665	7671356
6666	7672356
6667	7673356
6668	7674356
6669	7675356
6670	7676356
6671	7677356
6672	7678356
6673	7679352
6674	7680356
6675	7681356
6676	7682356
6677	7683356
6678	7684356
6679	7685356
6680	7686356
6681	7687356
6682	7688356
6683	7689356
6684	7690356
6685	7691356
6686	7692356
6687	7693356
6688	7694356
6689	7695356
6690	7696356
6691	7697356
6692	7698356
6693	7699356
6694	7700356
6695	7701356
6696	7702360
6697	7703356
6698	7704356
6699	7705356
6700	7706356
6701	7707356
6702	7708356
6703	7709356
6704	7710356
6705	7711356
6706	7712356
6707	7713356
6708	7714356
6709	7715356
6710	7716356
6711	7717356
6712	7718356
6713	7719356
6714	7720356
6715	7721356
6716	7722356
6717	7723356
6718	7724356
6719	7725356
6720	7726356
6721	7727356
6722	7728356
6723	7729356
6724	7730356
6725	7731356
6726	7732356
6727	7733356
6728	7734356
6729	7735356
6730	7736356
6731	7737356
6732	7738356
6733	7739356
6734	7740356
6735	7741356
6736	7742356
6737	7743356
6738	7744356
6739	7745356
6740	7746356
6741	7747356
6742	7748356
6743	7749356
6744	7750356
6745	7751356
6746	7752356
6747	7753356
6748	7754356
6749	7755356
6750	7756356
6751	7757356
6752	7758356
6753	7759356
6754	7760356
6755	7761356
6756	7762356
6757	7763356
6758	7764356
6759	7765356
6760	7766356
6761	7767356
6762	7768356
6763	7769356
6764	7770356
6765	7771356
6766	7772356
6767	7773356
6768	7774356
6769	7775356
6770	7776356
6771	7777356
6772	7778356
6773	7779356
6774	7780356
6775	7781356
6776	7782356
6777	7783356
6778	7784356
6779	7785356
6780	7786356
6781	7787356
6782	7788356
6783	7789356
6784	7790356
6785	7791356
6786	7792356
6787	7793356
6788	7794356
6789	7795356
6790	7796356
6791	7797356
6792	7798356
6793	7799356
6794	7800356
6795	7801356
6796	7802356
6797	7803356
6798	7804356
6799	7805356
6800	7806356
6801	7807356
6802	7808356
6803	7809356
6804	7810356
6805	7811356
6806	7812356
6807	7813356
6808	7814356
6809	7815356
6810	7816356
6811	7817356
6812	7818356
6813	7819356
6814	7820356
6815	7821356
6816	7822356
6817	7823356
6818	7824356
6819	7825356
6820	7826356
6821	7827356
6822	7828356
6823	7829356
6824	7830356
6825	7831356
6826	7832356
6827	7833356
6828	7834356
6829	7835356
6830	7836356
6831	7837356
6832	7838356
6833	7839356
6834	7840356
6835	7841356
6836	7842356
6837	7843356
6838	7844356
6839	7845356
6840	7846356
6841	7847356
6842	7848356
6843	7849356
6844	7850356
6845	7851356
6846	7852356
6847	7853356
6848	7854356
6849	7855356
6850	7856356
6851	7857356
6852	7858356
6853	7859356
6854	7860356
6855	7861356
6856	7862356
6857	7863356
6858	7864356
6859	7865356
6860	7866356
6861	7867356
6862	7868356
6863	7869356
6864	7870356
6865	7871356
6866	7872356
6867	7873356
6868	7874356
6869	7875356
6870	7876356
6871	7877356
6872	7878356
6873	7879356
6874	7880356
6875	7881356
6876	7882356
6877	7883356
6878	7884356
6879	7885356
6880	7886356
6881	7887356
6882	7888356
6883	7889356
6884	7890356
6885	7891356
6886	7892356
6887	7893356
6888	7894356
6889	7895356
6890	7896356
6891	7897356
6892	7898356
6893	7899356
6894	7900356
6895	7901356
6896	7902356
6897	7903356
6898	7904356
6899	7905356
6900	7906356
6901	7907356
6902	7908356
6903	7909356
6904	7910356
6905	7911356
6906	7912356
6907	7913356
6908	7914356
6909	7915356
6910	7916356
6911	7917356
6912	7918356
6913	7919356
6914	7920356
6915	7921356
6916	7922356
6917	7923356
6918	7924356
6919	7925356
6920	7926356
6921	7927356
6922	7928356
6923	7929356
6924	7930356
6925	7931356
6926	7932356
6927	7933356
6928	7934356
6929	7935352
6930	7936356
6931	7937356
6932	7938356
6933	7939356
6934	7940356
6935	7941356
6936	7942356
6937	7943356
6938	7944356
6939	7945356
6940	7946356
6941	7947356
6942	7948356
6943	7949356
6944	7950356
6945	7951356
6946	7952356
6947	7953356
6948	7954356
6949	7955356
6950	7956356
6951	7957356
6952	7958360
6953	7959356
6954	7960356
6955	7961356
6956	7962356
6957	7963356
6958	7964356
6959	7965356
6960	7966356
6961	7967356
6962	7968356
6963	7969356
6964	7970356
6965	7971356
6966	7972356
6967	7973356
6968	7974356
6969	7975356
6970	7976356
6971	7977356
6972	7978356
6973	7979356
6974	7980356
6975	7981356
6976	7982356
6977	7983356
6978	7984356
6979	7985356
6980	7986356
6981	7987356
6982	7988356
6983	7989356
6984	7990356
6985	7991356
6986	7992356
6987	7993356
6988	7994356
6989	7995356
6990	7996356
6991	7997356
6992	7998356
6993	7999356
6994	8000356
6995	8001356
6996	8002356
6997	8003356
6998	8004356
6999	8005356
7000	8006356
7001	8007356
7002	8008356
7003	8009356
7004	8010356
7005	8011356
7006	8012356
7007	8013356
7008	8014356
7009	8015356
7010	8016356
7011	8017356
7012	8018356
7013	8019356
7014	8020356
7015	8021356
7016	8022356
7017	8023356
7018	8024356
7019	8025356
7020	8026356
7021	8027356
7022	8028356
7023	8029356
7024	8030356
7025	8031356
7026	8032356
7027	8033356
7028	8034356
7029	8035356
7030	8036356
7031	8037356
7032	8038356
7033	8039356
7034	8040356
7035	8041356
7036	8042356
7037	8043356
7038	8044356
7039	8045356
7040	8046356
7041	8047356
7042	8048356
7043	8049356
7044	8050356
7045	8051356
7046	8052356
7047	8053356
7048	8054356
7049	8055356
7050	8056356
7051	8057356
7052	8058356
7053	8059356
7054	8060356
7055	8061356
7056	8062356
7057	8063356
7058	8064356
7059	8065356
7060	8066356
7061	8067356
7062	8068356
7063	8069356
7064	8070356
7065	8071356
7066	8072356
7067	8073356
7068	8074356
7069	8075356
7070	8076356
7071	8077356
7072	8078356
7073	8079356
7074	8080356
7075	8081356
7076	8082356
7077	8083356
7078	8084356
7079	8085356
7080	8086356
7081	8087356
7082	8088356
7083	8089356
7084	8090356
7085	8091356
7086	8092356
7087	8093356
7088	8094356
7089	8095356
7090	8096356
7091	8097356
7092	8098356
7093	8099356
7094	8100356
7095	8101356
7096	8102356
7097	8103356
7098	8104356
7099	8105356
7100	8106356
7101	8107356
7102	8108356
7103	8109356
7104	8110356
7105	8111356
7106	8112356
7107	8113356
7108	8114356
7109	8115356
7110	8116356
7111	8117356
7112	8118356
7113	8119356
7114	8120356
7115	8121356
7116	8122356
7117	8123356
7118	8124356
7119	8125356
7120	8126356
7121	8127356
7122	8128356
7123	8129356
7124	8130356
7125	8131356
7126	8132356
7127	8133356
7128	8134356
7129	8135356
7130	8136356
7131	8137356
7132	8138356
7133	8139356
7134	8140356
7135	8141356
7136	8142356
7137	8143356
7138	8144356
7139	8145356
7140	8146356
7141	8147356
7142	8148356
7143	8149356
7144	8150356
7145	8151356
7146	8152356
7147	8153356
7148	8154356
7149	8155356
7150	8156356
7151	8157356
7152	8158356
7153	8159356
7154	8160356
7155	8161356
7156	8162356
7157	8163356
7158	8164356
7159	8165356
7160	8166356
7161	8167356
7162	8168356
7163	8169356
7164	8170356
7165	8171356
7166	8172356
7167	8173356
7168	8174360
7169	8175356
7170	8176356
7171	8177356
7172	8178356
7173	8179356
7174	8180356
7175	8181356
7176	8182356
7177	8183356
7178	8184356
7179	8185356
7180	8186356
7181	8187356
7182	8188356
7183	8189356
7184	8190356
7185	8191352
7186	8192356
7187	8193356
7188	8194356
7189	8195356
7190	8196356
7191	8197356
7192	8198356
7193	8199356
7194	8200356
7195	8201356
7196	8202356
7197	8203356
7198	8204356
7199	8205356
7200	8206356
7201	8207356
7202	8208356
7203	8209356
7204	8210356
7205	8211356
7206	8212356
7207	8213356
7208	8214356
7209	8215356
7210	8216356
7211	8217356
7212	8218356
7213	8219356
7214	8220356
7215	8221356
7216	8222356
7217	8223356
7218	8224356
7219	8225356
7220	8226356
7221	8227356
7222	8228356
7223	8229356
7224	8230356
7225	8231356
7226	8232356
7227	8233356
7228	8234356
7229	8235356
7230	8236356
7231	8237356
7232	8238356
7233	8239356
7234	8240356
7235	8241356
7236	8242356
7237	8243356
7238	8244356
7239	8245356
7240	8246356
7241	8247356
7242	8248356
7243	8249356
7244	8250356
7245	8251356
7246	8252356
7247	8253356
7248	8254356
7249	8255356
7250	8256356
7251	8257356
7252	8258356
7253	8259356
7254	8260356
7255	8261356
7256	8262356
7257	8263356
7258	8264356
7259	8265356
7260	8266356
7261	8267356
7262	8268356
7263	8269356
7264	8270356
7265	8271356
7266	8272356
7267	8273356
7268	8274356
7269	8275356
7270	8276356
7271	8277356
7272	8278356
7273	8279356
7274	8280356
7275	8281356
7276	8282356
7277	8283356
7278	8284356
7279	8285356
7280	8286356
7281	8287356
7282	8288356
7283	8289356
7284	8290356
7285	8291356
7286	8292356
7287	8293356
7288	8294356
7289	8295356
7290	8296356
7291	8297356
7292	8298356
7293	8299356
7294	8300356
7295	8301356
7296	8302356
7297	8303356
7298	8304356
7299	8305356
7300	8306356
7301	8307356
7302	8308356
7303	8309356
7304	8310356
7305	8311356
7306	8312356
7307	8313356
7308	8314356
7309	8315356
7310	8316356
7311	8317356
7312	8318356
7313	8319356
7314	8320356
7315	8321356
7316	8322356
7317	8323356
7318	8324356
7319	8325356
7320	8326356
7321	8327356
7322	8328356
7323	8329356
7324	8330356
7325	8331356
7326	8332356
7327	8333356
7328	8334356
7329	8335356
7330	8336356
7331	8337356
7332	8338356
7333	8339356
7334	8340356
7335	8341356
7336	8342356
7337	8343356
7338	8344356
7339	8345356
7340	8346356
7341	8347356
7342	8348356
7343	8349356
7344	8350356
7345	8351356
7346	8352356
7347	8353356
7348	8354356
7349	8355356
7350	8356356
7351	8357356
7352	8358356
7353	8359356
7354	8360356
7355	8361356
7356	8362356
7357	8363356
7358	8364356
7359	8365356
7360	8366356
7361	8367356
7362	8368356
7363	8369356
7364	8370356
7365	8371356
7366	8372356
7367	8373356
7368	8374356
7369	8375356
7370	8376356
7371	8377356
7372	8378356
7373	8379356
7374	8380356
7375	8381356
7376	8382356
7377	8383356
7378	8384356
7379	8385356
7380	8386356
7381	8387356
7382	8388356
7383	8389356
7384	8390356
7385	8391356
7386	8392356
7387	8393356
7388	8394356
7389	8395356
7390	8396356
7391	8397356
7392	8398356
7393	8399356
7394	8400356
7395	8401356
7396	8402356
7397	8403356
7398	8404356
7399	8405356
7400	8406356
7401	8407356
7402	8408356
7403	8409356
7404	8410356
7405	8411356
7406	8412356
7407	8413356
7408	8414356
7409	8415356
7410	8416356
7411	8417356
7412	8418356
7413	8419356
7414	8420356
7415	8421356
7416	8422356
7417	8423356
7418	8424356
7419	8425356
7420	8426356
7421	8427356
7422	8428356
7423	8429356
7424	8430356
7425	8431356
7426	8432356
7427	8433356
7428	8434356
7429	8435356
7430	8436356
7431	8437356
7432	8438356
7433	8439356
7434	8440356
7435	8441356
7436	8442356
7437	8443356
7438	8444356
7439	8445356
7440	8446356
7441	8447348
7442	8448356
7443	8449356
7444	8450356
7445	8451356
7446	8452356
7447	8453356
7448	8454356
7449	8455356
7450	8456356
7451	8457356
7452	8458356
7453	8459356
7454	8460356
7455	8461356
7456	8462356
7457	8463356
7458	8464356
7459	8465356
7460	8466356
7461	8467356
7462	8468356
7463	8469356
7464	8470356
7465	8471356
7466	8472356
7467	8473356
7468	8474356
7469	8475356
7470	8476356
7471	8477356
7472	8478356
7473	8479356
7474	8480356
7475	8481356
7476	8482356
7477	8483356
7478	8484356
7479	8485356
7480	8486356
7481	8487356
7482	8488356
7483	8489356
7484	8490356
7485	8491356
7486	8492356
7487	8493356
7488	8494356
7489	8495356
7490	8496356
7491	8497356
7492	8498356
7493	8499356
7494	8500356
7495	8501356
7496	8502356
7497	8503356
7498	8504356
7499	8505356
7500	8506356
7501	8507356
7502	8508356
7503	8509356
7504	8510356
7505	8511356
7506	8512356
7507	8513356
7508	8514356
7509	8515356
7510	8516356
7511	8517356
7512	8518356
7513	8519356
7514	8520356
7515	8521356
7516	8522356
7517	8523356
7518	8524356
7519	8525356
7520	8526356
7521	8527356
7522	8528356
7523	8529356
7524	8530356
7525	8531356
7526	8532356
7527	8533356
7528	8534356
7529	8535356
7530	8536356
7531	8537356
7532	8538356
7533	8539356
7534	8540356
7535	8541356
7536	8542356
7537	8543356
7538	8544356
7539	8545356
7540	8546356
7541	8547356
7542	8548356
7543	8549356
7544	8550356
7545	8551356
7546	8552356
7547	8553356
7548	8554356
7549	8555356
7550	8556356
7551	8557356
7552	8558356
7553	8559356
7554	8560356
7555	8561356
7556	8562356
7557	8563356
7558	8564356
7559	8565356
7560	8566356
7561	8567356
7562	8568356
7563	8569356
7564	8570356
7565	8571356
7566	8572356
7567	8573356
7568	8574356
7569	8575356
7570	8576356
7571	8577356
7572	8578356
7573	8579356
7574	8580356
7575	8581356
7576	8582356
7577	8583356
7578	8584356
7579	8585356
7580	8586356
7581	8587356
7582	8588356
7583	8589356
7584	8590356
7585	8591356
7586	8592356
7587	8593356
7588	8594356
7589	8595356
7590	8596356
7591	8597356
7592	8598356
7593	8599356
7594	8600356
7595	8601356
7596	8602356
7597	8603356
7598	8604356
7599	8605356
7600	8606356
7601	8607356
7602	8608356
7603	8609356
7604	8610356
7605	8611356
7606	8612356
7607	8613356
7608	8614356
7609	8615356
7610	8616356
7611	8617356
7612	8618356
7613	8619356
7614	8620356
7615	8621356
7616	8622356
7617	8623356
7618	8624356
7619	8625356
7620	8626356
7621	8627356
7622	8628356
7623	8629356
7624	8630356
7625	8631356
7626	8632356
7627	8633356
7628	8634356
7629	8635356
7630	8636356
7631	8637356
7632	8638356
7633	8639356
7634	8640356
7635	8641356
7636	8642356
7637	8643356
7638	8644356
7639	8645356
7640	8646356
7641	8647356
7642	8648356
7643	8649356
7644	8650356
7645	8651356
7646	8652356
7647	8653356
7648	8654356
7649	8655356
7650	8656356
7651	8657356
7652	8658356
7653	8659356
7654	8660356
7655	8661356
7656	8662356
7657	8663356
7658	8664356
7659	8665356
7660	8666356
7661	8667356
7662	8668356
7663	8669356
7664	8670356
7665	8671356
7666	8672356
7667	8673356
7668	8674356
7669	8675356
7670	8676356
7671	8677356
7672	8678356
7673	8679356
7674	8680356
7675	8681356
7676	8682356
7677	8683356
7678	8684356
7679	8685356
7680	8686356
7681	8687356
7682	8688356
7683	8689356
7684	8690356
7685	8691356
7686	8692356
7687	8693356
7688	8694356
7689	8695356
7690	8696356
7691	8697356
7692	8698356
7693	8699356
7694	8700356
7695	8701356
7696	8702356
7697	8703348
7698	8704356
7699	8705356
7700	8706356
7701	8707356
7702	8708356
7703	8709356
7704	8710356
7705	8711356
7706	8712356
7707	8713356
7708	8714356
7709	8715356
7710	8716356
7711	8717356
7712	8718356
7713	8719356
7714	8720356
7715	8721356
7716	8722356
7717	8723356
7718	8724356
7719	8725356
7720	8726356
7721	8727356
7722	8728356
7723	8729356
7724	8730356
7725	8731356
7726	8732356
7727	8733356
7728	8734356
7729	8735356
7730	8736356
7731	8737356
7732	8738356
7733	8739356
7734	8740356
7735	8741356
7736	8742356
7737	8743356
7738	8744356
7739	8745356
7740	8746356
7741	8747356
7742	8748356
7743	8749356
7744	8750356
7745	8751356
7746	8752356
7747	8753356
7748	8754356
7749	8755356
7750	8756356
7751	8757356
7752	8758356
7753	8759356
7754	8760356
7755	8761356
7756	8762356
7757	8763356
7758	8764356
7759	8765356
7760	8766356
7761	8767356
7762	8768356
7763	8769356
7764	8770356
7765	8771356
7766	8772356
7767	8773356
7768	8774356
7769	8775356
7770	8776356
7771	8777356
7772	8778356
7773	8779356
7774	8780356
7775	8781356
7776	8782356
7777	8783356
7778	8784356
7779	8785356
7780	8786356
7781	8787356
7782	8788356
7783	8789356
7784	8790356
7785	8791356
7786	8792356
7787	8793356
7788	8794356
7789	8795356
7790	8796356
7791	8797356
7792	8798356
7793	8799356
7794	8800356
7795	8801356
7796	8802356
7797	8803356
7798	8804356
7799	8805356
7800	8806356
7801	8807356
7802	8808356
7803	8809356
7804	8810356
7805	8811356
7806	8812356
7807	8813356
7808	8814356
7809	8815356
7810	8816356
7811	8817356
7812	8818356
7813	8819356
7814	8820356
7815	8821356
7816	8822356
7817	8823356
7818	8824356
7819	8825356
7820	8826356
7821	8827356
7822	8828356
7823	8829356
7824	8830356
7825	8831356
7826	8832356
7827	8833356
7828	8834356
7829	8835356
7830	8836356
7831	8837356
7832	8838356
7833	8839356
7834	8840356
7835	8841356
7836	8842356
7837	8843356
7838	8844356
7839	8845356
7840	8846356
7841	8847356
7842	8848356
7843	8849356
7844	8850356
7845	8851356
7846	8852356
7847	8853356
7848	8854356
7849	8855356
7850	8856356
7851	8857356
7852	8858356
7853	8859356
7854	8860356
7855	8861356
7856	8862356
7857	8863356
7858	8864356
7859	8865356
7860	8866356
7861	8867356
7862	8868356
7863	8869356
7864	8870356
7865	8871356
7866	8872356
7867	8873356
7868	8874356
7869	8875356
7870	8876356
7871	8877356
7872	8878356
7873	8879356
7874	8880356
7875	8881356
7876	8882356
7877	8883356
7878	8884356
7879	8885356
7880	8886356
7881	8887356
7882	8888356
7883	8889356
7884	8890356
7885	8891356
7886	8892356
7887	8893356
7888	8894356
7889	8895356
7890	8896356
7891	8897356
7892	8898356
7893	8899356
7894	8900356
7895	8901356
7896	8902356
7897	8903356
7898	8904356
7899	8905356
7900	8906356
7901	8907356
7902	8908356
7903	8909356
7904	8910356
7905	8911356
7906	8912356
7907	8913356
7908	8914356
7909	8915356
7910	8916356
7911	8917356
7912	8918356
7913	8919356
7914	8920356
7915	8921356
7916	8922356
7917	8923356
7918	8924356
7919	8925356
7920	8926356
7921	8927356
7922	8928356
7923	8929356
7924	8930356
7925	8931356
7926	8932356
7927	8933356
7928	8934356
7929	8935356
7930	8936356
7931	8937356
7932	8938356
7933	8939356
7934	8940356
7935	8941356
7936	8942356
7937	8943356
7938	8944356
7939	8945356
7940	8946356
7941	8947356
7942	8948356
7943	8949356
7944	8950356
7945	8951356
7946	8952356
7947	8953356
7948	8954356
7949	8955356
7950	8956356
7951	8957356
7952	8958356
7953	8959352
7954	8960356
7955	8961356
7956	8962356
7957	8963356
7958	8964356
7959	8965356
7960	8966356
7961	8967356
7962	8968356
7963	8969356
7964	8970356
7965	8971356
7966	8972356
7967	8973356
7968	8974356
7969	8975356
7970	8976356
7971	8977356
7972	8978356
7973	8979356
7974	8980356
7975	8981356
7976	8982356
7977	8983356
7978	8984356
7979	8985356
7980	8986356
7981	8987356
7982	8988356
7983	8989356
7984	8990356
7985	8991356
7986	8992356
7987	8993356
7988	8994356
7989	8995356
7990	8996356
7991	8997356
7992	8998356
7993	8999356
7994	9000356
7995	9001356
7996	9002356
7997	9003356
7998	9004356
7999	9005356
8000	9006356
8001	9007356
8002	9008356
8003	9009356
8004	9010356
8005	9011356
8006	9012356
8007	9013356
8008	9014356
8009	9015356
8010	9016356
8011	9017356
8012	9018356
8013	9019356
8014	9020356
8015	9021356
8016	9022356
8017	9023356
8018	9024356
8019	9025356
8020	9026356
8021	9027356
8022	9028356
8023	9029356
8024	9030356
8025	9031356
8026	9032356
8027	9033356
8028	9034356
8029	9035356
8030	9036356
8031	9037356
8032	9038356
8033	9039356
8034	9040356
8035	9041356
8036	9042356
8037	9043356
8038	9044356
8039	9045356
8040	9046356
8041	9047356
8042	9048356
8043	9049356
8044	9050356
8045	9051356
8046	9052356
8047	9053356
8048	9054356
8049	9055356
8050	9056356
8051	9057356
8052	9058356
8053	9059356
8054	9060356
8055	9061356
8056	9062356
8057	9063356
8058	9064356
8059	9065356
8060	9066356
8061	9067356
8062	9068356
8063	9069356
8064	9070356
8065	9071356
8066	9072356
8067	9073356
8068	9074356
8069	9075356
8070	9076356
8071	9077356
8072	9078356
8073	9079356
8074	9080356
8075	9081356
8076	9082356
8077	9083356
8078	9084356
8079	9085356
8080	9086356
8081	9087356
8082	9088356
8083	9089356
8084	9090356
8085	9091356
8086	9092356
8087	9093356
8088	9094356
8089	9095356
8090	9096356
8091	9097356
8092	9098356
8093	9099356
8094	9100356
8095	9101356
8096	9102356
8097	9103356
8098	9104356
8099	9105356
8100	9106356
8101	9107356
8102	9108356
8103	9109356
8104	9110356
8105	9111356
8106	9112356
8107	9113356
8108	9114356
8109	9115356
8110	9116356
8111	9117356
8112	9118356
8113	9119356
8114	9120356
8115	9121356
8116	9122356
8117	9123356
8118	9124356
8119	9125356
8120	9126356
8121	9127356
8122	9128356
8123	9129356
8124	9130356
8125	9131356
8126	9132356
8127	9133356
8128	9134356
8129	9135356
8130	9136356
8131	9137356
8132	9138356
8133	9139356
8134	9140356
8135	9141356
8136	9142356
8137	9143356
8138	9144356
8139	9145356
8140	9146356
8141	9147356
8142	9148356
8143	9149356
8144	9150356
8145	9151356
8146	9152356
8147	9153356
8148	9154356
8149	9155356
8150	9156356
8151	9157356
8152	9158356
8153	9159356
8154	9160356
8155	9161356
8156	9162356
8157	9163356
8158	9164356
8159	9165356
8160	9166356
8161	9167356
8162	9168356
8163	9169356
8164	9170356
8165	9171356
8166	9172356
8167	9173356
8168	9174356
8169	9175356
8170	9176356
8171	9177356
8172	9178356
8173	9179356
8174	9180356
8175	9181356
8176	9182356
8177	9183356
8178	9184356
8179	9185356
8180	9186356
8181	9187356
8182	9188356
8183	9189356
8184	9190356
8185	9191356
8186	9192356
8187	9193356
8188	9194356
8189	9195356
8190	9196356
8191	9197356
8192	9198356
8193	9199356
8194	9200356
8195	9201356
8196	9202356
8197	9203356
8198	9204356
8199	9205356
8200	9206356
8201	9207356
8202	9208356
8203	9209356
8204	9210356
8205	9211356
8206	9212356
8207	9213356
8208	9214356
8209	9215348
8210	9216356
8211	9217356
8212	9218356
8213	9219356
8214	9220356
8215	9221356
8216	9222356
8217	9223356
8218	9224356
8219	9225356
8220	9226356
8221	9227356
8222	9228356
8223	9229356
8224	9230356
8225	9231356
8226	9232356
8227	9233356
8228	9234356
8229	9235356
8230	9236356
8231	9237356
8232	9238356
8233	9239356
8234	9240356
8235	9241356
8236	9242356
8237	9243356
8238	9244356
8239	9245356
8240	9246356
8241	9247356
8242	9248356
8243	9249356
8244	9250356
8245	9251356
8246	9252356
8247	9253356
8248	9254356
8249	9255356
8250	9256356
8251	9257356
8252	9258356
8253	9259356
8254	9260356
8255	9261356
8256	9262356
8257	9263356
8258	9264356
8259	9265356
8260	9266356
8261	9267356
8262	9268356
8263	9269356
8264	9270356
8265	9271356
8266	9272356
8267	9273356
8268	9274356
8269	9275356
8270	9276356
8271	9277356
8272	9278356
8273	9279356
8274	9280356
8275	9281356
8276	9282356
8277	9283356
8278	9284356
8279	9285356
8280	9286356
8281	9287356
8282	9288356
8283	9289356
8284	9290356
8285	9291356
8286	9292356
8287	9293356
8288	9294356
8289	9295356
8290	9296356
8291	9297356
8292	9298356
8293	9299356
8294	9300356
8295	9301356
8296	9302356
8297	9303356
8298	9304356
8299	9305356
8300	9306356
8301	9307356
8302	9308356
8303	9309356
8304	9310356
8305	9311356
8306	9312356
8307	9313356
8308	9314356
8309	9315356
8310	9316356
8311	9317356
8312	9318356
8313	9319356
8314	9320356
8315	9321356
8316	9322356
8317	9323356
8318	9324356
8319	9325356
8320	9326356
8321	9327356
8322	9328356
8323	9329356
8324	9330356
8325	9331356
8326	9332356
8327	9333356
8328	9334356
8329	9335356
8330	9336356
8331	9337356
8332	9338356
8333	9339356
8334	9340356
8335	9341356
8336	9342356
8337	9343356
8338	9344356
8339	9345356
8340	9346356
8341	9347356
8342	9348356
8343	9349356
8344	9350356
8345	9351356
8346	9352356
8347	9353356
8348	9354356
8349	9355356
8350	9356356
8351	9357356
8352	9358356
8353	9359356
8354	9360356
8355	9361356
8356	9362356
8357	9363356
8358	9364356
8359	9365356
8360	9366356
8361	9367356
8362	9368356
8363	9369356
8364	9370356
8365	9371356
8366	9372356
8367	9373356
8368	9374356
8369	9375356
8370	9376356
8371	9377356
8372	9378356
8373	9379356
8374	9380356
8375	9381356
8376	9382356
8377	9383356
8378	9384356
8379	9385356
8380	9386356
8381	9387356
8382	9388356
8383	9389356
8384	9390356
8385	9391356
8386	9392356
8387	9393356
8388	9394356
8389	9395356
8390	9396356
8391	9397356
8392	9398356
8393	9399356
8394	9400356
8395	9401356
8396	9402356
8397	9403356
8398	9404356
8399	9405356
8400	9406356
8401	9407356
8402	9408356
8403	9409356
8404	9410356
8405	9411356
8406	9412356
8407	9413356
8408	9414356
8409	9415356
8410	9416356
8411	9417356
8412	9418356
8413	9419356
8414	9420356
8415	9421356
8416	9422356
8417	9423356
8418	9424356
8419	9425356
8420	9426356
8421	9427356
8422	9428356
8423	9429356
8424	9430356
8425	9431356
8426	9432356
8427	9433356
8428	9434356
8429	9435356
8430	9436356
8431	9437356
8432	9438356
8433	9439356
8434	9440356
8435	9441356
8436	9442356
8437	9443356
8438	9444356
8439	9445356
8440	9446356
8441	9447356
8442	9448356
8443	9449356
8444	9450356
8445	9451356
8446	9452356
8447	9453356
8448	9454356
8449	9455356
8450	9456356
8451	9457356
8452	9458356
8453	9459356
8454	9460356
8455	9461356
8456	9462356
8457	9463356
8458	9464356
8459	9465356
8460	9466356
8461	9467356
8462	9468356
8463	9469356
8464	9470356
8465	9471348
8466	9472356
8467	9473356
8468	9474356
8469	9475356
8470	9476356
8471	9477356
8472	9478356
8473	9479356
8474	9480356
8475	9481356
8476	9482356
8477	9483356
8478	9484356
8479	9485356
8480	9486356
8481	9487356
8482	9488356
8483	9489356
8484	9490356
8485	9491356
8486	9492356
8487	9493356
8488	9494356
8489	9495356
8490	9496356
8491	9497356
8492	9498356
8493	9499356
8494	9500356
8495	9501356
8496	9502356
8497	9503356
8498	9504356
8499	9505356
8500	9506356
8501	9507356
8502	9508356
8503	9509356
8504	9510356
8505	9511356
8506	9512356
8507	9513356
8508	9514356
8509	9515356
8510	9516356
8511	9517356
8512	9518356
8513	9519356
8514	9520356
8515	9521356
8516	9522356
8517	9523352
8518	9524356
8519	9525356
8520	9526356
8521	9527356
8522	9528356
8523	9529356
8524	9530356
8525	9531356
8526	9532356
8527	9533356
8528	9534356
8529	9535356
8530	9536356
8531	9537356
8532	9538356
8533	9539356
8534	9540356
8535	9541356
8536	9542356
8537	9543356
8538	9544356
8539	9545356
8540	9546356
8541	9547356
8542	9548356
8543	9549356
8544	9550356
8545	9551356
8546	9552356
8547	9553356
8548	9554356
8549	9555356
8550	9556356
8551	9557356
8552	9558356
8553	9559356
8554	9560356
8555	9561356
8556	9562356
8557	9563356
8558	9564356
8559	9565356
8560	9566356
8561	9567356
8562	9568356
8563	9569356
8564	9570356
8565	9571356
8566	9572356
8567	9573356
8568	9574356
8569	9575356
8570	9576356
8571	9577356
8572	9578356
8573	9579356
8574	9580356
8575	9581356
8576	9582356
8577	9583356
8578	9584356
8579	9585356
8580	9586356
8581	9587356
8582	9588356
8583	9589356
8584	9590356
8585	9591356
8586	9592356
8587	9593356
8588	9594356
8589	9595356
8590	9596356
8591	9597356
8592	9598356
8593	9599356
8594	9600356
8595	9601356
8596	9602356
8597	9603356
8598	9604356
8599	9605356
8600	9606356
8601	9607356
8602	9608356
8603	9609356
8604	9610356
8605	9611356
8606	9612356
8607	9613356
8608	9614356
8609	9615356
8610	9616356
8611	9617356
8612	9618356
8613	9619356
8614	9620356
8615	9621356
8616	9622356
8617	9623356
8618	9624356
8619	9625356
8620	9626356
8621	9627356
8622	9628356
8623	9629356
8624	9630356
8625	9631356
8626	9632356
8627	9633356
8628	9634356
8629	9635356
8630	9636356
8631	9637356
8632	9638356
8633	9639356
8634	9640356
8635	9641356
8636	9642356
8637	9643356
8638	9644356
8639	9645356
8640	9646356
8641	9647356
8642	9648356
8643	9649356
8644	9650356
8645	9651356
8646	9652356
8647	9653356
8648	9654356
8649	9655356
8650	9656356
8651	9657356
8652	9658356
8653	9659356
8654	9660356
8655	9661356
8656	9662356
8657	9663356
8658	9664356
8659	9665356
8660	9666356
8661	9667356
8662	9668356
8663	9669356
8664	9670356
8665	9671356
8666	9672356
8667	9673356
8668	9674356
8669	9675356
8670	9676356
8671	9677356
8672	9678356
8673	9679356
8674	9680356
8675	9681356
8676	9682356
8677	9683356
8678	9684356
8679	9685356
8680	9686356
8681	9687356
8682	9688356
8683	9689356
8684	9690356
8685	9691356
8686	9692356
8687	9693356
8688	9694356
8689	9695356
8690	9696356
8691	9697356
8692	9698356
8693	9699356
8694	9700356
8695	9701356
8696	9702356
8697	9703356
8698	9704356
8699	9705356
8700	9706356
8701	9707356
8702	9708356
8703	9709356
8704	9710356
8705	9711356
8706	9712356
8707	9713356
8708	9714356
8709	9715356
8710	9716356
8711	9717356
8712	9718356
8713	9719356
8714	9720356
8715	9721356
8716	9722356
8717	9723356
8718	9724356
8719	9725356
8720	9726356
8721	9727348
8722	9728356
8723	9729356
8724	9730356
8725	9731356
8726	9732356
8727	9733356
8728	9734356
8729	9735356
8730	9736356
8731	9737356
8732	9738356
8733	9739356
8734	9740356
8735	9741356
8736	9742356
8737	9743356
8738	9744356
8739	9745356
8740	9746356
8741	9747356
8742	9748356
8743	9749356
8744	9750356
8745	9751356
8746	9752356
8747	9753356
8748	9754356
8749	9755356
8750	9756356
8751	9757356
8752	9758356
8753	9759356
8754	9760356
8755	9761356
8756	9762356
8757	9763356
8758	9764356
8759	9765356
8760	9766356
8761	9767356
8762	9768356
8763	9769356
8764	9770356
8765	9771356
8766	9772356
8767	9773356
8768	9774356
8769	9775356
8770	9776356
8771	9777356
8772	9778356
8773	9779356
8774	9780356
8775	9781356
8776	9782356
8777	9783356
8778	9784356
8779	9785356
8780	9786356
8781	9787356
8782	9788356
8783	9789356
8784	9790356
8785	9791356
8786	9792356
8787	9793356
8788	9794356
8789	9795356
8790	9796356
8791	9797356
8792	9798356
8793	9799356
8794	9800356
8795	9801356
8796	9802356
8797	9803356
8798	9804356
8799	9805356
8800	9806356
8801	9807356
8802	9808356
8803	9809356
8804	9810356
8805	9811356
8806	9812356
8807	9813356
8808	9814356
8809	9815356
8810	9816356
8811	9817356
8812	9818356
8813	9819356
8814	9820356
8815	9821356
8816	9822356
8817	9823356
8818	9824356
8819	9825356
8820	9826356
8821	9827356
8822	9828356
8823	9829356
8824	9830356
8825	9831356
8826	9832356
8827	9833356
8828	9834356
8829	9835356
8830	9836356
8831	9837356
8832	9838356
8833	9839356
8834	9840356
8835	9841356
8836	9842356
8837	9843356
8838	9844356
8839	9845356
8840	9846356
8841	9847356
8842	9848356
8843	9849356
8844	9850356
8845	9851356
8846	9852356
8847	9853356
8848	9854356
8849	9855356
8850	9856356
8851	9857356
8852	9858356
8853	9859356
8854	9860356
8855	9861356
8856	9862356
8857	9863356
8858	9864356
8859	9865356
8860	9866356
8861	9867356
8862	9868356
8863	9869356
8864	9870356
8865	9871356
8866	9872356
8867	9873356
8868	9874356
8869	9875356
8870	9876356
8871	9877356
8872	9878356
8873	9879356
8874	9880356
8875	9881356
8876	9882356
8877	9883356
8878	9884356
8879	9885356
8880	9886356
8881	9887356
8882	9888356
8883	9889356
8884	9890356
8885	9891356
8886	9892356
8887	9893356
8888	9894356
8889	9895356
8890	9896356
8891	9897356
8892	9898356
8893	9899356
8894	9900356
8895	9901356
8896	9902356
8897	9903356
8898	9904356
8899	9905356
8900	9906356
8901	9907356
8902	9908356
8903	9909356
8904	9910356
8905	9911356
8906	9912356
8907	9913356
8908	9914356
8909	9915356
8910	9916356
8911	9917356
8912	9918356
8913	9919356
8914	9920356
8915	9921356
8916	9922356
8917	9923356
8918	9924356
8919	9925356
8920	9926356
8921	9927356
8922	9928356
8923	9929356
8924	9930356
8925	9931356
8926	9932356
8927	9933356
8928	9934356
8929	9935356
8930	9936356
8931	9937356
8932	9938356
8933	9939356
8934	9940356
8935	9941356
8936	9942356
8937	9943356
8938	9944356
8939	9945356
8940	9946356
8941	9947356
8942	9948356
8943	9949356
8944	9950356
8945	9951356
8946	9952356
8947	9953356
8948	9954356
8949	9955356
8950	9956356
8951	9957356
8952	9958356
8953	9959356
8954	9960356
8955	9961356
8956	9962356
8957	9963356
8958	9964356
8959	9965356
8960	9966356
8961	9967356
8962	9968356
8963	9969356
8964	9970356
8965	9971356
8966	9972356
8967	9973356
8968	9974356
8969	9975356
8970	9976356
8971	9977356
8972	9978356
8973	9979356
8974	9980356
8975	9981356
8976	9982356
8977	9983352
8978	9984356
8979	9985356
8980	9986356
8981	9987356
8982	9988356
8983	9989356
8984	9990356
8985	9991356
8986	9992356
8987	9993356
8988	9994356
8989	9995356
8990	9996356
8991	9997356
8992	9998356
8993	9999356
8994	-1
8995	-1
8996	-1
8997	-1
8998	-1
8999	-1
9000	-1
9001	-1
9002	-1
9003	-1
9004	-1
9005	-1
9006	-1
9007	-1
9008	-1
9009	-1
9010	-1
9011	-1
9012	-1
9013	-1
9014	-1
9015	-1
9016	-1
9017	-1
9018	-1
9019	-1
9020	-1
9021	-1
9022	-1
9023	-1
9024	-1
9025	-1
9026	-1
9027	-1
9028	-1
9029	-1
9030	-1
9031	-1
9032	-1
9033	-1
9034	-1
9035	-1
9036	-1
9037	-1
9038	-1
9039	-1
9040	-1
9041	-1
9042	-1
9043	-1
9044	-1
9045	-1
9046	-1
9047	-1
9048	-1
9049	-1
9050	-1
9051	-1
9052	-1
9053	-1
9054	-1
9055	-1
9056	-1
9057	-1
9058	-1
9059	-1
9060	-1
9061	-1
9062	-1
9063	-1
9064	-1
9065	-1
9066	-1
9067	-1
9068	-1
9069	-1
9070	-1
9071	-1
9072	-1
9073	-1
9074	-1
9075	-1
9076	-1
9077	-1
9078	-1
9079	-1
9080	-1
9081	-1
9082	-1
9083	-1
9084	-1
9085	-1
9086	-1
9087	-1
9088	-1
9089	-1
9090	-1
9091	-1
9092	-1
9093	-1
9094	-1
9095	-1
9096	-1
9097	-1
9098	-1
9099	-1
9100	-1
9101	-1
9102	-1
9103	-1
9104	-1
9105	-1
9106	-1
9107	-1
9108	-1
9109	-1
9110	-1
9111	-1
9112	-1
9113	-1
9114	-1
9115	-1
9116	-1
9117	-1
9118	-1
9119	-1
9120	-1
9121	-1
9122	-1
9123	-1
9124	-1
9125	-1
9126	-1
9127	-1
9128	-1
9129	-1
9130	-1
9131	-1
9132	-1
9133	-1
9134	-1
9135	-1
9136	-1
9137	-1
9138	-1
9139	-1
9140	-1
9141	-1
9142	-1
9143	-1
9144	-1
9145	-1
9146	-1
9147	-1
9148	-1
9149	-1
9150	-1
9151	-1
9152	-1
9153	-1
9154	-1
9155	-1
9156	-1
9157	-1
9158	-1
9159	-1
9160	-1
9161	-1
9162	-1
9163	-1
9164	-1
9165	-1
9166	-1
9167	-1
9168	-1
9169	-1
9170	-1
9171	-1
9172	-1
9173	-1
9174	-1
9175	-1
9176	-1
9177	-1
9178	-1
9179	-1
9180	-1
9181	-1
9182	-1
9183	-1
9184	-1
9185	-1
9186	-1
9187	-1
9188	-1
9189	-1
9190	-1
9191	-1
9192	-1
9193	-1
9194	-1
9195	-1
9196	-1
9197	-1
9198	-1
9199	-1
9200	-1
9201	-1
9202	-1
9203	-1
9204	-1
9205	-1
9206	-1
9207	-1
9208	-1
9209	-1
9210	-1
9211	-1
9212	-1
9213	-1
9214	-1
9215	-1
9216	-1
9217	-1
9218	-1
9219	-1
9220	-1
9221	-1
9222	-1
9223	-1
9224	-1
9225	-1
9226	-1
9227	-1
9228	-1
9229	-1
9230	-1
9231	-1
9232	-1
9233	-1
9234	-1
9235	-1
9236	-1
9237	-1
9238	-1
9239	-1
9240	-1
9241	-1
9242	-1
9243	-1
9244	-1
9245	-1
9246	-1
9247	-1
9248	-1
9249	-1
9250	-1
9251	-1
9252	-1
9253	-1
9254	-1
9255	-1
9256	-1
9257	-1
9258	-1
9259	-1
9260	-1
9261	-1
9262	-1
9263	-1
9264	-1
9265	-1
9266	-1
9267	-1
9268	-1
9269	-1
9270	-1
9271	-1
9272	-1
9273	-1
9274	-1
9275	-1
9276	-1
9277	-1
9278	-1
9279	-1
9280	-1
9281	-1
9282	-1
9283	-1
9284	-1
9285	-1
9286	-1
9287	-1
9288	-1
9289	-1
9290	-1
9291	-1
9292	-1
9293	-1
9294	-1
9295	-1
9296	-1
9297	-1
9298	-1
9299	-1
9300	-1
9301	-1
9302	-1
9303	-1
9304	-1
9305	-1
9306	-1
9307	-1
9308	-1
9309	-1
9310	-1
9311	-1
9312	-1
9313	-1
9314	-1
9315	-1
9316	-1
9317	-1
9318	-1
9319	-1
9320	-1
9321	-1
9322	-1
9323	-1
9324	-1
9325	-1
9326	-1
9327	-1
9328	-1
9329	-1
9330	-1
9331	-1
9332	-1
9333	-1
9334	-1
9335	-1
9336	-1
9337	-1
9338	-1
9339	-1
9340	-1
9341	-1
9342	-1
9343	-1
9344	-1
9345	-1
9346	-1
9347	-1
9348	-1
9349	-1
9350	-1
9351	-1
9352	-1
9353	-1
9354	-1
9355	-1
9356	-1
9357	-1
9358	-1
9359	-1
9360	-1
9361	-1
9362	-1
9363	-1
9364	-1
9365	-1
9366	-1
9367	-1
9368	-1
9369	-1
9370	-1
9371	-1
9372	-1
9373	-1
9374	-1
9375	-1
9376	-1
9377	-1
9378	-1
9379	-1
9380	-1
9381	-1
9382	-1
9383	-1
9384	-1
9385	-1
9386	-1
9387	-1
9388	-1
9389	-1
9390	-1
9391	-1
9392	-1
9393	-1
9394	-1
9395	-1
9396	-1
9397	-1
9398	-1
9399	-1
9400	-1
9401	-1
9402	-1
9403	-1
9404	-1
9405	-1
9406	-1
9407	-1
9408	-1
9409	-1
9410	-1
9411	-1
9412	-1
9413	-1
9414	-1
9415	-1
9416	-1
9417	-1
9418	-1
9419	-1
9420	-1
9421	-1
9422	-1
9423	-1
9424	-1
9425	-1
9426	-1
9427	-1
9428	-1
9429	-1
9430	-1
9431	-1
9432	-1
9433	-1
9434	-1
9435	-1
9436	-1
9437	-1
9438	-1
9439	-1
9440	-1
9441	-1
9442	-1
9443	-1
9444	-1
9445	-1
9446	-1
9447	-1
9448	-1
9449	-1
9450	-1
9451	-1
9452	-1
9453	-1
9454	-1
9455	-1
9456	-1
9457	-1
9458	-1
9459	-1
9460	-1
9461	-1
9462	-1
9463	-1
9464	-1
9465	-1
9466	-1
9467	-1
9468	-1
9469	-1
9470	-1
9471	-1
9472	-1
9473	-1
9474	-1
9475	-1
9476	-1
9477	-1
9478	-1
9479	-1
9480	-1
9481	-1
9482	-1
9483	-1
9484	-1
9485	-1
9486	-1
9487	-1
9488	-1
9489	-1
9490	-1
9491	-1
9492	-1
9493	-1
9494	-1
9495	-1
9496	-1
9497	-1
9498	-1
9499	-1
9500	-1
9501	-1
9502	-1
9503	-1
9504	-1
9505	-1
9506	-1
9507	-1
9508	-1
9509	-1
9510	-1
9511	-1
9512	-1
9513	-1
9514	-1
9515	-1
9516	-1
9517	-1
9518	-1
9519	-1
9520	-1
9521	-1
9522	-1
9523	-1
9524	-1
9525	-1
9526	-1
9527	-1
9528	-1
9529	-1
9530	-1
9531	-1
9532	-1
9533	-1
9534	-1
9535	-1
9536	-1
9537	-1
9538	-1
9539	-1
9540	-1
9541	-1
9542	-1
9543	-1
9544	-1
9545	-1
9546	-1
9547	-1
9548	-1
9549	-1
9550	-1
9551	-1
9552	-1
9553	-1
9554	-1
9555	-1
9556	-1
9557	-1
9558	-1
9559	-1
9560	-1
9561	-1
9562	-1
9563	-1
9564	-1
9565	-1
9566	-1
9567	-1
9568	-1
9569	-1
9570	-1
9571	-1
9572	-1
9573	-1
9574	-1
9575	-1
9576	-1
9577	-1
9578	-1
9579	-1
9580	-1
9581	-1
9582	-1
9583	-1
9584	-1
9585	-1
9586	-1
9587	-1
9588	-1
9589	-1
9590	-1
9591	-1
9592	-1
9593	-1
9594	-1
9595	-1
9596	-1
9597	-1
9598	-1
9599	-1
9600	-1
9601	-1
9602	-1
9603	-1
9604	-1
9605	-1
9606	-1
9607	-1
9608	-1
9609	-1
9610	-1
9611	-1
9612	-1
9613	-1
9614	-1
9615	-1
9616	-1
9617	-1
9618	-1
9619	-1
9620	-1
9621	-1
9622	-1
9623	-1
9624	-1
9625	-1
9626	-1
9627	-1
9628	-1
9629	-1
9630	-1
9631	-1
9632	-1
9633	-1
9634	-1
9635	-1
9636	-1
9637	-1
9638	-1
9639	-1
9640	-1
9641	-1
9642	-1
9643	-1
9644	-1
9645	-1
9646	-1
9647	-1
9648	-1
9649	-1
9650	-1
9651	-1
9652	-1
9653	-1
9654	-1
9655	-1
9656	-1
9657	-1
9658	-1
9659	-1
9660	-1
9661	-1
9662	-1
9663	-1
9664	-1
9665	-1
9666	-1
9667	-1
9668	-1
9669	-1
9670	-1
9671	-1
9672	-1
9673	-1
9674	-1
9675	-1
9676	-1
9677	-1
9678	-1
9679	-1
9680	-1
9681	-1
9682	-1
9683	-1
9684	-1
9685	-1
9686	-1
9687	-1
9688	-1
9689	-1
9690	-1
9691	-1
9692	-1
9693	-1
9694	-1
9695	-1
9696	-1
9697	-1
9698	-1
9699	-1
9700	-1
9701	-1
9702	-1
9703	-1
9704	-1
9705	-1
9706	-1
9707	-1
9708	-1
9709	-1
9710	-1
9711	-1
9712	-1
9713	-1
9714	-1
9715	-1
9716	-1
9717	-1
9718	-1
9719	-1
9720	-1
9721	-1
9722	-1
9723	-1
9724	-1
9725	-1
9726	-1
9727	-1
9728	-1
9729	-1
9730	-1
9731	-1
9732	-1
9733	-1
9734	-1
9735	-1
9736	-1
9737	-1
9738	-1
9739	-1
9740	-1
9741	-1
9742	-1
9743	-1
9744	-1
9745	-1
9746	-1
9747	-1
9748	-1
9749	-1
9750	-1
9751	-1
9752	-1
9753	-1
9754	-1
9755	-1
9756	-1
9757	-1
9758	-1
9759	-1
9760	-1
9761	-1
9762	-1
9763	-1
9764	-1
9765	-1
9766	-1
9767	-1
9768	-1
9769	-1
9770	-1
9771	-1
9772	-1
9773	-1
9774	-1
9775	-1
9776	-1
9777	-1
9778	-1
9779	-1
9780	-1
9781	-1
9782	-1
9783	-1
9784	-1
9785	-1
9786	-1
9787	-1
9788	-1
9789	-1
9790	-1
9791	-1
9792	-1
9793	-1
9794	-1
9795	-1
9796	-1
9797	-1
9798	-1
9799	-1
9800	-1
9801	-1
9802	-1
9803	-1
9804	-1
9805	-1
9806	-1
9807	-1
9808	-1
9809	-1
9810	-1
9811	-1
9812	-1
9813	-1
9814	-1
9815	-1
9816	-1
9817	-1
9818	-1
9819	-1
9820	-1
9821	-1
9822	-1
9823	-1
9824	-1
9825	-1
9826	-1
9827	-1
9828	-1
9829	-1
9830	-1
9831	-1
9832	-1
9833	-1
9834	-1
9835	-1
9836	-1
9837	-1
9838	-1
9839	-1
9840	-1
9841	-1
9842	-1
9843	-1
9844	-1
9845	-1
9846	-1
9847	-1
9848	-1
9849	-1
9850	-1
9851	-1
9852	-1
9853	-1
9854	-1
9855	-1
9856	-1
9857	-1
9858	-1
9859	-1
9860	-1
9861	-1
9862	-1
9863	-1
9864	-1
9865	-1
9866	-1
9867	-1
9868	-1
9869	-1
9870	-1
9871	-1
9872	-1
9873	-1
9874	-1
9875	-1
9876	-1
9877	-1
9878	-1
9879	-1
9880	-1
9881	-1
9882	-1
9883	-1
9884	-1
9885	-1
9886	-1
9887	-1
9888	-1
9889	-1
9890	-1
9891	-1
9892	-1
9893	-1
9894	-1
9895	-1
9896	-1
9897	-1
9898	-1
9899	-1
9900	-1
9901	-1
9902	-1
9903	-1
9904	-1
9905	-1
9906	-1
9907	-1
9908	-1
9909	-1
9910	-1
9911	-1
9912	-1
9913	-1
9914	-1
9915	-1
9916	-1
9917	-1
9918	-1
9919	-1
9920	-1
9921	-1
9922	-1
9923	-1
9924	-1
9925	-1
9926	-1
9927	-1
9928	-1
9929	-1
9930	-1
9931	-1
9932	-1
9933	-1
9934	-1
9935	-1
9936	-1
9937	-1
9938	-1
9939	-1
9940	-1
9941	-1
9942	-1
9943	-1
9944	-1
9945	-1
9946	-1
9947	-1
9948	-1
9949	-1
9950	-1
9951	-1
9952	-1
9953	-1
9954	-1
9955	-1
9956	-1
9957	-1
9958	-1
9959	-1
9960	-1
9961	-1
9962	-1
9963	-1
9964	-1
9965	-1
9966	-1
9967	-1
9968	-1
9969	-1
9970	-1
9971	-1
9972	-1
9973	-1
9974	-1
9975	-1
9976	-1
9977	-1
9978	-1
9979	-1
9980	-1
9981	-1
9982	-1
9983	-1
9984	-1
9985	-1
9986	-1
9987	-1
9988	-1
9989	-1
9990	-1
9991	-1
9992	-1
9993	-1
9994	-1
9995	-1
9996	-1
9997	-1
9998	-1
9999	-1
