0	1006767
1	1007564
2	1008560
3	1009568
4	1010564
5	1011564
6	1012568
7	1013568
8	1014568
9	1015572
10	1016568
11	1017568
12	1018564
13	1019564
14	1020564
15	1021564
16	1022564
17	1023564
18	1024568
19	1025564
20	1026564
21	1027568
22	1028564
23	1029572
24	1030564
25	1031564
26	1032568
27	1033568
28	1034568
29	1035564
30	1036564
31	1037564
32	1038568
33	1039568
34	1040564
35	1041568
36	1042564
37	1043568
38	1044564
39	1045568
40	1046564
41	1047564
42	1048568
43	1049568
44	1050568
45	1051564
46	1052564
47	1053568
48	1054568
49	1055568
50	1056568
51	1057568
52	1058568
53	1059564
54	1060564
55	1061564
56	1062564
57	1063568
58	1064564
59	1065564
60	1066568
61	1067568
62	1068568
63	1069560
64	1070568
65	1071568
66	1072564
67	1073568
68	1074564
69	1075564
70	1076564
71	1077568
72	1078564
73	1079564
74	1080568
75	1081564
76	1082564
77	1083564
78	1084568
79	1085564
80	1086568
81	1087564
82	1088568
83	1089564
84	1090560
85	1091564
86	1092564
87	1093564
88	1094568
89	1095564
90	1096568
91	1097572
92	1098568
93	1099564
94	1100568
95	1101568
96	1102568
97	1103564
98	1104564
99	1105564
100	1106564
101	1107572
102	1108568
103	1109568
104	1110572
105	1111568
106	1112568
107	1113572
108	1114560
109	1115564
110	1116564
111	1117572
112	1118564
113	1119568
114	1120564
115	1121568
116	1122564
117	1123564
118	1124564
119	1125564
120	1126568
121	1127564
122	1128564
123	1129568
124	1130568
125	1131564
126	1132568
127	1133564
128	1134560
129	1135568
130	1136564
131	1137564
132	1138560
133	1139568
134	1140568
135	1141564
136	1142564
137	1143564
138	1144564
139	1145564
140	1146564
141	1147568
142	1148564
143	1149568
144	1150568
145	1151564
146	1152572
147	1153568
148	1154568
149	1155564
150	1156564
151	1157568
152	1158568
153	1159564
154	1160568
155	1161568
156	1162568
157	1163564
158	1164568
159	1165564
160	1166568
161	1167564
162	1168568
163	1169564
164	1170572
165	1171568
166	1172564
167	1173568
168	1174564
169	1175568
170	1176568
171	1177568
172	1178568
173	1179564
174	1180572
175	1181564
176	1182560
177	1183568
178	1184564
179	1185568
180	1186564
181	1187568
182	1188564
183	1189560
184	1190568
185	1191568
186	1192568
187	1193568
188	1194564
189	1195568
190	1196564
191	1197568
192	1198564
193	1199568
194	1200564
195	1201572
196	1202568
197	1203568
198	1204568
199	1205564
200	1206564
201	1207568
202	1208568
203	1209568
204	1210568
205	1211568
206	1212568
207	1213568
208	1214568
209	1215564
210	1216564
211	1217568
212	1218568
213	1219568
214	1220568
215	1221564
216	1222568
217	1223568
218	1224564
219	1225568
220	1226564
221	1227568
222	1228564
223	1229568
224	1230564
225	1231572
226	1232564
227	1233568
228	1234568
229	1235564
230	1236564
231	1237568
232	1238568
233	1239568
234	1240568
235	1241572
236	1242568
237	1243568
238	1244568
239	1245564
240	1246564
241	1247568
242	1248568
243	1249568
244	1250572
245	1251564
246	1252564
247	1253568
248	1254564
249	1255568
250	1256568
251	1257568
252	1258564
253	1259568
254	1260568
255	1261572
256	1262572
257	1263568
258	1264568
259	1265572
260	1266572
261	1267572
262	1268568
263	1269572
264	1270568
265	1271572
266	1272568
267	1273572
268	1274568
269	1275568
270	1276568
271	1277572
272	1278568
273	1279560
274	1280572
275	1281568
276	1282572
277	1283572
278	1284568
279	1285572
280	1286572
281	1287572
282	1288568
283	1289572
284	1290572
285	1291572
286	1292572
287	1293568
288	1294564
289	1295572
290	1296572
291	1297572
292	1298572
293	1299572
294	1300572
295	1301568
296	1302568
297	1303572
298	1304568
299	1305572
300	1306572
301	1307572
302	1308572
303	1309572
304	1310568
305	1311568
306	1312568
307	1313568
308	1314572
309	1315572
310	1316576
311	1317572
312	1318564
313	1319572
314	1320568
315	1321572
316	1322572
317	1323576
318	1324572
319	1325572
320	1326572
321	1327572
322	1328568
323	1329572
324	1330576
325	1331564
326	1332568
327	1333564
328	1334568
329	1335572
330	1336568
331	1337568
332	1338572
333	1339576
334	1340564
335	1341572
336	1342572
337	1343572
338	1344572
339	1345568
340	1346568
341	1347572
342	1348572
343	1349572
344	1350572
345	1351568
346	1352572
347	1353572
348	1354572
349	1355568
350	1356568
351	1357572
352	1358572
353	1359568
354	1360568
355	1361576
356	1362572
357	1363568
358	1364572
359	1365572
360	1366572
361	1367572
362	1368568
363	1369572
364	1370564
365	1371568
366	1372572
367	1373568
368	1374568
369	1375572
370	1376572
371	1377572
372	1378568
373	1379572
374	1380572
375	1381572
376	1382568
377	1383572
378	1384568
379	1385564
380	1386568
381	1387568
382	1388576
383	1389572
384	1390564
385	1391572
386	1392572
387	1393572
388	1394568
389	1395568
390	1396568
391	1397568
392	1398568
393	1399572
394	1400572
395	1401568
396	1402572
397	1403572
398	1404564
399	1405572
400	1406572
401	1407572
402	1408572
403	1409572
404	1410568
405	1411572
406	1412572
407	1413572
408	1414572
409	1415572
410	1416568
411	1417576
412	1418568
413	1419576
414	1420572
415	1421572
416	1422572
417	1423572
418	1424572
419	1425576
420	1426576
421	1427572
422	1428572
423	1429572
424	1430576
425	1431572
426	1432572
427	1433572
428	1434572
429	1435572
430	1436568
431	1437576
432	1438572
433	1439572
434	1440572
435	1441572
436	1442572
437	1443576
438	1444568
439	1445576
440	1446572
441	1447576
442	1448568
443	1449568
444	1450568
445	1451572
446	1452568
447	1453572
448	1454568
449	1455572
450	1456572
451	1457572
452	1458572
453	1459568
454	1460576
455	1461572
456	1462568
457	1463572
458	1464576
459	1465572
460	1466572
461	1467572
462	1468572
463	1469568
464	1470568
465	1471568
466	1472568
467	1473572
468	1474572
469	1475568
470	1476572
471	1477572
472	1478572
473	1479572
474	1480564
475	1481572
476	1482568
477	1483572
478	1484572
479	1485572
480	1486572
481	1487572
482	1488576
483	1489572
484	1490576
485	1491572
486	1492572
487	1493576
488	1494568
489	1495576
490	1496576
491	1497568
492	1498572
493	1499568
494	1500568
495	1501572
496	1502572
497	1503576
498	1504572
499	1505568
500	1506572
501	1507572
502	1508568
503	1509572
504	1510572
505	1511572
506	1512572
507	1513576
508	1514572
509	1515572
510	1516572
511	1517572
512	1518572
513	1519568
514	1520568
515	1521568
516	1522572
517	1523568
518	1524572
519	1525568
520	1526568
521	1527572
522	1528572
523	1529568
524	1530572
525	1531572
526	1532572
527	1533572
528	1534572
529	1535564
530	1536568
531	1537568
532	1538568
533	1539572
534	1540568
535	1541572
536	1542572
537	1543568
538	1544572
539	1545568
540	1546572
541	1547572
542	1548568
543	1549572
544	1550572
545	1551572
546	1552572
547	1553568
548	1554568
549	1555572
550	1556568
551	1557564
552	1558572
553	1559572
554	1560572
555	1561572
556	1562572
557	1563568
558	1564572
559	1565568
560	1566568
561	1567572
562	1568568
563	1569568
564	1570568
565	1571568
566	1572568
567	1573572
568	1574572
569	1575572
570	1576572
571	1577572
572	1578572
573	1579572
574	1580568
575	1581572
576	1582568
577	1583568
578	1584572
579	1585572
580	1586568
581	1587560
582	1588568
583	1589576
584	1590572
585	1591572
586	1592572
587	1593572
588	1594568
589	1595572
590	1596572
591	1597572
592	1598572
593	1599568
594	1600564
595	1601568
596	1602564
597	1603568
598	1604564
599	1605572
600	1606572
601	1607568
602	1608568
603	1609572
604	1610572
605	1611568
606	1612576
607	1613572
608	1614572
609	1615572
610	1616572
611	1617572
612	1618576
613	1619572
614	1620568
615	1621572
616	1622568
617	1623568
618	1624572
619	1625568
620	1626564
621	1627572
622	1628568
623	1629572
624	1630572
625	1631572
626	1632572
627	1633572
628	1634568
629	1635572
630	1636568
631	1637568
632	1638568
633	1639572
634	1640572
635	1641568
636	1642568
637	1643576
638	1644572
639	1645572
640	1646572
641	1647568
642	1648572
643	1649568
644	1650572
645	1651572
646	1652568
647	1653568
648	1654572
649	1655568
650	1656572
651	1657564
652	1658572
653	1659572
654	1660572
655	1661572
656	1662568
657	1663572
658	1664568
659	1665572
660	1666568
661	1667568
662	1668572
663	1669576
664	1670572
665	1671572
666	1672572
667	1673572
668	1674576
669	1675572
670	1676568
671	1677572
672	1678572
673	1679572
674	1680572
675	1681572
676	1682568
677	1683572
678	1684572
679	1685572
680	1686572
681	1687572
682	1688572
683	1689576
684	1690572
685	1691572
686	1692572
687	1693568
688	1694572
689	1695568
690	1696568
691	1697576
692	1698572
693	1699572
694	1700572
695	1701572
696	1702572
697	1703568
698	1704572
699	1705572
700	1706572
701	1707568
702	1708568
703	1709568
704	1710572
705	1711572
706	1712572
707	1713576
708	1714576
709	1715572
710	1716572
711	1717572
712	1718572
713	1719568
714	1720572
715	1721572
716	1722572
717	1723572
718	1724572
719	1725568
720	1726568
721	1727572
722	1728572
723	1729572
724	1730576
725	1731572
726	1732572
727	1733576
728	1734572
729	1735568
730	1736568
731	1737568
732	1738568
733	1739572
734	1740572
735	1741572
736	1742576
737	1743568
738	1744576
739	1745572
740	1746568
741	1747572
742	1748572
743	1749568
744	1750572
745	1751576
746	1752572
747	1753568
748	1754576
749	1755576
750	1756572
751	1757572
752	1758568
753	1759572
754	1760572
755	1761572
756	1762572
757	1763572
758	1764572
759	1765576
760	1766576
761	1767568
762	1768576
763	1769568
764	1770564
765	1771576
766	1772572
767	1773568
768	1774568
769	1775568
770	1776572
771	1777568
772	1778572
773	1779572
774	1780572
775	1781572
776	1782572
777	1783568
778	1784572
779	1785568
780	1786572
781	1787576
782	1788568
783	1789568
784	1790572
785	1791564
786	1792568
787	1793572
788	1794568
789	1795568
790	1796568
791	1797568
792	1798572
793	1799568
794	1800572
795	1801572
796	1802572
797	1803572
798	1804572
799	1805572
800	1806572
801	1807572
802	1808568
803	1809568
804	1810568
805	1811568
806	1812572
807	1813568
808	1814572
809	1815572
810	1816572
811	1817568
812	1818564
813	1819572
814	1820568
815	1821568
816	1822572
817	1823572
818	1824568
819	1825568
820	1826572
821	1827572
822	1828568
823	1829572
824	1830572
825	1831572
826	1832568
827	1833572
828	1834568
829	1835572
830	1836572
831	1837572
832	1838572
833	1839572
834	1840568
835	1841576
836	1842572
837	1843564
838	1844572
839	1845572
840	1846572
841	1847568
842	1848568
843	1849576
844	1850572
845	1851572
846	1852572
847	1853572
848	1854572
849	1855568
850	1856572
851	1857568
852	1858564
853	1859568
854	1860568
855	1861572
856	1862572
857	1863572
858	1864572
859	1865572
860	1866572
861	1867572
862	1868572
863	1869572
864	1870568
865	1871568
866	1872576
867	1873572
868	1874576
869	1875572
870	1876572
871	1877572
872	1878572
873	1879572
874	1880572
875	1881568
876	1882568
877	1883572
878	1884572
879	1885568
880	1886572
881	1887572
882	1888568
883	1889564
884	1890568
885	1891572
886	1892572
887	1893568
888	1894568
889	1895572
890	1896568
891	1897568
892	1898572
893	1899572
894	1900568
895	1901572
896	1902568
897	1903568
898	1904572
899	1905568
900	1906572
901	1907568
902	1908568
903	1909572
904	1910572
905	1911568
906	1912568
907	1913568
908	1914568
909	1915572
910	1916572
911	1917572
912	1918568
913	1919568
914	1920576
915	1921572
916	1922572
917	1923572
918	1924568
919	1925576
920	1926572
921	1927572
922	1928564
923	1929572
924	1930568
925	1931576
926	1932572
927	1933572
928	1934576
929	1935572
930	1936572
931	1937572
932	1938572
933	1939572
934	1940568
935	1941572
936	1942572
937	1943564
938	1944568
939	1945568
940	1946572
941	1947568
942	1948576
943	1949572
944	1950572
945	1951576
946	1952572
947	1953572
948	1954572
949	1955572
950	1956568
951	1957572
952	1958572
953	1959572
954	1960568
955	1961572
956	1962572
957	1963568
958	1964576
959	1965572
960	1966568
961	1967568
962	1968572
963	1969576
964	1970568
965	1971572
966	1972572
967	1973568
968	1974576
969	1975572
970	1976572
971	1977572
972	1978572
973	1979568
974	1980572
975	1981572
976	1982572
977	1983576
978	1984572
979	1985572
980	1986572
981	1987572
982	1988568
983	1989572
984	1990572
985	1991572
986	1992572
987	1993572
988	1994568
989	1995568
990	1996572
991	1997576
992	1998572
993	1999568
994	2000572
995	2001572
996	2002568
997	2003572
998	2004572
999	2005568
1000	2006568
1001	2007568
1002	2008568
1003	2009572
1004	2010568
1005	2011576
1006	2012572
1007	2013572
1008	2014568
1009	2015572
1010	2016568
1011	2017576
1012	2018572
1013	2019576
1014	2020568
1015	2021576
1016	2022572
1017	2023572
1018	2024568
1019	2025572
1020	2026576
1021	2027568
1022	2028568
1023	2029576
1024	2030572
1025	2031564
1026	2032572
1027	2033572
1028	2034572
1029	2035572
1030	2036572
1031	2037576
1032	2038572
1033	2039572
1034	2040572
1035	2041572
1036	2042572
1037	2043572
1038	2044568
1039	2045572
1040	2046572
1041	2047564
1042	2048568
1043	2049572
1044	2050572
1045	2051568
1046	2052568
1047	2053572
1048	2054572
1049	2055572
1050	2056572
1051	2057572
1052	2058568
1053	2059568
1054	2060568
1055	2061572
1056	2062572
1057	2063568
1058	2064576
1059	2065572
1060	2066568
1061	2067568
1062	2068572
1063	2069568
1064	2070568
1065	2071568
1066	2072572
1067	2073572
1068	2074568
1069	2075572
1070	2076568
1071	2077572
1072	2078564
1073	2079568
1074	2080572
1075	2081568
1076	2082568
1077	2083572
1078	2084576
1079	2085572
1080	2086572
1081	2087572
1082	2088572
1083	2089568
1084	2090568
1085	2091568
1086	2092568
1087	2093572
1088	2094576
1089	2095576
1090	2096572
1091	2097572
1092	2098568
1093	2099568
1094	2100568
1095	2101568
1096	2102572
1097	2103568
1098	2104568
1099	2105568
1100	2106572
1101	2107568
1102	2108568
1103	2109568
1104	2110568
1105	2111576
1106	2112568
1107	2113572
1108	2114568
1109	2115572
1110	2116572
1111	2117572
1112	2118572
1113	2119572
1114	2120572
1115	2121572
1116	2122568
1117	2123568
1118	2124576
1119	2125572
1120	2126564
1121	2127572
1122	2128572
1123	2129568
1124	2130572
1125	2131572
1126	2132572
1127	2133568
1128	2134568
1129	2135572
1130	2136568
1131	2137572
1132	2138568
1133	2139568
1134	2140572
1135	2141568
1136	2142572
1137	2143572
1138	2144572
1139	2145572
1140	2146576
1141	2147568
1142	2148572
1143	2149576
1144	2150572
1145	2151568
1146	2152572
1147	2153572
1148	2154560
1149	2155568
1150	2156568
1151	2157568
1152	2158564
1153	2159564
1154	2160568
1155	2161564
1156	2162568
1157	2163568
1158	2164568
1159	2165568
1160	2166568
1161	2167564
1162	2168564
1163	2169564
1164	2170564
1165	2171568
1166	2172568
1167	2173576
1168	2174568
1169	2175572
1170	2176572
1171	2177568
1172	2178572
1173	2179572
1174	2180572
1175	2181572
1176	2182568
1177	2183572
1178	2184572
1179	2185576
1180	2186568
1181	2187572
1182	2188568
1183	2189572
1184	2190572
1185	2191572
1186	2192568
1187	2193572
1188	2194568
1189	2195572
1190	2196572
1191	2197572
1192	2198568
1193	2199568
1194	2200572
1195	2201576
1196	2202572
1197	2203576
1198	2204572
1199	2205572
1200	2206568
1201	2207568
1202	2208568
1203	2209568
1204	2210572
1205	2211572
1206	2212572
1207	2213572
1208	2214568
1209	2215568
1210	2216576
1211	2217568
1212	2218568
1213	2219572
1214	2220568
1215	2221568
1216	2222568
1217	2223572
1218	2224568
1219	2225572
1220	2226576
1221	2227568
1222	2228568
1223	2229568
1224	2230572
1225	2231572
1226	2232572
1227	2233568
1228	2234572
1229	2235568
1230	2236572
1231	2237572
1232	2238568
1233	2239568
1234	2240572
1235	2241572
1236	2242572
1237	2243568
1238	2244568
1239	2245568
1240	2246576
1241	2247568
1242	2248576
1243	2249576
1244	2250568
1245	2251568
1246	2252572
1247	2253576
1248	2254576
1249	2255576
1250	2256572
1251	2257572
1252	2258572
1253	2259572
1254	2260568
1255	2261572
1256	2262572
1257	2263568
1258	2264572
1259	2265572
1260	2266572
1261	2267568
1262	2268572
1263	2269568
1264	2270576
1265	2271572
1266	2272568
1267	2273572
1268	2274572
1269	2275572
1270	2276568
1271	2277572
1272	2278572
1273	2279572
1274	2280572
1275	2281572
1276	2282568
1277	2283568
1278	2284572
1279	2285572
1280	2286572
1281	2287572
1282	2288568
1283	2289568
1284	2290568
1285	2291568
1286	2292568
1287	2293572
1288	2294568
1289	2295568
1290	2296572
1291	2297568
1292	2298564
1293	2299568
1294	2300572
1295	2301572
1296	2302572
1297	2303564
1298	2304576
1299	2305572
1300	2306568
1301	2307572
1302	2308572
1303	2309568
1304	2310572
1305	2311572
1306	2312572
1307	2313572
1308	2314576
1309	2315568
1310	2316572
1311	2317568
1312	2318572
1313	2319572
1314	2320572
1315	2321576
1316	2322568
1317	2323572
1318	2324576
1319	2325572
1320	2326568
1321	2327568
1322	2328572
1323	2329572
1324	2330568
1325	2331572
1326	2332572
1327	2333572
1328	2334572
1329	2335572
1330	2336572
1331	2337576
1332	2338572
1333	2339572
1334	2340568
1335	2341572
1336	2342572
1337	2343568
1338	2344568
1339	2345564
1340	2346568
1341	2347572
1342	2348568
1343	2349572
1344	2350572
1345	2351568
1346	2352572
1347	2353572
1348	2354568
1349	2355568
1350	2356572
1351	2357564
1352	2358568
1353	2359568
1354	2360568
1355	2361572
1356	2362568
1357	2363568
1358	2364572
1359	2365572
1360	2366572
1361	2367568
1362	2368572
1363	2369568
1364	2370568
1365	2371572
1366	2372576
1367	2373572
1368	2374572
1369	2375572
1370	2376568
1371	2377568
1372	2378572
1373	2379572
1374	2380568
1375	2381568
1376	2382572
1377	2383572
1378	2384568
1379	2385572
1380	2386572
1381	2387572
1382	2388568
1383	2389568
1384	2390572
1385	2391572
1386	2392572
1387	2393576
1388	2394572
1389	2395572
1390	2396572
1391	2397572
1392	2398572
1393	2399568
1394	2400568
1395	2401572
1396	2402568
1397	2403572
1398	2404572
1399	2405572
1400	2406568
1401	2407572
1402	2408572
1403	2409572
1404	2410576
1405	2411568
1406	2412572
1407	2413568
1408	2414572
1409	2415568
1410	2416572
1411	2417572
1412	2418572
1413	2419568
1414	2420568
1415	2421572
1416	2422568
1417	2423576
1418	2424572
1419	2425576
1420	2426572
1421	2427568
1422	2428568
1423	2429572
1424	2430572
1425	2431576
1426	2432572
1427	2433572
1428	2434576
1429	2435572
1430	2436576
1431	2437576
1432	2438568
1433	2439568
1434	2440568
1435	2441572
1436	2442576
1437	2443568
1438	2444572
1439	2445568
1440	2446572
1441	2447572
1442	2448572
1443	2449572
1444	2450572
1445	2451572
1446	2452572
1447	2453572
1448	2454572
1449	2455572
1450	2456572
1451	2457572
1452	2458568
1453	2459572
1454	2460568
1455	2461572
1456	2462576
1457	2463572
1458	2464572
1459	2465568
1460	2466576
1461	2467568
1462	2468568
1463	2469572
1464	2470572
1465	2471576
1466	2472572
1467	2473576
1468	2474576
1469	2475568
1470	2476576
1471	2477576
1472	2478572
1473	2479572
1474	2480568
1475	2481568
1476	2482576
1477	2483576
1478	2484572
1479	2485576
1480	2486576
1481	2487572
1482	2488572
1483	2489576
1484	2490568
1485	2491572
1486	2492572
1487	2493576
1488	2494572
1489	2495572
1490	2496572
1491	2497572
1492	2498568
1493	2499572
1494	2500572
1495	2501568
1496	2502572
1497	2503568
1498	2504572
1499	2505572
1500	2506572
1501	2507568
1502	2508568
1503	2509572
1504	2510568
1505	2511568
1506	2512572
1507	2513576
1508	2514572
1509	2515572
1510	2516572
1511	2517572
1512	2518576
1513	2519572
1514	2520572
1515	2521572
1516	2522572
1517	2523568
1518	2524568
1519	2525572
1520	2526576
1521	2527572
1522	2528576
1523	2529572
1524	2530572
1525	2531572
1526	2532568
1527	2533572
1528	2534564
1529	2535572
1530	2536568
1531	2537576
1532	2538572
1533	2539572
1534	2540576
1535	2541572
1536	2542572
1537	2543576
1538	2544576
1539	2545568
1540	2546572
1541	2547568
1542	2548572
1543	2549568
1544	2550572
1545	2551576
1546	2552572
1547	2553564
1548	2554568
1549	2555568
1550	2556568
1551	2557568
1552	2558572
1553	2559564
1554	2560568
1555	2561568
1556	2562568
1557	2563572
1558	2564568
1559	2565568
1560	2566572
1561	2567568
1562	2568568
1563	2569584
1564	2570572
1565	2571568
1566	2572576
1567	2573572
1568	2574568
1569	2575568
1570	2576568
1571	2577568
1572	2578572
1573	2579568
1574	2580576
1575	2581572
1576	2582572
1577	2583576
1578	2584572
1579	2585572
1580	2586568
1581	2587576
1582	2588568
1583	2589568
1584	2590568
1585	2591572
1586	2592568
1587	2593568
1588	2594572
1589	2595568
1590	2596576
1591	2597568
1592	2598576
1593	2599572
1594	2600572
1595	2601572
1596	2602572
1597	2603576
1598	2604568
1599	2605572
1600	2606572
1601	2607572
1602	2608572
1603	2609568
1604	2610576
1605	2611568
1606	2612572
1607	2613572
1608	2614572
1609	2615572
1610	2616572
1611	2617572
1612	2618568
1613	2619572
1614	2620572
1615	2621572
1616	2622568
1617	2623572
1618	2624572
1619	2625576
1620	2626568
1621	2627568
1622	2628564
1623	2629576
1624	2630572
1625	2631564
1626	2632568
1627	2633568
1628	2634572
1629	2635572
1630	2636568
1631	2637568
1632	2638572
1633	2639576
1634	2640576
1635	2641572
1636	2642572
1637	2643568
1638	2644568
1639	2645572
1640	2646568
1641	2647572
1642	2648572
1643	2649572
1644	2650568
1645	2651568
1646	2652572
1647	2653572
1648	2654568
1649	2655568
1650	2656572
1651	2657572
1652	2658568
1653	2659572
1654	2660568
1655	2661568
1656	2662572
1657	2663568
1658	2664572
1659	2665568
1660	2666572
1661	2667572
1662	2668568
1663	2669572
1664	2670572
1665	2671572
1666	2672576
1667	2673564
1668	2674572
1669	2675572
1670	2676568
1671	2677572
1672	2678572
1673	2679572
1674	2680572
1675	2681572
1676	2682568
1677	2683572
1678	2684576
1679	2685576
1680	2686572
1681	2687572
1682	2688572
1683	2689572
1684	2690572
1685	2691568
1686	2692572
1687	2693568
1688	2694568
1689	2695572
1690	2696572
1691	2697572
1692	2698572
1693	2699568
1694	2700572
1695	2701568
1696	2702576
1697	2703576
1698	2704568
1699	2705572
1700	2706576
1701	2707572
1702	2708572
1703	2709572
1704	2710572
1705	2711572
1706	2712572
1707	2713572
1708	2714564
1709	2715572
1710	2716572
1711	2717572
1712	2718572
1713	2719572
1714	2720568
1715	2721572
1716	2722572
1717	2723568
1718	2724568
1719	2725572
1720	2726572
1721	2727572
1722	2728576
1723	2729568
1724	2730576
1725	2731572
1726	2732572
1727	2733568
1728	2734572
1729	2735572
1730	2736572
1731	2737576
1732	2738576
1733	2739572
1734	2740572
1735	2741576
1736	2742572
1737	2743572
1738	2744572
1739	2745572
1740	2746568
1741	2747572
1742	2748572
1743	2749572
1744	2750576
1745	2751572
1746	2752572
1747	2753572
1748	2754568
1749	2755568
1750	2756576
1751	2757572
1752	2758576
1753	2759572
1754	2760572
1755	2761572
1756	2762572
1757	2763572
1758	2764568
1759	2765572
1760	2766572
1761	2767572
1762	2768572
1763	2769572
1764	2770572
1765	2771572
1766	2772572
1767	2773576
1768	2774572
1769	2775572
1770	2776568
1771	2777564
1772	2778572
1773	2779568
1774	2780568
1775	2781572
1776	2782572
1777	2783572
1778	2784572
1779	2785568
1780	2786572
1781	2787572
1782	2788564
1783	2789572
1784	2790568
1785	2791572
1786	2792576
1787	2793572
1788	2794568
1789	2795576
1790	2796572
1791	2797572
1792	2798572
1793	2799576
1794	2800572
1795	2801568
1796	2802572
1797	2803572
1798	2804572
1799	2805576
1800	2806572
1801	2807572
1802	2808572
1803	2809568
1804	2810568
1805	2811572
1806	2812572
1807	2813568
1808	2814572
1809	2815568
1810	2816568
1811	2817568
1812	2818572
1813	2819572
1814	2820568
1815	2821568
1816	2822572
1817	2823572
1818	2824576
1819	2825568
1820	2826572
1821	2827568
1822	2828568
1823	2829572
1824	2830572
1825	2831572
1826	2832572
1827	2833572
1828	2834572
1829	2835572
1830	2836572
1831	2837572
1832	2838572
1833	2839572
1834	2840572
1835	2841576
1836	2842568
1837	2843568
1838	2844572
1839	2845568
1840	2846568
1841	2847568
1842	2848568
1843	2849572
1844	2850568
1845	2851572
1846	2852572
1847	2853572
1848	2854572
1849	2855576
1850	2856572
1851	2857572
1852	2858564
1853	2859568
1854	2860568
1855	2861576
1856	2862568
1857	2863572
1858	2864568
1859	2865572
1860	2866572
1861	2867568
1862	2868568
1863	2869572
1864	2870572
1865	2871568
1866	2872572
1867	2873572
1868	2874568
1869	2875572
1870	2876572
1871	2877572
1872	2878572
1873	2879568
1874	2880568
1875	2881572
1876	2882568
1877	2883572
1878	2884572
1879	2885572
1880	2886572
1881	2887572
1882	2888568
1883	2889572
1884	2890568
1885	2891572
1886	2892576
1887	2893568
1888	2894572
1889	2895576
1890	2896576
1891	2897572
1892	2898572
1893	2899572
1894	2900576
1895	2901572
1896	2902568
1897	2903572
1898	2904568
1899	2905572
1900	2906572
1901	2907572
1902	2908572
1903	2909572
1904	2910572
1905	2911572
1906	2912572
1907	2913568
1908	2914572
1909	2915572
1910	2916572
1911	2917572
1912	2918572
1913	2919572
1914	2920572
1915	2921572
1916	2922568
1917	2923572
1918	2924572
1919	2925568
1920	2926564
1921	2927568
1922	2928568
1923	2929572
1924	2930568
1925	2931572
1926	2932568
1927	2933572
1928	2934572
1929	2935572
1930	2936572
1931	2937572
1932	2938576
1933	2939568
1934	2940576
1935	2941572
1936	2942576
1937	2943572
1938	2944568
1939	2945572
1940	2946572
1941	2947564
1942	2948568
1943	2949568
1944	2950572
1945	2951572
1946	2952568
1947	2953572
1948	2954584
1949	2955568
1950	2956572
1951	2957572
1952	2958572
1953	2959572
1954	2960576
1955	2961568
1956	2962576
1957	2963572
1958	2964572
1959	2965576
1960	2966568
1961	2967572
1962	2968572
1963	2969572
1964	2970576
1965	2971576
1966	2972572
1967	2973572
1968	2974572
1969	2975572
1970	2976572
1971	2977572
1972	2978572
1973	2979568
1974	2980568
1975	2981576
1976	2982576
1977	2983568
1978	2984572
1979	2985568
1980	2986572
1981	2987572
1982	2988572
1983	2989584
1984	2990576
1985	2991572
1986	2992576
1987	2993572
1988	2994572
1989	2995572
1990	2996572
1991	2997572
1992	2998572
1993	2999576
1994	3000572
1995	3001572
1996	3002572
1997	3003576
1998	3004568
1999	3005568
2000	3006572
2001	3007568
2002	3008576
2003	3009572
2004	3010572
2005	3011572
2006	3012572
2007	3013576
2008	3014568
2009	3015572
2010	3016572
2011	3017568
2012	3018572
2013	3019572
2014	3020572
2015	3021568
2016	3022568
2017	3023568
2018	3024572
2019	3025572
2020	3026572
2021	3027572
2022	3028572
2023	3029572
2024	3030568
2025	3031568
2026	3032572
2027	3033572
2028	3034572
2029	3035572
2030	3036572
2031	3037572
2032	3038572
2033	3039572
2034	3040572
2035	3041568
2036	3042572
2037	3043572
2038	3044572
2039	3045568
2040	3046568
2041	3047568
2042	3048568
2043	3049568
2044	3050568
2045	3051572
2046	3052572
2047	3053568
2048	3054572
2049	3055568
2050	3056568
2051	3057568
2052	3058568
2053	3059568
2054	3060568
2055	3061572
2056	3062572
2057	3063572
2058	3064568
2059	3065572
2060	3066568
2061	3067568
2062	3068572
2063	3069572
2064	3070568
2065	3071568
2066	3072572
2067	3073572
2068	3074572
2069	3075568
2070	3076576
2071	3077572
2072	3078572
2073	3079572
2074	3080568
2075	3081572
2076	3082572
2077	3083576
2078	3084568
2079	3085572
2080	3086568
2081	3087572
2082	3088568
2083	3089572
2084	3090572
2085	3091572
2086	3092572
2087	3093572
2088	3094568
2089	3095568
2090	3096576
2091	3097572
2092	3098572
2093	3099572
2094	3100572
2095	3101576
2096	3102568
2097	3103568
2098	3104576
2099	3105568
2100	3106572
2101	3107572
2102	3108572
2103	3109572
2104	3110572
2105	3111568
2106	3112568
2107	3113568
2108	3114568
2109	3115576
2110	3116572
2111	3117572
2112	3118568
2113	3119568
2114	3120572
2115	3121572
2116	3122568
2117	3123568
2118	3124572
2119	3125572
2120	3126568
2121	3127568
2122	3128576
2123	3129576
2124	3130568
2125	3131572
2126	3132568
2127	3133572
2128	3134572
2129	3135572
2130	3136568
2131	3137572
2132	3138564
2133	3139576
2134	3140572
2135	3141572
2136	3142572
2137	3143572
2138	3144568
2139	3145572
2140	3146568
2141	3147572
2142	3148576
2143	3149568
2144	3150572
2145	3151568
2146	3152568
2147	3153572
2148	3154572
2149	3155572
2150	3156572
2151	3157572
2152	3158572
2153	3159572
2154	3160572
2155	3161576
2156	3162568
2157	3163568
2158	3164572
2159	3165572
2160	3166572
2161	3167572
2162	3168572
2163	3169568
2164	3170568
2165	3171572
2166	3172568
2167	3173576
2168	3174576
2169	3175572
2170	3176572
2171	3177572
2172	3178568
2173	3179576
2174	3180572
2175	3181576
2176	3182572
2177	3183576
2178	3184572
2179	3185568
2180	3186572
2181	3187572
2182	3188568
2183	3189572
2184	3190572
2185	3191572
2186	3192572
2187	3193572
2188	3194572
2189	3195572
2190	3196568
2191	3197572
2192	3198572
2193	3199572
2194	3200572
2195	3201568
2196	3202568
2197	3203572
2198	3204572
2199	3205572
2200	3206572
2201	3207568
2202	3208576
2203	3209572
2204	3210572
2205	3211576
2206	3212568
2207	3213572
2208	3214568
2209	3215568
2210	3216572
2211	3217576
2212	3218568
2213	3219572
2214	3220572
2215	3221572
2216	3222576
2217	3223572
2218	3224572
2219	3225572
2220	3226568
2221	3227572
2222	3228572
2223	3229576
2224	3230568
2225	3231572
2226	3232576
2227	3233572
2228	3234572
2229	3235572
2230	3236568
2231	3237572
2232	3238572
2233	3239572
2234	3240572
2235	3241572
2236	3242568
2237	3243572
2238	3244572
2239	3245568
2240	3246568
2241	3247568
2242	3248572
2243	3249568
2244	3250568
2245	3251576
2246	3252568
2247	3253572
2248	3254568
2249	3255572
2250	3256572
2251	3257572
2252	3258576
2253	3259572
2254	3260572
2255	3261572
2256	3262576
2257	3263572
2258	3264572
2259	3265572
2260	3266568
2261	3267572
2262	3268568
2263	3269572
2264	3270572
2265	3271576
2266	3272568
2267	3273572
2268	3274572
2269	3275576
2270	3276572
2271	3277568
2272	3278572
2273	3279568
2274	3280576
2275	3281568
2276	3282572
2277	3283572
2278	3284576
2279	3285572
2280	3286568
2281	3287576
2282	3288572
2283	3289572
2284	3290576
2285	3291572
2286	3292568
2287	3293576
2288	3294568
2289	3295568
2290	3296572
2291	3297572
2292	3298572
2293	3299572
2294	3300568
2295	3301576
2296	3302576
2297	3303568
2298	3304568
2299	3305576
2300	3306572
2301	3307572
2302	3308564
2303	3309568
2304	3310576
2305	3311572
2306	3312572
2307	3313572
2308	3314568
2309	3315568
2310	3316572
2311	3317572
2312	3318572
2313	3319568
2314	3320576
2315	3321572
2316	3322568
2317	3323572
2318	3324568
2319	3325568
2320	3326572
2321	3327560
2322	3328568
2323	3329572
2324	3330568
2325	3331572
2326	3332572
2327	3333572
2328	3334572
2329	3335568
2330	3336572
2331	3337572
2332	3338576
2333	3339572
2334	3340576
2335	3341564
2336	3342576
2337	3343572
2338	3344568
2339	3345568
2340	3346568
2341	3347568
2342	3348572
2343	3349576
2344	3350564
2345	3351568
2346	3352576
2347	3353568
2348	3354572
2349	3355572
2350	3356576
2351	3357576
2352	3358572
2353	3359568
2354	3360568
2355	3361572
2356	3362572
2357	3363568
2358	3364576
2359	3365568
2360	3366572
2361	3367568
2362	3368572
2363	3369568
2364	3370572
2365	3371572
2366	3372572
2367	3373572
2368	3374568
2369	3375576
2370	3376568
2371	3377572
2372	3378568
2373	3379568
2374	3380568
2375	3381576
2376	3382572
2377	3383572
2378	3384568
2379	3385572
2380	3386572
2381	3387568
2382	3388568
2383	3389576
2384	3390568
2385	3391572
2386	3392572
2387	3393576
2388	3394568
2389	3395572
2390	3396568
2391	3397568
2392	3398572
2393	3399568
2394	3400568
2395	3401568
2396	3402572
2397	3403572
2398	3404572
2399	3405568
2400	3406572
2401	3407572
2402	3408572
2403	3409568
2404	3410572
2405	3411568
2406	3412568
2407	3413568
2408	3414572
2409	3415572
2410	3416572
2411	3417572
2412	3418568
2413	3419568
2414	3420572
2415	3421572
2416	3422572
2417	3423576
2418	3424576
2419	3425568
2420	3426568
2421	3427572
2422	3428572
2423	3429572
2424	3430572
2425	3431572
2426	3432572
2427	3433568
2428	3434568
2429	3435572
2430	3436572
2431	3437572
2432	3438576
2433	3439572
2434	3440572
2435	3441576
2436	3442572
2437	3443572
2438	3444568
2439	3445568
2440	3446568
2441	3447572
2442	3448572
2443	3449572
2444	3450572
2445	3451576
2446	3452572
2447	3453572
2448	3454572
2449	3455572
2450	3456572
2451	3457568
2452	3458568
2453	3459576
2454	3460572
2455	3461572
2456	3462576
2457	3463572
2458	3464576
2459	3465576
2460	3466572
2461	3467572
2462	3468576
2463	3469572
2464	3470572
2465	3471572
2466	3472572
2467	3473572
2468	3474576
2469	3475576
2470	3476576
2471	3477568
2472	3478572
2473	3479572
2474	3480568
2475	3481576
2476	3482572
2477	3483572
2478	3484572
2479	3485572
2480	3486572
2481	3487568
2482	3488572
2483	3489576
2484	3490576
2485	3491568
2486	3492572
2487	3493568
2488	3494572
2489	3495572
2490	3496572
2491	3497568
2492	3498576
2493	3499568
2494	3500572
2495	3501572
2496	3502572
2497	3503572
2498	3504568
2499	3505572
2500	3506576
2501	3507572
2502	3508564
2503	3509576
2504	3510576
2505	3511572
2506	3512572
2507	3513576
2508	3514572
2509	3515572
2510	3516576
2511	3517576
2512	3518572
2513	3519572
2514	3520572
2515	3521576
2516	3522572
2517	3523572
2518	3524576
2519	3525572
2520	3526572
2521	3527576
2522	3528572
2523	3529572
2524	3530568
2525	3531572
2526	3532576
2527	3533572
2528	3534572
2529	3535572
2530	3536564
2531	3537572
2532	3538568
2533	3539572
2534	3540572
2535	3541584
2536	3542572
2537	3543576
2538	3544572
2539	3545572
2540	3546572
2541	3547572
2542	3548572
2543	3549572
2544	3550572
2545	3551572
2546	3552572
2547	3553572
2548	3554568
2549	3555568
2550	3556572
2551	3557572
2552	3558576
2553	3559572
2554	3560572
2555	3561572
2556	3562572
2557	3563572
2558	3564572
2559	3565572
2560	3566576
2561	3567568
2562	3568568
2563	3569572
2564	3570568
2565	3571564
2566	3572568
2567	3573572
2568	3574572
2569	3575572
2570	3576572
2571	3577572
2572	3578572
2573	3579572
2574	3580572
2575	3581572
2576	3582568
2577	3583564
2578	3584572
2579	3585572
2580	3586564
2581	3587572
2582	3588572
2583	3589576
2584	3590568
2585	3591576
2586	3592568
2587	3593572
2588	3594572
2589	3595568
2590	3596568
2591	3597576
2592	3598568
2593	3599572
2594	3600572
2595	3601572
2596	3602568
2597	3603576
2598	3604568
2599	3605576
2600	3606572
2601	3607572
2602	3608576
2603	3609572
2604	3610576
2605	3611572
2606	3612572
2607	3613576
2608	3614572
2609	3615568
2610	3616572
2611	3617572
2612	3618572
2613	3619572
2614	3620568
2615	3621568
2616	3622572
2617	3623572
2618	3624568
2619	3625572
2620	3626568
2621	3627568
2622	3628572
2623	3629572
2624	3630572
2625	3631572
2626	3632576
2627	3633572
2628	3634572
2629	3635564
2630	3636572
2631	3637568
2632	3638576
2633	3639568
2634	3640568
2635	3641572
2636	3642568
2637	3643572
2638	3644568
2639	3645568
2640	3646572
2641	3647572
2642	3648572
2643	3649572
2644	3650568
2645	3651572
2646	3652568
2647	3653572
2648	3654572
2649	3655568
2650	3656576
2651	3657576
2652	3658576
2653	3659568
2654	3660572
2655	3661572
2656	3662568
2657	3663572
2658	3664572
2659	3665572
2660	3666568
2661	3667572
2662	3668568
2663	3669568
2664	3670576
2665	3671572
2666	3672572
2667	3673572
2668	3674560
2669	3675572
2670	3676572
2671	3677568
2672	3678572
2673	3679568
2674	3680572
2675	3681568
2676	3682568
2677	3683572
2678	3684568
2679	3685572
2680	3686568
2681	3687568
2682	3688572
2683	3689572
2684	3690572
2685	3691572
2686	3692572
2687	3693576
2688	3694572
2689	3695572
2690	3696572
2691	3697572
2692	3698572
2693	3699572
2694	3700572
2695	3701568
2696	3702572
2697	3703568
2698	3704572
2699	3705572
2700	3706572
2701	3707568
2702	3708568
2703	3709572
2704	3710572
2705	3711572
2706	3712572
2707	3713576
2708	3714572
2709	3715572
2710	3716572
2711	3717568
2712	3718564
2713	3719572
2714	3720572
2715	3721572
2716	3722576
2717	3723572
2718	3724572
2719	3725572
2720	3726576
2721	3727576
2722	3728572
2723	3729568
2724	3730572
2725	3731572
2726	3732572
2727	3733568
2728	3734572
2729	3735572
2730	3736568
2731	3737572
2732	3738572
2733	3739572
2734	3740572
2735	3741572
2736	3742572
2737	3743568
2738	3744572
2739	3745576
2740	3746572
2741	3747572
2742	3748568
2743	3749572
2744	3750568
2745	3751568
2746	3752572
2747	3753572
2748	3754568
2749	3755572
2750	3756568
2751	3757568
2752	3758572
2753	3759568
2754	3760572
2755	3761572
2756	3762572
2757	3763568
2758	3764568
2759	3765572
2760	3766572
2761	3767572
2762	3768568
2763	3769572
2764	3770576
2765	3771572
2766	3772572
2767	3773568
2768	3774572
2769	3775572
2770	3776572
2771	3777572
2772	3778572
2773	3779576
2774	3780572
2775	3781572
2776	3782572
2777	3783572
2778	3784568
2779	3785576
2780	3786572
2781	3787568
2782	3788572
2783	3789576
2784	3790572
2785	3791572
2786	3792572
2787	3793572
2788	3794572
2789	3795568
2790	3796568
2791	3797572
2792	3798568
2793	3799572
2794	3800576
2795	3801572
2796	3802568
2797	3803572
2798	3804576
2799	3805568
2800	3806762
2801	3807576
2802	3808572
2803	3809572
2804	3810568
2805	3811572
2806	3812572
2807	3813572
2808	3814568
2809	3815572
2810	3816572
2811	3817572
2812	3818576
2813	3819572
2814	3820576
2815	3821576
2816	3822576
2817	3823572
2818	3824568
2819	3825572
2820	3826568
2821	3827572
2822	3828572
2823	3829572
2824	3830568
2825	3831572
2826	3832572
2827	3833572
2828	3834572
2829	3835576
2830	3836568
2831	3837572
2832	3838568
2833	3839564
2834	3840568
2835	3841572
2836	3842572
2837	3843572
2838	3844568
2839	3845572
2840	3846572
2841	3847572
2842	3848568
2843	3849572
2844	3850572
2845	3851568
2846	3852572
2847	3853568
2848	3854572
2849	3855572
2850	3856572
2851	3857572
2852	3858572
2853	3859572
2854	3860572
2855	3861572
2856	3862572
2857	3863572
2858	3864572
2859	3865564
2860	3866572
2861	3867572
2862	3868572
2863	3869572
2864	3870564
2865	3871572
2866	3872572
2867	3873572
2868	3874572
2869	3875572
2870	3876576
2871	3877572
2872	3878568
2873	3879572
2874	3880568
2875	3881572
2876	3882568
2877	3883568
2878	3884576
2879	3885576
2880	3886572
2881	3887576
2882	3888572
2883	3889572
2884	3890568
2885	3891568
2886	3892568
2887	3893572
2888	3894572
2889	3895568
2890	3896576
2891	3897572
2892	3898572
2893	3899568
2894	3900572
2895	3901572
2896	3902568
2897	3903572
2898	3904572
2899	3905572
2900	3906564
2901	3907568
2902	3908572
2903	3909572
2904	3910568
2905	3911572
2906	3912572
2907	3913572
2908	3914584
2909	3915576
2910	3916572
2911	3917572
2912	3918568
2913	3919568
2914	3920572
2915	3921572
2916	3922576
2917	3923568
2918	3924576
2919	3925572
2920	3926572
2921	3927568
2922	3928568
2923	3929572
2924	3930568
2925	3931572
2926	3932572
2927	3933568
2928	3934576
2929	3935572
2930	3936572
2931	3937572
2932	3938572
2933	3939576
2934	3940572
2935	3941572
2936	3942572
2937	3943572
2938	3944572
2939	3945572
2940	3946572
2941	3947568
2942	3948568
2943	3949568
2944	3950576
2945	3951568
2946	3952572
2947	3953572
2948	3954572
2949	3955568
2950	3956568
2951	3957572
2952	3958572
2953	3959568
2954	3960576
2955	3961572
2956	3962572
2957	3963568
2958	3964572
2959	3965572
2960	3966572
2961	3967576
2962	3968568
2963	3969576
2964	3970568
2965	3971568
2966	3972572
2967	3973572
2968	3974572
2969	3975568
2970	3976572
2971	3977568
2972	3978576
2973	3979572
2974	3980576
2975	3981568
2976	3982572
2977	3983576
2978	3984572
2979	3985568
2980	3986572
2981	3987568
2982	3988564
2983	3989568
2984	3990576
2985	3991568
2986	3992576
2987	3993568
2988	3994572
2989	3995568
2990	3996576
2991	3997572
2992	3998572
2993	3999572
2994	4000572
2995	4001572
2996	4002568
2997	4003572
2998	4004568
2999	4005572
3000	4006576
3001	4007572
3002	4008572
3003	4009572
3004	4010572
3005	4011572
3006	4012576
3007	4013572
3008	4014576
3009	4015572
3010	4016576
3011	4017568
3012	4018572
3013	4019572
3014	4020576
3015	4021572
3016	4022572
3017	4023572
3018	4024576
3019	4025572
3020	4026572
3021	4027572
3022	4028568
3023	4029568
3024	4030568
3025	4031572
3026	4032568
3027	4033572
3028	4034568
3029	4035572
3030	4036572
3031	4037572
3032	4038568
3033	4039572
3034	4040572
3035	4041572
3036	4042572
3037	4043576
3038	4044576
3039	4045572
3040	4046568
3041	4047568
3042	4048572
3043	4049568
3044	4050568
3045	4051568
3046	4052576
3047	4053572
3048	4054568
3049	4055576
3050	4056572
3051	4057568
3052	4058568
3053	4059572
3054	4060572
3055	4061572
3056	4062572
3057	4063572
3058	4064572
3059	4065572
3060	4066572
3061	4067568
3062	4068576
3063	4069572
3064	4070568
3065	4071568
3066	4072568
3067	4073572
3068	4074568
3069	4075568
3070	4076576
3071	4077572
3072	4078572
3073	4079572
3074	4080572
3075	4081576
3076	4082572
3077	4083568
3078	4084568
3079	4085572
3080	4086576
3081	4087568
3082	4088572
3083	4089572
3084	4090568
3085	4091568
3086	4092572
3087	4093576
3088	4094576
3089	4095568
3090	4096576
3091	4097572
3092	4098572
3093	4099568
3094	4100572
3095	4101568
3096	4102564
3097	4103568
3098	4104568
3099	4105568
3100	4106568
3101	4107572
3102	4108568
3103	4109572
3104	4110568
3105	4111572
3106	4112576
3107	4113572
3108	4114568
3109	4115572
3110	4116572
3111	4117572
3112	4118572
3113	4119572
3114	4120568
3115	4121568
3116	4122572
3117	4123564
3118	4124568
3119	4125572
3120	4126568
3121	4127572
3122	4128572
3123	4129572
3124	4130572
3125	4131572
3126	4132568
3127	4133572
3128	4134572
3129	4135572
3130	4136572
3131	4137568
3132	4138564
3133	4139572
3134	4140572
3135	4141572
3136	4142572
3137	4143572
3138	4144572
3139	4145572
3140	4146572
3141	4147572
3142	4148572
3143	4149568
3144	4150568
3145	4151576
3146	4152568
3147	4153568
3148	4154572
3149	4155568
3150	4156572
3151	4157572
3152	4158576
3153	4159572
3154	4160576
3155	4161568
3156	4162572
3157	4163572
3158	4164568
3159	4165572
3160	4166572
3161	4167572
3162	4168572
3163	4169572
3164	4170572
3165	4171572
3166	4172568
3167	4173572
3168	4174576
3169	4175572
3170	4176572
3171	4177576
3172	4178572
3173	4179568
3174	4180568
3175	4181568
3176	4182572
3177	4183572
3178	4184572
3179	4185572
3180	4186568
3181	4187576
3182	4188576
3183	4189572
3184	4190572
3185	4191564
3186	4192568
3187	4193572
3188	4194572
3189	4195572
3190	4196572
3191	4197572
3192	4198572
3193	4199568
3194	4200568
3195	4201572
3196	4202572
3197	4203576
3198	4204568
3199	4205572
3200	4206572
3201	4207572
3202	4208564
3203	4209572
3204	4210572
3205	4211572
3206	4212572
3207	4213572
3208	4214572
3209	4215572
3210	4216572
3211	4217572
3212	4218572
3213	4219568
3214	4220568
3215	4221572
3216	4222572
3217	4223572
3218	4224572
3219	4225568
3220	4226572
3221	4227572
3222	4228572
3223	4229572
3224	4230568
3225	4231572
3226	4232576
3227	4233576
3228	4234568
3229	4235576
3230	4236572
3231	4237576
3232	4238572
3233	4239572
3234	4240576
3235	4241576
3236	4242572
3237	4243572
3238	4244568
3239	4245572
3240	4246572
3241	4247572
3242	4248564
3243	4249572
3244	4250568
3245	4251568
3246	4252572
3247	4253572
3248	4254568
3249	4255576
3250	4256572
3251	4257568
3252	4258572
3253	4259576
3254	4260572
3255	4261576
3256	4262572
3257	4263572
3258	4264572
3259	4265576
3260	4266568
3261	4267568
3262	4268560
3263	4269564
3264	4270564
3265	4271564
3266	4272568
3267	4273568
3268	4274564
3269	4275568
3270	4276568
3271	4277564
3272	4278568
3273	4279564
3274	4280560
3275	4281568
3276	4282568
3277	4283568
3278	4284564
3279	4285568
3280	4286572
3281	4287568
3282	4288572
3283	4289572
3284	4290568
3285	4291568
3286	4292572
3287	4293572
3288	4294572
3289	4295572
3290	4296572
3291	4297572
3292	4298576
3293	4299572
3294	4300576
3295	4301568
3296	4302568
3297	4303568
3298	4304572
3299	4305572
3300	4306572
3301	4307568
3302	4308572
3303	4309576
3304	4310568
3305	4311572
3306	4312572
3307	4313576
3308	4314572
3309	4315576
3310	4316572
3311	4317572
3312	4318572
3313	4319568
3314	4320572
3315	4321572
3316	4322572
3317	4323572
3318	4324572
3319	4325572
3320	4326572
3321	4327572
3322	4328572
3323	4329572
3324	4330568
3325	4331572
3326	4332572
3327	4333572
3328	4334572
3329	4335572
3330	4336568
3331	4337568
3332	4338568
3333	4339568
3334	4340576
3335	4341576
3336	4342572
3337	4343572
3338	4344572
3339	4345568
3340	4346568
3341	4347572
3342	4348572
3343	4349568
3344	4350572
3345	4351564
3346	4352572
3347	4353572
3348	4354572
3349	4355568
3350	4356572
3351	4357572
3352	4358568
3353	4359572
3354	4360576
3355	4361572
3356	4362572
3357	4363568
3358	4364568
3359	4365572
3360	4366572
3361	4367572
3362	4368572
3363	4369572
3364	4370572
3365	4371568
3366	4372564
3367	4373576
3368	4374572
3369	4375572
3370	4376572
3371	4377572
3372	4378568
3373	4379568
3374	4380568
3375	4381576
3376	4382572
3377	4383568
3378	4384572
3379	4385572
3380	4386568
3381	4387572
3382	4388572
3383	4389572
3384	4390572
3385	4391572
3386	4392572
3387	4393572
3388	4394572
3389	4395568
3390	4396576
3391	4397572
3392	4398572
3393	4399576
3394	4400572
3395	4401572
3396	4402576
3397	4403572
3398	4404572
3399	4405568
3400	4406572
3401	4407572
3402	4408572
3403	4409568
3404	4410572
3405	4411568
3406	4412572
3407	4413572
3408	4414576
3409	4415572
3410	4416572
3411	4417568
3412	4418568
3413	4419568
3414	4420568
3415	4421572
3416	4422572
3417	4423568
3418	4424572
3419	4425572
3420	4426572
3421	4427572
3422	4428568
3423	4429576
3424	4430576
3425	4431572
3426	4432568
3427	4433572
3428	4434572
3429	4435572
3430	4436572
3431	4437568
3432	4438572
3433	4439572
3434	4440564
3435	4441572
3436	4442572
3437	4443572
3438	4444572
3439	4445576
3440	4446572
3441	4447572
3442	4448572
3443	4449572
3444	4450572
3445	4451568
3446	4452572
3447	4453576
3448	4454576
3449	4455572
3450	4456572
3451	4457568
3452	4458568
3453	4459568
3454	4460568
3455	4461572
3456	4462572
3457	4463564
3458	4464572
3459	4465568
3460	4466568
3461	4467572
3462	4468572
3463	4469572
3464	4470576
3465	4471572
3466	4472568
3467	4473572
3468	4474568
3469	4475576
3470	4476568
3471	4477576
3472	4478568
3473	4479572
3474	4480576
3475	4481572
3476	4482572
3477	4483568
3478	4484576
3479	4485572
3480	4486568
3481	4487568
3482	4488568
3483	4489576
3484	4490568
3485	4491572
3486	4492572
3487	4493572
3488	4494568
3489	4495572
3490	4496576
3491	4497572
3492	4498568
3493	4499572
3494	4500572
3495	4501576
3496	4502572
3497	4503568
3498	4504568
3499	4505576
3500	4506568
3501	4507572
3502	4508568
3503	4509576
3504	4510576
3505	4511572
3506	4512568
3507	4513572
3508	4514568
3509	4515572
3510	4516576
3511	4517568
3512	4518572
3513	4519572
3514	4520576
3515	4521572
3516	4522572
3517	4523576
3518	4524568
3519	4525572
3520	4526568
3521	4527572
3522	4528568
3523	4529572
3524	4530572
3525	4531572
3526	4532572
3527	4533572
3528	4534572
3529	4535568
3530	4536572
3531	4537572
3532	4538572
3533	4539576
3534	4540568
3535	4541572
3536	4542572
3537	4543572
3538	4544572
3539	4545572
3540	4546572
3541	4547568
3542	4548576
3543	4549572
3544	4550572
3545	4551576
3546	4552572
3547	4553568
3548	4554568
3549	4555572
3550	4556572
3551	4557572
3552	4558572
3553	4559572
3554	4560568
3555	4561572
3556	4562572
3557	4563568
3558	4564572
3559	4565572
3560	4566572
3561	4567568
3562	4568572
3563	4569572
3564	4570572
3565	4571568
3566	4572568
3567	4573576
3568	4574572
3569	4575568
3570	4576572
3571	4577572
3572	4578572
3573	4579572
3574	4580568
3575	4581568
3576	4582568
3577	4583572
3578	4584572
3579	4585572
3580	4586572
3581	4587576
3582	4588568
3583	4589576
3584	4590572
3585	4591572
3586	4592568
3587	4593568
3588	4594572
3589	4595576
3590	4596568
3591	4597568
3592	4598572
3593	4599568
3594	4600568
3595	4601572
3596	4602572
3597	4603568
3598	4604572
3599	4605572
3600	4606572
3601	4607564
3602	4608568
3603	4609572
3604	4610572
3605	4611568
3606	4612568
3607	4613576
3608	4614572
3609	4615572
3610	4616572
3611	4617564
3612	4618572
3613	4619572
3614	4620568
3615	4621572
3616	4622572
3617	4623568
3618	4624576
3619	4625572
3620	4626572
3621	4627568
3622	4628568
3623	4629568
3624	4630572
3625	4631568
3626	4632576
3627	4633576
3628	4634572
3629	4635572
3630	4636572
3631	4637572
3632	4638572
3633	4639572
3634	4640572
3635	4641572
3636	4642572
3637	4643572
3638	4644572
3639	4645572
3640	4646576
3641	4647576
3642	4648572
3643	4649568
3644	4650576
3645	4651568
3646	4652572
3647	4653572
3648	4654572
3649	4655572
3650	4656572
3651	4657572
3652	4658572
3653	4659564
3654	4660572
3655	4661572
3656	4662568
3657	4663572
3658	4664568
3659	4665576
3660	4666572
3661	4667568
3662	4668576
3663	4669576
3664	4670576
3665	4671568
3666	4672572
3667	4673572
3668	4674568
3669	4675568
3670	4676568
3671	4677576
3672	4678560
3673	4679568
3674	4680572
3675	4681572
3676	4682572
3677	4683568
3678	4684572
3679	4685572
3680	4686572
3681	4687572
3682	4688564
3683	4689576
3684	4690572
3685	4691568
3686	4692568
3687	4693568
3688	4694572
3689	4695572
3690	4696572
3691	4697572
3692	4698572
3693	4699572
3694	4700568
3695	4701572
3696	4702576
3697	4703572
3698	4704572
3699	4705572
3700	4706568
3701	4707572
3702	4708576
3703	4709576
3704	4710572
3705	4711572
3706	4712572
3707	4713568
3708	4714568
3709	4715572
3710	4716572
3711	4717568
3712	4718572
3713	4719572
3714	4720572
3715	4721572
3716	4722572
3717	4723572
3718	4724572
3719	4725576
3720	4726572
3721	4727568
3722	4728568
3723	4729568
3724	4730572
3725	4731572
3726	4732568
3727	4733568
3728	4734572
3729	4735572
3730	4736572
3731	4737572
3732	4738576
3733	4739572
3734	4740572
3735	4741576
3736	4742572
3737	4743576
3738	4744572
3739	4745568
3740	4746572
3741	4747572
3742	4748572
3743	4749572
3744	4750576
3745	4751576
3746	4752572
3747	4753572
3748	4754568
3749	4755572
3750	4756572
3751	4757564
3752	4758572
3753	4759568
3754	4760568
3755	4761572
3756	4762576
3757	4763568
3758	4764572
3759	4765568
3760	4766572
3761	4767576
3762	4768572
3763	4769568
3764	4770572
3765	4771576
3766	4772572
3767	4773572
3768	4774576
3769	4775576
3770	4776572
3771	4777568
3772	4778568
3773	4779568
3774	4780568
3775	4781572
3776	4782572
3777	4783568
3778	4784576
3779	4785572
3780	4786572
3781	4787572
3782	4788576
3783	4789576
3784	4790572
3785	4791572
3786	4792572
3787	4793572
3788	4794568
3789	4795572
3790	4796572
3791	4797572
3792	4798572
3793	4799576
3794	4800572
3795	4801572
3796	4802572
3797	4803572
3798	4804572
3799	4805572
3800	4806572
3801	4807568
3802	4808572
3803	4809572
3804	4810568
3805	4811572
3806	4812572
3807	4813572
3808	4814568
3809	4815572
3810	4816572
3811	4817572
3812	4818572
3813	4819572
3814	4820572
3815	4821572
3816	4822568
3817	4823572
3818	4824572
3819	4825572
3820	4826568
3821	4827576
3822	4828572
3823	4829572
3824	4830576
3825	4831572
3826	4832572
3827	4833572
3828	4834572
3829	4835576
3830	4836572
3831	4837568
3832	4838572
3833	4839572
3834	4840572
3835	4841572
3836	4842572
3837	4843572
3838	4844572
3839	4845568
3840	4846572
3841	4847568
3842	4848572
3843	4849564
3844	4850572
3845	4851572
3846	4852576
3847	4853572
3848	4854576
3849	4855568
3850	4856576
3851	4857572
3852	4858576
3853	4859568
3854	4860572
3855	4861572
3856	4862576
3857	4863564
3858	4864572
3859	4865572
3860	4866572
3861	4867572
3862	4868572
3863	4869572
3864	4870564
3865	4871576
3866	4872576
3867	4873572
3868	4874576
3869	4875572
3870	4876572
3871	4877572
3872	4878572
3873	4879568
3874	4880568
3875	4881568
3876	4882568
3877	4883568
3878	4884572
3879	4885572
3880	4886568
3881	4887568
3882	4888572
3883	4889572
3884	4890572
3885	4891564
3886	4892572
3887	4893572
3888	4894572
3889	4895568
3890	4896572
3891	4897568
3892	4898572
3893	4899572
3894	4900568
3895	4901576
3896	4902572
3897	4903572
3898	4904572
3899	4905568
3900	4906568
3901	4907572
3902	4908572
3903	4909568
3904	4910568
3905	4911572
3906	4912572
3907	4913572
3908	4914572
3909	4915568
3910	4916576
3911	4917572
3912	4918576
3913	4919568
3914	4920572
3915	4921572
3916	4922568
3917	4923564
3918	4924576
3919	4925572
3920	4926568
3921	4927572
3922	4928572
3923	4929576
3924	4930568
3925	4931572
3926	4932572
3927	4933572
3928	4934568
3929	4935568
3930	4936572
3931	4937572
3932	4938572
3933	4939572
3934	4940572
3935	4941572
3936	4942572
3937	4943572
3938	4944572
3939	4945572
3940	4946568
3941	4947572
3942	4948572
3943	4949572
3944	4950572
3945	4951572
3946	4952572
3947	4953572
3948	4954576
3949	4955568
3950	4956572
3951	4957572
3952	4958572
3953	4959572
3954	4960572
3955	4961572
3956	4962568
3957	4963576
3958	4964572
3959	4965572
3960	4966572
3961	4967568
3962	4968576
3963	4969568
3964	4970572
3965	4971572
3966	4972568
3967	4973568
3968	4974572
3969	4975572
3970	4976568
3971	4977568
3972	4978572
3973	4979572
3974	4980572
3975	4981572
3976	4982572
3977	4983568
3978	4984572
3979	4985576
3980	4986572
3981	4987572
3982	4988572
3983	4989572
3984	4990572
3985	4991572
3986	4992568
3987	4993572
3988	4994572
3989	4995572
3990	4996572
3991	4997576
3992	4998576
3993	4999572
3994	5000572
3995	5001572
3996	5002572
3997	5003572
3998	5004572
3999	5005576
4000	5006568
4001	5007576
4002	5008572
4003	5009572
4004	5010568
4005	5011572
4006	5012568
4007	5013576
4008	5014572
4009	5015572
4010	5016572
4011	5017576
4012	5018572
4013	5019568
4014	5020576
4015	5021564
4016	5022572
4017	5023568
4018	5024568
4019	5025572
4020	5026572
4021	5027572
4022	5028572
4023	5029572
4024	5030572
4025	5031572
4026	5032576
4027	5033572
4028	5034576
4029	5035572
4030	5036572
4031	5037576
4032	5038572
4033	5039572
4034	5040576
4035	5041572
4036	5042572
4037	5043568
4038	5044572
4039	5045576
4040	5046568
4041	5047572
4042	5048572
4043	5049572
4044	5050572
4045	5051572
4046	5052568
4047	5053572
4048	5054572
4049	5055572
4050	5056572
4051	5057572
4052	5058572
4053	5059572
4054	5060572
4055	5061572
4056	5062572
4057	5063572
4058	5064568
4059	5065572
4060	5066572
4061	5067568
4062	5068572
4063	5069576
4064	5070576
4065	5071572
4066	5072572
4067	5073572
4068	5074572
4069	5075572
4070	5076572
4071	5077572
4072	5078568
4073	5079576
4074	5080572
4075	5081576
4076	5082576
4077	5083576
4078	5084576
4079	5085572
4080	5086568
4081	5087576
4082	5088572
4083	5089568
4084	5090572
4085	5091568
4086	5092572
4087	5093572
4088	5094568
4089	5095568
4090	5096568
4091	5097568
4092	5098572
4093	5099572
4094	5100568
4095	5101572
4096	5102576
4097	5103572
4098	5104568
4099	5105568
4100	5106572
4101	5107568
4102	5108568
4103	5109568
4104	5110572
4105	5111568
4106	5112572
4107	5113572
4108	5114568
4109	5115572
4110	5116568
4111	5117568
4112	5118572
4113	5119564
4114	5120568
4115	5121576
4116	5122572
4117	5123576
4118	5124568
4119	5125568
4120	5126572
4121	5127572
4122	5128568
4123	5129572
4124	5130568
4125	5131572
4126	5132572
4127	5133568
4128	5134576
4129	5135572
4130	5136576
4131	5137572
4132	5138576
4133	5139568
4134	5140564
4135	5141568
4136	5142572
4137	5143576
4138	5144572
4139	5145572
4140	5146568
4141	5147564
4142	5148576
4143	5149572
4144	5150568
4145	5151572
4146	5152572
4147	5153572
4148	5154572
4149	5155568
4150	5156572
4151	5157572
4152	5158568
4153	5159572
4154	5160572
4155	5161576
4156	5162572
4157	5163572
4158	5164572
4159	5165568
4160	5166572
4161	5167568
4162	5168572
4163	5169572
4164	5170568
4165	5171568
4166	5172568
4167	5173572
4168	5174572
4169	5175572
4170	5176572
4171	5177568
4172	5178572
4173	5179576
4174	5180572
4175	5181572
4176	5182572
4177	5183572
4178	5184572
4179	5185568
4180	5186568
4181	5187572
4182	5188564
4183	5189572
4184	5190572
4185	5191576
4186	5192576
4187	5193568
4188	5194572
4189	5195576
4190	5196572
4191	5197572
4192	5198572
4193	5199572
4194	5200572
4195	5201568
4196	5202572
4197	5203572
4198	5204572
4199	5205572
4200	5206576
4201	5207564
4202	5208572
4203	5209568
4204	5210576
4205	5211572
4206	5212572
4207	5213572
4208	5214572
4209	5215572
4210	5216568
4211	5217576
4212	5218572
4213	5219568
4214	5220572
4215	5221576
4216	5222572
4217	5223572
4218	5224568
4219	5225572
4220	5226572
4221	5227572
4222	5228576
4223	5229576
4224	5230564
4225	5231572
4226	5232568
4227	5233572
4228	5234572
4229	5235568
4230	5236572
4231	5237572
4232	5238572
4233	5239572
4234	5240576
4235	5241572
4236	5242568
4237	5243572
4238	5244576
4239	5245572
4240	5246576
4241	5247576
4242	5248572
4243	5249576
4244	5250568
4245	5251576
4246	5252572
4247	5253572
4248	5254572
4249	5255572
4250	5256572
4251	5257568
4252	5258568
4253	5259572
4254	5260568
4255	5261572
4256	5262568
4257	5263572
4258	5264568
4259	5265572
4260	5266572
4261	5267572
4262	5268572
4263	5269572
4264	5270576
4265	5271564
4266	5272568
4267	5273572
4268	5274568
4269	5275572
4270	5276576
4271	5277568
4272	5278572
4273	5279572
4274	5280572
4275	5281568
4276	5282572
4277	5283572
4278	5284572
4279	5285568
4280	5286572
4281	5287572
4282	5288576
4283	5289568
4284	5290572
4285	5291572
4286	5292568
4287	5293572
4288	5294568
4289	5295568
4290	5296572
4291	5297568
4292	5298568
4293	5299572
4294	5300576
4295	5301572
4296	5302568
4297	5303572
4298	5304576
4299	5305576
4300	5306568
4301	5307572
4302	5308572
4303	5309568
4304	5310568
4305	5311572
4306	5312572
4307	5313568
4308	5314576
4309	5315568
4310	5316572
4311	5317572
4312	5318576
4313	5319572
4314	5320568
4315	5321576
4316	5322572
4317	5323568
4318	5324572
4319	5325568
4320	5326572
4321	5327568
4322	5328572
4323	5329572
4324	5330572
4325	5331572
4326	5332576
4327	5333572
4328	5334568
4329	5335568
4330	5336568
4331	5337568
4332	5338572
4333	5339572
4334	5340572
4335	5341572
4336	5342572
4337	5343572
4338	5344564
4339	5345564
4340	5346576
4341	5347568
4342	5348572
4343	5349572
4344	5350572
4345	5351572
4346	5352572
4347	5353572
4348	5354572
4349	5355572
4350	5356572
4351	5357572
4352	5358568
4353	5359572
4354	5360572
4355	5361572
4356	5362572
4357	5363572
4358	5364572
4359	5365572
4360	5366572
4361	5367568
4362	5368572
4363	5369572
4364	5370568
4365	5371572
4366	5372572
4367	5373572
4368	5374576
4369	5375564
4370	5376568
4371	5377572
4372	5378568
4373	5379572
4374	5380572
4375	5381568
4376	5382568
4377	5383568
4378	5384572
4379	5385568
4380	5386572
4381	5387568
4382	5388568
4383	5389572
4384	5390572
4385	5391576
4386	5392568
4387	5393568
4388	5394572
4389	5395568
4390	5396568
4391	5397568
4392	5398568
4393	5399576
4394	5400572
4395	5401572
4396	5402572
4397	5403568
4398	5404568
4399	5405572
4400	5406572
4401	5407568
4402	5408576
4403	5409572
4404	5410576
4405	5411572
4406	5412572
4407	5413568
4408	5414576
4409	5415572
4410	5416568
4411	5417572
4412	5418572
4413	5419572
4414	5420572
4415	5421572
4416	5422572
4417	5423572
4418	5424568
4419	5425572
4420	5426568
4421	5427568
4422	5428568
4423	5429572
4424	5430568
4425	5431572
4426	5432576
4427	5433572
4428	5434572
4429	5435572
4430	5436572
4431	5437576
4432	5438576
4433	5439572
4434	5440568
4435	5441572
4436	5442568
4437	5443568
4438	5444568
4439	5445568
4440	5446568
4441	5447568
4442	5448572
4443	5449572
4444	5450572
4445	5451568
4446	5452576
4447	5453572
4448	5454572
4449	5455572
4450	5456576
4451	5457572
4452	5458572
4453	5459568
4454	5460572
4455	5461572
4456	5462572
4457	5463568
4458	5464568
4459	5465576
4460	5466572
4461	5467572
4462	5468568
4463	5469572
4464	5470568
4465	5471572
4466	5472564
4467	5473572
4468	5474572
4469	5475572
4470	5476572
4471	5477568
4472	5478568
4473	5479568
4474	5480572
4475	5481568
4476	5482568
4477	5483568
4478	5484568
4479	5485572
4480	5486568
4481	5487572
4482	5488572
4483	5489572
4484	5490572
4485	5491576
4486	5492572
4487	5493568
4488	5494568
4489	5495572
4490	5496568
4491	5497572
4492	5498568
4493	5499572
4494	5500572
4495	5501568
4496	5502568
4497	5503568
4498	5504572
4499	5505568
4500	5506576
4501	5507576
4502	5508572
4503	5509572
4504	5510572
4505	5511572
4506	5512568
4507	5513572
4508	5514568
4509	5515572
4510	5516568
4511	5517576
4512	5518572
4513	5519576
4514	5520568
4515	5521572
4516	5522572
4517	5523572
4518	5524572
4519	5525568
4520	5526572
4521	5527572
4522	5528572
4523	5529572
4524	5530572
4525	5531572
4526	5532572
4527	5533572
4528	5534572
4529	5535572
4530	5536572
4531	5537572
4532	5538572
4533	5539572
4534	5540576
4535	5541568
4536	5542572
4537	5543572
4538	5544568
4539	5545572
4540	5546572
4541	5547572
4542	5548572
4543	5549576
4544	5550568
4545	5551568
4546	5552568
4547	5553572
4548	5554572
4549	5555564
4550	5556572
4551	5557572
4552	5558572
4553	5559572
4554	5560572
4555	5561576
4556	5562572
4557	5563568
4558	5564576
4559	5565572
4560	5566572
4561	5567572
4562	5568572
4563	5569572
4564	5570572
4565	5571572
4566	5572572
4567	5573576
4568	5574572
4569	5575572
4570	5576568
4571	5577568
4572	5578576
4573	5579572
4574	5580568
4575	5581576
4576	5582572
4577	5583572
4578	5584568
4579	5585572
4580	5586572
4581	5587572
4582	5588572
4583	5589572
4584	5590568
4585	5591572
4586	5592572
4587	5593572
4588	5594568
4589	5595572
4590	5596572
4591	5597572
4592	5598572
4593	5599572
4594	5600572
4595	5601572
4596	5602572
4597	5603576
4598	5604568
4599	5605568
4600	5606576
4601	5607568
4602	5608572
4603	5609576
4604	5610564
4605	5611572
4606	5612576
4607	5613572
4608	5614572
4609	5615572
4610	5616572
4611	5617576
4612	5618564
4613	5619576
4614	5620572
4615	5621572
4616	5622568
4617	5623572
4618	5624576
4619	5625572
4620	5626568
4621	5627572
4622	5628572
4623	5629572
4624	5630572
4625	5631564
4626	5632568
4627	5633572
4628	5634572
4629	5635568
4630	5636572
4631	5637572
4632	5638568
4633	5639572
4634	5640576
4635	5641568
4636	5642572
4637	5643568
4638	5644572
4639	5645568
4640	5646568
4641	5647576
4642	5648576
4643	5649568
4644	5650572
4645	5651572
4646	5652572
4647	5653572
4648	5654572
4649	5655572
4650	5656568
4651	5657572
4652	5658572
4653	5659568
4654	5660572
4655	5661572
4656	5662568
4657	5663568
4658	5664572
4659	5665568
4660	5666572
4661	5667572
4662	5668576
4663	5669572
4664	5670572
4665	5671568
4666	5672572
4667	5673572
4668	5674572
4669	5675572
4670	5676568
4671	5677568
4672	5678572
4673	5679568
4674	5680572
4675	5681572
4676	5682568
4677	5683564
4678	5684572
4679	5685572
4680	5686572
4681	5687572
4682	5688568
4683	5689572
4684	5690568
4685	5691572
4686	5692572
4687	5693568
4688	5694568
4689	5695572
4690	5696576
4691	5697572
4692	5698568
4693	5699572
4694	5700572
4695	5701572
4696	5702568
4697	5703564
4698	5704572
4699	5705576
4700	5706568
4701	5707568
4702	5708576
4703	5709568
4704	5710568
4705	5711572
4706	5712572
4707	5713572
4708	5714568
4709	5715572
4710	5716572
4711	5717568
4712	5718572
4713	5719572
4714	5720572
4715	5721568
4716	5722576
4717	5723572
4718	5724568
4719	5725576
4720	5726572
4721	5727572
4722	5728572
4723	5729568
4724	5730572
4725	5731572
4726	5732568
4727	5733568
4728	5734572
4729	5735576
4730	5736568
4731	5737572
4732	5738568
4733	5739572
4734	5740568
4735	5741568
4736	5742568
4737	5743568
4738	5744576
4739	5745568
4740	5746568
4741	5747572
4742	5748572
4743	5749572
4744	5750576
4745	5751576
4746	5752572
4747	5753572
4748	5754572
4749	5755572
4750	5756576
4751	5757572
4752	5758572
4753	5759572
4754	5760568
4755	5761572
4756	5762572
4757	5763568
4758	5764572
4759	5765576
4760	5766576
4761	5767572
4762	5768576
4763	5769572
4764	5770568
4765	5771572
4766	5772572
4767	5773572
4768	5774568
4769	5775568
4770	5776572
4771	5777572
4772	5778572
4773	5779568
4774	5780572
4775	5781572
4776	5782572
4777	5783572
4778	5784568
4779	5785572
4780	5786576
4781	5787572
4782	5788576
4783	5789576
4784	5790568
4785	5791572
4786	5792568
4787	5793576
4788	5794572
4789	5795576
4790	5796572
4791	5797572
4792	5798572
4793	5799572
4794	5800568
4795	5801576
4796	5802572
4797	5803568
4798	5804568
4799	5805576
4800	5806572
4801	5807572
4802	5808568
4803	5809572
4804	5810572
4805	5811572
4806	5812572
4807	5813576
4808	5814572
4809	5815568
4810	5816572
4811	5817572
4812	5818568
4813	5819572
4814	5820572
4815	5821568
4816	5822572
4817	5823572
4818	5824572
4819	5825572
4820	5826568
4821	5827576
4822	5828572
4823	5829568
4824	5830568
4825	5831572
4826	5832572
4827	5833572
4828	5834572
4829	5835572
4830	5836572
4831	5837568
4832	5838568
4833	5839576
4834	5840576
4835	5841572
4836	5842572
4837	5843572
4838	5844576
4839	5845568
4840	5846572
4841	5847572
4842	5848572
4843	5849568
4844	5850568
4845	5851568
4846	5852572
4847	5853572
4848	5854572
4849	5855572
4850	5856572
4851	5857572
4852	5858572
4853	5859572
4854	5860572
4855	5861572
4856	5862576
4857	5863572
4858	5864572
4859	5865568
4860	5866572
4861	5867576
4862	5868572
4863	5869572
4864	5870576
4865	5871572
4866	5872568
4867	5873572
4868	5874568
4869	5875568
4870	5876572
4871	5877568
4872	5878568
4873	5879576
4874	5880572
4875	5881572
4876	5882568
4877	5883568
4878	5884572
4879	5885572
4880	5886572
4881	5887564
4882	5888572
4883	5889572
4884	5890572
4885	5891572
4886	5892576
4887	5893572
4888	5894572
4889	5895568
4890	5896572
4891	5897576
4892	5898572
4893	5899568
4894	5900572
4895	5901572
4896	5902572
4897	5903568
4898	5904572
4899	5905576
4900	5906572
4901	5907564
4902	5908568
4903	5909572
4904	5910576
4905	5911576
4906	5912568
4907	5913568
4908	5914572
4909	5915572
4910	5916572
4911	5917568
4912	5918572
4913	5919568
4914	5920568
4915	5921568
4916	5922568
4917	5923572
4918	5924572
4919	5925576
4920	5926572
4921	5927572
4922	5928572
4923	5929572
4924	5930568
4925	5931572
4926	5932576
4927	5933572
4928	5934568
4929	5935572
4930	5936568
4931	5937572
4932	5938568
4933	5939568
4934	5940576
4935	5941572
4936	5942572
4937	5943572
4938	5944572
4939	5945576
4940	5946576
4941	5947572
4942	5948568
4943	5949576
4944	5950572
4945	5951568
4946	5952572
4947	5953572
4948	5954564
4949	5955572
4950	5956572
4951	5957576
4952	5958568
4953	5959572
4954	5960572
4955	5961572
4956	5962568
4957	5963572
4958	5964572
4959	5965572
4960	5966568
4961	5967568
4962	5968572
4963	5969568
4964	5970568
4965	5971568
4966	5972568
4967	5973568
4968	5974572
4969	5975564
4970	5976572
4971	5977576
4972	5978576
4973	5979572
4974	5980568
4975	5981572
4976	5982568
4977	5983568
4978	5984572
4979	5985572
4980	5986576
4981	5987572
4982	5988568
4983	5989568
4984	5990576
4985	5991568
4986	5992572
4987	5993572
4988	5994576
4989	5995572
4990	5996568
4991	5997576
4992	5998572
4993	5999576
4994	6000568
4995	6001572
4996	6002572
4997	6003572
4998	6004572
4999	6005568
5000	6006576
5001	6007568
5002	6008572
5003	6009564
5004	6010568
5005	6011572
5006	6012568
5007	6013576
5008	6014572
5009	6015572
5010	6016572
5011	6017572
5012	6018568
5013	6019572
5014	6020572
5015	6021572
5016	6022568
5017	6023572
5018	6024572
5019	6025576
5020	6026568
5021	6027572
5022	6028572
5023	6029572
5024	6030572
5025	6031572
5026	6032572
5027	6033572
5028	6034576
5029	6035572
5030	6036572
5031	6037572
5032	6038572
5033	6039572
5034	6040572
5035	6041568
5036	6042572
5037	6043572
5038	6044572
5039	6045572
5040	6046568
5041	6047572
5042	6048568
5043	6049572
5044	6050568
5045	6051568
5046	6052572
5047	6053576
5048	6054572
5049	6055572
5050	6056572
5051	6057568
5052	6058572
5053	6059572
5054	6060568
5055	6061572
5056	6062568
5057	6063572
5058	6064576
5059	6065572
5060	6066572
5061	6067572
5062	6068572
5063	6069568
5064	6070568
5065	6071572
5066	6072572
5067	6073576
5068	6074572
5069	6075572
5070	6076576
5071	6077572
5072	6078568
5073	6079576
5074	6080572
5075	6081576
5076	6082572
5077	6083568
5078	6084572
5079	6085572
5080	6086568
5081	6087572
5082	6088572
5083	6089568
5084	6090572
5085	6091576
5086	6092572
5087	6093568
5088	6094572
5089	6095572
5090	6096576
5091	6097576
5092	6098576
5093	6099572
5094	6100568
5095	6101572
5096	6102572
5097	6103572
5098	6104572
5099	6105572
5100	6106572
5101	6107576
5102	6108572
5103	6109568
5104	6110572
5105	6111576
5106	6112576
5107	6113572
5108	6114572
5109	6115576
5110	6116568
5111	6117572
5112	6118572
5113	6119572
5114	6120572
5115	6121572
5116	6122572
5117	6123572
5118	6124568
5119	6125572
5120	6126572
5121	6127568
5122	6128576
5123	6129572
5124	6130568
5125	6131568
5126	6132572
5127	6133572
5128	6134568
5129	6135568
5130	6136568
5131	6137572
5132	6138572
5133	6139572
5134	6140576
5135	6141572
5136	6142568
5137	6143572
5138	6144576
5139	6145572
5140	6146572
5141	6147572
5142	6148568
5143	6149576
5144	6150572
5145	6151568
5146	6152572
5147	6153572
5148	6154572
5149	6155572
5150	6156572
5151	6157572
5152	6158568
5153	6159572
5154	6160576
5155	6161572
5156	6162576
5157	6163572
5158	6164572
5159	6165572
5160	6166568
5161	6167572
5162	6168568
5163	6169576
5164	6170572
5165	6171568
5166	6172572
5167	6173572
5168	6174572
5169	6175572
5170	6176568
5171	6177568
5172	6178568
5173	6179572
5174	6180576
5175	6181572
5176	6182568
5177	6183572
5178	6184568
5179	6185576
5180	6186568
5181	6187572
5182	6188572
5183	6189568
5184	6190572
5185	6191572
5186	6192572
5187	6193572
5188	6194576
5189	6195568
5190	6196572
5191	6197572
5192	6198572
5193	6199572
5194	6200576
5195	6201572
5196	6202572
5197	6203572
5198	6204568
5199	6205568
5200	6206572
5201	6207572
5202	6208572
5203	6209572
5204	6210564
5205	6211572
5206	6212568
5207	6213568
5208	6214568
5209	6215572
5210	6216572
5211	6217576
5212	6218568
5213	6219572
5214	6220572
5215	6221572
5216	6222572
5217	6223576
5218	6224572
5219	6225564
5220	6226572
5221	6227568
5222	6228568
5223	6229572
5224	6230572
5225	6231572
5226	6232572
5227	6233576
5228	6234572
5229	6235568
5230	6236568
5231	6237560
5232	6238572
5233	6239572
5234	6240572
5235	6241572
5236	6242568
5237	6243572
5238	6244572
5239	6245572
5240	6246572
5241	6247576
5242	6248568
5243	6249568
5244	6250568
5245	6251572
5246	6252568
5247	6253572
5248	6254568
5249	6255568
5250	6256572
5251	6257576
5252	6258572
5253	6259572
5254	6260568
5255	6261576
5256	6262572
5257	6263576
5258	6264572
5259	6265572
5260	6266568
5261	6267572
5262	6268568
5263	6269572
5264	6270572
5265	6271572
5266	6272572
5267	6273572
5268	6274572
5269	6275576
5270	6276568
5271	6277572
5272	6278572
5273	6279572
5274	6280576
5275	6281576
5276	6282572
5277	6283568
5278	6284576
5279	6285576
5280	6286568
5281	6287572
5282	6288572
5283	6289572
5284	6290568
5285	6291576
5286	6292568
5287	6293568
5288	6294572
5289	6295576
5290	6296576
5291	6297572
5292	6298568
5293	6299568
5294	6300572
5295	6301572
5296	6302572
5297	6303576
5298	6304572
5299	6305576
5300	6306576
5301	6307572
5302	6308572
5303	6309576
5304	6310568
5305	6311572
5306	6312572
5307	6313568
5308	6314572
5309	6315568
5310	6316568
5311	6317572
5312	6318576
5313	6319568
5314	6320572
5315	6321572
5316	6322568
5317	6323572
5318	6324572
5319	6325572
5320	6326576
5321	6327576
5322	6328576
5323	6329572
5324	6330572
5325	6331572
5326	6332576
5327	6333572
5328	6334572
5329	6335568
5330	6336572
5331	6337568
5332	6338572
5333	6339572
5334	6340572
5335	6341568
5336	6342572
5337	6343572
5338	6344572
5339	6345572
5340	6346572
5341	6347572
5342	6348572
5343	6349564
5344	6350572
5345	6351568
5346	6352576
5347	6353576
5348	6354568
5349	6355576
5350	6356572
5351	6357576
5352	6358576
5353	6359572
5354	6360572
5355	6361568
5356	6362572
5357	6363576
5358	6364572
5359	6365564
5360	6366568
5361	6367572
5362	6368572
5363	6369572
5364	6370572
5365	6371568
5366	6372572
5367	6373572
5368	6374572
5369	6375572
5370	6376572
5371	6377572
5372	6378572
5373	6379572
5374	6380572
5375	6381576
5376	6382572
5377	6383572
5378	6384572
5379	6385568
5380	6386576
5381	6387572
5382	6388564
5383	6389572
5384	6390568
5385	6391568
5386	6392572
5387	6393572
5388	6394572
5389	6395568
5390	6396572
5391	6397572
5392	6398568
5393	6399564
5394	6400576
5395	6401576
5396	6402572
5397	6403568
5398	6404576
5399	6405572
5400	6406568
5401	6407572
5402	6408568
5403	6409568
5404	6410568
5405	6411572
5406	6412572
5407	6413572
5408	6414572
5409	6415572
5410	6416572
5411	6417568
5412	6418572
5413	6419572
5414	6420572
5415	6421576
5416	6422572
5417	6423572
5418	6424568
5419	6425576
5420	6426568
5421	6427572
5422	6428572
5423	6429576
5424	6430572
5425	6431568
5426	6432568
5427	6433572
5428	6434572
5429	6435568
5430	6436572
5431	6437572
5432	6438572
5433	6439572
5434	6440568
5435	6441572
5436	6442568
5437	6443576
5438	6444576
5439	6445576
5440	6446576
5441	6447572
5442	6448572
5443	6449572
5444	6450572
5445	6451564
5446	6452568
5447	6453572
5448	6454576
5449	6455572
5450	6456572
5451	6457572
5452	6458572
5453	6459576
5454	6460572
5455	6461568
5456	6462572
5457	6463568
5458	6464568
5459	6465568
5460	6466568
5461	6467576
5462	6468572
5463	6469572
5464	6470568
5465	6471564
5466	6472568
5467	6473568
5468	6474568
5469	6475572
5470	6476576
5471	6477572
5472	6478572
5473	6479568
5474	6480572
5475	6481572
5476	6482572
5477	6483572
5478	6484572
5479	6485572
5480	6486568
5481	6487568
5482	6488568
5483	6489572
5484	6490572
5485	6491572
5486	6492572
5487	6493568
5488	6494572
5489	6495572
5490	6496568
5491	6497572
5492	6498568
5493	6499572
5494	6500568
5495	6501568
5496	6502572
5497	6503572
5498	6504568
5499	6505568
5500	6506576
5501	6507572
5502	6508572
5503	6509572
5504	6510572
5505	6511568
5506	6512576
5507	6513576
5508	6514568
5509	6515572
5510	6516572
5511	6517572
5512	6518572
5513	6519572
5514	6520568
5515	6521568
5516	6522572
5517	6523568
5518	6524576
5519	6525572
5520	6526564
5521	6527568
5522	6528572
5523	6529576
5524	6530572
5525	6531572
5526	6532576
5527	6533572
5528	6534572
5529	6535576
5530	6536572
5531	6537576
5532	6538572
5533	6539572
5534	6540572
5535	6541568
5536	6542568
5537	6543572
5538	6544576
5539	6545576
5540	6546572
5541	6547572
5542	6548568
5543	6549572
5544	6550568
5545	6551564
5546	6552572
5547	6553572
5548	6554572
5549	6555572
5550	6556572
5551	6557568
5552	6558572
5553	6559568
5554	6560568
5555	6561572
5556	6562572
5557	6563572
5558	6564572
5559	6565572
5560	6566572
5561	6567576
5562	6568568
5563	6569568
5564	6570576
5565	6571576
5566	6572568
5567	6573572
5568	6574572
5569	6575572
5570	6576576
5571	6577572
5572	6578576
5573	6579576
5574	6580572
5575	6581572
5576	6582572
5577	6583572
5578	6584572
5579	6585572
5580	6586572
5581	6587572
5582	6588572
5583	6589572
5584	6590576
5585	6591572
5586	6592572
5587	6593572
5588	6594572
5589	6595572
5590	6596572
5591	6597572
5592	6598568
5593	6599572
5594	6600572
5595	6601576
5596	6602572
5597	6603572
5598	6604568
5599	6605572
5600	6606568
5601	6607572
5602	6608572
5603	6609572
5604	6610568
5605	6611568
5606	6612576
5607	6613568
5608	6614572
5609	6615568
5610	6616572
5611	6617576
5612	6618572
5613	6619576
5614	6620572
5615	6621572
5616	6622568
5617	6623572
5618	6624572
5619	6625572
5620	6626568
5621	6627572
5622	6628568
5623	6629572
5624	6630568
5625	6631572
5626	6632572
5627	6633584
5628	6634568
5629	6635572
5630	6636568
5631	6637572
5632	6638572
5633	6639568
5634	6640568
5635	6641572
5636	6642572
5637	6643572
5638	6644572
5639	6645572
5640	6646576
5641	6647568
5642	6648572
5643	6649572
5644	6650572
5645	6651576
5646	6652572
5647	6653568
5648	6654576
5649	6655564
5650	6656572
5651	6657576
5652	6658568
5653	6659568
5654	6660568
5655	6661572
5656	6662572
5657	6663576
5658	6664572
5659	6665568
5660	6666572
5661	6667568
5662	6668568
5663	6669568
5664	6670568
5665	6671572
5666	6672560
5667	6673572
5668	6674568
5669	6675572
5670	6676568
5671	6677572
5672	6678568
5673	6679568
5674	6680572
5675	6681568
5676	6682572
5677	6683572
5678	6684572
5679	6685572
5680	6686576
5681	6687572
5682	6688572
5683	6689568
5684	6690576
5685	6691568
5686	6692568
5687	6693572
5688	6694572
5689	6695572
5690	6696572
5691	6697572
5692	6698568
5693	6699568
5694	6700568
5695	6701568
5696	6702568
5697	6703572
5698	6704572
5699	6705576
5700	6706568
5701	6707564
5702	6708568
5703	6709572
5704	6710568
5705	6711572
5706	6712572
5707	6713576
5708	6714572
5709	6715572
5710	6716568
5711	6717572
5712	6718568
5713	6719576
5714	6720568
5715	6721572
5716	6722568
5717	6723572
5718	6724572
5719	6725572
5720	6726572
5721	6727572
5722	6728576
5723	6729568
5724	6730576
5725	6731572
5726	6732568
5727	6733572
5728	6734576
5729	6735568
5730	6736572
5731	6737568
5732	6738572
5733	6739572
5734	6740576
5735	6741572
5736	6742568
5737	6743568
5738	6744572
5739	6745576
5740	6746572
5741	6747572
5742	6748576
5743	6749572
5744	6750572
5745	6751572
5746	6752576
5747	6753572
5748	6754572
5749	6755572
5750	6756572
5751	6757572
5752	6758572
5753	6759572
5754	6760572
5755	6761572
5756	6762572
5757	6763572
5758	6764572
5759	6765572
5760	6766568
5761	6767572
5762	6768572
5763	6769572
5764	6770572
5765	6771576
5766	6772572
5767	6773568
5768	6774572
5769	6775572
5770	6776568
5771	6777568
5772	6778568
5773	6779576
5774	6780568
5775	6781568
5776	6782568
5777	6783572
5778	6784576
5779	6785572
5780	6786572
5781	6787572
5782	6788576
5783	6789576
5784	6790576
5785	6791572
5786	6792568
5787	6793576
5788	6794576
5789	6795572
5790	6796576
5791	6797572
5792	6798572
5793	6799576
5794	6800572
5795	6801576
5796	6802572
5797	6803572
5798	6804568
5799	6805572
5800	6806584
5801	6807572
5802	6808572
5803	6809576
5804	6810572
5805	6811576
5806	6812576
5807	6813572
5808	6814572
5809	6815568
5810	6816572
5811	6817576
5812	6818572
5813	6819572
5814	6820572
5815	6821568
5816	6822576
5817	6823572
5818	6824572
5819	6825576
5820	6826572
5821	6827572
5822	6828572
5823	6829576
5824	6830572
5825	6831572
5826	6832576
5827	6833568
5828	6834572
5829	6835572
5830	6836572
5831	6837568
5832	6838568
5833	6839572
5834	6840572
5835	6841572
5836	6842572
5837	6843572
5838	6844572
5839	6845576
5840	6846572
5841	6847572
5842	6848572
5843	6849576
5844	6850572
5845	6851568
5846	6852572
5847	6853572
5848	6854572
5849	6855572
5850	6856568
5851	6857568
5852	6858572
5853	6859576
5854	6860572
5855	6861568
5856	6862572
5857	6863572
5858	6864572
5859	6865572
5860	6866572
5861	6867572
5862	6868576
5863	6869572
5864	6870572
5865	6871568
5866	6872572
5867	6873568
5868	6874568
5869	6875576
5870	6876576
5871	6877572
5872	6878572
5873	6879572
5874	6880572
5875	6881572
5876	6882576
5877	6883572
5878	6884576
5879	6885572
5880	6886572
5881	6887572
5882	6888572
5883	6889576
5884	6890568
5885	6891576
5886	6892572
5887	6893576
5888	6894572
5889	6895576
5890	6896572
5891	6897576
5892	6898576
5893	6899572
5894	6900572
5895	6901576
5896	6902572
5897	6903576
5898	6904568
5899	6905576
5900	6906572
5901	6907572
5902	6908572
5903	6909572
5904	6910572
5905	6911564
5906	6912564
5907	6913572
5908	6914576
5909	6915568
5910	6916572
5911	6917572
5912	6918568
5913	6919572
5914	6920572
5915	6921572
5916	6922572
5917	6923568
5918	6924568
5919	6925572
5920	6926572
5921	6927572
5922	6928572
5923	6929568
5924	6930572
5925	6931568
5926	6932576
5927	6933572
5928	6934568
5929	6935572
5930	6936572
5931	6937576
5932	6938572
5933	6939572
5934	6940572
5935	6941572
5936	6942572
5937	6943572
5938	6944572
5939	6945572
5940	6946572
5941	6947576
5942	6948572
5943	6949576
5944	6950572
5945	6951572
5946	6952572
5947	6953572
5948	6954568
5949	6955572
5950	6956568
5951	6957572
5952	6958568
5953	6959576
5954	6960568
5955	6961576
5956	6962568
5957	6963564
5958	6964572
5959	6965572
5960	6966576
5961	6967568
5962	6968568
5963	6969568
5964	6970568
5965	6971568
5966	6972572
5967	6973576
5968	6974568
5969	6975572
5970	6976568
5971	6977576
5972	6978568
5973	6979572
5974	6980572
5975	6981572
5976	6982576
5977	6983568
5978	6984572
5979	6985576
5980	6986568
5981	6987572
5982	6988568
5983	6989576
5984	6990572
5985	6991576
5986	6992572
5987	6993572
5988	6994572
5989	6995568
5990	6996572
5991	6997568
5992	6998572
5993	6999572
5994	7000568
5995	7001576
5996	7002576
5997	7003572
5998	7004568
5999	7005572
6000	7006572
6001	7007568
6002	7008572
6003	7009572
6004	7010572
6005	7011572
6006	7012572
6007	7013568
6008	7014576
6009	7015572
6010	7016576
6011	7017568
6012	7018572
6013	7019568
6014	7020576
6015	7021572
6016	7022576
6017	7023576
6018	7024572
6019	7025568
6020	7026572
6021	7027576
6022	7028568
6023	7029568
6024	7030572
6025	7031576
6026	7032576
6027	7033576
6028	7034576
6029	7035576
6030	7036572
6031	7037572
6032	7038572
6033	7039568
6034	7040568
6035	7041572
6036	7042568
6037	7043576
6038	7044576
6039	7045576
6040	7046568
6041	7047572
6042	7048572
6043	7049576
6044	7050572
6045	7051572
6046	7052572
6047	7053572
6048	7054572
6049	7055568
6050	7056572
6051	7057572
6052	7058572
6053	7059572
6054	7060572
6055	7061572
6056	7062576
6057	7063576
6058	7064576
6059	7065572
6060	7066572
6061	7067584
6062	7068572
6063	7069572
6064	7070572
6065	7071572
6066	7072572
6067	7073572
6068	7074572
6069	7075576
6070	7076576
6071	7077576
6072	7078568
6073	7079584
6074	7080568
6075	7081572
6076	7082568
6077	7083568
6078	7084576
6079	7085576
6080	7086572
6081	7087572
6082	7088572
6083	7089572
6084	7090572
6085	7091572
6086	7092576
6087	7093572
6088	7094572
6089	7095576
6090	7096572
6091	7097572
6092	7098572
6093	7099572
6094	7100572
6095	7101576
6096	7102568
6097	7103572
6098	7104576
6099	7105568
6100	7106572
6101	7107572
6102	7108572
6103	7109572
6104	7110568
6105	7111572
6106	7112576
6107	7113572
6108	7114572
6109	7115572
6110	7116572
6111	7117576
6112	7118572
6113	7119576
6114	7120572
6115	7121572
6116	7122572
6117	7123572
6118	7124572
6119	7125572
6120	7126572
6121	7127576
6122	7128568
6123	7129572
6124	7130576
6125	7131572
6126	7132576
6127	7133572
6128	7134572
6129	7135572
6130	7136568
6131	7137572
6132	7138568
6133	7139568
6134	7140572
6135	7141576
6136	7142576
6137	7143576
6138	7144572
6139	7145568
6140	7146576
6141	7147568
6142	7148572
6143	7149576
6144	7150584
6145	7151572
6146	7152568
6147	7153576
6148	7154568
6149	7155568
6150	7156576
6151	7157572
6152	7158572
6153	7159568
6154	7160568
6155	7161572
6156	7162572
6157	7163572
6158	7164572
6159	7165576
6160	7166572
6161	7167568
6162	7168568
6163	7169572
6164	7170572
6165	7171572
6166	7172572
6167	7173572
6168	7174576
6169	7175568
6170	7176568
6171	7177568
6172	7178584
6173	7179572
6174	7180572
6175	7181572
6176	7182572
6177	7183572
6178	7184572
6179	7185572
6180	7186568
6181	7187572
6182	7188572
6183	7189572
6184	7190576
6185	7191568
6186	7192572
6187	7193576
6188	7194568
6189	7195568
6190	7196572
6191	7197572
6192	7198572
6193	7199572
6194	7200568
6195	7201568
6196	7202572
6197	7203572
6198	7204572
6199	7205572
6200	7206572
6201	7207572
6202	7208572
6203	7209572
6204	7210576
6205	7211568
6206	7212572
6207	7213576
6208	7214572
6209	7215572
6210	7216572
6211	7217572
6212	7218572
6213	7219564
6214	7220572
6215	7221572
6216	7222572
6217	7223568
6218	7224572
6219	7225572
6220	7226572
6221	7227568
6222	7228568
6223	7229572
6224	7230568
6225	7231572
6226	7232576
6227	7233572
6228	7234568
6229	7235572
6230	7236572
6231	7237572
6232	7238572
6233	7239568
6234	7240568
6235	7241576
6236	7242572
6237	7243568
6238	7244568
6239	7245572
6240	7246568
6241	7247572
6242	7248572
6243	7249576
6244	7250572
6245	7251576
6246	7252572
6247	7253576
6248	7254572
6249	7255576
6250	7256572
6251	7257572
6252	7258576
6253	7259572
6254	7260572
6255	7261568
6256	7262572
6257	7263572
6258	7264576
6259	7265572
6260	7266576
6261	7267568
6262	7268568
6263	7269576
6264	7270572
6265	7271572
6266	7272572
6267	7273568
6268	7274576
6269	7275572
6270	7276572
6271	7277572
6272	7278576
6273	7279576
6274	7280576
6275	7281572
6276	7282572
6277	7283568
6278	7284572
6279	7285572
6280	7286572
6281	7287572
6282	7288572
6283	7289568
6284	7290572
6285	7291576
6286	7292564
6287	7293572
6288	7294568
6289	7295572
6290	7296572
6291	7297572
6292	7298568
6293	7299568
6294	7300568
6295	7301568
6296	7302572
6297	7303572
6298	7304568
6299	7305576
6300	7306572
6301	7307572
6302	7308572
6303	7309572
6304	7310576
6305	7311572
6306	7312572
6307	7313572
6308	7314572
6309	7315576
6310	7316572
6311	7317572
6312	7318576
6313	7319572
6314	7320572
6315	7321572
6316	7322568
6317	7323572
6318	7324572
6319	7325572
6320	7326572
6321	7327572
6322	7328572
6323	7329576
6324	7330572
6325	7331572
6326	7332572
6327	7333568
6328	7334576
6329	7335572
6330	7336572
6331	7337576
6332	7338572
6333	7339568
6334	7340572
6335	7341564
6336	7342572
6337	7343572
6338	7344572
6339	7345572
6340	7346572
6341	7347572
6342	7348572
6343	7349572
6344	7350576
6345	7351572
6346	7352572
6347	7353572
6348	7354568
6349	7355572
6350	7356568
6351	7357572
6352	7358572
6353	7359572
6354	7360568
6355	7361568
6356	7362568
6357	7363572
6358	7364572
6359	7365568
6360	7366572
6361	7367572
6362	7368576
6363	7369572
6364	7370572
6365	7371576
6366	7372572
6367	7373576
6368	7374572
6369	7375572
6370	7376584
6371	7377576
6372	7378572
6373	7379568
6374	7380572
6375	7381576
6376	7382572
6377	7383572
6378	7384572
6379	7385576
6380	7386576
6381	7387576
6382	7388576
6383	7389576
6384	7390576
6385	7391572
6386	7392576
6387	7393572
6388	7394572
6389	7395568
6390	7396572
6391	7397576
6392	7398572
6393	7399572
6394	7400572
6395	7401576
6396	7402572
6397	7403576
6398	7404576
6399	7405572
6400	7406572
6401	7407572
6402	7408572
6403	7409572
6404	7410572
6405	7411572
6406	7412572
6407	7413576
6408	7414572
6409	7415572
6410	7416572
6411	7417568
6412	7418568
6413	7419572
6414	7420572
6415	7421572
6416	7422576
6417	7423564
6418	7424576
6419	7425576
6420	7426572
6421	7427568
6422	7428572
6423	7429568
6424	7430568
6425	7431568
6426	7432572
6427	7433576
6428	7434572
6429	7435568
6430	7436568
6431	7437576
6432	7438572
6433	7439568
6434	7440572
6435	7441572
6436	7442568
6437	7443572
6438	7444572
6439	7445572
6440	7446568
6441	7447568
6442	7448572
6443	7449576
6444	7450572
6445	7451572
6446	7452568
6447	7453572
6448	7454572
6449	7455576
6450	7456576
6451	7457576
6452	7458568
6453	7459576
6454	7460568
6455	7461576
6456	7462572
6457	7463572
6458	7464572
6459	7465572
6460	7466572
6461	7467576
6462	7468572
6463	7469572
6464	7470572
6465	7471568
6466	7472576
6467	7473584
6468	7474572
6469	7475568
6470	7476572
6471	7477572
6472	7478572
6473	7479576
6474	7480568
6475	7481568
6476	7482576
6477	7483576
6478	7484568
6479	7485572
6480	7486572
6481	7487572
6482	7488572
6483	7489568
6484	7490568
6485	7491572
6486	7492572
6487	7493572
6488	7494576
6489	7495572
6490	7496572
6491	7497572
6492	7498572
6493	7499572
6494	7500576
6495	7501572
6496	7502576
6497	7503568
6498	7504572
6499	7505568
6500	7506576
6501	7507572
6502	7508568
6503	7509572
6504	7510568
6505	7511568
6506	7512572
6507	7513572
6508	7514576
6509	7515572
6510	7516572
6511	7517584
6512	7518572
6513	7519568
6514	7520568
6515	7521572
6516	7522576
6517	7523576
6518	7524564
6519	7525568
6520	7526572
6521	7527584
6522	7528564
6523	7529572
6524	7530572
6525	7531568
6526	7532572
6527	7533572
6528	7534568
6529	7535572
6530	7536568
6531	7537572
6532	7538572
6533	7539572
6534	7540572
6535	7541572
6536	7542568
6537	7543568
6538	7544572
6539	7545568
6540	7546572
6541	7547572
6542	7548572
6543	7549576
6544	7550568
6545	7551576
6546	7552572
6547	7553572
6548	7554576
6549	7555572
6550	7556568
6551	7557572
6552	7558572
6553	7559572
6554	7560572
6555	7561572
6556	7562572
6557	7563564
6558	7564568
6559	7565572
6560	7566576
6561	7567576
6562	7568576
6563	7569572
6564	7570576
6565	7571572
6566	7572572
6567	7573576
6568	7574572
6569	7575572
6570	7576572
6571	7577572
6572	7578568
6573	7579572
6574	7580568
6575	7581572
6576	7582576
6577	7583576
6578	7584572
6579	7585572
6580	7586576
6581	7587572
6582	7588572
6583	7589572
6584	7590572
6585	7591568
6586	7592572
6587	7593572
6588	7594568
6589	7595576
6590	7596572
6591	7597572
6592	7598572
6593	7599572
6594	7600568
6595	7601572
6596	7602572
6597	7603572
6598	7604572
6599	7605572
6600	7606572
6601	7607572
6602	7608568
6603	7609568
6604	7610576
6605	7611576
6606	7612568
6607	7613576
6608	7614576
6609	7615576
6610	7616568
6611	7617572
6612	7618572
6613	7619568
6614	7620572
6615	7621572
6616	7622576
6617	7623568
6618	7624572
6619	7625572
6620	7626576
6621	7627572
6622	7628572
6623	7629572
6624	7630572
6625	7631568
6626	7632572
6627	7633576
6628	7634572
6629	7635576
6630	7636572
6631	7637572
6632	7638576
6633	7639572
6634	7640576
6635	7641572
6636	7642568
6637	7643568
6638	7644568
6639	7645572
6640	7646572
6641	7647572
6642	7648572
6643	7649572
6644	7650572
6645	7651572
6646	7652576
6647	7653576
6648	7654568
6649	7655576
6650	7656576
6651	7657572
6652	7658572
6653	7659572
6654	7660572
6655	7661572
6656	7662572
6657	7663568
6658	7664572
6659	7665568
6660	7666576
6661	7667572
6662	7668572
6663	7669576
6664	7670576
6665	7671572
6666	7672572
6667	7673572
6668	7674568
6669	7675572
6670	7676572
6671	7677572
6672	7678572
6673	7679568
6674	7680572
6675	7681572
6676	7682572
6677	7683572
6678	7684576
6679	7685576
6680	7686572
6681	7687572
6682	7688572
6683	7689576
6684	7690572
6685	7691568
6686	7692572
6687	7693568
6688	7694572
6689	7695572
6690	7696572
6691	7697568
6692	7698572
6693	7699564
6694	7700576
6695	7701572
6696	7702568
6697	7703568
6698	7704572
6699	7705572
6700	7706568
6701	7707572
6702	7708572
6703	7709572
6704	7710568
6705	7711572
6706	7712568
6707	7713572
6708	7714568
6709	7715572
6710	7716568
6711	7717576
6712	7718568
6713	7719572
6714	7720572
6715	7721576
6716	7722572
6717	7723568
6718	7724572
6719	7725576
6720	7726576
6721	7727568
6722	7728572
6723	7729572
6724	7730572
6725	7731564
6726	7732572
6727	7733576
6728	7734572
6729	7735572
6730	7736572
6731	7737572
6732	7738572
6733	7739572
6734	7740572
6735	7741572
6736	7742572
6737	7743572
6738	7744572
6739	7745572
6740	7746568
6741	7747572
6742	7748572
6743	7749572
6744	7750572
6745	7751568
6746	7752568
6747	7753576
6748	7754572
6749	7755572
6750	7756572
6751	7757576
6752	7758568
6753	7759568
6754	7760572
6755	7761572
6756	7762572
6757	7763572
6758	7764572
6759	7765576
6760	7766572
6761	7767572
6762	7768572
6763	7769576
6764	7770576
6765	7771568
6766	7772572
6767	7773572
6768	7774572
6769	7775568
6770	7776572
6771	7777572
6772	7778572
6773	7779568
6774	7780572
6775	7781572
6776	7782572
6777	7783572
6778	7784572
6779	7785576
6780	7786572
6781	7787576
6782	7788572
6783	7789576
6784	7790572
6785	7791572
6786	7792576
6787	7793572
6788	7794568
6789	7795572
6790	7796572
6791	7797572
6792	7798572
6793	7799564
6794	7800572
6795	7801572
6796	7802572
6797	7803568
6798	7804572
6799	7805572
6800	7806572
6801	7807572
6802	7808568
6803	7809572
6804	7810572
6805	7811572
6806	7812572
6807	7813568
6808	7814572
6809	7815572
6810	7816568
6811	7817576
6812	7818576
6813	7819568
6814	7820572
6815	7821572
6816	7822572
6817	7823572
6818	7824568
6819	7825576
6820	7826572
6821	7827576
6822	7828572
6823	7829572
6824	7830576
6825	7831572
6826	7832572
6827	7833572
6828	7834572
6829	7835576
6830	7836568
6831	7837572
6832	7838572
6833	7839572
6834	7840572
6835	7841576
6836	7842576
6837	7843576
6838	7844568
6839	7845572
6840	7846572
6841	7847572
6842	7848572
6843	7849572
6844	7850572
6845	7851572
6846	7852572
6847	7853572
6848	7854568
6849	7855576
6850	7856572
6851	7857572
6852	7858564
6853	7859572
6854	7860572
6855	7861576
6856	7862572
6857	7863572
6858	7864572
6859	7865576
6860	7866576
6861	7867568
6862	7868572
6863	7869568
6864	7870568
6865	7871572
6866	7872568
6867	7873576
6868	7874568
6869	7875572
6870	7876568
6871	7877572
6872	7878576
6873	7879568
6874	7880576
6875	7881572
6876	7882568
6877	7883572
6878	7884572
6879	7885572
6880	7886576
6881	7887572
6882	7888572
6883	7889572
6884	7890576
6885	7891572
6886	7892572
6887	7893572
6888	7894572
6889	7895568
6890	7896568
6891	7897572
6892	7898572
6893	7899572
6894	7900576
6895	7901568
6896	7902568
6897	7903572
6898	7904572
6899	7905572
6900	7906572
6901	7907564
6902	7908576
6903	7909576
6904	7910572
6905	7911576
6906	7912568
6907	7913572
6908	7914572
6909	7915572
6910	7916576
6911	7917568
6912	7918568
6913	7919572
6914	7920572
6915	7921572
6916	7922576
6917	7923568
6918	7924572
6919	7925572
6920	7926568
6921	7927572
6922	7928572
6923	7929568
6924	7930572
6925	7931568
6926	7932572
6927	7933576
6928	7934576
6929	7935568
6930	7936568
6931	7937576
6932	7938568
6933	7939572
6934	7940568
6935	7941572
6936	7942576
6937	7943576
6938	7944576
6939	7945572
6940	7946572
6941	7947572
6942	7948572
6943	7949576
6944	7950572
6945	7951568
6946	7952572
6947	7953572
6948	7954576
6949	7955572
6950	7956568
6951	7957572
6952	7958568
6953	7959576
6954	7960572
6955	7961568
6956	7962572
6957	7963572
6958	7964572
6959	7965576
6960	7966572
6961	7967572
6962	7968568
6963	7969572
6964	7970572
6965	7971572
6966	7972576
6967	7973576
6968	7974572
6969	7975572
6970	7976568
6971	7977572
6972	7978572
6973	7979572
6974	7980568
6975	7981572
6976	7982568
6977	7983568
6978	7984572
6979	7985572
6980	7986568
6981	7987564
6982	7988572
6983	7989576
6984	7990568
6985	7991572
6986	7992572
6987	7993572
6988	7994568
6989	7995572
6990	7996572
6991	7997572
6992	7998568
6993	7999572
6994	8000572
6995	8001572
6996	8002572
6997	8003572
6998	8004572
6999	8005572
7000	8006572
7001	8007572
7002	8008576
7003	8009576
7004	8010568
7005	8011572
7006	8012572
7007	8013576
7008	8014572
7009	8015572
7010	8016576
7011	8017568
7012	8018572
7013	8019576
7014	8020572
7015	8021572
7016	8022572
7017	8023572
7018	8024572
7019	8025572
7020	8026572
7021	8027572
7022	8028572
7023	8029572
7024	8030572
7025	8031576
7026	8032568
7027	8033576
7028	8034572
7029	8035576
7030	8036568
7031	8037572
7032	8038572
7033	8039572
7034	8040568
7035	8041572
7036	8042572
7037	8043572
7038	8044564
7039	8045568
7040	8046572
7041	8047572
7042	8048572
7043	8049568
7044	8050572
7045	8051572
7046	8052572
7047	8053576
7048	8054572
7049	8055572
7050	8056572
7051	8057576
7052	8058572
7053	8059572
7054	8060568
7055	8061576
7056	8062568
7057	8063572
7058	8064572
7059	8065572
7060	8066572
7061	8067568
7062	8068572
7063	8069576
7064	8070568
7065	8071572
7066	8072568
7067	8073572
7068	8074576
7069	8075572
7070	8076572
7071	8077572
7072	8078572
7073	8079568
7074	8080572
7075	8081572
7076	8082572
7077	8083576
7078	8084572
7079	8085572
7080	8086568
7081	8087572
7082	8088568
7083	8089576
7084	8090572
7085	8091572
7086	8092568
7087	8093572
7088	8094576
7089	8095572
7090	8096568
7091	8097568
7092	8098572
7093	8099572
7094	8100572
7095	8101572
7096	8102576
7097	8103572
7098	8104568
7099	8105584
7100	8106572
7101	8107572
7102	8108576
7103	8109572
7104	8110572
7105	8111568
7106	8112572
7107	8113572
7108	8114572
7109	8115568
7110	8116568
7111	8117572
7112	8118576
7113	8119576
7114	8120572
7115	8121584
7116	8122576
7117	8123572
7118	8124572
7119	8125572
7120	8126572
7121	8127572
7122	8128576
7123	8129576
7124	8130572
7125	8131572
7126	8132572
7127	8133576
7128	8134572
7129	8135572
7130	8136572
7131	8137576
7132	8138572
7133	8139572
7134	8140572
7135	8141572
7136	8142572
7137	8143576
7138	8144572
7139	8145572
7140	8146568
7141	8147568
7142	8148576
7143	8149576
7144	8150572
7145	8151576
7146	8152572
7147	8153572
7148	8154568
7149	8155568
7150	8156576
7151	8157576
7152	8158576
7153	8159576
7154	8160568
7155	8161572
7156	8162572
7157	8163572
7158	8164576
7159	8165568
7160	8166572
7161	8167572
7162	8168572
7163	8169572
7164	8170576
7165	8171568
7166	8172572
7167	8173568
7168	8174576
7169	8175576
7170	8176568
7171	8177572
7172	8178572
7173	8179572
7174	8180572
7175	8181572
7176	8182572
7177	8183576
7178	8184568
7179	8185576
7180	8186572
7181	8187568
7182	8188576
7183	8189572
7184	8190576
7185	8191560
7186	8192576
7187	8193572
7188	8194572
7189	8195572
7190	8196572
7191	8197572
7192	8198572
7193	8199576
7194	8200572
7195	8201572
7196	8202576
7197	8203576
7198	8204568
7199	8205572
7200	8206572
7201	8207572
7202	8208572
7203	8209572
7204	8210568
7205	8211572
7206	8212572
7207	8213568
7208	8214568
7209	8215568
7210	8216572
7211	8217568
7212	8218568
7213	8219572
7214	8220572
7215	8221572
7216	8222572
7217	8223572
7218	8224572
7219	8225576
7220	8226568
7221	8227572
7222	8228572
7223	8229568
7224	8230568
7225	8231572
7226	8232572
7227	8233568
7228	8234572
7229	8235572
7230	8236568
7231	8237564
7232	8238572
7233	8239572
7234	8240576
7235	8241572
7236	8242572
7237	8243568
7238	8244568
7239	8245572
7240	8246572
7241	8247572
7242	8248572
7243	8249568
7244	8250572
7245	8251572
7246	8252572
7247	8253572
7248	8254572
7249	8255564
7250	8256576
7251	8257576
7252	8258564
7253	8259572
7254	8260568
7255	8261572
7256	8262572
7257	8263576
7258	8264572
7259	8265568
7260	8266572
7261	8267572
7262	8268572
7263	8269572
7264	8270572
7265	8271572
7266	8272576
7267	8273572
7268	8274576
7269	8275568
7270	8276568
7271	8277572
7272	8278572
7273	8279568
7274	8280568
7275	8281572
7276	8282572
7277	8283572
7278	8284572
7279	8285572
7280	8286572
7281	8287572
7282	8288572
7283	8289572
7284	8290576
7285	8291572
7286	8292568
7287	8293576
7288	8294568
7289	8295568
7290	8296572
7291	8297576
7292	8298572
7293	8299568
7294	8300572
7295	8301572
7296	8302572
7297	8303572
7298	8304572
7299	8305576
7300	8306572
7301	8307568
7302	8308572
7303	8309572
7304	8310572
7305	8311576
7306	8312568
7307	8313576
7308	8314568
7309	8315576
7310	8316568
7311	8317576
7312	8318572
7313	8319572
7314	8320572
7315	8321576
7316	8322568
7317	8323572
7318	8324576
7319	8325572
7320	8326568
7321	8327572
7322	8328568
7323	8329576
7324	8330568
7325	8331572
7326	8332576
7327	8333568
7328	8334572
7329	8335572
7330	8336572
7331	8337576
7332	8338576
7333	8339572
7334	8340584
7335	8341568
7336	8342572
7337	8343572
7338	8344576
7339	8345572
7340	8346568
7341	8347568
7342	8348576
7343	8349572
7344	8350568
7345	8351576
7346	8352572
7347	8353572
7348	8354572
7349	8355576
7350	8356572
7351	8357572
7352	8358572
7353	8359572
7354	8360576
7355	8361572
7356	8362572
7357	8363568
7358	8364568
7359	8365576
7360	8366572
7361	8367572
7362	8368576
7363	8369572
7364	8370576
7365	8371576
7366	8372572
7367	8373572
7368	8374576
7369	8375572
7370	8376572
7371	8377568
7372	8378572
7373	8379572
7374	8380568
7375	8381572
7376	8382572
7377	8383568
7378	8384572
7379	8385576
7380	8386572
7381	8387572
7382	8388576
7383	8389572
7384	8390572
7385	8391572
7386	8392572
7387	8393572
7388	8394576
7389	8395572
7390	8396572
7391	8397572
7392	8398572
7393	8399572
7394	8400572
7395	8401572
7396	8402572
7397	8403572
7398	8404576
7399	8405576
7400	8406572
7401	8407576
7402	8408576
7403	8409572
7404	8410572
7405	8411572
7406	8412576
7407	8413576
7408	8414572
7409	8415576
7410	8416572
7411	8417572
7412	8418572
7413	8419572
7414	8420572
7415	8421576
7416	8422568
7417	8423572
7418	8424572
7419	8425572
7420	8426576
7421	8427572
7422	8428572
7423	8429572
7424	8430572
7425	8431572
7426	8432572
7427	8433568
7428	8434572
7429	8435572
7430	8436576
7431	8437572
7432	8438572
7433	8439572
7434	8440572
7435	8441568
7436	8442572
7437	8443568
7438	8444572
7439	8445572
7440	8446572
7441	8447564
7442	8448568
7443	8449572
7444	8450564
7445	8451572
7446	8452572
7447	8453572
7448	8454572
7449	8455572
7450	8456572
7451	8457572
7452	8458572
7453	8459572
7454	8460572
7455	8461572
7456	8462568
7457	8463568
7458	8464572
7459	8465572
7460	8466572
7461	8467568
7462	8468572
7463	8469568
7464	8470572
7465	8471572
7466	8472576
7467	8473572
7468	8474572
7469	8475572
7470	8476572
7471	8477576
7472	8478584
7473	8479576
7474	8480572
7475	8481572
7476	8482568
7477	8483572
7478	8484568
7479	8485568
7480	8486568
7481	8487568
7482	8488576
7483	8489576
7484	8490572
7485	8491572
7486	8492576
7487	8493572
7488	8494576
7489	8495572
7490	8496572
7491	8497576
7492	8498572
7493	8499568
7494	8500572
7495	8501572
7496	8502572
7497	8503572
7498	8504576
7499	8505572
7500	8506572
7501	8507576
7502	8508572
7503	8509572
7504	8510572
7505	8511568
7506	8512584
7507	8513572
7508	8514564
7509	8515568
7510	8516572
7511	8517572
7512	8518572
7513	8519572
7514	8520572
7515	8521568
7516	8522572
7517	8523568
7518	8524568
7519	8525572
7520	8526576
7521	8527572
7522	8528568
7523	8529572
7524	8530568
7525	8531572
7526	8532568
7527	8533572
7528	8534568
7529	8535568
7530	8536572
7531	8537576
7532	8538572
7533	8539572
7534	8540572
7535	8541576
7536	8542572
7537	8543572
7538	8544576
7539	8545572
7540	8546568
7541	8547572
7542	8548568
7543	8549572
7544	8550568
7545	8551572
7546	8552572
7547	8553572
7548	8554572
7549	8555572
7550	8556572
7551	8557572
7552	8558572
7553	8559572
7554	8560576
7555	8561572
7556	8562572
7557	8563572
7558	8564572
7559	8565568
7560	8566572
7561	8567568
7562	8568576
7563	8569576
7564	8570572
7565	8571576
7566	8572576
7567	8573572
7568	8574568
7569	8575572
7570	8576576
7571	8577572
7572	8578572
7573	8579576
7574	8580572
7575	8581572
7576	8582572
7577	8583576
7578	8584572
7579	8585576
7580	8586572
7581	8587572
7582	8588572
7583	8589572
7584	8590568
7585	8591576
7586	8592572
7587	8593572
7588	8594572
7589	8595576
7590	8596572
7591	8597576
7592	8598572
7593	8599572
7594	8600572
7595	8601568
7596	8602568
7597	8603572
7598	8604576
7599	8605572
7600	8606568
7601	8607572
7602	8608572
7603	8609576
7604	8610572
7605	8611576
7606	8612576
7607	8613572
7608	8614568
7609	8615568
7610	8616572
7611	8617572
7612	8618572
7613	8619572
7614	8620568
7615	8621572
7616	8622576
7617	8623572
7618	8624576
7619	8625572
7620	8626572
7621	8627572
7622	8628572
7623	8629572
7624	8630572
7625	8631568
7626	8632572
7627	8633576
7628	8634568
7629	8635568
7630	8636572
7631	8637572
7632	8638572
7633	8639572
7634	8640572
7635	8641576
7636	8642572
7637	8643576
7638	8644572
7639	8645572
7640	8646572
7641	8647572
7642	8648572
7643	8649572
7644	8650568
7645	8651568
7646	8652572
7647	8653568
7648	8654572
7649	8655564
7650	8656572
7651	8657572
7652	8658572
7653	8659576
7654	8660572
7655	8661572
7656	8662572
7657	8663572
7658	8664572
7659	8665572
7660	8666572
7661	8667568
7662	8668568
7663	8669572
7664	8670572
7665	8671568
7666	8672572
7667	8673576
7668	8674572
7669	8675572
7670	8676572
7671	8677572
7672	8678572
7673	8679572
7674	8680568
7675	8681572
7676	8682564
7677	8683572
7678	8684572
7679	8685576
7680	8686576
7681	8687568
7682	8688568
7683	8689572
7684	8690572
7685	8691568
7686	8692568
7687	8693572
7688	8694572
7689	8695572
7690	8696572
7691	8697572
7692	8698572
7693	8699572
7694	8700572
7695	8701564
7696	8702572
7697	8703564
7698	8704572
7699	8705572
7700	8706572
7701	8707572
7702	8708568
7703	8709576
7704	8710572
7705	8711572
7706	8712576
7707	8713572
7708	8714576
7709	8715572
7710	8716568
7711	8717576
7712	8718572
7713	8719568
7714	8720572
7715	8721568
7716	8722572
7717	8723568
7718	8724568
7719	8725572
7720	8726568
7721	8727572
7722	8728568
7723	8729572
7724	8730568
7725	8731572
7726	8732568
7727	8733572
7728	8734572
7729	8735568
7730	8736568
7731	8737572
7732	8738568
7733	8739568
7734	8740568
7735	8741568
7736	8742572
7737	8743572
7738	8744572
7739	8745568
7740	8746572
7741	8747572
7742	8748572
7743	8749572
7744	8750572
7745	8751572
7746	8752572
7747	8753572
7748	8754572
7749	8755560
7750	8756576
7751	8757576
7752	8758576
7753	8759576
7754	8760572
7755	8761560
7756	8762576
7757	8763572
7758	8764564
7759	8765568
7760	8766572
7761	8767568
7762	8768568
7763	8769572
7764	8770568
7765	8771572
7766	8772572
7767	8773572
7768	8774572
7769	8775572
7770	8776572
7771	8777576
7772	8778572
7773	8779572
7774	8780572
7775	8781572
7776	8782572
7777	8783568
7778	8784572
7779	8785572
7780	8786572
7781	8787572
7782	8788572
7783	8789572
7784	8790572
7785	8791576
7786	8792572
7787	8793576
7788	8794576
7789	8795572
7790	8796572
7791	8797572
7792	8798572
7793	8799572
7794	8800568
7795	8801568
7796	8802572
7797	8803564
7798	8804572
7799	8805576
7800	8806568
7801	8807576
7802	8808572
7803	8809572
7804	8810568
7805	8811572
7806	8812568
7807	8813568
7808	8814576
7809	8815572
7810	8816572
7811	8817572
7812	8818572
7813	8819572
7814	8820568
7815	8821572
7816	8822572
7817	8823576
7818	8824576
7819	8825568
7820	8826572
7821	8827568
7822	8828576
7823	8829576
7824	8830572
7825	8831572
7826	8832568
7827	8833572
7828	8834572
7829	8835572
7830	8836564
7831	8837572
7832	8838572
7833	8839568
7834	8840572
7835	8841572
7836	8842568
7837	8843572
7838	8844572
7839	8845572
7840	8846572
7841	8847572
7842	8848572
7843	8849572
7844	8850572
7845	8851572
7846	8852576
7847	8853568
7848	8854576
7849	8855572
7850	8856572
7851	8857572
7852	8858568
7853	8859572
7854	8860568
7855	8861572
7856	8862568
7857	8863568
7858	8864576
7859	8865576
7860	8866572
7861	8867564
7862	8868572
7863	8869572
7864	8870572
7865	8871572
7866	8872572
7867	8873572
7868	8874576
7869	8875572
7870	8876572
7871	8877572
7872	8878568
7873	8879572
7874	8880572
7875	8881572
7876	8882568
7877	8883568
7878	8884572
7879	8885568
7880	8886568
7881	8887572
7882	8888572
7883	8889572
7884	8890572
7885	8891572
7886	8892576
7887	8893568
7888	8894572
7889	8895572
7890	8896572
7891	8897568
7892	8898572
7893	8899572
7894	8900572
7895	8901572
7896	8902572
7897	8903568
7898	8904576
7899	8905576
7900	8906576
7901	8907572
7902	8908576
7903	8909576
7904	8910572
7905	8911572
7906	8912572
7907	8913568
7908	8914572
7909	8915572
7910	8916568
7911	8917572
7912	8918572
7913	8919572
7914	8920576
7915	8921576
7916	8922572
7917	8923568
7918	8924568
7919	8925576
7920	8926572
7921	8927576
7922	8928572
7923	8929572
7924	8930568
7925	8931572
7926	8932572
7927	8933572
7928	8934572
7929	8935576
7930	8936572
7931	8937572
7932	8938572
7933	8939572
7934	8940572
7935	8941572
7936	8942576
7937	8943568
7938	8944572
7939	8945576
7940	8946576
7941	8947572
7942	8948572
7943	8949572
7944	8950576
7945	8951572
7946	8952576
7947	8953572
7948	8954572
7949	8955576
7950	8956568
7951	8957572
7952	8958572
7953	8959568
7954	8960572
7955	8961576
7956	8962572
7957	8963572
7958	8964572
7959	8965568
7960	8966568
7961	8967572
7962	8968572
7963	8969576
7964	8970572
7965	8971572
7966	8972572
7967	8973572
7968	8974576
7969	8975572
7970	8976572
7971	8977572
7972	8978572
7973	8979572
7974	8980568
7975	8981572
7976	8982572
7977	8983572
7978	8984564
7979	8985572
7980	8986572
7981	8987568
7982	8988564
7983	8989568
7984	8990568
7985	8991564
7986	8992568
7987	8993572
7988	8994576
7989	8995572
7990	8996576
7991	8997572
7992	8998576
7993	8999572
7994	9000572
7995	9001568
7996	9002568
7997	9003576
7998	9004572
7999	9005576
8000	9006568
8001	9007568
8002	9008572
8003	9009572
8004	9010572
8005	9011568
8006	9012568
8007	9013572
8008	9014572
8009	9015572
8010	9016564
8011	9017572
8012	9018568
8013	9019568
8014	9020572
8015	9021572
8016	9022572
8017	9023572
8018	9024572
8019	9025568
8020	9026568
8021	9027572
8022	9028568
8023	9029572
8024	9030564
8025	9031572
8026	9032568
8027	9033568
8028	9034572
8029	9035572
8030	9036576
8031	9037568
8032	9038568
8033	9039568
8034	9040572
8035	9041576
8036	9042568
8037	9043564
8038	9044572
8039	9045572
8040	9046576
8041	9047568
8042	9048576
8043	9049572
8044	9050568
8045	9051572
8046	9052572
8047	9053568
8048	9054572
8049	9055572
8050	9056572
8051	9057568
8052	9058576
8053	9059572
8054	9060576
8055	9061572
8056	9062572
8057	9063572
8058	9064568
8059	9065572
8060	9066572
8061	9067568
8062	9068568
8063	9069568
8064	9070568
8065	9071568
8066	9072568
8067	9073572
8068	9074572
8069	9075572
8070	9076576
8071	9077576
8072	9078568
8073	9079572
8074	9080572
8075	9081572
8076	9082572
8077	9083572
8078	9084568
8079	9085572
8080	9086572
8081	9087568
8082	9088572
8083	9089572
8084	9090572
8085	9091572
8086	9092576
8087	9093576
8088	9094568
8089	9095572
8090	9096572
8091	9097572
8092	9098572
8093	9099568
8094	9100572
8095	9101572
8096	9102568
8097	9103572
8098	9104572
8099	9105572
8100	9106572
8101	9107572
8102	9108572
8103	9109568
8104	9110576
8105	9111576
8106	9112568
8107	9113584
8108	9114572
8109	9115572
8110	9116572
8111	9117568
8112	9118572
8113	9119572
8114	9120564
8115	9121572
8116	9122568
8117	9123572
8118	9124568
8119	9125572
8120	9126572
8121	9127576
8122	9128572
8123	9129572
8124	9130568
8125	9131572
8126	9132568
8127	9133572
8128	9134572
8129	9135572
8130	9136572
8131	9137572
8132	9138572
8133	9139568
8134	9140572
8135	9141572
8136	9142568
8137	9143572
8138	9144572
8139	9145584
8140	9146568
8141	9147572
8142	9148572
8143	9149572
8144	9150572
8145	9151568
8146	9152572
8147	9153572
8148	9154576
8149	9155576
8150	9156568
8151	9157568
8152	9158572
8153	9159572
8154	9160568
8155	9161572
8156	9162568
8157	9163572
8158	9164572
8159	9165572
8160	9166572
8161	9167572
8162	9168576
8163	9169572
8164	9170568
8165	9171572
8166	9172568
8167	9173572
8168	9174572
8169	9175568
8170	9176572
8171	9177572
8172	9178568
8173	9179568
8174	9180572
8175	9181572
8176	9182572
8177	9183572
8178	9184572
8179	9185576
8180	9186572
8181	9187572
8182	9188568
8183	9189572
8184	9190572
8185	9191572
8186	9192572
8187	9193572
8188	9194568
8189	9195572
8190	9196572
8191	9197572
8192	9198572
8193	9199568
8194	9200572
8195	9201568
8196	9202572
8197	9203572
8198	9204572
8199	9205572
8200	9206568
8201	9207572
8202	9208572
8203	9209572
8204	9210572
8205	9211572
8206	9212568
8207	9213572
8208	9214572
8209	9215568
8210	9216572
8211	9217572
8212	9218568
8213	9219572
8214	9220572
8215	9221572
8216	9222576
8217	9223572
8218	9224572
8219	9225568
8220	9226568
8221	9227572
8222	9228576
8223	9229572
8224	9230568
8225	9231576
8226	9232572
8227	9233572
8228	9234572
8229	9235572
8230	9236572
8231	9237572
8232	9238568
8233	9239572
8234	9240572
8235	9241572
8236	9242568
8237	9243572
8238	9244572
8239	9245572
8240	9246568
8241	9247572
8242	9248572
8243	9249568
8244	9250572
8245	9251572
8246	9252572
8247	9253568
8248	9254568
8249	9255576
8250	9256572
8251	9257572
8252	9258568
8253	9259572
8254	9260568
8255	9261572
8256	9262572
8257	9263572
8258	9264572
8259	9265572
8260	9266576
8261	9267568
8262	9268576
8263	9269568
8264	9270572
8265	9271576
8266	9272568
8267	9273572
8268	9274572
8269	9275572
8270	9276572
8271	9277568
8272	9278568
8273	9279572
8274	9280572
8275	9281568
8276	9282568
8277	9283568
8278	9284568
8279	9285568
8280	9286572
8281	9287576
8282	9288572
8283	9289568
8284	9290576
8285	9291564
8286	9292572
8287	9293576
8288	9294572
8289	9295572
8290	9296572
8291	9297572
8292	9298572
8293	9299572
8294	9300572
8295	9301572
8296	9302576
8297	9303572
8298	9304568
8299	9305572
8300	9306568
8301	9307572
8302	9308568
8303	9309568
8304	9310572
8305	9311572
8306	9312576
8307	9313576
8308	9314576
8309	9315572
8310	9316568
8311	9317572
8312	9318572
8313	9319568
8314	9320568
8315	9321572
8316	9322572
8317	9323572
8318	9324564
8319	9325572
8320	9326572
8321	9327576
8322	9328568
8323	9329568
8324	9330568
8325	9331572
8326	9332576
8327	9333576
8328	9334572
8329	9335572
8330	9336572
8331	9337572
8332	9338572
8333	9339572
8334	9340572
8335	9341572
8336	9342572
8337	9343568
8338	9344576
8339	9345572
8340	9346568
8341	9347572
8342	9348572
8343	9349572
8344	9350572
8345	9351572
8346	9352572
8347	9353572
8348	9354572
8349	9355572
8350	9356568
8351	9357572
8352	9358576
8353	9359568
8354	9360568
8355	9361576
8356	9362568
8357	9363572
8358	9364572
8359	9365576
8360	9366572
8361	9367572
8362	9368572
8363	9369572
8364	9370572
8365	9371572
8366	9372572
8367	9373572
8368	9374572
8369	9375572
8370	9376576
8371	9377572
8372	9378572
8373	9379572
8374	9380576
8375	9381576
8376	9382568
8377	9383576
8378	9384576
8379	9385572
8380	9386576
8381	9387572
8382	9388572
8383	9389572
8384	9390568
8385	9391568
8386	9392572
8387	9393572
8388	9394576
8389	9395572
8390	9396568
8391	9397568
8392	9398572
8393	9399572
8394	9400572
8395	9401576
8396	9402572
8397	9403572
8398	9404572
8399	9405572
8400	9406572
8401	9407572
8402	9408572
8403	9409564
8404	9410572
8405	9411576
8406	9412572
8407	9413572
8408	9414572
8409	9415576
8410	9416572
8411	9417572
8412	9418576
8413	9419572
8414	9420568
8415	9421576
8416	9422572
8417	9423572
8418	9424572
8419	9425576
8420	9426572
8421	9427572
8422	9428572
8423	9429568
8424	9430568
8425	9431568
8426	9432572
8427	9433572
8428	9434572
8429	9435572
8430	9436572
8431	9437572
8432	9438572
8433	9439572
8434	9440572
8435	9441576
8436	9442572
8437	9443576
8438	9444568
8439	9445576
8440	9446572
8441	9447572
8442	9448568
8443	9449572
8444	9450572
8445	9451572
8446	9452576
8447	9453568
8448	9454572
8449	9455572
8450	9456572
8451	9457568
8452	9458572
8453	9459568
8454	9460568
8455	9461572
8456	9462568
8457	9463568
8458	9464572
8459	9465572
8460	9466568
8461	9467572
8462	9468576
8463	9469572
8464	9470572
8465	9471568
8466	9472572
8467	9473576
8468	9474576
8469	9475572
8470	9476572
8471	9477572
8472	9478576
8473	9479568
8474	9480572
8475	9481572
8476	9482572
8477	9483572
8478	9484572
8479	9485568
8480	9486572
8481	9487572
8482	9488572
8483	9489568
8484	9490572
8485	9491576
8486	9492572
8487	9493568
8488	9494572
8489	9495572
8490	9496568
8491	9497572
8492	9498572
8493	9499572
8494	9500568
8495	9501568
8496	9502568
8497	9503572
8498	9504572
8499	9505568
8500	9506572
8501	9507568
8502	9508572
8503	9509572
8504	9510572
8505	9511576
8506	9512568
8507	9513572
8508	9514572
8509	9515572
8510	9516572
8511	9517572
8512	9518576
8513	9519568
8514	9520568
8515	9521572
8516	9522564
8517	9523560
8518	9524572
8519	9525576
8520	9526572
8521	9527572
8522	9528568
8523	9529576
8524	9530572
8525	9531568
8526	9532572
8527	9533568
8528	9534572
8529	9535568
8530	9536576
8531	9537568
8532	9538572
8533	9539572
8534	9540572
8535	9541572
8536	9542576
8537	9543572
8538	9544568
8539	9545564
8540	9546572
8541	9547572
8542	9548572
8543	9549572
8544	9550572
8545	9551572
8546	9552572
8547	9553572
8548	9554572
8549	9555572
8550	9556572
8551	9557572
8552	9558568
8553	9559572
8554	9560568
8555	9561572
8556	9562576
8557	9563572
8558	9564572
8559	9565572
8560	9566568
8561	9567572
8562	9568568
8563	9569572
8564	9570572
8565	9571572
8566	9572572
8567	9573568
8568	9574572
8569	9575572
8570	9576572
8571	9577572
8572	9578572
8573	9579572
8574	9580572
8575	9581572
8576	9582572
8577	9583568
8578	9584572
8579	9585572
8580	9586568
8581	9587568
8582	9588572
8583	9589572
8584	9590572
8585	9591572
8586	9592572
8587	9593572
8588	9594572
8589	9595576
8590	9596572
8591	9597572
8592	9598572
8593	9599568
8594	9600572
8595	9601572
8596	9602572
8597	9603572
8598	9604572
8599	9605568
8600	9606572
8601	9607572
8602	9608576
8603	9609572
8604	9610568
8605	9611576
8606	9612568
8607	9613576
8608	9614568
8609	9615572
8610	9616568
8611	9617572
8612	9618572
8613	9619572
8614	9620572
8615	9621572
8616	9622572
8617	9623572
8618	9624572
8619	9625572
8620	9626572
8621	9627568
8622	9628568
8623	9629568
8624	9630572
8625	9631576
8626	9632576
8627	9633568
8628	9634572
8629	9635572
8630	9636576
8631	9637572
8632	9638572
8633	9639572
8634	9640572
8635	9641568
8636	9642576
8637	9643572
8638	9644572
8639	9645572
8640	9646572
8641	9647572
8642	9648572
8643	9649568
8644	9650576
8645	9651568
8646	9652572
8647	9653568
8648	9654576
8649	9655572
8650	9656572
8651	9657572
8652	9658568
8653	9659576
8654	9660568
8655	9661572
8656	9662572
8657	9663572
8658	9664568
8659	9665572
8660	9666572
8661	9667572
8662	9668572
8663	9669576
8664	9670572
8665	9671568
8666	9672572
8667	9673572
8668	9674568
8669	9675576
8670	9676572
8671	9677572
8672	9678572
8673	9679572
8674	9680572
8675	9681576
8676	9682568
8677	9683572
8678	9684572
8679	9685572
8680	9686572
8681	9687572
8682	9688572
8683	9689568
8684	9690576
8685	9691572
8686	9692572
8687	9693572
8688	9694572
8689	9695572
8690	9696568
8691	9697572
8692	9698572
8693	9699572
8694	9700572
8695	9701568
8696	9702568
8697	9703568
8698	9704576
8699	9705572
8700	9706568
8701	9707572
8702	9708572
8703	9709572
8704	9710576
8705	9711576
8706	9712572
8707	9713572
8708	9714572
8709	9715572
8710	9716572
8711	9717572
8712	9718572
8713	9719568
8714	9720572
8715	9721572
8716	9722572
8717	9723568
8718	9724572
8719	9725568
8720	9726572
8721	9727568
8722	9728572
8723	9729568
8724	9730572
8725	9731572
8726	9732572
8727	9733572
8728	9734572
8729	9735572
8730	9736572
8731	9737572
8732	9738576
8733	9739572
8734	9740568
8735	9741572
8736	9742572
8737	9743576
8738	9744572
8739	9745576
8740	9746572
8741	9747572
8742	9748572
8743	9749568
8744	9750568
8745	9751572
8746	9752576
8747	9753572
8748	9754572
8749	9755568
8750	9756572
8751	9757572
8752	9758572
8753	9759572
8754	9760572
8755	9761572
8756	9762568
8757	9763572
8758	9764572
8759	9765568
8760	9766572
8761	9767572
8762	9768572
8763	9769572
8764	9770572
8765	9771568
8766	9772572
8767	9773572
8768	9774568
8769	9775572
8770	9776572
8771	9777572
8772	9778572
8773	9779564
8774	9780572
8775	9781572
8776	9782568
8777	9783572
8778	9784568
8779	9785572
8780	9786572
8781	9787572
8782	9788568
8783	9789572
8784	9790576
8785	9791572
8786	9792572
8787	9793572
8788	9794564
8789	9795568
8790	9796572
8791	9797568
8792	9798572
8793	9799572
8794	9800572
8795	9801572
8796	9802572
8797	9803568
8798	9804572
8799	9805576
8800	9806568
8801	9807572
8802	9808572
8803	9809568
8804	9810572
8805	9811568
8806	9812572
8807	9813572
8808	9814572
8809	9815576
8810	9816568
8811	9817572
8812	9818572
8813	9819572
8814	9820572
8815	9821572
8816	9822572
8817	9823568
8818	9824568
8819	9825568
8820	9826568
8821	9827572
8822	9828572
8823	9829568
8824	9830572
8825	9831572
8826	9832568
8827	9833576
8828	9834572
8829	9835564
8830	9836576
8831	9837572
8832	9838572
8833	9839568
8834	9840572
8835	9841568
8836	9842572
8837	9843572
8838	9844576
8839	9845576
8840	9846572
8841	9847572
8842	9848572
8843	9849572
8844	9850572
8845	9851572
8846	9852564
8847	9853572
8848	9854572
8849	9855572
8850	9856576
8851	9857572
8852	9858572
8853	9859568
8854	9860572
8855	9861572
8856	9862572
8857	9863568
8858	9864572
8859	9865572
8860	9866572
8861	9867572
8862	9868568
8863	9869572
8864	9870576
8865	9871568
8866	9872572
8867	9873572
8868	9874568
8869	9875572
8870	9876568
8871	9877572
8872	9878572
8873	9879572
8874	9880572
8875	9881572
8876	9882572
8877	9883572
8878	9884572
8879	9885576
8880	9886576
8881	9887568
8882	9888572
8883	9889576
8884	9890572
8885	9891572
8886	9892572
8887	9893568
8888	9894572
8889	9895572
8890	9896572
8891	9897568
8892	9898576
8893	9899576
8894	9900572
8895	9901564
8896	9902572
8897	9903572
8898	9904568
8899	9905572
8900	9906568
8901	9907572
8902	9908576
8903	9909572
8904	9910572
8905	9911572
8906	9912572
8907	9913576
8908	9914572
8909	9915572
8910	9916572
8911	9917576
8912	9918568
8913	9919572
8914	9920572
8915	9921576
8916	9922572
8917	9923572
8918	9924572
8919	9925572
8920	9926572
8921	9927572
8922	9928568
8923	9929572
8924	9930572
8925	9931572
8926	9932572
8927	9933572
8928	9934568
8929	9935572
8930	9936568
8931	9937568
8932	9938572
8933	9939568
8934	9940576
8935	9941572
8936	9942572
8937	9943572
8938	9944572
8939	9945568
8940	9946572
8941	9947572
8942	9948572
8943	9949568
8944	9950572
8945	9951568
8946	9952572
8947	9953572
8948	9954572
8949	9955572
8950	9956572
8951	9957572
8952	9958572
8953	9959572
8954	9960572
8955	9961572
8956	9962572
8957	9963572
8958	9964568
8959	9965572
8960	9966568
8961	9967568
8962	9968572
8963	9969572
8964	9970568
8965	9971576
8966	9972576
8967	9973572
8968	9974572
8969	9975568
8970	9976572
8971	9977572
8972	9978572
8973	9979572
8974	9980568
8975	9981572
8976	9982572
8977	9983564
8978	9984576
8979	9985572
8980	9986568
8981	9987572
8982	9988568
8983	9989572
8984	9990568
8985	9991568
8986	9992564
8987	9993572
8988	9994572
8989	9995572
8990	9996568
8991	9997572
8992	9998572
8993	9999572
8994	-1
8995	-1
8996	-1
8997	-1
8998	-1
8999	-1
9000	-1
9001	-1
9002	-1
9003	-1
9004	-1
9005	-1
9006	-1
9007	-1
9008	-1
9009	-1
9010	-1
9011	-1
9012	-1
9013	-1
9014	-1
9015	-1
9016	-1
9017	-1
9018	-1
9019	-1
9020	-1
9021	-1
9022	-1
9023	-1
9024	-1
9025	-1
9026	-1
9027	-1
9028	-1
9029	-1
9030	-1
9031	-1
9032	-1
9033	-1
9034	-1
9035	-1
9036	-1
9037	-1
9038	-1
9039	-1
9040	-1
9041	-1
9042	-1
9043	-1
9044	-1
9045	-1
9046	-1
9047	-1
9048	-1
9049	-1
9050	-1
9051	-1
9052	-1
9053	-1
9054	-1
9055	-1
9056	-1
9057	-1
9058	-1
9059	-1
9060	-1
9061	-1
9062	-1
9063	-1
9064	-1
9065	-1
9066	-1
9067	-1
9068	-1
9069	-1
9070	-1
9071	-1
9072	-1
9073	-1
9074	-1
9075	-1
9076	-1
9077	-1
9078	-1
9079	-1
9080	-1
9081	-1
9082	-1
9083	-1
9084	-1
9085	-1
9086	-1
9087	-1
9088	-1
9089	-1
9090	-1
9091	-1
9092	-1
9093	-1
9094	-1
9095	-1
9096	-1
9097	-1
9098	-1
9099	-1
9100	-1
9101	-1
9102	-1
9103	-1
9104	-1
9105	-1
9106	-1
9107	-1
9108	-1
9109	-1
9110	-1
9111	-1
9112	-1
9113	-1
9114	-1
9115	-1
9116	-1
9117	-1
9118	-1
9119	-1
9120	-1
9121	-1
9122	-1
9123	-1
9124	-1
9125	-1
9126	-1
9127	-1
9128	-1
9129	-1
9130	-1
9131	-1
9132	-1
9133	-1
9134	-1
9135	-1
9136	-1
9137	-1
9138	-1
9139	-1
9140	-1
9141	-1
9142	-1
9143	-1
9144	-1
9145	-1
9146	-1
9147	-1
9148	-1
9149	-1
9150	-1
9151	-1
9152	-1
9153	-1
9154	-1
9155	-1
9156	-1
9157	-1
9158	-1
9159	-1
9160	-1
9161	-1
9162	-1
9163	-1
9164	-1
9165	-1
9166	-1
9167	-1
9168	-1
9169	-1
9170	-1
9171	-1
9172	-1
9173	-1
9174	-1
9175	-1
9176	-1
9177	-1
9178	-1
9179	-1
9180	-1
9181	-1
9182	-1
9183	-1
9184	-1
9185	-1
9186	-1
9187	-1
9188	-1
9189	-1
9190	-1
9191	-1
9192	-1
9193	-1
9194	-1
9195	-1
9196	-1
9197	-1
9198	-1
9199	-1
9200	-1
9201	-1
9202	-1
9203	-1
9204	-1
9205	-1
9206	-1
9207	-1
9208	-1
9209	-1
9210	-1
9211	-1
9212	-1
9213	-1
9214	-1
9215	-1
9216	-1
9217	-1
9218	-1
9219	-1
9220	-1
9221	-1
9222	-1
9223	-1
9224	-1
9225	-1
9226	-1
9227	-1
9228	-1
9229	-1
9230	-1
9231	-1
9232	-1
9233	-1
9234	-1
9235	-1
9236	-1
9237	-1
9238	-1
9239	-1
9240	-1
9241	-1
9242	-1
9243	-1
9244	-1
9245	-1
9246	-1
9247	-1
9248	-1
9249	-1
9250	-1
9251	-1
9252	-1
9253	-1
9254	-1
9255	-1
9256	-1
9257	-1
9258	-1
9259	-1
9260	-1
9261	-1
9262	-1
9263	-1
9264	-1
9265	-1
9266	-1
9267	-1
9268	-1
9269	-1
9270	-1
9271	-1
9272	-1
9273	-1
9274	-1
9275	-1
9276	-1
9277	-1
9278	-1
9279	-1
9280	-1
9281	-1
9282	-1
9283	-1
9284	-1
9285	-1
9286	-1
9287	-1
9288	-1
9289	-1
9290	-1
9291	-1
9292	-1
9293	-1
9294	-1
9295	-1
9296	-1
9297	-1
9298	-1
9299	-1
9300	-1
9301	-1
9302	-1
9303	-1
9304	-1
9305	-1
9306	-1
9307	-1
9308	-1
9309	-1
9310	-1
9311	-1
9312	-1
9313	-1
9314	-1
9315	-1
9316	-1
9317	-1
9318	-1
9319	-1
9320	-1
9321	-1
9322	-1
9323	-1
9324	-1
9325	-1
9326	-1
9327	-1
9328	-1
9329	-1
9330	-1
9331	-1
9332	-1
9333	-1
9334	-1
9335	-1
9336	-1
9337	-1
9338	-1
9339	-1
9340	-1
9341	-1
9342	-1
9343	-1
9344	-1
9345	-1
9346	-1
9347	-1
9348	-1
9349	-1
9350	-1
9351	-1
9352	-1
9353	-1
9354	-1
9355	-1
9356	-1
9357	-1
9358	-1
9359	-1
9360	-1
9361	-1
9362	-1
9363	-1
9364	-1
9365	-1
9366	-1
9367	-1
9368	-1
9369	-1
9370	-1
9371	-1
9372	-1
9373	-1
9374	-1
9375	-1
9376	-1
9377	-1
9378	-1
9379	-1
9380	-1
9381	-1
9382	-1
9383	-1
9384	-1
9385	-1
9386	-1
9387	-1
9388	-1
9389	-1
9390	-1
9391	-1
9392	-1
9393	-1
9394	-1
9395	-1
9396	-1
9397	-1
9398	-1
9399	-1
9400	-1
9401	-1
9402	-1
9403	-1
9404	-1
9405	-1
9406	-1
9407	-1
9408	-1
9409	-1
9410	-1
9411	-1
9412	-1
9413	-1
9414	-1
9415	-1
9416	-1
9417	-1
9418	-1
9419	-1
9420	-1
9421	-1
9422	-1
9423	-1
9424	-1
9425	-1
9426	-1
9427	-1
9428	-1
9429	-1
9430	-1
9431	-1
9432	-1
9433	-1
9434	-1
9435	-1
9436	-1
9437	-1
9438	-1
9439	-1
9440	-1
9441	-1
9442	-1
9443	-1
9444	-1
9445	-1
9446	-1
9447	-1
9448	-1
9449	-1
9450	-1
9451	-1
9452	-1
9453	-1
9454	-1
9455	-1
9456	-1
9457	-1
9458	-1
9459	-1
9460	-1
9461	-1
9462	-1
9463	-1
9464	-1
9465	-1
9466	-1
9467	-1
9468	-1
9469	-1
9470	-1
9471	-1
9472	-1
9473	-1
9474	-1
9475	-1
9476	-1
9477	-1
9478	-1
9479	-1
9480	-1
9481	-1
9482	-1
9483	-1
9484	-1
9485	-1
9486	-1
9487	-1
9488	-1
9489	-1
9490	-1
9491	-1
9492	-1
9493	-1
9494	-1
9495	-1
9496	-1
9497	-1
9498	-1
9499	-1
9500	-1
9501	-1
9502	-1
9503	-1
9504	-1
9505	-1
9506	-1
9507	-1
9508	-1
9509	-1
9510	-1
9511	-1
9512	-1
9513	-1
9514	-1
9515	-1
9516	-1
9517	-1
9518	-1
9519	-1
9520	-1
9521	-1
9522	-1
9523	-1
9524	-1
9525	-1
9526	-1
9527	-1
9528	-1
9529	-1
9530	-1
9531	-1
9532	-1
9533	-1
9534	-1
9535	-1
9536	-1
9537	-1
9538	-1
9539	-1
9540	-1
9541	-1
9542	-1
9543	-1
9544	-1
9545	-1
9546	-1
9547	-1
9548	-1
9549	-1
9550	-1
9551	-1
9552	-1
9553	-1
9554	-1
9555	-1
9556	-1
9557	-1
9558	-1
9559	-1
9560	-1
9561	-1
9562	-1
9563	-1
9564	-1
9565	-1
9566	-1
9567	-1
9568	-1
9569	-1
9570	-1
9571	-1
9572	-1
9573	-1
9574	-1
9575	-1
9576	-1
9577	-1
9578	-1
9579	-1
9580	-1
9581	-1
9582	-1
9583	-1
9584	-1
9585	-1
9586	-1
9587	-1
9588	-1
9589	-1
9590	-1
9591	-1
9592	-1
9593	-1
9594	-1
9595	-1
9596	-1
9597	-1
9598	-1
9599	-1
9600	-1
9601	-1
9602	-1
9603	-1
9604	-1
9605	-1
9606	-1
9607	-1
9608	-1
9609	-1
9610	-1
9611	-1
9612	-1
9613	-1
9614	-1
9615	-1
9616	-1
9617	-1
9618	-1
9619	-1
9620	-1
9621	-1
9622	-1
9623	-1
9624	-1
9625	-1
9626	-1
9627	-1
9628	-1
9629	-1
9630	-1
9631	-1
9632	-1
9633	-1
9634	-1
9635	-1
9636	-1
9637	-1
9638	-1
9639	-1
9640	-1
9641	-1
9642	-1
9643	-1
9644	-1
9645	-1
9646	-1
9647	-1
9648	-1
9649	-1
9650	-1
9651	-1
9652	-1
9653	-1
9654	-1
9655	-1
9656	-1
9657	-1
9658	-1
9659	-1
9660	-1
9661	-1
9662	-1
9663	-1
9664	-1
9665	-1
9666	-1
9667	-1
9668	-1
9669	-1
9670	-1
9671	-1
9672	-1
9673	-1
9674	-1
9675	-1
9676	-1
9677	-1
9678	-1
9679	-1
9680	-1
9681	-1
9682	-1
9683	-1
9684	-1
9685	-1
9686	-1
9687	-1
9688	-1
9689	-1
9690	-1
9691	-1
9692	-1
9693	-1
9694	-1
9695	-1
9696	-1
9697	-1
9698	-1
9699	-1
9700	-1
9701	-1
9702	-1
9703	-1
9704	-1
9705	-1
9706	-1
9707	-1
9708	-1
9709	-1
9710	-1
9711	-1
9712	-1
9713	-1
9714	-1
9715	-1
9716	-1
9717	-1
9718	-1
9719	-1
9720	-1
9721	-1
9722	-1
9723	-1
9724	-1
9725	-1
9726	-1
9727	-1
9728	-1
9729	-1
9730	-1
9731	-1
9732	-1
9733	-1
9734	-1
9735	-1
9736	-1
9737	-1
9738	-1
9739	-1
9740	-1
9741	-1
9742	-1
9743	-1
9744	-1
9745	-1
9746	-1
9747	-1
9748	-1
9749	-1
9750	-1
9751	-1
9752	-1
9753	-1
9754	-1
9755	-1
9756	-1
9757	-1
9758	-1
9759	-1
9760	-1
9761	-1
9762	-1
9763	-1
9764	-1
9765	-1
9766	-1
9767	-1
9768	-1
9769	-1
9770	-1
9771	-1
9772	-1
9773	-1
9774	-1
9775	-1
9776	-1
9777	-1
9778	-1
9779	-1
9780	-1
9781	-1
9782	-1
9783	-1
9784	-1
9785	-1
9786	-1
9787	-1
9788	-1
9789	-1
9790	-1
9791	-1
9792	-1
9793	-1
9794	-1
9795	-1
9796	-1
9797	-1
9798	-1
9799	-1
9800	-1
9801	-1
9802	-1
9803	-1
9804	-1
9805	-1
9806	-1
9807	-1
9808	-1
9809	-1
9810	-1
9811	-1
9812	-1
9813	-1
9814	-1
9815	-1
9816	-1
9817	-1
9818	-1
9819	-1
9820	-1
9821	-1
9822	-1
9823	-1
9824	-1
9825	-1
9826	-1
9827	-1
9828	-1
9829	-1
9830	-1
9831	-1
9832	-1
9833	-1
9834	-1
9835	-1
9836	-1
9837	-1
9838	-1
9839	-1
9840	-1
9841	-1
9842	-1
9843	-1
9844	-1
9845	-1
9846	-1
9847	-1
9848	-1
9849	-1
9850	-1
9851	-1
9852	-1
9853	-1
9854	-1
9855	-1
9856	-1
9857	-1
9858	-1
9859	-1
9860	-1
9861	-1
9862	-1
9863	-1
9864	-1
9865	-1
9866	-1
9867	-1
9868	-1
9869	-1
9870	-1
9871	-1
9872	-1
9873	-1
9874	-1
9875	-1
9876	-1
9877	-1
9878	-1
9879	-1
9880	-1
9881	-1
9882	-1
9883	-1
9884	-1
9885	-1
9886	-1
9887	-1
9888	-1
9889	-1
9890	-1
9891	-1
9892	-1
9893	-1
9894	-1
9895	-1
9896	-1
9897	-1
9898	-1
9899	-1
9900	-1
9901	-1
9902	-1
9903	-1
9904	-1
9905	-1
9906	-1
9907	-1
9908	-1
9909	-1
9910	-1
9911	-1
9912	-1
9913	-1
9914	-1
9915	-1
9916	-1
9917	-1
9918	-1
9919	-1
9920	-1
9921	-1
9922	-1
9923	-1
9924	-1
9925	-1
9926	-1
9927	-1
9928	-1
9929	-1
9930	-1
9931	-1
9932	-1
9933	-1
9934	-1
9935	-1
9936	-1
9937	-1
9938	-1
9939	-1
9940	-1
9941	-1
9942	-1
9943	-1
9944	-1
9945	-1
9946	-1
9947	-1
9948	-1
9949	-1
9950	-1
9951	-1
9952	-1
9953	-1
9954	-1
9955	-1
9956	-1
9957	-1
9958	-1
9959	-1
9960	-1
9961	-1
9962	-1
9963	-1
9964	-1
9965	-1
9966	-1
9967	-1
9968	-1
9969	-1
9970	-1
9971	-1
9972	-1
9973	-1
9974	-1
9975	-1
9976	-1
9977	-1
9978	-1
9979	-1
9980	-1
9981	-1
9982	-1
9983	-1
9984	-1
9985	-1
9986	-1
9987	-1
9988	-1
9989	-1
9990	-1
9991	-1
9992	-1
9993	-1
9994	-1
9995	-1
9996	-1
9997	-1
9998	-1
9999	-1
