0	1006459
1	1007292
2	1008292
3	1009296
4	1010292
5	1011292
6	1012292
7	1013292
8	1014292
9	1015292
10	1016292
11	1017292
12	1018292
13	1019292
14	1020292
15	1021292
16	1022292
17	1023288
18	1024292
19	1025296
20	1026292
21	1027292
22	1028292
23	1029296
24	1030292
25	1031292
26	1032292
27	1033292
28	1034292
29	1035292
30	1036292
31	1037292
32	1038292
33	1039292
34	1040292
35	1041296
36	1042292
37	1043292
38	1044292
39	1045296
40	1046292
41	1047292
42	1048292
43	1049292
44	1050292
45	1051292
46	1052292
47	1053292
48	1054292
49	1055292
50	1056292
51	1057296
52	1058292
53	1059292
54	1060292
55	1061292
56	1062292
57	1063292
58	1064292
59	1065292
60	1066292
61	1067292
62	1068292
63	1069288
64	1070292
65	1071292
66	1072292
67	1073292
68	1074292
69	1075292
70	1076292
71	1077292
72	1078292
73	1079292
74	1080292
75	1081292
76	1082292
77	1083292
78	1084292
79	1085292
80	1086292
81	1087292
82	1088292
83	1089292
84	1090292
85	1091292
86	1092292
87	1093292
88	1094292
89	1095292
90	1096292
91	1097292
92	1098292
93	1099292
94	1100292
95	1101292
96	1102292
97	1103292
98	1104292
99	1105292
100	1106292
101	1107292
102	1108292
103	1109292
104	1110292
105	1111292
106	1112292
107	1113292
108	1114292
109	1115292
110	1116292
111	1117292
112	1118292
113	1119292
114	1120292
115	1121292
116	1122292
117	1123292
118	1124292
119	1125296
120	1126292
121	1127292
122	1128292
123	1129296
124	1130292
125	1131292
126	1132292
127	1133292
128	1134292
129	1135292
130	1136292
131	1137292
132	1138292
133	1139292
134	1140292
135	1141296
136	1142292
137	1143292
138	1144292
139	1145296
140	1146292
141	1147292
142	1148292
143	1149292
144	1150292
145	1151292
146	1152296
147	1153296
148	1154292
149	1155292
150	1156296
151	1157296
152	1158296
153	1159296
154	1160296
155	1161296
156	1162296
157	1163296
158	1164296
159	1165296
160	1166292
161	1167292
162	1168296
163	1169296
164	1170292
165	1171292
166	1172296
167	1173296
168	1174296
169	1175296
170	1176296
171	1177296
172	1178296
173	1179296
174	1180296
175	1181296
176	1182292
177	1183296
178	1184296
179	1185296
180	1186292
181	1187296
182	1188296
183	1189296
184	1190296
185	1191296
186	1192296
187	1193296
188	1194296
189	1195296
190	1196296
191	1197296
192	1198292
193	1199296
194	1200296
195	1201296
196	1202292
197	1203296
198	1204292
199	1205296
200	1206292
201	1207296
202	1208296
203	1209296
204	1210296
205	1211296
206	1212296
207	1213296
208	1214296
209	1215296
210	1216292
211	1217296
212	1218296
213	1219296
214	1220292
215	1221296
216	1222296
217	1223296
218	1224296
219	1225296
220	1226296
221	1227296
222	1228296
223	1229296
224	1230296
225	1231292
226	1232292
227	1233296
228	1234296
229	1235292
230	1236292
231	1237296
232	1238296
233	1239292
234	1240292
235	1241296
236	1242296
237	1243296
238	1244296
239	1245296
240	1246296
241	1247296
242	1248292
243	1249296
244	1250296
245	1251292
246	1252292
247	1253296
248	1254296
249	1255292
250	1256292
251	1257296
252	1258288
253	1259296
254	1260296
255	1261296
256	1262300
257	1263296
258	1264300
259	1265300
260	1266296
261	1267296
262	1268300
263	1269300
264	1270296
265	1271296
266	1272300
267	1273300
268	1274300
269	1275300
270	1276300
271	1277300
272	1278300
273	1279292
274	1280300
275	1281300
276	1282296
277	1283296
278	1284300
279	1285300
280	1286296
281	1287296
282	1288300
283	1289300
284	1290296
285	1291300
286	1292300
287	1293300
288	1294300
289	1295300
290	1296300
291	1297300
292	1298296
293	1299300
294	1300300
295	1301300
296	1302296
297	1303300
298	1304300
299	1305300
300	1306296
301	1307300
302	1308300
303	1309300
304	1310300
305	1311300
306	1312300
307	1313300
308	1314300
309	1315300
310	1316296
311	1317300
312	1318296
313	1319300
314	1320296
315	1321300
316	1322300
317	1323300
318	1324296
319	1325300
320	1326300
321	1327300
322	1328300
323	1329300
324	1330300
325	1331300
326	1332296
327	1333300
328	1334300
329	1335300
330	1336296
331	1337300
332	1338300
333	1339300
334	1340296
335	1341300
336	1342300
337	1343300
338	1344300
339	1345300
340	1346300
341	1347300
342	1348300
343	1349300
344	1350300
345	1351296
346	1352296
347	1353300
348	1354300
349	1355296
350	1356296
351	1357300
352	1358300
353	1359300
354	1360300
355	1361300
356	1362300
357	1363300
358	1364300
359	1365300
360	1366300
361	1367296
362	1368296
363	1369300
364	1370300
365	1371296
366	1372296
367	1373300
368	1374296
369	1375300
370	1376300
371	1377300
372	1378300
373	1379300
374	1380300
375	1381300
376	1382296
377	1383296
378	1384300
379	1385300
380	1386296
381	1387296
382	1388300
383	1389300
384	1390296
385	1391296
386	1392300
387	1393300
388	1394300
389	1395300
390	1396300
391	1397300
392	1398300
393	1399296
394	1400300
395	1401300
396	1402296
397	1403296
398	1404300
399	1405300
400	1406300
401	1407300
402	1408300
403	1409300
404	1410300
405	1411300
406	1412300
407	1413300
408	1414300
409	1415300
410	1416300
411	1417300
412	1418300
413	1419300
414	1420300
415	1421300
416	1422300
417	1423300
418	1424300
419	1425300
420	1426300
421	1427300
422	1428300
423	1429300
424	1430300
425	1431300
426	1432300
427	1433300
428	1434300
429	1435300
430	1436300
431	1437300
432	1438300
433	1439300
434	1440300
435	1441300
436	1442300
437	1443300
438	1444300
439	1445300
440	1446300
441	1447300
442	1448300
443	1449300
444	1450300
445	1451300
446	1452300
447	1453300
448	1454300
449	1455300
450	1456300
451	1457300
452	1458300
453	1459300
454	1460300
455	1461300
456	1462300
457	1463300
458	1464300
459	1465300
460	1466300
461	1467300
462	1468300
463	1469300
464	1470300
465	1471300
466	1472300
467	1473300
468	1474300
469	1475300
470	1476300
471	1477300
472	1478300
473	1479300
474	1480300
475	1481300
476	1482300
477	1483300
478	1484300
479	1485300
480	1486300
481	1487300
482	1488300
483	1489300
484	1490300
485	1491300
486	1492300
487	1493300
488	1494300
489	1495300
490	1496300
491	1497300
492	1498300
493	1499300
494	1500300
495	1501300
496	1502300
497	1503300
498	1504300
499	1505300
500	1506300
501	1507300
502	1508300
503	1509300
504	1510300
505	1511300
506	1512300
507	1513300
508	1514288
509	1515300
510	1516300
511	1517300
512	1518300
513	1519296
514	1520300
515	1521300
516	1522296
517	1523300
518	1524300
519	1525300
520	1526300
521	1527300
522	1528300
523	1529300
524	1530300
525	1531300
526	1532300
527	1533300
528	1534296
529	1535292
530	1536300
531	1537300
532	1538296
533	1539300
534	1540300
535	1541300
536	1542296
537	1543300
538	1544300
539	1545300
540	1546300
541	1547300
542	1548300
543	1549300
544	1550300
545	1551300
546	1552296
547	1553300
548	1554300
549	1555300
550	1556296
551	1557300
552	1558300
553	1559300
554	1560300
555	1561300
556	1562300
557	1563300
558	1564300
559	1565300
560	1566300
561	1567300
562	1568296
563	1569300
564	1570300
565	1571296
566	1572296
567	1573300
568	1574300
569	1575296
570	1576300
571	1577300
572	1578300
573	1579300
574	1580300
575	1581300
576	1582300
577	1583300
578	1584296
579	1585300
580	1586300
581	1587296
582	1588296
583	1589300
584	1590300
585	1591296
586	1592296
587	1593300
588	1594300
589	1595300
590	1596300
591	1597300
592	1598300
593	1599300
594	1600296
595	1601300
596	1602296
597	1603296
598	1604296
599	1605300
600	1606296
601	1607296
602	1608300
603	1609300
604	1610300
605	1611300
606	1612300
607	1613300
608	1614300
609	1615300
610	1616300
611	1617300
612	1618296
613	1619296
614	1620300
615	1621300
616	1622296
617	1623296
618	1624300
619	1625300
620	1626296
621	1627300
622	1628300
623	1629300
624	1630300
625	1631300
626	1632300
627	1633300
628	1634296
629	1635300
630	1636300
631	1637300
632	1638296
633	1639300
634	1640300
635	1641300
636	1642296
637	1643300
638	1644300
639	1645300
640	1646300
641	1647300
642	1648300
643	1649300
644	1650300
645	1651300
646	1652300
647	1653300
648	1654296
649	1655300
650	1656296
651	1657300
652	1658296
653	1659300
654	1660300
655	1661300
656	1662300
657	1663300
658	1664300
659	1665300
660	1666300
661	1667300
662	1668300
663	1669300
664	1670300
665	1671300
666	1672300
667	1673300
668	1674300
669	1675300
670	1676300
671	1677300
672	1678300
673	1679300
674	1680300
675	1681300
676	1682300
677	1683300
678	1684300
679	1685300
680	1686300
681	1687300
682	1688300
683	1689300
684	1690300
685	1691300
686	1692300
687	1693300
688	1694300
689	1695300
690	1696300
691	1697300
692	1698300
693	1699300
694	1700300
695	1701300
696	1702300
697	1703300
698	1704300
699	1705300
700	1706300
701	1707300
702	1708300
703	1709300
704	1710300
705	1711300
706	1712300
707	1713300
708	1714300
709	1715300
710	1716300
711	1717300
712	1718300
713	1719300
714	1720300
715	1721300
716	1722300
717	1723300
718	1724300
719	1725300
720	1726300
721	1727300
722	1728300
723	1729300
724	1730300
725	1731300
726	1732300
727	1733300
728	1734300
729	1735300
730	1736300
731	1737300
732	1738300
733	1739300
734	1740300
735	1741300
736	1742300
737	1743300
738	1744300
739	1745300
740	1746300
741	1747300
742	1748300
743	1749300
744	1750300
745	1751300
746	1752300
747	1753300
748	1754300
749	1755300
750	1756300
751	1757300
752	1758300
753	1759300
754	1760300
755	1761300
756	1762300
757	1763300
758	1764300
759	1765300
760	1766300
761	1767300
762	1768300
763	1769300
764	1770296
765	1771300
766	1772300
767	1773300
768	1774300
769	1775296
770	1776296
771	1777300
772	1778300
773	1779300
774	1780300
775	1781300
776	1782300
777	1783300
778	1784300
779	1785300
780	1786300
781	1787300
782	1788296
783	1789300
784	1790300
785	1791292
786	1792296
787	1793300
788	1794300
789	1795300
790	1796300
791	1797300
792	1798300
793	1799300
794	1800300
795	1801300
796	1802300
797	1803296
798	1804296
799	1805300
800	1806300
801	1807296
802	1808296
803	1809300
804	1810300
805	1811300
806	1812300
807	1813300
808	1814300
809	1815300
810	1816300
811	1817300
812	1818300
813	1819296
814	1820296
815	1821300
816	1822300
817	1823296
818	1824296
819	1825300
820	1826300
821	1827296
822	1828300
823	1829300
824	1830300
825	1831300
826	1832300
827	1833300
828	1834300
829	1835296
830	1836300
831	1837300
832	1838296
833	1839296
834	1840300
835	1841300
836	1842296
837	1843296
838	1844300
839	1845300
840	1846300
841	1847300
842	1848300
843	1849300
844	1850300
845	1851300
846	1852300
847	1853300
848	1854296
849	1855296
850	1856300
851	1857300
852	1858296
853	1859296
854	1860300
855	1861300
856	1862300
857	1863300
858	1864300
859	1865300
860	1866300
861	1867300
862	1868300
863	1869300
864	1870296
865	1871300
866	1872300
867	1873300
868	1874296
869	1875300
870	1876300
871	1877300
872	1878300
873	1879300
874	1880300
875	1881300
876	1882300
877	1883300
878	1884300
879	1885300
880	1886296
881	1887300
882	1888296
883	1889300
884	1890296
885	1891300
886	1892296
887	1893300
888	1894300
889	1895300
890	1896300
891	1897300
892	1898300
893	1899300
894	1900300
895	1901300
896	1902300
897	1903300
898	1904296
899	1905300
900	1906300
901	1907300
902	1908296
903	1909300
904	1910300
905	1911300
906	1912300
907	1913300
908	1914300
909	1915300
910	1916300
911	1917300
912	1918300
913	1919300
914	1920300
915	1921300
916	1922300
917	1923300
918	1924300
919	1925300
920	1926300
921	1927300
922	1928300
923	1929300
924	1930300
925	1931300
926	1932300
927	1933300
928	1934300
929	1935300
930	1936300
931	1937300
932	1938300
933	1939300
934	1940300
935	1941300
936	1942300
937	1943300
938	1944300
939	1945300
940	1946300
941	1947300
942	1948300
943	1949300
944	1950300
945	1951300
946	1952300
947	1953300
948	1954300
949	1955300
950	1956300
951	1957300
952	1958300
953	1959300
954	1960300
955	1961300
956	1962300
957	1963300
958	1964300
959	1965300
960	1966300
961	1967300
962	1968300
963	1969300
964	1970300
965	1971300
966	1972300
967	1973300
968	1974300
969	1975300
970	1976300
971	1977300
972	1978300
973	1979300
974	1980300
975	1981300
976	1982300
977	1983300
978	1984300
979	1985300
980	1986300
981	1987300
982	1988300
983	1989300
984	1990300
985	1991300
986	1992300
987	1993300
988	1994300
989	1995300
990	1996300
991	1997300
992	1998300
993	1999300
994	2000300
995	2001300
996	2002300
997	2003300
998	2004300
999	2005300
1000	2006300
1001	2007300
1002	2008300
1003	2009300
1004	2010300
1005	2011300
1006	2012300
1007	2013300
1008	2014300
1009	2015300
1010	2016300
1011	2017300
1012	2018300
1013	2019300
1014	2020300
1015	2021300
1016	2022300
1017	2023300
1018	2024300
1019	2025300
1020	2026296
1021	2027300
1022	2028300
1023	2029300
1024	2030300
1025	2031296
1026	2032300
1027	2033300
1028	2034300
1029	2035300
1030	2036300
1031	2037300
1032	2038300
1033	2039296
1034	2040296
1035	2041300
1036	2042300
1037	2043296
1038	2044296
1039	2045300
1040	2046300
1041	2047292
1042	2048300
1043	2049300
1044	2050300
1045	2051300
1046	2052300
1047	2053300
1048	2054296
1049	2055296
1050	2056296
1051	2057300
1052	2058296
1053	2059296
1054	2060296
1055	2061300
1056	2062296
1057	2063300
1058	2064300
1059	2065300
1060	2066300
1061	2067300
1062	2068300
1063	2069300
1064	2070296
1065	2071296
1066	2072300
1067	2073300
1068	2074296
1069	2075296
1070	2076300
1071	2077300
1072	2078296
1073	2079296
1074	2080300
1075	2081300
1076	2082300
1077	2083300
1078	2084300
1079	2085300
1080	2086300
1081	2087296
1082	2088300
1083	2089300
1084	2090296
1085	2091300
1086	2092300
1087	2093300
1088	2094296
1089	2095300
1090	2096300
1091	2097300
1092	2098300
1093	2099300
1094	2100300
1095	2101300
1096	2102300
1097	2103300
1098	2104300
1099	2105300
1100	2106296
1101	2107300
1102	2108300
1103	2109300
1104	2110296
1105	2111300
1106	2112296
1107	2113300
1108	2114300
1109	2115300
1110	2116300
1111	2117300
1112	2118300
1113	2119300
1114	2120296
1115	2121300
1116	2122300
1117	2123300
1118	2124296
1119	2125300
1120	2126300
1121	2127300
1122	2128296
1123	2129300
1124	2130300
1125	2131300
1126	2132300
1127	2133300
1128	2134300
1129	2135300
1130	2136300
1131	2137300
1132	2138300
1133	2139300
1134	2140296
1135	2141300
1136	2142300
1137	2143296
1138	2144296
1139	2145300
1140	2146300
1141	2147300
1142	2148300
1143	2149300
1144	2150300
1145	2151300
1146	2152300
1147	2153300
1148	2154300
1149	2155296
1150	2156296
1151	2157300
1152	2158300
1153	2159296
1154	2160296
1155	2161300
1156	2162300
1157	2163300
1158	2164300
1159	2165300
1160	2166300
1161	2167300
1162	2168300
1163	2169300
1164	2170300
1165	2171296
1166	2172296
1167	2173300
1168	2174300
1169	2175300
1170	2176300
1171	2177300
1172	2178300
1173	2179300
1174	2180300
1175	2181300
1176	2182300
1177	2183300
1178	2184300
1179	2185300
1180	2186300
1181	2187300
1182	2188300
1183	2189300
1184	2190300
1185	2191300
1186	2192300
1187	2193300
1188	2194300
1189	2195300
1190	2196300
1191	2197300
1192	2198300
1193	2199300
1194	2200300
1195	2201300
1196	2202300
1197	2203300
1198	2204300
1199	2205300
1200	2206300
1201	2207300
1202	2208300
1203	2209300
1204	2210300
1205	2211300
1206	2212300
1207	2213300
1208	2214300
1209	2215300
1210	2216300
1211	2217300
1212	2218300
1213	2219300
1214	2220300
1215	2221300
1216	2222300
1217	2223300
1218	2224300
1219	2225300
1220	2226300
1221	2227300
1222	2228300
1223	2229300
1224	2230300
1225	2231300
1226	2232300
1227	2233300
1228	2234300
1229	2235300
1230	2236300
1231	2237300
1232	2238300
1233	2239300
1234	2240300
1235	2241300
1236	2242300
1237	2243300
1238	2244300
1239	2245300
1240	2246300
1241	2247300
1242	2248300
1243	2249300
1244	2250300
1245	2251300
1246	2252300
1247	2253300
1248	2254300
1249	2255300
1250	2256300
1251	2257300
1252	2258300
1253	2259300
1254	2260300
1255	2261300
1256	2262300
1257	2263300
1258	2264300
1259	2265300
1260	2266300
1261	2267300
1262	2268300
1263	2269300
1264	2270300
1265	2271300
1266	2272300
1267	2273300
1268	2274300
1269	2275300
1270	2276300
1271	2277300
1272	2278300
1273	2279300
1274	2280300
1275	2281300
1276	2282296
1277	2283300
1278	2284300
1279	2285300
1280	2286300
1281	2287296
1282	2288296
1283	2289300
1284	2290296
1285	2291296
1286	2292300
1287	2293300
1288	2294296
1289	2295296
1290	2296300
1291	2297300
1292	2298300
1293	2299300
1294	2300300
1295	2301300
1296	2302300
1297	2303292
1298	2304300
1299	2305300
1300	2306296
1301	2307296
1302	2308300
1303	2309300
1304	2310296
1305	2311296
1306	2312300
1307	2313300
1308	2314300
1309	2315300
1310	2316300
1311	2317300
1312	2318300
1313	2319300
1314	2320300
1315	2321300
1316	2322296
1317	2323300
1318	2324300
1319	2325300
1320	2326296
1321	2327300
1322	2328300
1323	2329300
1324	2330296
1325	2331300
1326	2332300
1327	2333300
1328	2334300
1329	2335300
1330	2336300
1331	2337300
1332	2338300
1333	2339300
1334	2340296
1335	2341300
1336	2342296
1337	2343300
1338	2344296
1339	2345300
1340	2346300
1341	2347300
1342	2348300
1343	2349300
1344	2350300
1345	2351300
1346	2352300
1347	2353300
1348	2354300
1349	2355300
1350	2356296
1351	2357300
1352	2358300
1353	2359300
1354	2360296
1355	2361300
1356	2362300
1357	2363300
1358	2364296
1359	2365300
1360	2366300
1361	2367300
1362	2368300
1363	2369300
1364	2370300
1365	2371300
1366	2372296
1367	2373300
1368	2374300
1369	2375296
1370	2376296
1371	2377300
1372	2378300
1373	2379296
1374	2380296
1375	2381300
1376	2382300
1377	2383300
1378	2384300
1379	2385300
1380	2386300
1381	2387300
1382	2388300
1383	2389300
1384	2390300
1385	2391296
1386	2392296
1387	2393300
1388	2394300
1389	2395296
1390	2396296
1391	2397300
1392	2398300
1393	2399300
1394	2400300
1395	2401300
1396	2402300
1397	2403300
1398	2404300
1399	2405300
1400	2406296
1401	2407296
1402	2408300
1403	2409300
1404	2410296
1405	2411296
1406	2412300
1407	2413300
1408	2414296
1409	2415300
1410	2416300
1411	2417300
1412	2418300
1413	2419300
1414	2420300
1415	2421300
1416	2422300
1417	2423300
1418	2424300
1419	2425300
1420	2426300
1421	2427300
1422	2428300
1423	2429300
1424	2430300
1425	2431300
1426	2432300
1427	2433300
1428	2434300
1429	2435300
1430	2436300
1431	2437300
1432	2438300
1433	2439300
1434	2440300
1435	2441300
1436	2442300
1437	2443300
1438	2444300
1439	2445300
1440	2446300
1441	2447300
1442	2448300
1443	2449300
1444	2450300
1445	2451300
1446	2452300
1447	2453300
1448	2454300
1449	2455300
1450	2456300
1451	2457300
1452	2458300
1453	2459300
1454	2460300
1455	2461300
1456	2462300
1457	2463300
1458	2464300
1459	2465300
1460	2466300
1461	2467300
1462	2468300
1463	2469300
1464	2470300
1465	2471300
1466	2472300
1467	2473300
1468	2474300
1469	2475300
1470	2476300
1471	2477300
1472	2478300
1473	2479300
1474	2480300
1475	2481300
1476	2482300
1477	2483300
1478	2484300
1479	2485300
1480	2486300
1481	2487300
1482	2488300
1483	2489300
1484	2490300
1485	2491300
1486	2492300
1487	2493300
1488	2494300
1489	2495300
1490	2496300
1491	2497300
1492	2498300
1493	2499300
1494	2500300
1495	2501300
1496	2502300
1497	2503300
1498	2504300
1499	2505300
1500	2506300
1501	2507300
1502	2508300
1503	2509300
1504	2510300
1505	2511300
1506	2512300
1507	2513300
1508	2514300
1509	2515300
1510	2516300
1511	2517300
1512	2518300
1513	2519300
1514	2520300
1515	2521300
1516	2522300
1517	2523300
1518	2524300
1519	2525300
1520	2526300
1521	2527300
1522	2528300
1523	2529300
1524	2530300
1525	2531300
1526	2532300
1527	2533300
1528	2534300
1529	2535300
1530	2536300
1531	2537300
1532	2538296
1533	2539300
1534	2540300
1535	2541300
1536	2542300
1537	2543296
1538	2544300
1539	2545300
1540	2546300
1541	2547300
1542	2548300
1543	2549300
1544	2550300
1545	2551300
1546	2552300
1547	2553300
1548	2554300
1549	2555300
1550	2556300
1551	2557300
1552	2558300
1553	2559292
1554	2560300
1555	2561300
1556	2562300
1557	2563300
1558	2564300
1559	2565300
1560	2566300
1561	2567300
1562	2568300
1563	2569300
1564	2570300
1565	2571300
1566	2572300
1567	2573300
1568	2574300
1569	2575300
1570	2576300
1571	2577300
1572	2578300
1573	2579300
1574	2580300
1575	2581300
1576	2582300
1577	2583300
1578	2584300
1579	2585300
1580	2586300
1581	2587300
1582	2588300
1583	2589300
1584	2590300
1585	2591300
1586	2592300
1587	2593300
1588	2594300
1589	2595300
1590	2596300
1591	2597300
1592	2598300
1593	2599300
1594	2600300
1595	2601300
1596	2602300
1597	2603300
1598	2604300
1599	2605300
1600	2606300
1601	2607300
1602	2608300
1603	2609300
1604	2610300
1605	2611300
1606	2612300
1607	2613300
1608	2614300
1609	2615300
1610	2616300
1611	2617300
1612	2618300
1613	2619300
1614	2620300
1615	2621300
1616	2622300
1617	2623300
1618	2624300
1619	2625300
1620	2626300
1621	2627300
1622	2628300
1623	2629300
1624	2630300
1625	2631300
1626	2632300
1627	2633300
1628	2634300
1629	2635300
1630	2636300
1631	2637300
1632	2638300
1633	2639300
1634	2640300
1635	2641300
1636	2642300
1637	2643300
1638	2644300
1639	2645300
1640	2646300
1641	2647300
1642	2648300
1643	2649300
1644	2650300
1645	2651300
1646	2652300
1647	2653300
1648	2654300
1649	2655300
1650	2656300
1651	2657300
1652	2658300
1653	2659300
1654	2660300
1655	2661300
1656	2662300
1657	2663300
1658	2664300
1659	2665300
1660	2666300
1661	2667300
1662	2668300
1663	2669300
1664	2670300
1665	2671300
1666	2672300
1667	2673300
1668	2674300
1669	2675300
1670	2676300
1671	2677300
1672	2678300
1673	2679300
1674	2680300
1675	2681300
1676	2682300
1677	2683300
1678	2684300
1679	2685300
1680	2686300
1681	2687300
1682	2688300
1683	2689300
1684	2690300
1685	2691300
1686	2692300
1687	2693300
1688	2694300
1689	2695300
1690	2696300
1691	2697300
1692	2698300
1693	2699300
1694	2700300
1695	2701300
1696	2702300
1697	2703300
1698	2704300
1699	2705300
1700	2706300
1701	2707300
1702	2708300
1703	2709300
1704	2710300
1705	2711300
1706	2712300
1707	2713300
1708	2714300
1709	2715300
1710	2716300
1711	2717300
1712	2718300
1713	2719300
1714	2720300
1715	2721300
1716	2722300
1717	2723300
1718	2724300
1719	2725300
1720	2726300
1721	2727300
1722	2728300
1723	2729300
1724	2730300
1725	2731300
1726	2732300
1727	2733300
1728	2734300
1729	2735300
1730	2736300
1731	2737300
1732	2738300
1733	2739300
1734	2740300
1735	2741300
1736	2742300
1737	2743300
1738	2744300
1739	2745300
1740	2746300
1741	2747300
1742	2748300
1743	2749300
1744	2750300
1745	2751300
1746	2752300
1747	2753300
1748	2754300
1749	2755300
1750	2756300
1751	2757300
1752	2758300
1753	2759300
1754	2760300
1755	2761300
1756	2762300
1757	2763300
1758	2764300
1759	2765300
1760	2766300
1761	2767300
1762	2768300
1763	2769300
1764	2770300
1765	2771300
1766	2772300
1767	2773300
1768	2774300
1769	2775300
1770	2776300
1771	2777300
1772	2778300
1773	2779300
1774	2780300
1775	2781300
1776	2782300
1777	2783300
1778	2784300
1779	2785300
1780	2786300
1781	2787300
1782	2788300
1783	2789300
1784	2790300
1785	2791300
1786	2792300
1787	2793300
1788	2794296
1789	2795300
1790	2796300
1791	2797300
1792	2798300
1793	2799296
1794	2800300
1795	2801300
1796	2802300
1797	2803300
1798	2804300
1799	2805300
1800	2806300
1801	2807300
1802	2808300
1803	2809300
1804	2810300
1805	2811300
1806	2812300
1807	2813300
1808	2814300
1809	2815292
1810	2816300
1811	2817300
1812	2818300
1813	2819300
1814	2820300
1815	2821300
1816	2822300
1817	2823300
1818	2824300
1819	2825300
1820	2826300
1821	2827300
1822	2828300
1823	2829300
1824	2830300
1825	2831300
1826	2832300
1827	2833300
1828	2834300
1829	2835300
1830	2836300
1831	2837300
1832	2838300
1833	2839300
1834	2840300
1835	2841300
1836	2842300
1837	2843300
1838	2844300
1839	2845300
1840	2846300
1841	2847300
1842	2848300
1843	2849300
1844	2850300
1845	2851300
1846	2852300
1847	2853300
1848	2854300
1849	2855300
1850	2856300
1851	2857300
1852	2858292
1853	2859300
1854	2860300
1855	2861300
1856	2862300
1857	2863300
1858	2864300
1859	2865300
1860	2866300
1861	2867300
1862	2868300
1863	2869300
1864	2870300
1865	2871300
1866	2872300
1867	2873300
1868	2874300
1869	2875300
1870	2876300
1871	2877300
1872	2878300
1873	2879300
1874	2880300
1875	2881300
1876	2882300
1877	2883300
1878	2884300
1879	2885300
1880	2886300
1881	2887300
1882	2888300
1883	2889300
1884	2890300
1885	2891300
1886	2892300
1887	2893300
1888	2894300
1889	2895300
1890	2896300
1891	2897300
1892	2898300
1893	2899300
1894	2900300
1895	2901300
1896	2902300
1897	2903300
1898	2904300
1899	2905300
1900	2906300
1901	2907300
1902	2908300
1903	2909300
1904	2910300
1905	2911300
1906	2912300
1907	2913300
1908	2914300
1909	2915300
1910	2916300
1911	2917300
1912	2918300
1913	2919300
1914	2920300
1915	2921300
1916	2922300
1917	2923300
1918	2924300
1919	2925300
1920	2926300
1921	2927300
1922	2928300
1923	2929300
1924	2930300
1925	2931300
1926	2932300
1927	2933300
1928	2934300
1929	2935300
1930	2936300
1931	2937300
1932	2938300
1933	2939300
1934	2940300
1935	2941300
1936	2942300
1937	2943300
1938	2944300
1939	2945300
1940	2946300
1941	2947300
1942	2948300
1943	2949300
1944	2950300
1945	2951300
1946	2952300
1947	2953300
1948	2954300
1949	2955300
1950	2956300
1951	2957300
1952	2958300
1953	2959300
1954	2960300
1955	2961300
1956	2962300
1957	2963300
1958	2964300
1959	2965300
1960	2966300
1961	2967300
1962	2968300
1963	2969300
1964	2970300
1965	2971300
1966	2972300
1967	2973300
1968	2974300
1969	2975300
1970	2976300
1971	2977300
1972	2978300
1973	2979300
1974	2980300
1975	2981300
1976	2982300
1977	2983300
1978	2984300
1979	2985300
1980	2986300
1981	2987300
1982	2988300
1983	2989300
1984	2990300
1985	2991300
1986	2992300
1987	2993300
1988	2994300
1989	2995300
1990	2996300
1991	2997300
1992	2998300
1993	2999300
1994	3000300
1995	3001300
1996	3002300
1997	3003300
1998	3004300
1999	3005300
2000	3006300
2001	3007300
2002	3008300
2003	3009300
2004	3010300
2005	3011300
2006	3012300
2007	3013300
2008	3014300
2009	3015300
2010	3016300
2011	3017300
2012	3018300
2013	3019300
2014	3020300
2015	3021300
2016	3022300
2017	3023300
2018	3024300
2019	3025300
2020	3026300
2021	3027300
2022	3028300
2023	3029300
2024	3030300
2025	3031300
2026	3032300
2027	3033300
2028	3034300
2029	3035300
2030	3036300
2031	3037300
2032	3038300
2033	3039300
2034	3040300
2035	3041300
2036	3042300
2037	3043300
2038	3044300
2039	3045300
2040	3046300
2041	3047300
2042	3048300
2043	3049300
2044	3050296
2045	3051300
2046	3052300
2047	3053300
2048	3054300
2049	3055296
2050	3056300
2051	3057300
2052	3058300
2053	3059300
2054	3060300
2055	3061300
2056	3062300
2057	3063300
2058	3064300
2059	3065300
2060	3066300
2061	3067300
2062	3068300
2063	3069300
2064	3070300
2065	3071292
2066	3072300
2067	3073300
2068	3074300
2069	3075300
2070	3076300
2071	3077300
2072	3078300
2073	3079300
2074	3080300
2075	3081300
2076	3082300
2077	3083300
2078	3084300
2079	3085300
2080	3086300
2081	3087300
2082	3088300
2083	3089300
2084	3090300
2085	3091300
2086	3092300
2087	3093300
2088	3094300
2089	3095300
2090	3096300
2091	3097300
2092	3098300
2093	3099300
2094	3100300
2095	3101300
2096	3102300
2097	3103300
2098	3104300
2099	3105300
2100	3106300
2101	3107300
2102	3108300
2103	3109300
2104	3110300
2105	3111300
2106	3112300
2107	3113300
2108	3114300
2109	3115300
2110	3116300
2111	3117300
2112	3118300
2113	3119300
2114	3120300
2115	3121300
2116	3122300
2117	3123300
2118	3124300
2119	3125300
2120	3126300
2121	3127300
2122	3128300
2123	3129300
2124	3130300
2125	3131300
2126	3132300
2127	3133300
2128	3134300
2129	3135300
2130	3136300
2131	3137300
2132	3138300
2133	3139300
2134	3140300
2135	3141300
2136	3142300
2137	3143300
2138	3144300
2139	3145300
2140	3146300
2141	3147300
2142	3148300
2143	3149300
2144	3150300
2145	3151300
2146	3152300
2147	3153300
2148	3154300
2149	3155300
2150	3156300
2151	3157300
2152	3158300
2153	3159300
2154	3160300
2155	3161300
2156	3162300
2157	3163300
2158	3164300
2159	3165300
2160	3166300
2161	3167300
2162	3168300
2163	3169300
2164	3170300
2165	3171300
2166	3172300
2167	3173300
2168	3174300
2169	3175300
2170	3176300
2171	3177300
2172	3178300
2173	3179300
2174	3180300
2175	3181300
2176	3182300
2177	3183300
2178	3184300
2179	3185300
2180	3186300
2181	3187300
2182	3188300
2183	3189300
2184	3190300
2185	3191300
2186	3192300
2187	3193300
2188	3194300
2189	3195300
2190	3196300
2191	3197300
2192	3198300
2193	3199300
2194	3200300
2195	3201300
2196	3202300
2197	3203300
2198	3204300
2199	3205300
2200	3206300
2201	3207300
2202	3208300
2203	3209300
2204	3210300
2205	3211300
2206	3212300
2207	3213300
2208	3214300
2209	3215300
2210	3216300
2211	3217300
2212	3218300
2213	3219300
2214	3220300
2215	3221300
2216	3222300
2217	3223300
2218	3224300
2219	3225300
2220	3226300
2221	3227300
2222	3228300
2223	3229300
2224	3230300
2225	3231300
2226	3232300
2227	3233300
2228	3234300
2229	3235300
2230	3236300
2231	3237300
2232	3238300
2233	3239300
2234	3240300
2235	3241300
2236	3242300
2237	3243300
2238	3244300
2239	3245300
2240	3246300
2241	3247300
2242	3248300
2243	3249300
2244	3250300
2245	3251300
2246	3252300
2247	3253300
2248	3254300
2249	3255300
2250	3256300
2251	3257300
2252	3258300
2253	3259300
2254	3260300
2255	3261300
2256	3262300
2257	3263300
2258	3264300
2259	3265300
2260	3266300
2261	3267300
2262	3268300
2263	3269300
2264	3270300
2265	3271300
2266	3272300
2267	3273300
2268	3274300
2269	3275300
2270	3276300
2271	3277300
2272	3278300
2273	3279300
2274	3280300
2275	3281300
2276	3282300
2277	3283300
2278	3284300
2279	3285300
2280	3286300
2281	3287300
2282	3288300
2283	3289300
2284	3290300
2285	3291300
2286	3292300
2287	3293300
2288	3294300
2289	3295300
2290	3296300
2291	3297300
2292	3298300
2293	3299300
2294	3300300
2295	3301300
2296	3302300
2297	3303300
2298	3304300
2299	3305300
2300	3306296
2301	3307300
2302	3308300
2303	3309300
2304	3310300
2305	3311296
2306	3312300
2307	3313300
2308	3314300
2309	3315300
2310	3316300
2311	3317300
2312	3318300
2313	3319300
2314	3320300
2315	3321300
2316	3322300
2317	3323300
2318	3324300
2319	3325300
2320	3326300
2321	3327292
2322	3328300
2323	3329300
2324	3330300
2325	3331300
2326	3332300
2327	3333300
2328	3334300
2329	3335300
2330	3336300
2331	3337300
2332	3338300
2333	3339300
2334	3340300
2335	3341300
2336	3342300
2337	3343300
2338	3344300
2339	3345300
2340	3346300
2341	3347300
2342	3348300
2343	3349300
2344	3350300
2345	3351300
2346	3352300
2347	3353300
2348	3354300
2349	3355300
2350	3356300
2351	3357300
2352	3358300
2353	3359300
2354	3360300
2355	3361300
2356	3362300
2357	3363300
2358	3364300
2359	3365300
2360	3366300
2361	3367300
2362	3368300
2363	3369300
2364	3370300
2365	3371300
2366	3372300
2367	3373300
2368	3374300
2369	3375300
2370	3376300
2371	3377300
2372	3378300
2373	3379300
2374	3380300
2375	3381300
2376	3382300
2377	3383300
2378	3384300
2379	3385300
2380	3386300
2381	3387300
2382	3388300
2383	3389300
2384	3390300
2385	3391300
2386	3392300
2387	3393300
2388	3394300
2389	3395300
2390	3396300
2391	3397300
2392	3398300
2393	3399300
2394	3400300
2395	3401300
2396	3402300
2397	3403300
2398	3404300
2399	3405300
2400	3406300
2401	3407300
2402	3408300
2403	3409300
2404	3410300
2405	3411300
2406	3412300
2407	3413300
2408	3414300
2409	3415300
2410	3416300
2411	3417300
2412	3418300
2413	3419300
2414	3420300
2415	3421300
2416	3422300
2417	3423300
2418	3424300
2419	3425300
2420	3426300
2421	3427300
2422	3428300
2423	3429300
2424	3430300
2425	3431300
2426	3432300
2427	3433300
2428	3434300
2429	3435300
2430	3436300
2431	3437300
2432	3438300
2433	3439300
2434	3440300
2435	3441300
2436	3442300
2437	3443300
2438	3444300
2439	3445300
2440	3446300
2441	3447300
2442	3448300
2443	3449300
2444	3450300
2445	3451300
2446	3452300
2447	3453300
2448	3454300
2449	3455300
2450	3456300
2451	3457300
2452	3458300
2453	3459300
2454	3460300
2455	3461300
2456	3462300
2457	3463300
2458	3464300
2459	3465300
2460	3466300
2461	3467300
2462	3468300
2463	3469300
2464	3470300
2465	3471300
2466	3472300
2467	3473300
2468	3474300
2469	3475300
2470	3476300
2471	3477300
2472	3478300
2473	3479300
2474	3480300
2475	3481300
2476	3482300
2477	3483300
2478	3484300
2479	3485300
2480	3486300
2481	3487300
2482	3488300
2483	3489300
2484	3490300
2485	3491300
2486	3492300
2487	3493300
2488	3494300
2489	3495300
2490	3496300
2491	3497300
2492	3498300
2493	3499300
2494	3500300
2495	3501300
2496	3502300
2497	3503300
2498	3504300
2499	3505300
2500	3506300
2501	3507300
2502	3508300
2503	3509300
2504	3510300
2505	3511300
2506	3512300
2507	3513300
2508	3514300
2509	3515300
2510	3516300
2511	3517300
2512	3518300
2513	3519300
2514	3520300
2515	3521300
2516	3522300
2517	3523300
2518	3524300
2519	3525300
2520	3526300
2521	3527300
2522	3528300
2523	3529300
2524	3530300
2525	3531300
2526	3532300
2527	3533300
2528	3534300
2529	3535300
2530	3536300
2531	3537300
2532	3538300
2533	3539300
2534	3540300
2535	3541300
2536	3542300
2537	3543300
2538	3544300
2539	3545300
2540	3546300
2541	3547300
2542	3548300
2543	3549300
2544	3550300
2545	3551300
2546	3552300
2547	3553300
2548	3554300
2549	3555300
2550	3556300
2551	3557300
2552	3558300
2553	3559300
2554	3560300
2555	3561300
2556	3562296
2557	3563300
2558	3564300
2559	3565300
2560	3566300
2561	3567292
2562	3568300
2563	3569300
2564	3570300
2565	3571300
2566	3572300
2567	3573300
2568	3574300
2569	3575300
2570	3576300
2571	3577300
2572	3578300
2573	3579300
2574	3580300
2575	3581300
2576	3582300
2577	3583292
2578	3584300
2579	3585300
2580	3586300
2581	3587300
2582	3588300
2583	3589300
2584	3590300
2585	3591300
2586	3592300
2587	3593300
2588	3594300
2589	3595300
2590	3596300
2591	3597300
2592	3598300
2593	3599300
2594	3600300
2595	3601300
2596	3602300
2597	3603300
2598	3604300
2599	3605300
2600	3606300
2601	3607300
2602	3608300
2603	3609300
2604	3610300
2605	3611300
2606	3612300
2607	3613300
2608	3614300
2609	3615300
2610	3616300
2611	3617300
2612	3618300
2613	3619300
2614	3620300
2615	3621300
2616	3622300
2617	3623300
2618	3624300
2619	3625300
2620	3626300
2621	3627300
2622	3628300
2623	3629300
2624	3630300
2625	3631300
2626	3632300
2627	3633300
2628	3634300
2629	3635300
2630	3636300
2631	3637300
2632	3638300
2633	3639300
2634	3640300
2635	3641300
2636	3642300
2637	3643300
2638	3644300
2639	3645300
2640	3646300
2641	3647300
2642	3648300
2643	3649300
2644	3650300
2645	3651300
2646	3652300
2647	3653300
2648	3654300
2649	3655300
2650	3656300
2651	3657300
2652	3658300
2653	3659300
2654	3660300
2655	3661300
2656	3662300
2657	3663300
2658	3664300
2659	3665300
2660	3666300
2661	3667300
2662	3668300
2663	3669300
2664	3670300
2665	3671300
2666	3672300
2667	3673300
2668	3674300
2669	3675300
2670	3676300
2671	3677300
2672	3678300
2673	3679300
2674	3680300
2675	3681300
2676	3682300
2677	3683300
2678	3684300
2679	3685300
2680	3686300
2681	3687300
2682	3688300
2683	3689300
2684	3690300
2685	3691300
2686	3692300
2687	3693300
2688	3694300
2689	3695300
2690	3696300
2691	3697300
2692	3698300
2693	3699300
2694	3700300
2695	3701300
2696	3702300
2697	3703300
2698	3704300
2699	3705300
2700	3706300
2701	3707300
2702	3708300
2703	3709300
2704	3710300
2705	3711300
2706	3712300
2707	3713300
2708	3714300
2709	3715300
2710	3716300
2711	3717300
2712	3718300
2713	3719300
2714	3720300
2715	3721300
2716	3722300
2717	3723300
2718	3724300
2719	3725300
2720	3726300
2721	3727300
2722	3728300
2723	3729300
2724	3730300
2725	3731300
2726	3732300
2727	3733300
2728	3734300
2729	3735300
2730	3736300
2731	3737300
2732	3738300
2733	3739300
2734	3740300
2735	3741300
2736	3742300
2737	3743300
2738	3744300
2739	3745300
2740	3746300
2741	3747300
2742	3748300
2743	3749300
2744	3750300
2745	3751300
2746	3752300
2747	3753300
2748	3754300
2749	3755300
2750	3756300
2751	3757300
2752	3758300
2753	3759300
2754	3760300
2755	3761300
2756	3762300
2757	3763300
2758	3764300
2759	3765300
2760	3766300
2761	3767300
2762	3768300
2763	3769300
2764	3770300
2765	3771300
2766	3772300
2767	3773300
2768	3774300
2769	3775300
2770	3776300
2771	3777300
2772	3778300
2773	3779300
2774	3780300
2775	3781300
2776	3782300
2777	3783300
2778	3784300
2779	3785300
2780	3786300
2781	3787300
2782	3788300
2783	3789300
2784	3790300
2785	3791300
2786	3792300
2787	3793300
2788	3794300
2789	3795300
2790	3796300
2791	3797300
2792	3798300
2793	3799300
2794	3800300
2795	3801300
2796	3802300
2797	3803300
2798	3804300
2799	3805300
2800	3806458
2801	3807300
2802	3808300
2803	3809300
2804	3810300
2805	3811300
2806	3812300
2807	3813300
2808	3814300
2809	3815300
2810	3816300
2811	3817300
2812	3818292
2813	3819300
2814	3820300
2815	3821300
2816	3822300
2817	3823296
2818	3824300
2819	3825300
2820	3826300
2821	3827300
2822	3828300
2823	3829300
2824	3830300
2825	3831300
2826	3832300
2827	3833300
2828	3834300
2829	3835300
2830	3836300
2831	3837300
2832	3838300
2833	3839292
2834	3840300
2835	3841300
2836	3842300
2837	3843300
2838	3844300
2839	3845300
2840	3846300
2841	3847300
2842	3848300
2843	3849300
2844	3850300
2845	3851300
2846	3852300
2847	3853300
2848	3854300
2849	3855300
2850	3856300
2851	3857300
2852	3858300
2853	3859300
2854	3860300
2855	3861300
2856	3862300
2857	3863300
2858	3864300
2859	3865300
2860	3866300
2861	3867300
2862	3868300
2863	3869300
2864	3870300
2865	3871300
2866	3872300
2867	3873300
2868	3874300
2869	3875300
2870	3876300
2871	3877300
2872	3878300
2873	3879300
2874	3880300
2875	3881300
2876	3882300
2877	3883300
2878	3884300
2879	3885300
2880	3886300
2881	3887300
2882	3888300
2883	3889300
2884	3890300
2885	3891300
2886	3892300
2887	3893300
2888	3894300
2889	3895300
2890	3896300
2891	3897300
2892	3898300
2893	3899300
2894	3900300
2895	3901300
2896	3902300
2897	3903300
2898	3904300
2899	3905300
2900	3906300
2901	3907300
2902	3908300
2903	3909300
2904	3910300
2905	3911300
2906	3912300
2907	3913300
2908	3914300
2909	3915300
2910	3916300
2911	3917300
2912	3918300
2913	3919300
2914	3920300
2915	3921300
2916	3922300
2917	3923300
2918	3924300
2919	3925300
2920	3926300
2921	3927300
2922	3928300
2923	3929300
2924	3930300
2925	3931300
2926	3932300
2927	3933300
2928	3934300
2929	3935300
2930	3936300
2931	3937300
2932	3938300
2933	3939300
2934	3940300
2935	3941300
2936	3942300
2937	3943300
2938	3944300
2939	3945300
2940	3946300
2941	3947300
2942	3948300
2943	3949300
2944	3950300
2945	3951300
2946	3952300
2947	3953300
2948	3954300
2949	3955300
2950	3956300
2951	3957300
2952	3958300
2953	3959300
2954	3960300
2955	3961300
2956	3962300
2957	3963300
2958	3964300
2959	3965300
2960	3966300
2961	3967300
2962	3968300
2963	3969300
2964	3970300
2965	3971300
2966	3972300
2967	3973300
2968	3974300
2969	3975300
2970	3976300
2971	3977300
2972	3978300
2973	3979300
2974	3980300
2975	3981300
2976	3982300
2977	3983300
2978	3984300
2979	3985300
2980	3986300
2981	3987300
2982	3988300
2983	3989300
2984	3990300
2985	3991300
2986	3992300
2987	3993300
2988	3994300
2989	3995300
2990	3996300
2991	3997300
2992	3998300
2993	3999300
2994	4000300
2995	4001300
2996	4002300
2997	4003300
2998	4004300
2999	4005300
3000	4006300
3001	4007300
3002	4008300
3003	4009300
3004	4010300
3005	4011300
3006	4012300
3007	4013300
3008	4014300
3009	4015300
3010	4016300
3011	4017300
3012	4018300
3013	4019300
3014	4020300
3015	4021300
3016	4022300
3017	4023300
3018	4024300
3019	4025300
3020	4026300
3021	4027300
3022	4028300
3023	4029300
3024	4030300
3025	4031300
3026	4032300
3027	4033300
3028	4034300
3029	4035300
3030	4036300
3031	4037300
3032	4038300
3033	4039300
3034	4040300
3035	4041300
3036	4042300
3037	4043300
3038	4044300
3039	4045300
3040	4046300
3041	4047300
3042	4048300
3043	4049300
3044	4050300
3045	4051300
3046	4052300
3047	4053300
3048	4054300
3049	4055300
3050	4056300
3051	4057300
3052	4058300
3053	4059300
3054	4060300
3055	4061300
3056	4062300
3057	4063300
3058	4064300
3059	4065300
3060	4066300
3061	4067300
3062	4068300
3063	4069300
3064	4070300
3065	4071300
3066	4072300
3067	4073300
3068	4074296
3069	4075300
3070	4076300
3071	4077300
3072	4078300
3073	4079296
3074	4080300
3075	4081300
3076	4082300
3077	4083300
3078	4084300
3079	4085300
3080	4086300
3081	4087300
3082	4088300
3083	4089300
3084	4090300
3085	4091300
3086	4092300
3087	4093300
3088	4094300
3089	4095292
3090	4096300
3091	4097300
3092	4098300
3093	4099300
3094	4100300
3095	4101300
3096	4102300
3097	4103300
3098	4104300
3099	4105300
3100	4106300
3101	4107300
3102	4108300
3103	4109300
3104	4110300
3105	4111300
3106	4112300
3107	4113300
3108	4114300
3109	4115300
3110	4116300
3111	4117300
3112	4118300
3113	4119300
3114	4120300
3115	4121300
3116	4122300
3117	4123300
3118	4124300
3119	4125300
3120	4126300
3121	4127300
3122	4128300
3123	4129300
3124	4130300
3125	4131300
3126	4132300
3127	4133300
3128	4134300
3129	4135300
3130	4136300
3131	4137300
3132	4138300
3133	4139300
3134	4140300
3135	4141300
3136	4142300
3137	4143300
3138	4144300
3139	4145300
3140	4146300
3141	4147300
3142	4148300
3143	4149300
3144	4150300
3145	4151300
3146	4152300
3147	4153300
3148	4154300
3149	4155300
3150	4156300
3151	4157300
3152	4158300
3153	4159300
3154	4160300
3155	4161300
3156	4162300
3157	4163300
3158	4164300
3159	4165300
3160	4166300
3161	4167300
3162	4168300
3163	4169300
3164	4170300
3165	4171300
3166	4172300
3167	4173300
3168	4174300
3169	4175300
3170	4176300
3171	4177300
3172	4178300
3173	4179300
3174	4180300
3175	4181300
3176	4182300
3177	4183300
3178	4184300
3179	4185300
3180	4186300
3181	4187300
3182	4188300
3183	4189300
3184	4190300
3185	4191300
3186	4192300
3187	4193300
3188	4194300
3189	4195300
3190	4196300
3191	4197300
3192	4198300
3193	4199300
3194	4200300
3195	4201300
3196	4202300
3197	4203300
3198	4204300
3199	4205300
3200	4206300
3201	4207300
3202	4208300
3203	4209300
3204	4210300
3205	4211300
3206	4212300
3207	4213300
3208	4214300
3209	4215300
3210	4216300
3211	4217300
3212	4218300
3213	4219300
3214	4220300
3215	4221300
3216	4222300
3217	4223300
3218	4224300
3219	4225300
3220	4226300
3221	4227300
3222	4228300
3223	4229300
3224	4230300
3225	4231300
3226	4232300
3227	4233300
3228	4234300
3229	4235300
3230	4236300
3231	4237300
3232	4238300
3233	4239300
3234	4240300
3235	4241300
3236	4242300
3237	4243300
3238	4244300
3239	4245300
3240	4246300
3241	4247300
3242	4248300
3243	4249300
3244	4250300
3245	4251300
3246	4252300
3247	4253300
3248	4254300
3249	4255300
3250	4256300
3251	4257300
3252	4258300
3253	4259300
3254	4260300
3255	4261300
3256	4262300
3257	4263300
3258	4264300
3259	4265300
3260	4266300
3261	4267300
3262	4268296
3263	4269296
3264	4270292
3265	4271296
3266	4272296
3267	4273296
3268	4274292
3269	4275296
3270	4276292
3271	4277296
3272	4278296
3273	4279296
3274	4280296
3275	4281296
3276	4282296
3277	4283296
3278	4284296
3279	4285300
3280	4286300
3281	4287300
3282	4288300
3283	4289300
3284	4290300
3285	4291300
3286	4292300
3287	4293300
3288	4294300
3289	4295300
3290	4296300
3291	4297300
3292	4298300
3293	4299300
3294	4300300
3295	4301300
3296	4302300
3297	4303300
3298	4304300
3299	4305300
3300	4306300
3301	4307300
3302	4308300
3303	4309300
3304	4310300
3305	4311300
3306	4312300
3307	4313300
3308	4314300
3309	4315300
3310	4316300
3311	4317300
3312	4318300
3313	4319300
3314	4320300
3315	4321300
3316	4322300
3317	4323300
3318	4324300
3319	4325300
3320	4326300
3321	4327300
3322	4328300
3323	4329300
3324	4330300
3325	4331300
3326	4332300
3327	4333300
3328	4334300
3329	4335296
3330	4336296
3331	4337300
3332	4338296
3333	4339296
3334	4340300
3335	4341300
3336	4342296
3337	4343296
3338	4344300
3339	4345300
3340	4346300
3341	4347300
3342	4348300
3343	4349300
3344	4350300
3345	4351292
3346	4352300
3347	4353300
3348	4354296
3349	4355296
3350	4356300
3351	4357300
3352	4358296
3353	4359296
3354	4360300
3355	4361300
3356	4362300
3357	4363300
3358	4364300
3359	4365300
3360	4366300
3361	4367300
3362	4368300
3363	4369300
3364	4370296
3365	4371300
3366	4372300
3367	4373300
3368	4374296
3369	4375300
3370	4376300
3371	4377300
3372	4378300
3373	4379300
3374	4380300
3375	4381300
3376	4382300
3377	4383300
3378	4384300
3379	4385300
3380	4386296
3381	4387300
3382	4388296
3383	4389300
3384	4390296
3385	4391300
3386	4392296
3387	4393300
3388	4394300
3389	4395300
3390	4396300
3391	4397300
3392	4398300
3393	4399300
3394	4400300
3395	4401300
3396	4402300
3397	4403300
3398	4404296
3399	4405300
3400	4406300
3401	4407300
3402	4408296
3403	4409300
3404	4410300
3405	4411300
3406	4412300
3407	4413300
3408	4414300
3409	4415300
3410	4416300
3411	4417300
3412	4418300
3413	4419296
3414	4420296
3415	4421300
3416	4422300
3417	4423296
3418	4424296
3419	4425300
3420	4426300
3421	4427296
3422	4428300
3423	4429300
3424	4430300
3425	4431300
3426	4432300
3427	4433300
3428	4434300
3429	4435300
3430	4436296
3431	4437300
3432	4438300
3433	4439296
3434	4440296
3435	4441300
3436	4442300
3437	4443296
3438	4444296
3439	4445300
3440	4446300
3441	4447300
3442	4448300
3443	4449300
3444	4450300
3445	4451300
3446	4452300
3447	4453300
3448	4454296
3449	4455296
3450	4456300
3451	4457300
3452	4458296
3453	4459296
3454	4460300
3455	4461300
3456	4462300
3457	4463300
3458	4464300
3459	4465300
3460	4466300
3461	4467300
3462	4468300
3463	4469300
3464	4470296
3465	4471296
3466	4472300
3467	4473300
3468	4474296
3469	4475296
3470	4476300
3471	4477300
3472	4478300
3473	4479300
3474	4480300
3475	4481300
3476	4482300
3477	4483300
3478	4484300
3479	4485300
3480	4486300
3481	4487300
3482	4488300
3483	4489300
3484	4490300
3485	4491300
3486	4492300
3487	4493300
3488	4494300
3489	4495300
3490	4496300
3491	4497300
3492	4498300
3493	4499300
3494	4500300
3495	4501300
3496	4502300
3497	4503300
3498	4504300
3499	4505300
3500	4506300
3501	4507300
3502	4508300
3503	4509300
3504	4510300
3505	4511300
3506	4512300
3507	4513300
3508	4514300
3509	4515300
3510	4516300
3511	4517300
3512	4518300
3513	4519300
3514	4520300
3515	4521300
3516	4522300
3517	4523300
3518	4524300
3519	4525300
3520	4526300
3521	4527300
3522	4528300
3523	4529300
3524	4530300
3525	4531300
3526	4532300
3527	4533300
3528	4534300
3529	4535300
3530	4536300
3531	4537300
3532	4538300
3533	4539300
3534	4540300
3535	4541300
3536	4542300
3537	4543300
3538	4544300
3539	4545300
3540	4546300
3541	4547300
3542	4548300
3543	4549300
3544	4550300
3545	4551300
3546	4552300
3547	4553300
3548	4554300
3549	4555300
3550	4556300
3551	4557300
3552	4558300
3553	4559300
3554	4560300
3555	4561300
3556	4562300
3557	4563300
3558	4564300
3559	4565300
3560	4566300
3561	4567300
3562	4568300
3563	4569300
3564	4570300
3565	4571300
3566	4572300
3567	4573300
3568	4574300
3569	4575300
3570	4576300
3571	4577300
3572	4578300
3573	4579300
3574	4580300
3575	4581300
3576	4582300
3577	4583300
3578	4584300
3579	4585300
3580	4586300
3581	4587300
3582	4588300
3583	4589300
3584	4590300
3585	4591296
3586	4592300
3587	4593300
3588	4594296
3589	4595300
3590	4596300
3591	4597300
3592	4598300
3593	4599300
3594	4600300
3595	4601300
3596	4602300
3597	4603300
3598	4604300
3599	4605300
3600	4606296
3601	4607292
3602	4608300
3603	4609300
3604	4610296
3605	4611300
3606	4612300
3607	4613300
3608	4614300
3609	4615300
3610	4616300
3611	4617300
3612	4618300
3613	4619300
3614	4620296
3615	4621300
3616	4622300
3617	4623300
3618	4624296
3619	4625300
3620	4626300
3621	4627300
3622	4628296
3623	4629300
3624	4630300
3625	4631300
3626	4632300
3627	4633300
3628	4634300
3629	4635300
3630	4636300
3631	4637300
3632	4638300
3633	4639300
3634	4640296
3635	4641300
3636	4642300
3637	4643296
3638	4644296
3639	4645300
3640	4646300
3641	4647300
3642	4648300
3643	4649300
3644	4650300
3645	4651300
3646	4652300
3647	4653300
3648	4654300
3649	4655296
3650	4656296
3651	4657300
3652	4658300
3653	4659296
3654	4660296
3655	4661300
3656	4662300
3657	4663300
3658	4664300
3659	4665300
3660	4666300
3661	4667300
3662	4668300
3663	4669300
3664	4670300
3665	4671296
3666	4672296
3667	4673300
3668	4674296
3669	4675296
3670	4676296
3671	4677300
3672	4678296
3673	4679296
3674	4680300
3675	4681300
3676	4682300
3677	4683300
3678	4684300
3679	4685300
3680	4686300
3681	4687296
3682	4688300
3683	4689300
3684	4690296
3685	4691296
3686	4692300
3687	4693300
3688	4694296
3689	4695296
3690	4696300
3691	4697300
3692	4698300
3693	4699300
3694	4700300
3695	4701300
3696	4702300
3697	4703300
3698	4704300
3699	4705300
3700	4706296
3701	4707300
3702	4708300
3703	4709300
3704	4710296
3705	4711300
3706	4712300
3707	4713300
3708	4714300
3709	4715300
3710	4716300
3711	4717300
3712	4718300
3713	4719300
3714	4720300
3715	4721300
3716	4722296
3717	4723300
3718	4724300
3719	4725300
3720	4726296
3721	4727300
3722	4728296
3723	4729300
3724	4730300
3725	4731300
3726	4732300
3727	4733300
3728	4734300
3729	4735300
3730	4736300
3731	4737300
3732	4738300
3733	4739300
3734	4740300
3735	4741300
3736	4742300
3737	4743300
3738	4744300
3739	4745300
3740	4746300
3741	4747300
3742	4748300
3743	4749300
3744	4750300
3745	4751300
3746	4752300
3747	4753300
3748	4754300
3749	4755300
3750	4756300
3751	4757300
3752	4758300
3753	4759300
3754	4760300
3755	4761300
3756	4762300
3757	4763300
3758	4764300
3759	4765300
3760	4766300
3761	4767300
3762	4768300
3763	4769300
3764	4770300
3765	4771300
3766	4772300
3767	4773300
3768	4774300
3769	4775300
3770	4776300
3771	4777300
3772	4778300
3773	4779300
3774	4780300
3775	4781300
3776	4782300
3777	4783300
3778	4784300
3779	4785300
3780	4786300
3781	4787300
3782	4788300
3783	4789300
3784	4790300
3785	4791300
3786	4792300
3787	4793300
3788	4794300
3789	4795300
3790	4796300
3791	4797300
3792	4798300
3793	4799300
3794	4800300
3795	4801300
3796	4802300
3797	4803300
3798	4804300
3799	4805300
3800	4806300
3801	4807300
3802	4808300
3803	4809300
3804	4810300
3805	4811300
3806	4812300
3807	4813300
3808	4814300
3809	4815300
3810	4816300
3811	4817300
3812	4818300
3813	4819300
3814	4820300
3815	4821300
3816	4822300
3817	4823300
3818	4824300
3819	4825300
3820	4826300
3821	4827300
3822	4828300
3823	4829300
3824	4830300
3825	4831300
3826	4832300
3827	4833300
3828	4834300
3829	4835300
3830	4836300
3831	4837300
3832	4838300
3833	4839300
3834	4840300
3835	4841300
3836	4842300
3837	4843300
3838	4844300
3839	4845300
3840	4846300
3841	4847296
3842	4848300
3843	4849300
3844	4850300
3845	4851300
3846	4852300
3847	4853300
3848	4854300
3849	4855300
3850	4856296
3851	4857300
3852	4858300
3853	4859300
3854	4860296
3855	4861300
3856	4862300
3857	4863292
3858	4864296
3859	4865300
3860	4866300
3861	4867300
3862	4868300
3863	4869300
3864	4870300
3865	4871300
3866	4872296
3867	4873300
3868	4874300
3869	4875296
3870	4876296
3871	4877300
3872	4878300
3873	4879296
3874	4880296
3875	4881300
3876	4882300
3877	4883300
3878	4884300
3879	4885300
3880	4886300
3881	4887300
3882	4888300
3883	4889300
3884	4890300
3885	4891296
3886	4892296
3887	4893300
3888	4894300
3889	4895296
3890	4896296
3891	4897300
3892	4898300
3893	4899300
3894	4900300
3895	4901300
3896	4902300
3897	4903300
3898	4904300
3899	4905300
3900	4906296
3901	4907296
3902	4908300
3903	4909300
3904	4910296
3905	4911296
3906	4912300
3907	4913300
3908	4914296
3909	4915300
3910	4916300
3911	4917300
3912	4918300
3913	4919300
3914	4920300
3915	4921300
3916	4922296
3917	4923296
3918	4924300
3919	4925300
3920	4926296
3921	4927296
3922	4928300
3923	4929300
3924	4930296
3925	4931296
3926	4932300
3927	4933300
3928	4934300
3929	4935300
3930	4936300
3931	4937300
3932	4938300
3933	4939300
3934	4940300
3935	4941300
3936	4942296
3937	4943300
3938	4944300
3939	4945300
3940	4946296
3941	4947300
3942	4948300
3943	4949300
3944	4950300
3945	4951300
3946	4952300
3947	4953300
3948	4954300
3949	4955300
3950	4956296
3951	4957300
3952	4958296
3953	4959300
3954	4960296
3955	4961300
3956	4962296
3957	4963300
3958	4964296
3959	4965300
3960	4966300
3961	4967300
3962	4968300
3963	4969300
3964	4970300
3965	4971300
3966	4972300
3967	4973300
3968	4974300
3969	4975300
3970	4976296
3971	4977300
3972	4978300
3973	4979300
3974	4980296
3975	4981300
3976	4982300
3977	4983300
3978	4984300
3979	4985300
3980	4986300
3981	4987300
3982	4988300
3983	4989300
3984	4990300
3985	4991300
3986	4992300
3987	4993300
3988	4994300
3989	4995300
3990	4996300
3991	4997300
3992	4998300
3993	4999300
3994	5000300
3995	5001300
3996	5002300
3997	5003300
3998	5004300
3999	5005300
4000	5006300
4001	5007300
4002	5008300
4003	5009300
4004	5010300
4005	5011300
4006	5012300
4007	5013300
4008	5014300
4009	5015300
4010	5016300
4011	5017300
4012	5018300
4013	5019300
4014	5020300
4015	5021300
4016	5022300
4017	5023300
4018	5024300
4019	5025300
4020	5026300
4021	5027300
4022	5028300
4023	5029300
4024	5030300
4025	5031300
4026	5032300
4027	5033300
4028	5034300
4029	5035300
4030	5036300
4031	5037300
4032	5038300
4033	5039300
4034	5040300
4035	5041300
4036	5042300
4037	5043300
4038	5044300
4039	5045300
4040	5046300
4041	5047300
4042	5048300
4043	5049300
4044	5050300
4045	5051300
4046	5052300
4047	5053300
4048	5054300
4049	5055300
4050	5056300
4051	5057300
4052	5058300
4053	5059300
4054	5060300
4055	5061300
4056	5062300
4057	5063300
4058	5064300
4059	5065300
4060	5066300
4061	5067300
4062	5068300
4063	5069300
4064	5070300
4065	5071300
4066	5072300
4067	5073300
4068	5074300
4069	5075300
4070	5076300
4071	5077300
4072	5078300
4073	5079300
4074	5080300
4075	5081300
4076	5082300
4077	5083300
4078	5084300
4079	5085300
4080	5086300
4081	5087300
4082	5088300
4083	5089300
4084	5090300
4085	5091300
4086	5092300
4087	5093300
4088	5094300
4089	5095300
4090	5096300
4091	5097300
4092	5098300
4093	5099300
4094	5100300
4095	5101300
4096	5102300
4097	5103296
4098	5104300
4099	5105300
4100	5106300
4101	5107296
4102	5108296
4103	5109300
4104	5110300
4105	5111296
4106	5112296
4107	5113300
4108	5114300
4109	5115296
4110	5116300
4111	5117300
4112	5118300
4113	5119292
4114	5120300
4115	5121300
4116	5122300
4117	5123300
4118	5124296
4119	5125300
4120	5126296
4121	5127296
4122	5128296
4123	5129300
4124	5130296
4125	5131296
4126	5132296
4127	5133300
4128	5134300
4129	5135300
4130	5136300
4131	5137300
4132	5138300
4133	5139300
4134	5140300
4135	5141300
4136	5142296
4137	5143296
4138	5144300
4139	5145300
4140	5146296
4141	5147296
4142	5148300
4143	5149300
4144	5150300
4145	5151300
4146	5152300
4147	5153300
4148	5154300
4149	5155300
4150	5156300
4151	5157300
4152	5158296
4153	5159296
4154	5160300
4155	5161300
4156	5162296
4157	5163300
4158	5164300
4159	5165300
4160	5166296
4161	5167300
4162	5168300
4163	5169300
4164	5170300
4165	5171300
4166	5172300
4167	5173300
4168	5174296
4169	5175300
4170	5176300
4171	5177300
4172	5178296
4173	5179300
4174	5180300
4175	5181300
4176	5182296
4177	5183300
4178	5184300
4179	5185300
4180	5186300
4181	5187300
4182	5188300
4183	5189300
4184	5190300
4185	5191300
4186	5192296
4187	5193300
4188	5194300
4189	5195300
4190	5196296
4191	5197300
4192	5198300
4193	5199300
4194	5200300
4195	5201300
4196	5202300
4197	5203300
4198	5204300
4199	5205300
4200	5206300
4201	5207300
4202	5208296
4203	5209300
4204	5210300
4205	5211300
4206	5212296
4207	5213300
4208	5214300
4209	5215296
4210	5216296
4211	5217300
4212	5218300
4213	5219300
4214	5220300
4215	5221300
4216	5222300
4217	5223300
4218	5224296
4219	5225300
4220	5226300
4221	5227296
4222	5228296
4223	5229300
4224	5230300
4225	5231296
4226	5232296
4227	5233300
4228	5234300
4229	5235300
4230	5236300
4231	5237300
4232	5238300
4233	5239300
4234	5240300
4235	5241300
4236	5242296
4237	5243296
4238	5244296
4239	5245300
4240	5246300
4241	5247300
4242	5248300
4243	5249300
4244	5250300
4245	5251300
4246	5252300
4247	5253300
4248	5254300
4249	5255300
4250	5256300
4251	5257300
4252	5258300
4253	5259300
4254	5260300
4255	5261300
4256	5262300
4257	5263300
4258	5264300
4259	5265300
4260	5266300
4261	5267300
4262	5268300
4263	5269300
4264	5270300
4265	5271300
4266	5272300
4267	5273300
4268	5274300
4269	5275300
4270	5276300
4271	5277300
4272	5278300
4273	5279300
4274	5280300
4275	5281300
4276	5282300
4277	5283300
4278	5284300
4279	5285300
4280	5286300
4281	5287300
4282	5288300
4283	5289300
4284	5290300
4285	5291300
4286	5292300
4287	5293300
4288	5294300
4289	5295300
4290	5296300
4291	5297300
4292	5298300
4293	5299300
4294	5300300
4295	5301300
4296	5302300
4297	5303300
4298	5304300
4299	5305300
4300	5306300
4301	5307300
4302	5308300
4303	5309300
4304	5310300
4305	5311300
4306	5312300
4307	5313300
4308	5314300
4309	5315300
4310	5316300
4311	5317300
4312	5318300
4313	5319300
4314	5320300
4315	5321300
4316	5322300
4317	5323300
4318	5324300
4319	5325300
4320	5326300
4321	5327300
4322	5328300
4323	5329300
4324	5330300
4325	5331300
4326	5332300
4327	5333300
4328	5334300
4329	5335300
4330	5336300
4331	5337300
4332	5338300
4333	5339300
4334	5340300
4335	5341300
4336	5342300
4337	5343300
4338	5344300
4339	5345300
4340	5346300
4341	5347300
4342	5348300
4343	5349300
4344	5350300
4345	5351300
4346	5352300
4347	5353300
4348	5354300
4349	5355300
4350	5356300
4351	5357300
4352	5358292
4353	5359296
4354	5360296
4355	5361300
4356	5362296
4357	5363296
4358	5364300
4359	5365300
4360	5366296
4361	5367296
4362	5368300
4363	5369300
4364	5370300
4365	5371300
4366	5372300
4367	5373300
4368	5374300
4369	5375292
4370	5376300
4371	5377300
4372	5378296
4373	5379296
4374	5380300
4375	5381300
4376	5382296
4377	5383296
4378	5384300
4379	5385300
4380	5386300
4381	5387300
4382	5388300
4383	5389300
4384	5390300
4385	5391300
4386	5392300
4387	5393300
4388	5394296
4389	5395300
4390	5396300
4391	5397300
4392	5398296
4393	5399300
4394	5400300
4395	5401300
4396	5402300
4397	5403300
4398	5404300
4399	5405300
4400	5406300
4401	5407300
4402	5408300
4403	5409300
4404	5410296
4405	5411300
4406	5412296
4407	5413300
4408	5414296
4409	5415300
4410	5416296
4411	5417300
4412	5418300
4413	5419300
4414	5420300
4415	5421300
4416	5422300
4417	5423300
4418	5424300
4419	5425300
4420	5426300
4421	5427300
4422	5428296
4423	5429300
4424	5430300
4425	5431300
4426	5432296
4427	5433300
4428	5434300
4429	5435300
4430	5436300
4431	5437300
4432	5438300
4433	5439300
4434	5440300
4435	5441300
4436	5442300
4437	5443296
4438	5444296
4439	5445300
4440	5446300
4441	5447296
4442	5448296
4443	5449300
4444	5450300
4445	5451296
4446	5452300
4447	5453300
4448	5454300
4449	5455300
4450	5456300
4451	5457300
4452	5458300
4453	5459296
4454	5460296
4455	5461300
4456	5462300
4457	5463296
4458	5464296
4459	5465300
4460	5466300
4461	5467296
4462	5468296
4463	5469300
4464	5470300
4465	5471300
4466	5472300
4467	5473300
4468	5474300
4469	5475300
4470	5476300
4471	5477300
4472	5478296
4473	5479296
4474	5480300
4475	5481300
4476	5482296
4477	5483296
4478	5484300
4479	5485300
4480	5486300
4481	5487300
4482	5488300
4483	5489300
4484	5490300
4485	5491300
4486	5492300
4487	5493300
4488	5494296
4489	5495296
4490	5496300
4491	5497300
4492	5498296
4493	5499296
4494	5500300
4495	5501300
4496	5502300
4497	5503300
4498	5504300
4499	5505300
4500	5506300
4501	5507300
4502	5508300
4503	5509300
4504	5510300
4505	5511300
4506	5512300
4507	5513300
4508	5514300
4509	5515300
4510	5516300
4511	5517300
4512	5518300
4513	5519300
4514	5520300
4515	5521300
4516	5522300
4517	5523300
4518	5524300
4519	5525300
4520	5526300
4521	5527300
4522	5528300
4523	5529300
4524	5530300
4525	5531300
4526	5532300
4527	5533300
4528	5534300
4529	5535300
4530	5536300
4531	5537300
4532	5538300
4533	5539300
4534	5540300
4535	5541300
4536	5542300
4537	5543300
4538	5544300
4539	5545300
4540	5546300
4541	5547300
4542	5548300
4543	5549300
4544	5550300
4545	5551300
4546	5552300
4547	5553300
4548	5554300
4549	5555300
4550	5556300
4551	5557300
4552	5558300
4553	5559300
4554	5560300
4555	5561300
4556	5562300
4557	5563300
4558	5564300
4559	5565300
4560	5566300
4561	5567300
4562	5568300
4563	5569300
4564	5570300
4565	5571300
4566	5572300
4567	5573300
4568	5574300
4569	5575300
4570	5576300
4571	5577300
4572	5578300
4573	5579300
4574	5580300
4575	5581300
4576	5582300
4577	5583300
4578	5584300
4579	5585300
4580	5586300
4581	5587300
4582	5588300
4583	5589300
4584	5590300
4585	5591300
4586	5592300
4587	5593300
4588	5594300
4589	5595300
4590	5596300
4591	5597300
4592	5598300
4593	5599300
4594	5600300
4595	5601300
4596	5602300
4597	5603300
4598	5604300
4599	5605300
4600	5606300
4601	5607300
4602	5608300
4603	5609300
4604	5610300
4605	5611300
4606	5612300
4607	5613300
4608	5614300
4609	5615296
4610	5616300
4611	5617300
4612	5618296
4613	5619300
4614	5620300
4615	5621300
4616	5622300
4617	5623300
4618	5624300
4619	5625300
4620	5626300
4621	5627300
4622	5628300
4623	5629300
4624	5630296
4625	5631292
4626	5632300
4627	5633300
4628	5634296
4629	5635300
4630	5636300
4631	5637300
4632	5638300
4633	5639300
4634	5640300
4635	5641300
4636	5642300
4637	5643300
4638	5644296
4639	5645300
4640	5646300
4641	5647300
4642	5648296
4643	5649300
4644	5650300
4645	5651300
4646	5652296
4647	5653300
4648	5654300
4649	5655300
4650	5656300
4651	5657300
4652	5658300
4653	5659300
4654	5660296
4655	5661300
4656	5662300
4657	5663300
4658	5664296
4659	5665300
4660	5666300
4661	5667296
4662	5668296
4663	5669300
4664	5670300
4665	5671300
4666	5672300
4667	5673300
4668	5674300
4669	5675300
4670	5676300
4671	5677300
4672	5678300
4673	5679296
4674	5680296
4675	5681300
4676	5682300
4677	5683296
4678	5684296
4679	5685300
4680	5686300
4681	5687300
4682	5688300
4683	5689300
4684	5690300
4685	5691300
4686	5692300
4687	5693300
4688	5694300
4689	5695296
4690	5696296
4691	5697300
4692	5698296
4693	5699296
4694	5700296
4695	5701300
4696	5702296
4697	5703300
4698	5704300
4699	5705300
4700	5706300
4701	5707300
4702	5708300
4703	5709300
4704	5710300
4705	5711296
4706	5712300
4707	5713300
4708	5714296
4709	5715296
4710	5716300
4711	5717300
4712	5718296
4713	5719296
4714	5720300
4715	5721300
4716	5722300
4717	5723300
4718	5724300
4719	5725300
4720	5726300
4721	5727300
4722	5728300
4723	5729300
4724	5730296
4725	5731300
4726	5732300
4727	5733300
4728	5734296
4729	5735300
4730	5736300
4731	5737300
4732	5738300
4733	5739300
4734	5740300
4735	5741300
4736	5742300
4737	5743300
4738	5744300
4739	5745300
4740	5746296
4741	5747300
4742	5748300
4743	5749300
4744	5750296
4745	5751300
4746	5752296
4747	5753300
4748	5754300
4749	5755300
4750	5756300
4751	5757300
4752	5758300
4753	5759300
4754	5760300
4755	5761300
4756	5762300
4757	5763300
4758	5764300
4759	5765300
4760	5766300
4761	5767300
4762	5768300
4763	5769300
4764	5770300
4765	5771300
4766	5772300
4767	5773300
4768	5774300
4769	5775300
4770	5776300
4771	5777300
4772	5778300
4773	5779300
4774	5780300
4775	5781300
4776	5782300
4777	5783300
4778	5784300
4779	5785300
4780	5786300
4781	5787300
4782	5788300
4783	5789300
4784	5790300
4785	5791300
4786	5792300
4787	5793300
4788	5794300
4789	5795300
4790	5796300
4791	5797300
4792	5798300
4793	5799300
4794	5800300
4795	5801300
4796	5802300
4797	5803300
4798	5804300
4799	5805300
4800	5806300
4801	5807300
4802	5808300
4803	5809300
4804	5810300
4805	5811300
4806	5812300
4807	5813300
4808	5814300
4809	5815300
4810	5816300
4811	5817300
4812	5818300
4813	5819300
4814	5820300
4815	5821300
4816	5822300
4817	5823300
4818	5824300
4819	5825300
4820	5826300
4821	5827300
4822	5828300
4823	5829300
4824	5830300
4825	5831300
4826	5832300
4827	5833300
4828	5834300
4829	5835300
4830	5836300
4831	5837300
4832	5838300
4833	5839300
4834	5840300
4835	5841300
4836	5842300
4837	5843300
4838	5844300
4839	5845300
4840	5846300
4841	5847300
4842	5848300
4843	5849300
4844	5850300
4845	5851300
4846	5852300
4847	5853300
4848	5854300
4849	5855300
4850	5856300
4851	5857300
4852	5858300
4853	5859300
4854	5860300
4855	5861300
4856	5862300
4857	5863300
4858	5864300
4859	5865300
4860	5866300
4861	5867300
4862	5868300
4863	5869300
4864	5870300
4865	5871296
4866	5872300
4867	5873300
4868	5874300
4869	5875300
4870	5876300
4871	5877300
4872	5878300
4873	5879300
4874	5880296
4875	5881300
4876	5882300
4877	5883300
4878	5884296
4879	5885300
4880	5886300
4881	5887292
4882	5888300
4883	5889300
4884	5890300
4885	5891300
4886	5892300
4887	5893300
4888	5894300
4889	5895296
4890	5896296
4891	5897300
4892	5898300
4893	5899296
4894	5900296
4895	5901300
4896	5902300
4897	5903296
4898	5904296
4899	5905300
4900	5906300
4901	5907300
4902	5908300
4903	5909300
4904	5910300
4905	5911300
4906	5912296
4907	5913300
4908	5914300
4909	5915296
4910	5916296
4911	5917300
4912	5918300
4913	5919296
4914	5920296
4915	5921300
4916	5922300
4917	5923300
4918	5924300
4919	5925300
4920	5926300
4921	5927300
4922	5928300
4923	5929300
4924	5930296
4925	5931296
4926	5932300
4927	5933300
4928	5934296
4929	5935296
4930	5936300
4931	5937300
4932	5938300
4933	5939300
4934	5940300
4935	5941300
4936	5942300
4937	5943300
4938	5944300
4939	5945300
4940	5946296
4941	5947296
4942	5948300
4943	5949300
4944	5950296
4945	5951296
4946	5952300
4947	5953300
4948	5954296
4949	5955300
4950	5956300
4951	5957300
4952	5958300
4953	5959300
4954	5960300
4955	5961300
4956	5962296
4957	5963300
4958	5964300
4959	5965300
4960	5966296
4961	5967300
4962	5968300
4963	5969300
4964	5970296
4965	5971300
4966	5972300
4967	5973300
4968	5974300
4969	5975300
4970	5976300
4971	5977300
4972	5978300
4973	5979300
4974	5980296
4975	5981300
4976	5982296
4977	5983300
4978	5984296
4979	5985300
4980	5986296
4981	5987300
4982	5988296
4983	5989300
4984	5990300
4985	5991300
4986	5992300
4987	5993300
4988	5994300
4989	5995300
4990	5996296
4991	5997300
4992	5998300
4993	5999300
4994	6000296
4995	6001300
4996	6002300
4997	6003300
4998	6004296
4999	6005300
5000	6006300
5001	6007300
5002	6008300
5003	6009300
5004	6010300
5005	6011300
5006	6012300
5007	6013300
5008	6014300
5009	6015300
5010	6016300
5011	6017300
5012	6018300
5013	6019300
5014	6020300
5015	6021300
5016	6022300
5017	6023300
5018	6024300
5019	6025300
5020	6026300
5021	6027300
5022	6028300
5023	6029300
5024	6030300
5025	6031300
5026	6032300
5027	6033300
5028	6034300
5029	6035300
5030	6036300
5031	6037300
5032	6038300
5033	6039300
5034	6040300
5035	6041300
5036	6042300
5037	6043300
5038	6044300
5039	6045300
5040	6046300
5041	6047300
5042	6048300
5043	6049300
5044	6050300
5045	6051300
5046	6052300
5047	6053300
5048	6054300
5049	6055300
5050	6056300
5051	6057300
5052	6058300
5053	6059300
5054	6060300
5055	6061300
5056	6062300
5057	6063300
5058	6064300
5059	6065300
5060	6066300
5061	6067300
5062	6068300
5063	6069300
5064	6070300
5065	6071300
5066	6072300
5067	6073300
5068	6074300
5069	6075300
5070	6076300
5071	6077300
5072	6078300
5073	6079300
5074	6080300
5075	6081300
5076	6082300
5077	6083300
5078	6084300
5079	6085300
5080	6086300
5081	6087300
5082	6088300
5083	6089300
5084	6090300
5085	6091300
5086	6092300
5087	6093300
5088	6094300
5089	6095300
5090	6096300
5091	6097300
5092	6098300
5093	6099300
5094	6100300
5095	6101300
5096	6102300
5097	6103300
5098	6104300
5099	6105300
5100	6106300
5101	6107300
5102	6108300
5103	6109300
5104	6110300
5105	6111300
5106	6112300
5107	6113300
5108	6114300
5109	6115300
5110	6116300
5111	6117300
5112	6118300
5113	6119300
5114	6120300
5115	6121300
5116	6122300
5117	6123300
5118	6124300
5119	6125300
5120	6126300
5121	6127296
5122	6128300
5123	6129300
5124	6130300
5125	6131296
5126	6132296
5127	6133300
5128	6134300
5129	6135296
5130	6136296
5131	6137300
5132	6138300
5133	6139296
5134	6140300
5135	6141300
5136	6142300
5137	6143292
5138	6144300
5139	6145300
5140	6146300
5141	6147296
5142	6148296
5143	6149300
5144	6150296
5145	6151296
5146	6152296
5147	6153300
5148	6154296
5149	6155296
5150	6156300
5151	6157300
5152	6158300
5153	6159300
5154	6160300
5155	6161300
5156	6162300
5157	6163300
5158	6164300
5159	6165300
5160	6166296
5161	6167296
5162	6168300
5163	6169300
5164	6170296
5165	6171296
5166	6172300
5167	6173300
5168	6174300
5169	6175300
5170	6176300
5171	6177300
5172	6178300
5173	6179300
5174	6180300
5175	6181300
5176	6182296
5177	6183296
5178	6184300
5179	6185300
5180	6186296
5181	6187300
5182	6188300
5183	6189300
5184	6190300
5185	6191300
5186	6192300
5187	6193300
5188	6194300
5189	6195300
5190	6196300
5191	6197300
5192	6198296
5193	6199300
5194	6200300
5195	6201300
5196	6202296
5197	6203300
5198	6204300
5199	6205300
5200	6206296
5201	6207300
5202	6208300
5203	6209300
5204	6210300
5205	6211300
5206	6212300
5207	6213300
5208	6214300
5209	6215300
5210	6216296
5211	6217300
5212	6218300
5213	6219300
5214	6220296
5215	6221300
5216	6222300
5217	6223300
5218	6224300
5219	6225300
5220	6226300
5221	6227300
5222	6228300
5223	6229300
5224	6230300
5225	6231300
5226	6232296
5227	6233300
5228	6234300
5229	6235300
5230	6236296
5231	6237300
5232	6238300
5233	6239296
5234	6240300
5235	6241300
5236	6242300
5237	6243300
5238	6244300
5239	6245300
5240	6246300
5241	6247300
5242	6248296
5243	6249300
5244	6250300
5245	6251296
5246	6252296
5247	6253300
5248	6254300
5249	6255296
5250	6256296
5251	6257300
5252	6258300
5253	6259300
5254	6260300
5255	6261300
5256	6262300
5257	6263300
5258	6264296
5259	6265300
5260	6266296
5261	6267296
5262	6268296
5263	6269300
5264	6270300
5265	6271300
5266	6272300
5267	6273300
5268	6274300
5269	6275300
5270	6276300
5271	6277300
5272	6278300
5273	6279300
5274	6280300
5275	6281300
5276	6282300
5277	6283300
5278	6284300
5279	6285300
5280	6286300
5281	6287300
5282	6288300
5283	6289300
5284	6290300
5285	6291300
5286	6292300
5287	6293300
5288	6294300
5289	6295300
5290	6296300
5291	6297300
5292	6298300
5293	6299300
5294	6300300
5295	6301300
5296	6302300
5297	6303300
5298	6304300
5299	6305300
5300	6306300
5301	6307300
5302	6308300
5303	6309300
5304	6310300
5305	6311300
5306	6312300
5307	6313300
5308	6314300
5309	6315300
5310	6316300
5311	6317300
5312	6318300
5313	6319300
5314	6320300
5315	6321300
5316	6322300
5317	6323300
5318	6324300
5319	6325300
5320	6326300
5321	6327300
5322	6328300
5323	6329300
5324	6330300
5325	6331300
5326	6332300
5327	6333300
5328	6334300
5329	6335300
5330	6336300
5331	6337300
5332	6338300
5333	6339300
5334	6340300
5335	6341300
5336	6342300
5337	6343300
5338	6344300
5339	6345300
5340	6346300
5341	6347300
5342	6348300
5343	6349300
5344	6350300
5345	6351300
5346	6352300
5347	6353300
5348	6354300
5349	6355300
5350	6356300
5351	6357300
5352	6358300
5353	6359300
5354	6360300
5355	6361300
5356	6362300
5357	6363300
5358	6364300
5359	6365300
5360	6366300
5361	6367300
5362	6368300
5363	6369300
5364	6370300
5365	6371300
5366	6372300
5367	6373300
5368	6374300
5369	6375300
5370	6376300
5371	6377300
5372	6378300
5373	6379300
5374	6380300
5375	6381300
5376	6382300
5377	6383296
5378	6384296
5379	6385300
5380	6386296
5381	6387296
5382	6388300
5383	6389300
5384	6390296
5385	6391300
5386	6392300
5387	6393300
5388	6394300
5389	6395300
5390	6396300
5391	6397300
5392	6398300
5393	6399292
5394	6400300
5395	6401300
5396	6402296
5397	6403296
5398	6404300
5399	6405300
5400	6406296
5401	6407296
5402	6408300
5403	6409300
5404	6410300
5405	6411300
5406	6412300
5407	6413300
5408	6414300
5409	6415300
5410	6416300
5411	6417300
5412	6418296
5413	6419300
5414	6420300
5415	6421300
5416	6422296
5417	6423300
5418	6424300
5419	6425300
5420	6426300
5421	6427300
5422	6428300
5423	6429300
5424	6430300
5425	6431300
5426	6432300
5427	6433300
5428	6434296
5429	6435300
5430	6436296
5431	6437300
5432	6438296
5433	6439300
5434	6440296
5435	6441300
5436	6442300
5437	6443300
5438	6444300
5439	6445300
5440	6446300
5441	6447300
5442	6448300
5443	6449300
5444	6450300
5445	6451300
5446	6452296
5447	6453300
5448	6454300
5449	6455300
5450	6456296
5451	6457300
5452	6458300
5453	6459300
5454	6460300
5455	6461300
5456	6462300
5457	6463300
5458	6464300
5459	6465300
5460	6466300
5461	6467296
5462	6468296
5463	6469300
5464	6470300
5465	6471296
5466	6472296
5467	6473300
5468	6474300
5469	6475300
5470	6476300
5471	6477300
5472	6478300
5473	6479300
5474	6480300
5475	6481300
5476	6482300
5477	6483296
5478	6484296
5479	6485300
5480	6486300
5481	6487296
5482	6488296
5483	6489300
5484	6490300
5485	6491296
5486	6492300
5487	6493300
5488	6494300
5489	6495300
5490	6496300
5491	6497300
5492	6498300
5493	6499296
5494	6500300
5495	6501300
5496	6502296
5497	6503296
5498	6504300
5499	6505300
5500	6506296
5501	6507296
5502	6508300
5503	6509300
5504	6510300
5505	6511300
5506	6512300
5507	6513300
5508	6514300
5509	6515300
5510	6516300
5511	6517300
5512	6518296
5513	6519296
5514	6520300
5515	6521300
5516	6522296
5517	6523296
5518	6524300
5519	6525300
5520	6526300
5521	6527300
5522	6528300
5523	6529300
5524	6530300
5525	6531300
5526	6532300
5527	6533300
5528	6534300
5529	6535300
5530	6536300
5531	6537300
5532	6538300
5533	6539300
5534	6540300
5535	6541300
5536	6542300
5537	6543300
5538	6544300
5539	6545300
5540	6546300
5541	6547300
5542	6548300
5543	6549300
5544	6550300
5545	6551300
5546	6552300
5547	6553300
5548	6554300
5549	6555300
5550	6556300
5551	6557300
5552	6558300
5553	6559300
5554	6560300
5555	6561300
5556	6562300
5557	6563300
5558	6564300
5559	6565300
5560	6566300
5561	6567300
5562	6568300
5563	6569300
5564	6570300
5565	6571300
5566	6572300
5567	6573300
5568	6574300
5569	6575300
5570	6576300
5571	6577300
5572	6578300
5573	6579300
5574	6580300
5575	6581300
5576	6582300
5577	6583300
5578	6584300
5579	6585300
5580	6586300
5581	6587300
5582	6588300
5583	6589300
5584	6590300
5585	6591300
5586	6592300
5587	6593300
5588	6594300
5589	6595300
5590	6596300
5591	6597300
5592	6598300
5593	6599300
5594	6600300
5595	6601300
5596	6602300
5597	6603300
5598	6604300
5599	6605300
5600	6606300
5601	6607300
5602	6608300
5603	6609300
5604	6610300
5605	6611300
5606	6612300
5607	6613300
5608	6614300
5609	6615300
5610	6616300
5611	6617300
5612	6618300
5613	6619300
5614	6620300
5615	6621300
5616	6622300
5617	6623300
5618	6624300
5619	6625300
5620	6626300
5621	6627300
5622	6628300
5623	6629300
5624	6630300
5625	6631300
5626	6632300
5627	6633300
5628	6634300
5629	6635300
5630	6636300
5631	6637300
5632	6638300
5633	6639296
5634	6640300
5635	6641300
5636	6642296
5637	6643300
5638	6644300
5639	6645300
5640	6646300
5641	6647300
5642	6648300
5643	6649300
5644	6650296
5645	6651300
5646	6652300
5647	6653300
5648	6654296
5649	6655292
5650	6656300
5651	6657300
5652	6658296
5653	6659300
5654	6660300
5655	6661300
5656	6662300
5657	6663300
5658	6664300
5659	6665300
5660	6666300
5661	6667300
5662	6668296
5663	6669300
5664	6670300
5665	6671300
5666	6672296
5667	6673300
5668	6674300
5669	6675300
5670	6676300
5671	6677300
5672	6678300
5673	6679300
5674	6680300
5675	6681300
5676	6682300
5677	6683300
5678	6684296
5679	6685300
5680	6686300
5681	6687300
5682	6688296
5683	6689300
5684	6690300
5685	6691296
5686	6692296
5687	6693300
5688	6694300
5689	6695300
5690	6696300
5691	6697300
5692	6698300
5693	6699300
5694	6700300
5695	6701300
5696	6702300
5697	6703296
5698	6704296
5699	6705300
5700	6706300
5701	6707296
5702	6708296
5703	6709300
5704	6710300
5705	6711300
5706	6712300
5707	6713300
5708	6714300
5709	6715300
5710	6716300
5711	6717300
5712	6718300
5713	6719300
5714	6720300
5715	6721300
5716	6722300
5717	6723300
5718	6724300
5719	6725300
5720	6726300
5721	6727300
5722	6728300
5723	6729300
5724	6730300
5725	6731300
5726	6732300
5727	6733300
5728	6734300
5729	6735300
5730	6736300
5731	6737300
5732	6738300
5733	6739300
5734	6740300
5735	6741300
5736	6742300
5737	6743300
5738	6744300
5739	6745300
5740	6746300
5741	6747300
5742	6748300
5743	6749300
5744	6750300
5745	6751300
5746	6752300
5747	6753300
5748	6754300
5749	6755300
5750	6756300
5751	6757300
5752	6758300
5753	6759300
5754	6760300
5755	6761300
5756	6762300
5757	6763300
5758	6764300
5759	6765300
5760	6766300
5761	6767300
5762	6768300
5763	6769300
5764	6770300
5765	6771300
5766	6772300
5767	6773300
5768	6774300
5769	6775300
5770	6776300
5771	6777300
5772	6778300
5773	6779300
5774	6780300
5775	6781300
5776	6782300
5777	6783300
5778	6784300
5779	6785300
5780	6786300
5781	6787300
5782	6788300
5783	6789300
5784	6790300
5785	6791300
5786	6792300
5787	6793300
5788	6794300
5789	6795300
5790	6796300
5791	6797300
5792	6798300
5793	6799300
5794	6800300
5795	6801300
5796	6802300
5797	6803300
5798	6804300
5799	6805300
5800	6806300
5801	6807300
5802	6808300
5803	6809300
5804	6810300
5805	6811300
5806	6812300
5807	6813300
5808	6814300
5809	6815300
5810	6816300
5811	6817300
5812	6818300
5813	6819300
5814	6820300
5815	6821300
5816	6822300
5817	6823300
5818	6824300
5819	6825300
5820	6826300
5821	6827300
5822	6828300
5823	6829300
5824	6830300
5825	6831300
5826	6832300
5827	6833300
5828	6834300
5829	6835300
5830	6836300
5831	6837300
5832	6838300
5833	6839300
5834	6840300
5835	6841300
5836	6842300
5837	6843300
5838	6844300
5839	6845300
5840	6846300
5841	6847300
5842	6848300
5843	6849300
5844	6850300
5845	6851300
5846	6852300
5847	6853300
5848	6854300
5849	6855300
5850	6856300
5851	6857300
5852	6858300
5853	6859300
5854	6860300
5855	6861300
5856	6862300
5857	6863300
5858	6864300
5859	6865300
5860	6866300
5861	6867300
5862	6868300
5863	6869300
5864	6870300
5865	6871300
5866	6872300
5867	6873300
5868	6874300
5869	6875300
5870	6876300
5871	6877300
5872	6878300
5873	6879300
5874	6880300
5875	6881300
5876	6882300
5877	6883300
5878	6884300
5879	6885300
5880	6886300
5881	6887300
5882	6888300
5883	6889300
5884	6890300
5885	6891300
5886	6892300
5887	6893300
5888	6894300
5889	6895300
5890	6896300
5891	6897300
5892	6898300
5893	6899300
5894	6900300
5895	6901300
5896	6902300
5897	6903300
5898	6904300
5899	6905300
5900	6906300
5901	6907300
5902	6908300
5903	6909300
5904	6910300
5905	6911292
5906	6912300
5907	6913300
5908	6914300
5909	6915300
5910	6916300
5911	6917300
5912	6918300
5913	6919300
5914	6920300
5915	6921300
5916	6922300
5917	6923300
5918	6924300
5919	6925300
5920	6926300
5921	6927300
5922	6928300
5923	6929300
5924	6930300
5925	6931300
5926	6932300
5927	6933300
5928	6934300
5929	6935300
5930	6936300
5931	6937300
5932	6938300
5933	6939300
5934	6940300
5935	6941300
5936	6942300
5937	6943300
5938	6944300
5939	6945300
5940	6946300
5941	6947300
5942	6948300
5943	6949300
5944	6950300
5945	6951300
5946	6952300
5947	6953300
5948	6954300
5949	6955300
5950	6956300
5951	6957300
5952	6958300
5953	6959300
5954	6960300
5955	6961300
5956	6962300
5957	6963300
5958	6964300
5959	6965300
5960	6966300
5961	6967300
5962	6968300
5963	6969300
5964	6970300
5965	6971300
5966	6972300
5967	6973300
5968	6974300
5969	6975300
5970	6976300
5971	6977300
5972	6978300
5973	6979300
5974	6980300
5975	6981300
5976	6982300
5977	6983300
5978	6984300
5979	6985300
5980	6986300
5981	6987300
5982	6988300
5983	6989300
5984	6990300
5985	6991300
5986	6992300
5987	6993300
5988	6994300
5989	6995300
5990	6996300
5991	6997300
5992	6998300
5993	6999300
5994	7000300
5995	7001300
5996	7002300
5997	7003300
5998	7004300
5999	7005300
6000	7006300
6001	7007300
6002	7008300
6003	7009300
6004	7010300
6005	7011300
6006	7012300
6007	7013300
6008	7014300
6009	7015300
6010	7016300
6011	7017300
6012	7018300
6013	7019300
6014	7020300
6015	7021300
6016	7022300
6017	7023300
6018	7024300
6019	7025300
6020	7026300
6021	7027300
6022	7028300
6023	7029300
6024	7030300
6025	7031300
6026	7032300
6027	7033300
6028	7034300
6029	7035300
6030	7036300
6031	7037300
6032	7038300
6033	7039300
6034	7040300
6035	7041300
6036	7042300
6037	7043300
6038	7044300
6039	7045300
6040	7046300
6041	7047300
6042	7048300
6043	7049300
6044	7050300
6045	7051300
6046	7052300
6047	7053300
6048	7054300
6049	7055300
6050	7056300
6051	7057300
6052	7058300
6053	7059300
6054	7060300
6055	7061300
6056	7062300
6057	7063300
6058	7064300
6059	7065300
6060	7066300
6061	7067300
6062	7068300
6063	7069300
6064	7070300
6065	7071300
6066	7072300
6067	7073300
6068	7074300
6069	7075300
6070	7076300
6071	7077300
6072	7078300
6073	7079300
6074	7080300
6075	7081300
6076	7082300
6077	7083300
6078	7084300
6079	7085300
6080	7086300
6081	7087300
6082	7088300
6083	7089300
6084	7090300
6085	7091300
6086	7092300
6087	7093300
6088	7094300
6089	7095300
6090	7096300
6091	7097300
6092	7098300
6093	7099300
6094	7100300
6095	7101300
6096	7102300
6097	7103300
6098	7104300
6099	7105300
6100	7106300
6101	7107300
6102	7108300
6103	7109300
6104	7110300
6105	7111300
6106	7112300
6107	7113300
6108	7114300
6109	7115300
6110	7116300
6111	7117300
6112	7118300
6113	7119300
6114	7120300
6115	7121300
6116	7122300
6117	7123300
6118	7124300
6119	7125300
6120	7126300
6121	7127300
6122	7128300
6123	7129300
6124	7130300
6125	7131300
6126	7132300
6127	7133300
6128	7134300
6129	7135300
6130	7136300
6131	7137300
6132	7138300
6133	7139300
6134	7140300
6135	7141300
6136	7142300
6137	7143300
6138	7144300
6139	7145300
6140	7146300
6141	7147300
6142	7148300
6143	7149300
6144	7150300
6145	7151296
6146	7152300
6147	7153300
6148	7154300
6149	7155300
6150	7156300
6151	7157300
6152	7158300
6153	7159300
6154	7160300
6155	7161300
6156	7162300
6157	7163300
6158	7164300
6159	7165300
6160	7166300
6161	7167292
6162	7168300
6163	7169300
6164	7170300
6165	7171300
6166	7172300
6167	7173300
6168	7174300
6169	7175300
6170	7176300
6171	7177300
6172	7178300
6173	7179300
6174	7180300
6175	7181300
6176	7182300
6177	7183300
6178	7184300
6179	7185300
6180	7186300
6181	7187300
6182	7188300
6183	7189300
6184	7190300
6185	7191300
6186	7192300
6187	7193300
6188	7194300
6189	7195300
6190	7196300
6191	7197300
6192	7198300
6193	7199300
6194	7200300
6195	7201300
6196	7202300
6197	7203300
6198	7204300
6199	7205300
6200	7206300
6201	7207300
6202	7208300
6203	7209300
6204	7210300
6205	7211300
6206	7212300
6207	7213300
6208	7214300
6209	7215300
6210	7216300
6211	7217300
6212	7218300
6213	7219300
6214	7220300
6215	7221300
6216	7222300
6217	7223300
6218	7224300
6219	7225300
6220	7226300
6221	7227300
6222	7228300
6223	7229300
6224	7230300
6225	7231300
6226	7232300
6227	7233300
6228	7234300
6229	7235300
6230	7236300
6231	7237300
6232	7238300
6233	7239300
6234	7240300
6235	7241300
6236	7242300
6237	7243300
6238	7244300
6239	7245300
6240	7246300
6241	7247300
6242	7248300
6243	7249300
6244	7250300
6245	7251300
6246	7252300
6247	7253300
6248	7254300
6249	7255300
6250	7256300
6251	7257300
6252	7258300
6253	7259300
6254	7260300
6255	7261300
6256	7262300
6257	7263300
6258	7264300
6259	7265300
6260	7266300
6261	7267300
6262	7268300
6263	7269300
6264	7270300
6265	7271300
6266	7272300
6267	7273300
6268	7274300
6269	7275300
6270	7276300
6271	7277300
6272	7278300
6273	7279300
6274	7280300
6275	7281300
6276	7282300
6277	7283300
6278	7284300
6279	7285300
6280	7286300
6281	7287300
6282	7288300
6283	7289300
6284	7290300
6285	7291300
6286	7292300
6287	7293300
6288	7294300
6289	7295300
6290	7296300
6291	7297300
6292	7298300
6293	7299300
6294	7300300
6295	7301300
6296	7302300
6297	7303300
6298	7304300
6299	7305300
6300	7306300
6301	7307300
6302	7308300
6303	7309300
6304	7310300
6305	7311300
6306	7312300
6307	7313300
6308	7314300
6309	7315300
6310	7316300
6311	7317300
6312	7318300
6313	7319300
6314	7320300
6315	7321300
6316	7322300
6317	7323300
6318	7324300
6319	7325300
6320	7326300
6321	7327300
6322	7328300
6323	7329300
6324	7330300
6325	7331300
6326	7332300
6327	7333300
6328	7334300
6329	7335300
6330	7336300
6331	7337300
6332	7338300
6333	7339300
6334	7340300
6335	7341300
6336	7342300
6337	7343300
6338	7344300
6339	7345300
6340	7346300
6341	7347300
6342	7348300
6343	7349300
6344	7350300
6345	7351300
6346	7352300
6347	7353300
6348	7354300
6349	7355300
6350	7356300
6351	7357300
6352	7358300
6353	7359300
6354	7360300
6355	7361300
6356	7362300
6357	7363300
6358	7364300
6359	7365300
6360	7366300
6361	7367300
6362	7368300
6363	7369300
6364	7370300
6365	7371300
6366	7372300
6367	7373300
6368	7374300
6369	7375300
6370	7376300
6371	7377300
6372	7378300
6373	7379300
6374	7380300
6375	7381300
6376	7382300
6377	7383300
6378	7384300
6379	7385300
6380	7386300
6381	7387300
6382	7388300
6383	7389300
6384	7390300
6385	7391300
6386	7392300
6387	7393300
6388	7394300
6389	7395300
6390	7396300
6391	7397300
6392	7398300
6393	7399300
6394	7400300
6395	7401300
6396	7402300
6397	7403300
6398	7404300
6399	7405300
6400	7406300
6401	7407296
6402	7408300
6403	7409300
6404	7410300
6405	7411300
6406	7412300
6407	7413300
6408	7414300
6409	7415300
6410	7416300
6411	7417300
6412	7418300
6413	7419300
6414	7420300
6415	7421300
6416	7422300
6417	7423292
6418	7424300
6419	7425300
6420	7426300
6421	7427300
6422	7428300
6423	7429300
6424	7430300
6425	7431300
6426	7432300
6427	7433300
6428	7434300
6429	7435300
6430	7436300
6431	7437300
6432	7438300
6433	7439300
6434	7440300
6435	7441300
6436	7442300
6437	7443300
6438	7444300
6439	7445300
6440	7446300
6441	7447300
6442	7448300
6443	7449300
6444	7450300
6445	7451300
6446	7452300
6447	7453300
6448	7454300
6449	7455300
6450	7456300
6451	7457300
6452	7458300
6453	7459300
6454	7460300
6455	7461300
6456	7462300
6457	7463300
6458	7464300
6459	7465300
6460	7466300
6461	7467300
6462	7468300
6463	7469300
6464	7470300
6465	7471300
6466	7472300
6467	7473300
6468	7474300
6469	7475300
6470	7476300
6471	7477300
6472	7478300
6473	7479300
6474	7480300
6475	7481300
6476	7482300
6477	7483300
6478	7484300
6479	7485300
6480	7486300
6481	7487300
6482	7488300
6483	7489300
6484	7490300
6485	7491300
6486	7492300
6487	7493300
6488	7494300
6489	7495300
6490	7496300
6491	7497300
6492	7498300
6493	7499300
6494	7500300
6495	7501300
6496	7502300
6497	7503300
6498	7504300
6499	7505300
6500	7506300
6501	7507300
6502	7508300
6503	7509300
6504	7510300
6505	7511300
6506	7512300
6507	7513300
6508	7514300
6509	7515300
6510	7516300
6511	7517300
6512	7518300
6513	7519300
6514	7520300
6515	7521300
6516	7522300
6517	7523300
6518	7524300
6519	7525300
6520	7526300
6521	7527300
6522	7528300
6523	7529300
6524	7530300
6525	7531300
6526	7532300
6527	7533300
6528	7534300
6529	7535300
6530	7536300
6531	7537300
6532	7538300
6533	7539300
6534	7540300
6535	7541300
6536	7542300
6537	7543300
6538	7544300
6539	7545300
6540	7546300
6541	7547300
6542	7548300
6543	7549300
6544	7550300
6545	7551300
6546	7552300
6547	7553300
6548	7554300
6549	7555300
6550	7556300
6551	7557300
6552	7558300
6553	7559300
6554	7560300
6555	7561300
6556	7562300
6557	7563300
6558	7564300
6559	7565300
6560	7566300
6561	7567300
6562	7568300
6563	7569300
6564	7570300
6565	7571300
6566	7572300
6567	7573300
6568	7574300
6569	7575300
6570	7576300
6571	7577300
6572	7578300
6573	7579300
6574	7580300
6575	7581300
6576	7582300
6577	7583300
6578	7584300
6579	7585300
6580	7586300
6581	7587300
6582	7588300
6583	7589300
6584	7590300
6585	7591300
6586	7592300
6587	7593300
6588	7594300
6589	7595300
6590	7596300
6591	7597300
6592	7598300
6593	7599300
6594	7600300
6595	7601300
6596	7602300
6597	7603300
6598	7604300
6599	7605300
6600	7606300
6601	7607300
6602	7608300
6603	7609300
6604	7610300
6605	7611300
6606	7612300
6607	7613300
6608	7614300
6609	7615300
6610	7616300
6611	7617300
6612	7618300
6613	7619300
6614	7620300
6615	7621300
6616	7622300
6617	7623300
6618	7624300
6619	7625300
6620	7626300
6621	7627300
6622	7628300
6623	7629300
6624	7630300
6625	7631300
6626	7632300
6627	7633300
6628	7634300
6629	7635300
6630	7636300
6631	7637300
6632	7638300
6633	7639300
6634	7640300
6635	7641300
6636	7642300
6637	7643300
6638	7644300
6639	7645300
6640	7646300
6641	7647300
6642	7648300
6643	7649300
6644	7650300
6645	7651300
6646	7652300
6647	7653300
6648	7654300
6649	7655300
6650	7656300
6651	7657300
6652	7658300
6653	7659300
6654	7660300
6655	7661300
6656	7662300
6657	7663296
6658	7664300
6659	7665300
6660	7666300
6661	7667300
6662	7668300
6663	7669300
6664	7670300
6665	7671300
6666	7672300
6667	7673300
6668	7674300
6669	7675300
6670	7676300
6671	7677300
6672	7678300
6673	7679292
6674	7680300
6675	7681300
6676	7682300
6677	7683300
6678	7684300
6679	7685300
6680	7686300
6681	7687300
6682	7688300
6683	7689300
6684	7690300
6685	7691300
6686	7692300
6687	7693300
6688	7694300
6689	7695300
6690	7696300
6691	7697300
6692	7698300
6693	7699300
6694	7700300
6695	7701300
6696	7702300
6697	7703300
6698	7704300
6699	7705300
6700	7706300
6701	7707300
6702	7708300
6703	7709300
6704	7710300
6705	7711300
6706	7712300
6707	7713300
6708	7714300
6709	7715300
6710	7716300
6711	7717300
6712	7718300
6713	7719300
6714	7720300
6715	7721300
6716	7722300
6717	7723300
6718	7724300
6719	7725300
6720	7726300
6721	7727300
6722	7728300
6723	7729300
6724	7730300
6725	7731300
6726	7732300
6727	7733300
6728	7734300
6729	7735300
6730	7736300
6731	7737300
6732	7738300
6733	7739300
6734	7740300
6735	7741300
6736	7742300
6737	7743300
6738	7744300
6739	7745300
6740	7746300
6741	7747300
6742	7748300
6743	7749300
6744	7750300
6745	7751300
6746	7752300
6747	7753300
6748	7754300
6749	7755300
6750	7756300
6751	7757300
6752	7758300
6753	7759300
6754	7760300
6755	7761300
6756	7762300
6757	7763300
6758	7764300
6759	7765300
6760	7766300
6761	7767300
6762	7768300
6763	7769300
6764	7770300
6765	7771300
6766	7772300
6767	7773300
6768	7774300
6769	7775300
6770	7776300
6771	7777300
6772	7778300
6773	7779300
6774	7780300
6775	7781300
6776	7782300
6777	7783300
6778	7784300
6779	7785300
6780	7786300
6781	7787300
6782	7788300
6783	7789300
6784	7790300
6785	7791300
6786	7792300
6787	7793300
6788	7794300
6789	7795300
6790	7796300
6791	7797300
6792	7798300
6793	7799300
6794	7800300
6795	7801300
6796	7802300
6797	7803300
6798	7804300
6799	7805300
6800	7806300
6801	7807300
6802	7808300
6803	7809300
6804	7810300
6805	7811300
6806	7812300
6807	7813300
6808	7814300
6809	7815300
6810	7816300
6811	7817300
6812	7818300
6813	7819300
6814	7820300
6815	7821300
6816	7822300
6817	7823300
6818	7824300
6819	7825300
6820	7826300
6821	7827300
6822	7828300
6823	7829300
6824	7830300
6825	7831300
6826	7832300
6827	7833300
6828	7834300
6829	7835300
6830	7836300
6831	7837300
6832	7838300
6833	7839300
6834	7840300
6835	7841300
6836	7842300
6837	7843300
6838	7844300
6839	7845300
6840	7846300
6841	7847300
6842	7848300
6843	7849300
6844	7850300
6845	7851300
6846	7852300
6847	7853300
6848	7854300
6849	7855300
6850	7856300
6851	7857300
6852	7858300
6853	7859300
6854	7860300
6855	7861300
6856	7862300
6857	7863300
6858	7864300
6859	7865300
6860	7866300
6861	7867300
6862	7868300
6863	7869300
6864	7870300
6865	7871300
6866	7872300
6867	7873300
6868	7874300
6869	7875300
6870	7876300
6871	7877300
6872	7878300
6873	7879300
6874	7880300
6875	7881300
6876	7882300
6877	7883300
6878	7884300
6879	7885300
6880	7886300
6881	7887300
6882	7888300
6883	7889300
6884	7890300
6885	7891300
6886	7892300
6887	7893300
6888	7894300
6889	7895300
6890	7896300
6891	7897300
6892	7898300
6893	7899300
6894	7900300
6895	7901300
6896	7902300
6897	7903300
6898	7904300
6899	7905300
6900	7906300
6901	7907300
6902	7908300
6903	7909300
6904	7910300
6905	7911300
6906	7912300
6907	7913300
6908	7914300
6909	7915300
6910	7916300
6911	7917300
6912	7918300
6913	7919300
6914	7920300
6915	7921300
6916	7922300
6917	7923300
6918	7924300
6919	7925300
6920	7926300
6921	7927300
6922	7928300
6923	7929300
6924	7930300
6925	7931300
6926	7932300
6927	7933300
6928	7934300
6929	7935292
6930	7936300
6931	7937300
6932	7938300
6933	7939300
6934	7940300
6935	7941300
6936	7942300
6937	7943300
6938	7944300
6939	7945300
6940	7946300
6941	7947300
6942	7948300
6943	7949300
6944	7950300
6945	7951300
6946	7952300
6947	7953300
6948	7954300
6949	7955300
6950	7956300
6951	7957300
6952	7958300
6953	7959300
6954	7960300
6955	7961300
6956	7962300
6957	7963300
6958	7964300
6959	7965300
6960	7966300
6961	7967300
6962	7968300
6963	7969300
6964	7970300
6965	7971300
6966	7972300
6967	7973300
6968	7974300
6969	7975300
6970	7976300
6971	7977300
6972	7978300
6973	7979300
6974	7980300
6975	7981300
6976	7982300
6977	7983300
6978	7984300
6979	7985300
6980	7986300
6981	7987300
6982	7988300
6983	7989300
6984	7990300
6985	7991300
6986	7992300
6987	7993300
6988	7994300
6989	7995300
6990	7996300
6991	7997300
6992	7998300
6993	7999300
6994	8000300
6995	8001300
6996	8002300
6997	8003300
6998	8004300
6999	8005300
7000	8006300
7001	8007300
7002	8008300
7003	8009300
7004	8010300
7005	8011300
7006	8012300
7007	8013300
7008	8014300
7009	8015300
7010	8016300
7011	8017300
7012	8018300
7013	8019300
7014	8020300
7015	8021300
7016	8022300
7017	8023300
7018	8024300
7019	8025300
7020	8026300
7021	8027300
7022	8028300
7023	8029300
7024	8030300
7025	8031300
7026	8032300
7027	8033300
7028	8034300
7029	8035300
7030	8036300
7031	8037300
7032	8038300
7033	8039300
7034	8040300
7035	8041300
7036	8042300
7037	8043300
7038	8044300
7039	8045300
7040	8046300
7041	8047300
7042	8048300
7043	8049300
7044	8050300
7045	8051300
7046	8052300
7047	8053300
7048	8054300
7049	8055300
7050	8056300
7051	8057300
7052	8058300
7053	8059300
7054	8060300
7055	8061300
7056	8062300
7057	8063300
7058	8064300
7059	8065300
7060	8066300
7061	8067300
7062	8068300
7063	8069300
7064	8070300
7065	8071300
7066	8072300
7067	8073300
7068	8074300
7069	8075300
7070	8076300
7071	8077300
7072	8078300
7073	8079300
7074	8080300
7075	8081300
7076	8082300
7077	8083300
7078	8084300
7079	8085300
7080	8086300
7081	8087300
7082	8088300
7083	8089300
7084	8090300
7085	8091300
7086	8092300
7087	8093300
7088	8094300
7089	8095300
7090	8096300
7091	8097300
7092	8098300
7093	8099300
7094	8100300
7095	8101300
7096	8102300
7097	8103300
7098	8104300
7099	8105300
7100	8106300
7101	8107300
7102	8108300
7103	8109300
7104	8110300
7105	8111300
7106	8112300
7107	8113300
7108	8114300
7109	8115300
7110	8116300
7111	8117300
7112	8118300
7113	8119300
7114	8120300
7115	8121300
7116	8122300
7117	8123300
7118	8124300
7119	8125300
7120	8126300
7121	8127300
7122	8128300
7123	8129300
7124	8130300
7125	8131300
7126	8132300
7127	8133300
7128	8134300
7129	8135300
7130	8136300
7131	8137300
7132	8138300
7133	8139300
7134	8140300
7135	8141300
7136	8142300
7137	8143300
7138	8144300
7139	8145300
7140	8146300
7141	8147300
7142	8148300
7143	8149300
7144	8150300
7145	8151300
7146	8152300
7147	8153300
7148	8154300
7149	8155300
7150	8156300
7151	8157300
7152	8158300
7153	8159300
7154	8160300
7155	8161300
7156	8162300
7157	8163300
7158	8164300
7159	8165300
7160	8166300
7161	8167300
7162	8168300
7163	8169300
7164	8170300
7165	8171300
7166	8172300
7167	8173300
7168	8174300
7169	8175296
7170	8176300
7171	8177300
7172	8178300
7173	8179300
7174	8180300
7175	8181300
7176	8182300
7177	8183300
7178	8184300
7179	8185300
7180	8186300
7181	8187300
7182	8188300
7183	8189300
7184	8190300
7185	8191292
7186	8192300
7187	8193300
7188	8194300
7189	8195300
7190	8196300
7191	8197300
7192	8198300
7193	8199300
7194	8200300
7195	8201300
7196	8202300
7197	8203300
7198	8204300
7199	8205300
7200	8206300
7201	8207300
7202	8208300
7203	8209300
7204	8210300
7205	8211300
7206	8212300
7207	8213300
7208	8214300
7209	8215300
7210	8216300
7211	8217300
7212	8218300
7213	8219300
7214	8220300
7215	8221300
7216	8222300
7217	8223300
7218	8224300
7219	8225300
7220	8226300
7221	8227300
7222	8228300
7223	8229300
7224	8230300
7225	8231300
7226	8232300
7227	8233300
7228	8234300
7229	8235300
7230	8236300
7231	8237300
7232	8238300
7233	8239300
7234	8240300
7235	8241300
7236	8242300
7237	8243300
7238	8244300
7239	8245300
7240	8246300
7241	8247300
7242	8248300
7243	8249300
7244	8250300
7245	8251300
7246	8252300
7247	8253300
7248	8254300
7249	8255300
7250	8256300
7251	8257300
7252	8258300
7253	8259300
7254	8260300
7255	8261300
7256	8262300
7257	8263300
7258	8264300
7259	8265300
7260	8266300
7261	8267300
7262	8268300
7263	8269300
7264	8270300
7265	8271300
7266	8272300
7267	8273300
7268	8274300
7269	8275300
7270	8276300
7271	8277300
7272	8278300
7273	8279300
7274	8280300
7275	8281300
7276	8282300
7277	8283300
7278	8284300
7279	8285300
7280	8286300
7281	8287300
7282	8288300
7283	8289300
7284	8290300
7285	8291300
7286	8292300
7287	8293300
7288	8294300
7289	8295300
7290	8296300
7291	8297300
7292	8298300
7293	8299300
7294	8300300
7295	8301300
7296	8302300
7297	8303300
7298	8304300
7299	8305300
7300	8306300
7301	8307300
7302	8308300
7303	8309300
7304	8310300
7305	8311300
7306	8312300
7307	8313300
7308	8314300
7309	8315300
7310	8316300
7311	8317300
7312	8318300
7313	8319300
7314	8320300
7315	8321300
7316	8322300
7317	8323300
7318	8324300
7319	8325300
7320	8326300
7321	8327300
7322	8328300
7323	8329300
7324	8330300
7325	8331300
7326	8332300
7327	8333300
7328	8334300
7329	8335300
7330	8336300
7331	8337300
7332	8338300
7333	8339300
7334	8340300
7335	8341300
7336	8342300
7337	8343300
7338	8344300
7339	8345300
7340	8346300
7341	8347300
7342	8348300
7343	8349300
7344	8350300
7345	8351300
7346	8352300
7347	8353300
7348	8354300
7349	8355300
7350	8356300
7351	8357300
7352	8358300
7353	8359300
7354	8360300
7355	8361300
7356	8362300
7357	8363300
7358	8364300
7359	8365300
7360	8366300
7361	8367300
7362	8368300
7363	8369300
7364	8370300
7365	8371300
7366	8372300
7367	8373300
7368	8374300
7369	8375300
7370	8376300
7371	8377300
7372	8378300
7373	8379300
7374	8380300
7375	8381300
7376	8382300
7377	8383300
7378	8384300
7379	8385300
7380	8386300
7381	8387300
7382	8388300
7383	8389300
7384	8390300
7385	8391300
7386	8392300
7387	8393300
7388	8394300
7389	8395300
7390	8396300
7391	8397300
7392	8398300
7393	8399300
7394	8400300
7395	8401300
7396	8402300
7397	8403300
7398	8404300
7399	8405300
7400	8406300
7401	8407300
7402	8408300
7403	8409300
7404	8410300
7405	8411300
7406	8412300
7407	8413300
7408	8414300
7409	8415300
7410	8416300
7411	8417300
7412	8418300
7413	8419300
7414	8420300
7415	8421300
7416	8422300
7417	8423300
7418	8424300
7419	8425300
7420	8426300
7421	8427300
7422	8428300
7423	8429300
7424	8430300
7425	8431296
7426	8432300
7427	8433300
7428	8434300
7429	8435300
7430	8436300
7431	8437300
7432	8438300
7433	8439300
7434	8440300
7435	8441300
7436	8442300
7437	8443300
7438	8444300
7439	8445300
7440	8446300
7441	8447292
7442	8448300
7443	8449300
7444	8450300
7445	8451300
7446	8452300
7447	8453300
7448	8454300
7449	8455300
7450	8456300
7451	8457300
7452	8458300
7453	8459300
7454	8460300
7455	8461300
7456	8462300
7457	8463300
7458	8464300
7459	8465300
7460	8466300
7461	8467300
7462	8468300
7463	8469300
7464	8470300
7465	8471300
7466	8472300
7467	8473300
7468	8474300
7469	8475300
7470	8476300
7471	8477300
7472	8478300
7473	8479300
7474	8480300
7475	8481300
7476	8482300
7477	8483300
7478	8484300
7479	8485300
7480	8486300
7481	8487300
7482	8488300
7483	8489300
7484	8490300
7485	8491300
7486	8492300
7487	8493300
7488	8494300
7489	8495300
7490	8496300
7491	8497300
7492	8498300
7493	8499300
7494	8500300
7495	8501300
7496	8502300
7497	8503300
7498	8504300
7499	8505300
7500	8506300
7501	8507300
7502	8508300
7503	8509300
7504	8510300
7505	8511300
7506	8512300
7507	8513300
7508	8514300
7509	8515300
7510	8516300
7511	8517300
7512	8518300
7513	8519300
7514	8520300
7515	8521300
7516	8522300
7517	8523300
7518	8524300
7519	8525300
7520	8526300
7521	8527300
7522	8528300
7523	8529300
7524	8530300
7525	8531300
7526	8532300
7527	8533300
7528	8534300
7529	8535300
7530	8536300
7531	8537300
7532	8538300
7533	8539300
7534	8540300
7535	8541300
7536	8542300
7537	8543300
7538	8544300
7539	8545300
7540	8546300
7541	8547300
7542	8548300
7543	8549300
7544	8550300
7545	8551300
7546	8552300
7547	8553300
7548	8554300
7549	8555300
7550	8556300
7551	8557300
7552	8558300
7553	8559300
7554	8560300
7555	8561300
7556	8562300
7557	8563300
7558	8564300
7559	8565300
7560	8566300
7561	8567300
7562	8568300
7563	8569300
7564	8570300
7565	8571300
7566	8572300
7567	8573300
7568	8574300
7569	8575300
7570	8576300
7571	8577300
7572	8578300
7573	8579300
7574	8580300
7575	8581300
7576	8582300
7577	8583300
7578	8584300
7579	8585300
7580	8586300
7581	8587300
7582	8588300
7583	8589300
7584	8590300
7585	8591300
7586	8592300
7587	8593300
7588	8594300
7589	8595300
7590	8596300
7591	8597300
7592	8598300
7593	8599300
7594	8600300
7595	8601300
7596	8602300
7597	8603300
7598	8604300
7599	8605300
7600	8606300
7601	8607300
7602	8608300
7603	8609300
7604	8610300
7605	8611300
7606	8612300
7607	8613300
7608	8614300
7609	8615300
7610	8616300
7611	8617300
7612	8618300
7613	8619300
7614	8620300
7615	8621300
7616	8622300
7617	8623300
7618	8624300
7619	8625300
7620	8626300
7621	8627300
7622	8628300
7623	8629300
7624	8630300
7625	8631300
7626	8632300
7627	8633300
7628	8634300
7629	8635300
7630	8636300
7631	8637300
7632	8638300
7633	8639300
7634	8640300
7635	8641300
7636	8642300
7637	8643300
7638	8644300
7639	8645300
7640	8646300
7641	8647300
7642	8648300
7643	8649300
7644	8650300
7645	8651300
7646	8652300
7647	8653300
7648	8654300
7649	8655300
7650	8656300
7651	8657300
7652	8658300
7653	8659300
7654	8660300
7655	8661300
7656	8662300
7657	8663300
7658	8664300
7659	8665300
7660	8666300
7661	8667300
7662	8668300
7663	8669300
7664	8670300
7665	8671300
7666	8672300
7667	8673300
7668	8674300
7669	8675300
7670	8676300
7671	8677300
7672	8678300
7673	8679300
7674	8680300
7675	8681300
7676	8682300
7677	8683300
7678	8684300
7679	8685300
7680	8686300
7681	8687296
7682	8688300
7683	8689300
7684	8690300
7685	8691300
7686	8692300
7687	8693300
7688	8694300
7689	8695300
7690	8696300
7691	8697300
7692	8698296
7693	8699300
7694	8700300
7695	8701300
7696	8702296
7697	8703292
7698	8704300
7699	8705300
7700	8706296
7701	8707300
7702	8708300
7703	8709300
7704	8710300
7705	8711300
7706	8712300
7707	8713300
7708	8714296
7709	8715300
7710	8716296
7711	8717300
7712	8718300
7713	8719300
7714	8720296
7715	8721300
7716	8722300
7717	8723300
7718	8724300
7719	8725300
7720	8726300
7721	8727300
7722	8728300
7723	8729300
7724	8730300
7725	8731300
7726	8732296
7727	8733300
7728	8734300
7729	8735300
7730	8736296
7731	8737300
7732	8738300
7733	8739296
7734	8740300
7735	8741300
7736	8742300
7737	8743300
7738	8744300
7739	8745300
7740	8746300
7741	8747296
7742	8748296
7743	8749300
7744	8750300
7745	8751296
7746	8752296
7747	8753300
7748	8754300
7749	8755296
7750	8756296
7751	8757300
7752	8758300
7753	8759300
7754	8760300
7755	8761300
7756	8762300
7757	8763300
7758	8764296
7759	8765300
7760	8766300
7761	8767296
7762	8768296
7763	8769300
7764	8770296
7765	8771296
7766	8772296
7767	8773300
7768	8774300
7769	8775300
7770	8776300
7771	8777300
7772	8778300
7773	8779300
7774	8780300
7775	8781300
7776	8782296
7777	8783296
7778	8784300
7779	8785300
7780	8786296
7781	8787296
7782	8788300
7783	8789300
7784	8790300
7785	8791300
7786	8792300
7787	8793300
7788	8794300
7789	8795300
7790	8796300
7791	8797300
7792	8798296
7793	8799296
7794	8800300
7795	8801300
7796	8802296
7797	8803300
7798	8804300
7799	8805300
7800	8806296
7801	8807300
7802	8808300
7803	8809300
7804	8810300
7805	8811300
7806	8812300
7807	8813300
7808	8814300
7809	8815300
7810	8816300
7811	8817300
7812	8818296
7813	8819300
7814	8820300
7815	8821300
7816	8822296
7817	8823300
7818	8824300
7819	8825300
7820	8826300
7821	8827300
7822	8828300
7823	8829300
7824	8830300
7825	8831300
7826	8832300
7827	8833300
7828	8834300
7829	8835300
7830	8836300
7831	8837300
7832	8838300
7833	8839300
7834	8840300
7835	8841300
7836	8842300
7837	8843300
7838	8844300
7839	8845300
7840	8846300
7841	8847300
7842	8848300
7843	8849300
7844	8850300
7845	8851300
7846	8852300
7847	8853300
7848	8854300
7849	8855300
7850	8856300
7851	8857300
7852	8858300
7853	8859300
7854	8860300
7855	8861300
7856	8862300
7857	8863300
7858	8864300
7859	8865296
7860	8866296
7861	8867296
7862	8868296
7863	8869296
7864	8870296
7865	8871296
7866	8872296
7867	8873296
7868	8874296
7869	8875296
7870	8876296
7871	8877296
7872	8878296
7873	8879296
7874	8880296
7875	8881296
7876	8882300
7877	8883300
7878	8884300
7879	8885300
7880	8886300
7881	8887300
7882	8888300
7883	8889300
7884	8890300
7885	8891300
7886	8892300
7887	8893300
7888	8894300
7889	8895300
7890	8896300
7891	8897300
7892	8898300
7893	8899300
7894	8900300
7895	8901300
7896	8902300
7897	8903300
7898	8904300
7899	8905300
7900	8906300
7901	8907300
7902	8908300
7903	8909300
7904	8910300
7905	8911300
7906	8912300
7907	8913300
7908	8914300
7909	8915300
7910	8916300
7911	8917300
7912	8918300
7913	8919300
7914	8920300
7915	8921300
7916	8922300
7917	8923300
7918	8924300
7919	8925300
7920	8926300
7921	8927300
7922	8928300
7923	8929300
7924	8930300
7925	8931300
7926	8932300
7927	8933300
7928	8934300
7929	8935300
7930	8936300
7931	8937300
7932	8938300
7933	8939300
7934	8940300
7935	8941300
7936	8942300
7937	8943296
7938	8944300
7939	8945300
7940	8946300
7941	8947300
7942	8948300
7943	8949300
7944	8950300
7945	8951300
7946	8952296
7947	8953300
7948	8954300
7949	8955300
7950	8956296
7951	8957300
7952	8958300
7953	8959292
7954	8960300
7955	8961300
7956	8962300
7957	8963300
7958	8964300
7959	8965300
7960	8966300
7961	8967296
7962	8968296
7963	8969300
7964	8970300
7965	8971296
7966	8972296
7967	8973300
7968	8974300
7969	8975300
7970	8976300
7971	8977300
7972	8978300
7973	8979300
7974	8980300
7975	8981300
7976	8982300
7977	8983296
7978	8984296
7979	8985300
7980	8986300
7981	8987296
7982	8988296
7983	8989300
7984	8990300
7985	8991296
7986	8992300
7987	8993300
7988	8994300
7989	8995300
7990	8996300
7991	8997300
7992	8998300
7993	8999296
7994	9000296
7995	9001300
7996	9002296
7997	9003296
7998	9004300
7999	9005300
8000	9006296
8001	9007296
8002	9008300
8003	9009300
8004	9010300
8005	9011300
8006	9012300
8007	9013300
8008	9014300
8009	9015300
8010	9016300
8011	9017300
8012	9018296
8013	9019296
8014	9020300
8015	9021300
8016	9022296
8017	9023296
8018	9024300
8019	9025300
8020	9026300
8021	9027300
8022	9028300
8023	9029300
8024	9030300
8025	9031300
8026	9032300
8027	9033300
8028	9034296
8029	9035300
8030	9036300
8031	9037300
8032	9038296
8033	9039300
8034	9040300
8035	9041300
8036	9042300
8037	9043300
8038	9044300
8039	9045300
8040	9046300
8041	9047300
8042	9048300
8043	9049300
8044	9050296
8045	9051300
8046	9052296
8047	9053300
8048	9054296
8049	9055300
8050	9056296
8051	9057300
8052	9058296
8053	9059300
8054	9060300
8055	9061300
8056	9062300
8057	9063300
8058	9064300
8059	9065300
8060	9066300
8061	9067300
8062	9068296
8063	9069300
8064	9070300
8065	9071300
8066	9072296
8067	9073300
8068	9074300
8069	9075300
8070	9076300
8071	9077300
8072	9078300
8073	9079300
8074	9080300
8075	9081300
8076	9082300
8077	9083296
8078	9084296
8079	9085300
8080	9086300
8081	9087300
8082	9088300
8083	9089300
8084	9090300
8085	9091300
8086	9092300
8087	9093300
8088	9094300
8089	9095300
8090	9096300
8091	9097300
8092	9098300
8093	9099300
8094	9100300
8095	9101300
8096	9102300
8097	9103300
8098	9104300
8099	9105300
8100	9106300
8101	9107300
8102	9108300
8103	9109300
8104	9110300
8105	9111300
8106	9112300
8107	9113300
8108	9114300
8109	9115300
8110	9116300
8111	9117300
8112	9118300
8113	9119300
8114	9120300
8115	9121300
8116	9122300
8117	9123300
8118	9124300
8119	9125300
8120	9126300
8121	9127300
8122	9128300
8123	9129300
8124	9130300
8125	9131300
8126	9132300
8127	9133300
8128	9134300
8129	9135300
8130	9136300
8131	9137300
8132	9138300
8133	9139300
8134	9140300
8135	9141300
8136	9142300
8137	9143300
8138	9144300
8139	9145300
8140	9146300
8141	9147300
8142	9148300
8143	9149300
8144	9150300
8145	9151300
8146	9152300
8147	9153300
8148	9154300
8149	9155300
8150	9156300
8151	9157300
8152	9158300
8153	9159300
8154	9160300
8155	9161300
8156	9162300
8157	9163300
8158	9164300
8159	9165300
8160	9166300
8161	9167300
8162	9168300
8163	9169300
8164	9170300
8165	9171300
8166	9172300
8167	9173300
8168	9174300
8169	9175300
8170	9176300
8171	9177300
8172	9178300
8173	9179300
8174	9180300
8175	9181300
8176	9182300
8177	9183300
8178	9184300
8179	9185300
8180	9186300
8181	9187300
8182	9188300
8183	9189300
8184	9190300
8185	9191300
8186	9192300
8187	9193300
8188	9194300
8189	9195300
8190	9196300
8191	9197300
8192	9198300
8193	9199296
8194	9200296
8195	9201300
8196	9202300
8197	9203296
8198	9204296
8199	9205300
8200	9206300
8201	9207296
8202	9208296
8203	9209300
8204	9210300
8205	9211300
8206	9212300
8207	9213300
8208	9214300
8209	9215292
8210	9216300
8211	9217300
8212	9218300
8213	9219296
8214	9220296
8215	9221300
8216	9222296
8217	9223296
8218	9224296
8219	9225300
8220	9226296
8221	9227300
8222	9228300
8223	9229300
8224	9230300
8225	9231300
8226	9232300
8227	9233300
8228	9234296
8229	9235296
8230	9236300
8231	9237300
8232	9238296
8233	9239296
8234	9240300
8235	9241300
8236	9242296
8237	9243300
8238	9244300
8239	9245300
8240	9246300
8241	9247300
8242	9248300
8243	9249300
8244	9250300
8245	9251296
8246	9252300
8247	9253300
8248	9254296
8249	9255296
8250	9256300
8251	9257300
8252	9258296
8253	9259300
8254	9260300
8255	9261300
8256	9262300
8257	9263300
8258	9264300
8259	9265300
8260	9266300
8261	9267300
8262	9268300
8263	9269300
8264	9270296
8265	9271300
8266	9272300
8267	9273300
8268	9274296
8269	9275300
8270	9276300
8271	9277300
8272	9278300
8273	9279300
8274	9280300
8275	9281300
8276	9282300
8277	9283300
8278	9284296
8279	9285300
8280	9286300
8281	9287300
8282	9288296
8283	9289300
8284	9290300
8285	9291300
8286	9292296
8287	9293300
8288	9294300
8289	9295300
8290	9296300
8291	9297300
8292	9298300
8293	9299300
8294	9300300
8295	9301300
8296	9302300
8297	9303300
8298	9304296
8299	9305300
8300	9306300
8301	9307300
8302	9308296
8303	9309300
8304	9310300
8305	9311300
8306	9312300
8307	9313300
8308	9314300
8309	9315300
8310	9316300
8311	9317300
8312	9318300
8313	9319296
8314	9320296
8315	9321300
8316	9322300
8317	9323296
8318	9324296
8319	9325300
8320	9326300
8321	9327300
8322	9328300
8323	9329300
8324	9330300
8325	9331300
8326	9332300
8327	9333300
8328	9334300
8329	9335296
8330	9336296
8331	9337300
8332	9338296
8333	9339296
8334	9340296
8335	9341300
8336	9342300
8337	9343300
8338	9344300
8339	9345300
8340	9346300
8341	9347300
8342	9348300
8343	9349300
8344	9350300
8345	9351300
8346	9352300
8347	9353300
8348	9354300
8349	9355300
8350	9356300
8351	9357300
8352	9358300
8353	9359300
8354	9360300
8355	9361300
8356	9362300
8357	9363300
8358	9364300
8359	9365300
8360	9366300
8361	9367300
8362	9368300
8363	9369300
8364	9370300
8365	9371300
8366	9372300
8367	9373300
8368	9374300
8369	9375300
8370	9376300
8371	9377300
8372	9378300
8373	9379300
8374	9380300
8375	9381300
8376	9382300
8377	9383300
8378	9384300
8379	9385300
8380	9386300
8381	9387300
8382	9388300
8383	9389300
8384	9390300
8385	9391300
8386	9392300
8387	9393300
8388	9394300
8389	9395300
8390	9396300
8391	9397300
8392	9398300
8393	9399300
8394	9400300
8395	9401300
8396	9402300
8397	9403300
8398	9404300
8399	9405300
8400	9406300
8401	9407300
8402	9408300
8403	9409300
8404	9410300
8405	9411300
8406	9412300
8407	9413300
8408	9414300
8409	9415300
8410	9416300
8411	9417300
8412	9418300
8413	9419300
8414	9420300
8415	9421300
8416	9422300
8417	9423300
8418	9424300
8419	9425300
8420	9426300
8421	9427300
8422	9428300
8423	9429300
8424	9430300
8425	9431300
8426	9432300
8427	9433300
8428	9434300
8429	9435300
8430	9436300
8431	9437300
8432	9438300
8433	9439300
8434	9440300
8435	9441300
8436	9442300
8437	9443300
8438	9444300
8439	9445300
8440	9446300
8441	9447300
8442	9448300
8443	9449300
8444	9450300
8445	9451300
8446	9452300
8447	9453300
8448	9454300
8449	9455296
8450	9456296
8451	9457300
8452	9458296
8453	9459296
8454	9460300
8455	9461300
8456	9462300
8457	9463300
8458	9464300
8459	9465300
8460	9466300
8461	9467300
8462	9468300
8463	9469300
8464	9470296
8465	9471292
8466	9472300
8467	9473300
8468	9474296
8469	9475296
8470	9476300
8471	9477300
8472	9478300
8473	9479300
8474	9480300
8475	9481300
8476	9482300
8477	9483300
8478	9484300
8479	9485300
8480	9486296
8481	9487300
8482	9488300
8483	9489300
8484	9490296
8485	9491300
8486	9492300
8487	9493300
8488	9494296
8489	9495300
8490	9496300
8491	9497300
8492	9498300
8493	9499300
8494	9500300
8495	9501300
8496	9502296
8497	9503300
8498	9504300
8499	9505300
8500	9506296
8501	9507300
8502	9508296
8503	9509300
8504	9510296
8505	9511300
8506	9512300
8507	9513300
8508	9514300
8509	9515300
8510	9516300
8511	9517300
8512	9518300
8513	9519300
8514	9520296
8515	9521300
8516	9522300
8517	9523292
8518	9524296
8519	9525300
8520	9526300
8521	9527300
8522	9528296
8523	9529300
8524	9530300
8525	9531300
8526	9532300
8527	9533300
8528	9534300
8529	9535300
8530	9536296
8531	9537300
8532	9538300
8533	9539296
8534	9540296
8535	9541300
8536	9542300
8537	9543296
8538	9544296
8539	9545300
8540	9546300
8541	9547300
8542	9548300
8543	9549300
8544	9550300
8545	9551300
8546	9552300
8547	9553300
8548	9554300
8549	9555296
8550	9556296
8551	9557300
8552	9558300
8553	9559296
8554	9560296
8555	9561300
8556	9562300
8557	9563300
8558	9564300
8559	9565300
8560	9566300
8561	9567300
8562	9568300
8563	9569300
8564	9570296
8565	9571296
8566	9572300
8567	9573300
8568	9574296
8569	9575296
8570	9576300
8571	9577300
8572	9578296
8573	9579300
8574	9580300
8575	9581300
8576	9582300
8577	9583300
8578	9584300
8579	9585300
8580	9586296
8581	9587296
8582	9588300
8583	9589300
8584	9590296
8585	9591296
8586	9592300
8587	9593300
8588	9594296
8589	9595296
8590	9596300
8591	9597300
8592	9598300
8593	9599300
8594	9600300
8595	9601300
8596	9602300
8597	9603300
8598	9604300
8599	9605300
8600	9606300
8601	9607300
8602	9608300
8603	9609300
8604	9610300
8605	9611300
8606	9612300
8607	9613300
8608	9614300
8609	9615300
8610	9616300
8611	9617300
8612	9618300
8613	9619300
8614	9620300
8615	9621300
8616	9622300
8617	9623300
8618	9624300
8619	9625300
8620	9626300
8621	9627300
8622	9628300
8623	9629300
8624	9630300
8625	9631300
8626	9632300
8627	9633300
8628	9634300
8629	9635300
8630	9636300
8631	9637300
8632	9638300
8633	9639300
8634	9640300
8635	9641300
8636	9642300
8637	9643300
8638	9644300
8639	9645300
8640	9646300
8641	9647300
8642	9648300
8643	9649300
8644	9650300
8645	9651300
8646	9652300
8647	9653300
8648	9654300
8649	9655300
8650	9656300
8651	9657300
8652	9658300
8653	9659300
8654	9660300
8655	9661300
8656	9662300
8657	9663300
8658	9664300
8659	9665300
8660	9666300
8661	9667300
8662	9668300
8663	9669300
8664	9670300
8665	9671300
8666	9672300
8667	9673300
8668	9674300
8669	9675300
8670	9676300
8671	9677300
8672	9678300
8673	9679300
8674	9680300
8675	9681300
8676	9682300
8677	9683300
8678	9684300
8679	9685300
8680	9686300
8681	9687300
8682	9688300
8683	9689300
8684	9690300
8685	9691300
8686	9692300
8687	9693300
8688	9694300
8689	9695300
8690	9696300
8691	9697300
8692	9698300
8693	9699300
8694	9700300
8695	9701300
8696	9702300
8697	9703300
8698	9704300
8699	9705300
8700	9706300
8701	9707300
8702	9708300
8703	9709300
8704	9710300
8705	9711296
8706	9712300
8707	9713300
8708	9714300
8709	9715300
8710	9716300
8711	9717300
8712	9718300
8713	9719300
8714	9720300
8715	9721300
8716	9722296
8717	9723300
8718	9724300
8719	9725300
8720	9726296
8721	9727292
8722	9728300
8723	9729300
8724	9730300
8725	9731300
8726	9732300
8727	9733300
8728	9734300
8729	9735300
8730	9736300
8731	9737300
8732	9738296
8733	9739300
8734	9740296
8735	9741300
8736	9742300
8737	9743300
8738	9744296
8739	9745300
8740	9746300
8741	9747300
8742	9748300
8743	9749300
8744	9750300
8745	9751300
8746	9752300
8747	9753300
8748	9754300
8749	9755300
8750	9756296
8751	9757300
8752	9758300
8753	9759300
8754	9760296
8755	9761300
8756	9762300
8757	9763300
8758	9764300
8759	9765300
8760	9766300
8761	9767300
8762	9768300
8763	9769300
8764	9770300
8765	9771296
8766	9772296
8767	9773300
8768	9774300
8769	9775296
8770	9776296
8771	9777300
8772	9778300
8773	9779296
8774	9780300
8775	9781300
8776	9782300
8777	9783300
8778	9784300
8779	9785300
8780	9786300
8781	9787300
8782	9788296
8783	9789300
8784	9790300
8785	9791296
8786	9792296
8787	9793300
8788	9794296
8789	9795296
8790	9796296
8791	9797300
8792	9798300
8793	9799300
8794	9800300
8795	9801300
8796	9802300
8797	9803300
8798	9804300
8799	9805300
8800	9806296
8801	9807296
8802	9808300
8803	9809300
8804	9810296
8805	9811296
8806	9812300
8807	9813300
8808	9814300
8809	9815300
8810	9816300
8811	9817300
8812	9818300
8813	9819300
8814	9820300
8815	9821300
8816	9822296
8817	9823296
8818	9824300
8819	9825300
8820	9826296
8821	9827300
8822	9828300
8823	9829300
8824	9830296
8825	9831300
8826	9832300
8827	9833300
8828	9834300
8829	9835300
8830	9836300
8831	9837300
8832	9838296
8833	9839300
8834	9840300
8835	9841300
8836	9842296
8837	9843300
8838	9844300
8839	9845300
8840	9846296
8841	9847300
8842	9848300
8843	9849300
8844	9850300
8845	9851300
8846	9852300
8847	9853300
8848	9854300
8849	9855300
8850	9856300
8851	9857300
8852	9858300
8853	9859300
8854	9860300
8855	9861300
8856	9862300
8857	9863300
8858	9864300
8859	9865300
8860	9866300
8861	9867300
8862	9868300
8863	9869300
8864	9870300
8865	9871300
8866	9872300
8867	9873300
8868	9874300
8869	9875300
8870	9876300
8871	9877300
8872	9878300
8873	9879300
8874	9880300
8875	9881300
8876	9882300
8877	9883300
8878	9884300
8879	9885300
8880	9886300
8881	9887300
8882	9888300
8883	9889300
8884	9890300
8885	9891300
8886	9892300
8887	9893300
8888	9894300
8889	9895300
8890	9896300
8891	9897300
8892	9898300
8893	9899300
8894	9900300
8895	9901300
8896	9902300
8897	9903300
8898	9904300
8899	9905300
8900	9906300
8901	9907300
8902	9908300
8903	9909300
8904	9910300
8905	9911300
8906	9912300
8907	9913300
8908	9914300
8909	9915300
8910	9916300
8911	9917300
8912	9918300
8913	9919300
8914	9920300
8915	9921300
8916	9922300
8917	9923300
8918	9924300
8919	9925300
8920	9926300
8921	9927300
8922	9928300
8923	9929300
8924	9930300
8925	9931300
8926	9932300
8927	9933300
8928	9934300
8929	9935300
8930	9936300
8931	9937300
8932	9938300
8933	9939300
8934	9940300
8935	9941300
8936	9942300
8937	9943300
8938	9944300
8939	9945300
8940	9946300
8941	9947300
8942	9948300
8943	9949300
8944	9950300
8945	9951300
8946	9952300
8947	9953300
8948	9954300
8949	9955300
8950	9956300
8951	9957300
8952	9958300
8953	9959300
8954	9960300
8955	9961300
8956	9962300
8957	9963300
8958	9964300
8959	9965300
8960	9966300
8961	9967296
8962	9968300
8963	9969300
8964	9970300
8965	9971300
8966	9972296
8967	9973300
8968	9974300
8969	9975300
8970	9976296
8971	9977300
8972	9978300
8973	9979300
8974	9980296
8975	9981300
8976	9982300
8977	9983292
8978	9984300
8979	9985300
8980	9986300
8981	9987300
8982	9988300
8983	9989300
8984	9990300
8985	9991296
8986	9992296
8987	9993300
8988	9994300
8989	9995296
8990	9996296
8991	9997300
8992	9998300
8993	9999300
8994	-1
8995	-1
8996	-1
8997	-1
8998	-1
8999	-1
9000	-1
9001	-1
9002	-1
9003	-1
9004	-1
9005	-1
9006	-1
9007	-1
9008	-1
9009	-1
9010	-1
9011	-1
9012	-1
9013	-1
9014	-1
9015	-1
9016	-1
9017	-1
9018	-1
9019	-1
9020	-1
9021	-1
9022	-1
9023	-1
9024	-1
9025	-1
9026	-1
9027	-1
9028	-1
9029	-1
9030	-1
9031	-1
9032	-1
9033	-1
9034	-1
9035	-1
9036	-1
9037	-1
9038	-1
9039	-1
9040	-1
9041	-1
9042	-1
9043	-1
9044	-1
9045	-1
9046	-1
9047	-1
9048	-1
9049	-1
9050	-1
9051	-1
9052	-1
9053	-1
9054	-1
9055	-1
9056	-1
9057	-1
9058	-1
9059	-1
9060	-1
9061	-1
9062	-1
9063	-1
9064	-1
9065	-1
9066	-1
9067	-1
9068	-1
9069	-1
9070	-1
9071	-1
9072	-1
9073	-1
9074	-1
9075	-1
9076	-1
9077	-1
9078	-1
9079	-1
9080	-1
9081	-1
9082	-1
9083	-1
9084	-1
9085	-1
9086	-1
9087	-1
9088	-1
9089	-1
9090	-1
9091	-1
9092	-1
9093	-1
9094	-1
9095	-1
9096	-1
9097	-1
9098	-1
9099	-1
9100	-1
9101	-1
9102	-1
9103	-1
9104	-1
9105	-1
9106	-1
9107	-1
9108	-1
9109	-1
9110	-1
9111	-1
9112	-1
9113	-1
9114	-1
9115	-1
9116	-1
9117	-1
9118	-1
9119	-1
9120	-1
9121	-1
9122	-1
9123	-1
9124	-1
9125	-1
9126	-1
9127	-1
9128	-1
9129	-1
9130	-1
9131	-1
9132	-1
9133	-1
9134	-1
9135	-1
9136	-1
9137	-1
9138	-1
9139	-1
9140	-1
9141	-1
9142	-1
9143	-1
9144	-1
9145	-1
9146	-1
9147	-1
9148	-1
9149	-1
9150	-1
9151	-1
9152	-1
9153	-1
9154	-1
9155	-1
9156	-1
9157	-1
9158	-1
9159	-1
9160	-1
9161	-1
9162	-1
9163	-1
9164	-1
9165	-1
9166	-1
9167	-1
9168	-1
9169	-1
9170	-1
9171	-1
9172	-1
9173	-1
9174	-1
9175	-1
9176	-1
9177	-1
9178	-1
9179	-1
9180	-1
9181	-1
9182	-1
9183	-1
9184	-1
9185	-1
9186	-1
9187	-1
9188	-1
9189	-1
9190	-1
9191	-1
9192	-1
9193	-1
9194	-1
9195	-1
9196	-1
9197	-1
9198	-1
9199	-1
9200	-1
9201	-1
9202	-1
9203	-1
9204	-1
9205	-1
9206	-1
9207	-1
9208	-1
9209	-1
9210	-1
9211	-1
9212	-1
9213	-1
9214	-1
9215	-1
9216	-1
9217	-1
9218	-1
9219	-1
9220	-1
9221	-1
9222	-1
9223	-1
9224	-1
9225	-1
9226	-1
9227	-1
9228	-1
9229	-1
9230	-1
9231	-1
9232	-1
9233	-1
9234	-1
9235	-1
9236	-1
9237	-1
9238	-1
9239	-1
9240	-1
9241	-1
9242	-1
9243	-1
9244	-1
9245	-1
9246	-1
9247	-1
9248	-1
9249	-1
9250	-1
9251	-1
9252	-1
9253	-1
9254	-1
9255	-1
9256	-1
9257	-1
9258	-1
9259	-1
9260	-1
9261	-1
9262	-1
9263	-1
9264	-1
9265	-1
9266	-1
9267	-1
9268	-1
9269	-1
9270	-1
9271	-1
9272	-1
9273	-1
9274	-1
9275	-1
9276	-1
9277	-1
9278	-1
9279	-1
9280	-1
9281	-1
9282	-1
9283	-1
9284	-1
9285	-1
9286	-1
9287	-1
9288	-1
9289	-1
9290	-1
9291	-1
9292	-1
9293	-1
9294	-1
9295	-1
9296	-1
9297	-1
9298	-1
9299	-1
9300	-1
9301	-1
9302	-1
9303	-1
9304	-1
9305	-1
9306	-1
9307	-1
9308	-1
9309	-1
9310	-1
9311	-1
9312	-1
9313	-1
9314	-1
9315	-1
9316	-1
9317	-1
9318	-1
9319	-1
9320	-1
9321	-1
9322	-1
9323	-1
9324	-1
9325	-1
9326	-1
9327	-1
9328	-1
9329	-1
9330	-1
9331	-1
9332	-1
9333	-1
9334	-1
9335	-1
9336	-1
9337	-1
9338	-1
9339	-1
9340	-1
9341	-1
9342	-1
9343	-1
9344	-1
9345	-1
9346	-1
9347	-1
9348	-1
9349	-1
9350	-1
9351	-1
9352	-1
9353	-1
9354	-1
9355	-1
9356	-1
9357	-1
9358	-1
9359	-1
9360	-1
9361	-1
9362	-1
9363	-1
9364	-1
9365	-1
9366	-1
9367	-1
9368	-1
9369	-1
9370	-1
9371	-1
9372	-1
9373	-1
9374	-1
9375	-1
9376	-1
9377	-1
9378	-1
9379	-1
9380	-1
9381	-1
9382	-1
9383	-1
9384	-1
9385	-1
9386	-1
9387	-1
9388	-1
9389	-1
9390	-1
9391	-1
9392	-1
9393	-1
9394	-1
9395	-1
9396	-1
9397	-1
9398	-1
9399	-1
9400	-1
9401	-1
9402	-1
9403	-1
9404	-1
9405	-1
9406	-1
9407	-1
9408	-1
9409	-1
9410	-1
9411	-1
9412	-1
9413	-1
9414	-1
9415	-1
9416	-1
9417	-1
9418	-1
9419	-1
9420	-1
9421	-1
9422	-1
9423	-1
9424	-1
9425	-1
9426	-1
9427	-1
9428	-1
9429	-1
9430	-1
9431	-1
9432	-1
9433	-1
9434	-1
9435	-1
9436	-1
9437	-1
9438	-1
9439	-1
9440	-1
9441	-1
9442	-1
9443	-1
9444	-1
9445	-1
9446	-1
9447	-1
9448	-1
9449	-1
9450	-1
9451	-1
9452	-1
9453	-1
9454	-1
9455	-1
9456	-1
9457	-1
9458	-1
9459	-1
9460	-1
9461	-1
9462	-1
9463	-1
9464	-1
9465	-1
9466	-1
9467	-1
9468	-1
9469	-1
9470	-1
9471	-1
9472	-1
9473	-1
9474	-1
9475	-1
9476	-1
9477	-1
9478	-1
9479	-1
9480	-1
9481	-1
9482	-1
9483	-1
9484	-1
9485	-1
9486	-1
9487	-1
9488	-1
9489	-1
9490	-1
9491	-1
9492	-1
9493	-1
9494	-1
9495	-1
9496	-1
9497	-1
9498	-1
9499	-1
9500	-1
9501	-1
9502	-1
9503	-1
9504	-1
9505	-1
9506	-1
9507	-1
9508	-1
9509	-1
9510	-1
9511	-1
9512	-1
9513	-1
9514	-1
9515	-1
9516	-1
9517	-1
9518	-1
9519	-1
9520	-1
9521	-1
9522	-1
9523	-1
9524	-1
9525	-1
9526	-1
9527	-1
9528	-1
9529	-1
9530	-1
9531	-1
9532	-1
9533	-1
9534	-1
9535	-1
9536	-1
9537	-1
9538	-1
9539	-1
9540	-1
9541	-1
9542	-1
9543	-1
9544	-1
9545	-1
9546	-1
9547	-1
9548	-1
9549	-1
9550	-1
9551	-1
9552	-1
9553	-1
9554	-1
9555	-1
9556	-1
9557	-1
9558	-1
9559	-1
9560	-1
9561	-1
9562	-1
9563	-1
9564	-1
9565	-1
9566	-1
9567	-1
9568	-1
9569	-1
9570	-1
9571	-1
9572	-1
9573	-1
9574	-1
9575	-1
9576	-1
9577	-1
9578	-1
9579	-1
9580	-1
9581	-1
9582	-1
9583	-1
9584	-1
9585	-1
9586	-1
9587	-1
9588	-1
9589	-1
9590	-1
9591	-1
9592	-1
9593	-1
9594	-1
9595	-1
9596	-1
9597	-1
9598	-1
9599	-1
9600	-1
9601	-1
9602	-1
9603	-1
9604	-1
9605	-1
9606	-1
9607	-1
9608	-1
9609	-1
9610	-1
9611	-1
9612	-1
9613	-1
9614	-1
9615	-1
9616	-1
9617	-1
9618	-1
9619	-1
9620	-1
9621	-1
9622	-1
9623	-1
9624	-1
9625	-1
9626	-1
9627	-1
9628	-1
9629	-1
9630	-1
9631	-1
9632	-1
9633	-1
9634	-1
9635	-1
9636	-1
9637	-1
9638	-1
9639	-1
9640	-1
9641	-1
9642	-1
9643	-1
9644	-1
9645	-1
9646	-1
9647	-1
9648	-1
9649	-1
9650	-1
9651	-1
9652	-1
9653	-1
9654	-1
9655	-1
9656	-1
9657	-1
9658	-1
9659	-1
9660	-1
9661	-1
9662	-1
9663	-1
9664	-1
9665	-1
9666	-1
9667	-1
9668	-1
9669	-1
9670	-1
9671	-1
9672	-1
9673	-1
9674	-1
9675	-1
9676	-1
9677	-1
9678	-1
9679	-1
9680	-1
9681	-1
9682	-1
9683	-1
9684	-1
9685	-1
9686	-1
9687	-1
9688	-1
9689	-1
9690	-1
9691	-1
9692	-1
9693	-1
9694	-1
9695	-1
9696	-1
9697	-1
9698	-1
9699	-1
9700	-1
9701	-1
9702	-1
9703	-1
9704	-1
9705	-1
9706	-1
9707	-1
9708	-1
9709	-1
9710	-1
9711	-1
9712	-1
9713	-1
9714	-1
9715	-1
9716	-1
9717	-1
9718	-1
9719	-1
9720	-1
9721	-1
9722	-1
9723	-1
9724	-1
9725	-1
9726	-1
9727	-1
9728	-1
9729	-1
9730	-1
9731	-1
9732	-1
9733	-1
9734	-1
9735	-1
9736	-1
9737	-1
9738	-1
9739	-1
9740	-1
9741	-1
9742	-1
9743	-1
9744	-1
9745	-1
9746	-1
9747	-1
9748	-1
9749	-1
9750	-1
9751	-1
9752	-1
9753	-1
9754	-1
9755	-1
9756	-1
9757	-1
9758	-1
9759	-1
9760	-1
9761	-1
9762	-1
9763	-1
9764	-1
9765	-1
9766	-1
9767	-1
9768	-1
9769	-1
9770	-1
9771	-1
9772	-1
9773	-1
9774	-1
9775	-1
9776	-1
9777	-1
9778	-1
9779	-1
9780	-1
9781	-1
9782	-1
9783	-1
9784	-1
9785	-1
9786	-1
9787	-1
9788	-1
9789	-1
9790	-1
9791	-1
9792	-1
9793	-1
9794	-1
9795	-1
9796	-1
9797	-1
9798	-1
9799	-1
9800	-1
9801	-1
9802	-1
9803	-1
9804	-1
9805	-1
9806	-1
9807	-1
9808	-1
9809	-1
9810	-1
9811	-1
9812	-1
9813	-1
9814	-1
9815	-1
9816	-1
9817	-1
9818	-1
9819	-1
9820	-1
9821	-1
9822	-1
9823	-1
9824	-1
9825	-1
9826	-1
9827	-1
9828	-1
9829	-1
9830	-1
9831	-1
9832	-1
9833	-1
9834	-1
9835	-1
9836	-1
9837	-1
9838	-1
9839	-1
9840	-1
9841	-1
9842	-1
9843	-1
9844	-1
9845	-1
9846	-1
9847	-1
9848	-1
9849	-1
9850	-1
9851	-1
9852	-1
9853	-1
9854	-1
9855	-1
9856	-1
9857	-1
9858	-1
9859	-1
9860	-1
9861	-1
9862	-1
9863	-1
9864	-1
9865	-1
9866	-1
9867	-1
9868	-1
9869	-1
9870	-1
9871	-1
9872	-1
9873	-1
9874	-1
9875	-1
9876	-1
9877	-1
9878	-1
9879	-1
9880	-1
9881	-1
9882	-1
9883	-1
9884	-1
9885	-1
9886	-1
9887	-1
9888	-1
9889	-1
9890	-1
9891	-1
9892	-1
9893	-1
9894	-1
9895	-1
9896	-1
9897	-1
9898	-1
9899	-1
9900	-1
9901	-1
9902	-1
9903	-1
9904	-1
9905	-1
9906	-1
9907	-1
9908	-1
9909	-1
9910	-1
9911	-1
9912	-1
9913	-1
9914	-1
9915	-1
9916	-1
9917	-1
9918	-1
9919	-1
9920	-1
9921	-1
9922	-1
9923	-1
9924	-1
9925	-1
9926	-1
9927	-1
9928	-1
9929	-1
9930	-1
9931	-1
9932	-1
9933	-1
9934	-1
9935	-1
9936	-1
9937	-1
9938	-1
9939	-1
9940	-1
9941	-1
9942	-1
9943	-1
9944	-1
9945	-1
9946	-1
9947	-1
9948	-1
9949	-1
9950	-1
9951	-1
9952	-1
9953	-1
9954	-1
9955	-1
9956	-1
9957	-1
9958	-1
9959	-1
9960	-1
9961	-1
9962	-1
9963	-1
9964	-1
9965	-1
9966	-1
9967	-1
9968	-1
9969	-1
9970	-1
9971	-1
9972	-1
9973	-1
9974	-1
9975	-1
9976	-1
9977	-1
9978	-1
9979	-1
9980	-1
9981	-1
9982	-1
9983	-1
9984	-1
9985	-1
9986	-1
9987	-1
9988	-1
9989	-1
9990	-1
9991	-1
9992	-1
9993	-1
9994	-1
9995	-1
9996	-1
9997	-1
9998	-1
9999	-1
