0	1006515
1	1007388
2	1008388
3	1009388
4	1010388
5	1011388
6	1012388
7	1013388
8	1014388
9	1015384
10	1016384
11	1017388
12	1018388
13	1019384
14	1020384
15	1021388
16	1022388
17	1023380
18	1024388
19	1025388
20	1026388
21	1027388
22	1028388
23	1029388
24	1030384
25	1031384
26	1032384
27	1033388
28	1034384
29	1035384
30	1036384
31	1037388
32	1038384
33	1039388
34	1040388
35	1041388
36	1042388
37	1043388
38	1044388
39	1045388
40	1046388
41	1047384
42	1048388
43	1049388
44	1050384
45	1051384
46	1052388
47	1053388
48	1054384
49	1055384
50	1056388
51	1057388
52	1058388
53	1059388
54	1060388
55	1061388
56	1062388
57	1063384
58	1064388
59	1065388
60	1066384
61	1067388
62	1068388
63	1069384
64	1070384
65	1071388
66	1072388
67	1073388
68	1074388
69	1075388
70	1076388
71	1077388
72	1078388
73	1079388
74	1080388
75	1081388
76	1082384
77	1083388
78	1084388
79	1085388
80	1086384
81	1087388
82	1088384
83	1089388
84	1090388
85	1091388
86	1092388
87	1093388
88	1094388
89	1095388
90	1096388
91	1097388
92	1098388
93	1099388
94	1100384
95	1101388
96	1102388
97	1103388
98	1104384
99	1105388
100	1106388
101	1107388
102	1108388
103	1109388
104	1110388
105	1111388
106	1112388
107	1113388
108	1114388
109	1115388
110	1116384
111	1117388
112	1118388
113	1119384
114	1120384
115	1121388
116	1122388
117	1123388
118	1124388
119	1125388
120	1126388
121	1127388
122	1128388
123	1129388
124	1130388
125	1131384
126	1132384
127	1133388
128	1134388
129	1135384
130	1136384
131	1137388
132	1138388
133	1139384
134	1140388
135	1141388
136	1142388
137	1143388
138	1144388
139	1145388
140	1146388
141	1147384
142	1148384
143	1149388
144	1150388
145	1151388
146	1152388
147	1153388
148	1154388
149	1155388
150	1156388
151	1157388
152	1158388
153	1159388
154	1160388
155	1161388
156	1162388
157	1163388
158	1164388
159	1165388
160	1166388
161	1167388
162	1168388
163	1169388
164	1170388
165	1171388
166	1172388
167	1173388
168	1174388
169	1175388
170	1176388
171	1177388
172	1178388
173	1179388
174	1180388
175	1181388
176	1182388
177	1183388
178	1184388
179	1185388
180	1186388
181	1187388
182	1188388
183	1189388
184	1190388
185	1191388
186	1192388
187	1193388
188	1194388
189	1195388
190	1196388
191	1197388
192	1198388
193	1199388
194	1200388
195	1201388
196	1202388
197	1203388
198	1204388
199	1205388
200	1206388
201	1207388
202	1208388
203	1209388
204	1210388
205	1211388
206	1212388
207	1213388
208	1214388
209	1215388
210	1216388
211	1217388
212	1218388
213	1219388
214	1220388
215	1221388
216	1222388
217	1223388
218	1224388
219	1225388
220	1226388
221	1227388
222	1228388
223	1229388
224	1230388
225	1231388
226	1232388
227	1233388
228	1234388
229	1235388
230	1236388
231	1237388
232	1238388
233	1239388
234	1240388
235	1241388
236	1242388
237	1243388
238	1244388
239	1245388
240	1246384
241	1247388
242	1248388
243	1249388
244	1250388
245	1251388
246	1252388
247	1253388
248	1254388
249	1255388
250	1256388
251	1257388
252	1258388
253	1259388
254	1260388
255	1261388
256	1262392
257	1263392
258	1264392
259	1265392
260	1266392
261	1267392
262	1268392
263	1269392
264	1270392
265	1271392
266	1272392
267	1273392
268	1274392
269	1275392
270	1276392
271	1277392
272	1278392
273	1279384
274	1280392
275	1281392
276	1282392
277	1283392
278	1284392
279	1285392
280	1286392
281	1287392
282	1288392
283	1289392
284	1290392
285	1291392
286	1292392
287	1293392
288	1294392
289	1295392
290	1296392
291	1297392
292	1298392
293	1299392
294	1300392
295	1301392
296	1302392
297	1303392
298	1304392
299	1305392
300	1306392
301	1307392
302	1308392
303	1309392
304	1310392
305	1311392
306	1312392
307	1313392
308	1314392
309	1315392
310	1316392
311	1317392
312	1318392
313	1319392
314	1320392
315	1321392
316	1322392
317	1323392
318	1324392
319	1325392
320	1326392
321	1327392
322	1328392
323	1329392
324	1330392
325	1331392
326	1332392
327	1333392
328	1334392
329	1335392
330	1336392
331	1337392
332	1338392
333	1339392
334	1340392
335	1341392
336	1342392
337	1343392
338	1344392
339	1345392
340	1346392
341	1347392
342	1348392
343	1349392
344	1350392
345	1351392
346	1352392
347	1353392
348	1354392
349	1355392
350	1356392
351	1357392
352	1358392
353	1359392
354	1360392
355	1361392
356	1362392
357	1363392
358	1364392
359	1365392
360	1366392
361	1367392
362	1368392
363	1369392
364	1370392
365	1371392
366	1372392
367	1373392
368	1374392
369	1375392
370	1376392
371	1377392
372	1378392
373	1379392
374	1380392
375	1381392
376	1382392
377	1383392
378	1384392
379	1385392
380	1386392
381	1387392
382	1388392
383	1389392
384	1390392
385	1391392
386	1392392
387	1393392
388	1394392
389	1395392
390	1396392
391	1397392
392	1398392
393	1399392
394	1400392
395	1401392
396	1402392
397	1403392
398	1404392
399	1405392
400	1406392
401	1407392
402	1408392
403	1409392
404	1410392
405	1411392
406	1412392
407	1413392
408	1414392
409	1415392
410	1416392
411	1417392
412	1418392
413	1419392
414	1420392
415	1421392
416	1422392
417	1423392
418	1424392
419	1425392
420	1426392
421	1427392
422	1428392
423	1429392
424	1430392
425	1431392
426	1432392
427	1433392
428	1434392
429	1435392
430	1436392
431	1437392
432	1438392
433	1439392
434	1440392
435	1441392
436	1442392
437	1443392
438	1444392
439	1445392
440	1446392
441	1447392
442	1448392
443	1449392
444	1450392
445	1451392
446	1452392
447	1453392
448	1454392
449	1455392
450	1456392
451	1457392
452	1458392
453	1459392
454	1460392
455	1461392
456	1462392
457	1463392
458	1464392
459	1465392
460	1466392
461	1467392
462	1468392
463	1469392
464	1470392
465	1471392
466	1472392
467	1473392
468	1474392
469	1475392
470	1476392
471	1477392
472	1478392
473	1479392
474	1480392
475	1481392
476	1482392
477	1483392
478	1484392
479	1485392
480	1486392
481	1487392
482	1488392
483	1489392
484	1490392
485	1491392
486	1492392
487	1493392
488	1494392
489	1495392
490	1496392
491	1497392
492	1498392
493	1499392
494	1500392
495	1501392
496	1502388
497	1503392
498	1504392
499	1505392
500	1506392
501	1507392
502	1508392
503	1509392
504	1510392
505	1511392
506	1512392
507	1513392
508	1514392
509	1515392
510	1516392
511	1517392
512	1518392
513	1519392
514	1520392
515	1521392
516	1522392
517	1523392
518	1524392
519	1525392
520	1526392
521	1527392
522	1528392
523	1529392
524	1530392
525	1531392
526	1532392
527	1533392
528	1534392
529	1535384
530	1536392
531	1537392
532	1538392
533	1539392
534	1540392
535	1541392
536	1542392
537	1543392
538	1544392
539	1545392
540	1546392
541	1547392
542	1548392
543	1549392
544	1550392
545	1551392
546	1552392
547	1553392
548	1554392
549	1555392
550	1556392
551	1557392
552	1558392
553	1559392
554	1560392
555	1561392
556	1562392
557	1563392
558	1564392
559	1565392
560	1566392
561	1567392
562	1568392
563	1569392
564	1570392
565	1571392
566	1572392
567	1573392
568	1574392
569	1575392
570	1576392
571	1577392
572	1578392
573	1579392
574	1580392
575	1581392
576	1582392
577	1583392
578	1584392
579	1585392
580	1586392
581	1587392
582	1588392
583	1589392
584	1590392
585	1591392
586	1592392
587	1593392
588	1594392
589	1595392
590	1596392
591	1597392
592	1598392
593	1599392
594	1600392
595	1601392
596	1602392
597	1603392
598	1604392
599	1605392
600	1606392
601	1607392
602	1608392
603	1609392
604	1610392
605	1611392
606	1612392
607	1613392
608	1614392
609	1615392
610	1616392
611	1617392
612	1618392
613	1619392
614	1620392
615	1621392
616	1622392
617	1623392
618	1624392
619	1625392
620	1626392
621	1627392
622	1628392
623	1629392
624	1630392
625	1631392
626	1632392
627	1633392
628	1634392
629	1635392
630	1636392
631	1637392
632	1638392
633	1639392
634	1640392
635	1641392
636	1642392
637	1643392
638	1644392
639	1645392
640	1646392
641	1647392
642	1648392
643	1649392
644	1650392
645	1651392
646	1652392
647	1653392
648	1654392
649	1655392
650	1656392
651	1657392
652	1658392
653	1659392
654	1660392
655	1661392
656	1662392
657	1663392
658	1664392
659	1665392
660	1666392
661	1667392
662	1668392
663	1669392
664	1670392
665	1671392
666	1672392
667	1673392
668	1674392
669	1675392
670	1676392
671	1677392
672	1678392
673	1679392
674	1680392
675	1681392
676	1682392
677	1683392
678	1684392
679	1685392
680	1686392
681	1687392
682	1688392
683	1689392
684	1690392
685	1691392
686	1692392
687	1693392
688	1694392
689	1695392
690	1696392
691	1697392
692	1698392
693	1699392
694	1700392
695	1701392
696	1702392
697	1703392
698	1704392
699	1705392
700	1706392
701	1707392
702	1708392
703	1709392
704	1710392
705	1711392
706	1712392
707	1713392
708	1714392
709	1715392
710	1716392
711	1717392
712	1718392
713	1719392
714	1720392
715	1721392
716	1722392
717	1723392
718	1724392
719	1725392
720	1726392
721	1727392
722	1728392
723	1729392
724	1730392
725	1731392
726	1732392
727	1733392
728	1734392
729	1735392
730	1736392
731	1737392
732	1738392
733	1739392
734	1740392
735	1741392
736	1742392
737	1743392
738	1744392
739	1745392
740	1746392
741	1747392
742	1748392
743	1749392
744	1750392
745	1751392
746	1752392
747	1753392
748	1754392
749	1755392
750	1756392
751	1757392
752	1758388
753	1759392
754	1760392
755	1761392
756	1762392
757	1763392
758	1764392
759	1765392
760	1766392
761	1767392
762	1768392
763	1769392
764	1770392
765	1771392
766	1772392
767	1773392
768	1774392
769	1775392
770	1776392
771	1777392
772	1778392
773	1779392
774	1780392
775	1781392
776	1782392
777	1783392
778	1784392
779	1785392
780	1786392
781	1787392
782	1788392
783	1789392
784	1790392
785	1791384
786	1792392
787	1793392
788	1794392
789	1795392
790	1796392
791	1797392
792	1798392
793	1799392
794	1800392
795	1801392
796	1802392
797	1803392
798	1804392
799	1805392
800	1806392
801	1807392
802	1808392
803	1809392
804	1810392
805	1811392
806	1812392
807	1813392
808	1814392
809	1815392
810	1816392
811	1817392
812	1818392
813	1819392
814	1820392
815	1821392
816	1822392
817	1823392
818	1824392
819	1825392
820	1826392
821	1827392
822	1828392
823	1829392
824	1830392
825	1831392
826	1832392
827	1833392
828	1834392
829	1835392
830	1836392
831	1837392
832	1838392
833	1839392
834	1840392
835	1841392
836	1842392
837	1843392
838	1844392
839	1845392
840	1846392
841	1847392
842	1848392
843	1849392
844	1850392
845	1851392
846	1852392
847	1853392
848	1854392
849	1855392
850	1856392
851	1857392
852	1858392
853	1859392
854	1860392
855	1861392
856	1862392
857	1863392
858	1864392
859	1865392
860	1866392
861	1867392
862	1868392
863	1869392
864	1870392
865	1871392
866	1872392
867	1873392
868	1874392
869	1875392
870	1876392
871	1877392
872	1878392
873	1879392
874	1880392
875	1881392
876	1882392
877	1883392
878	1884392
879	1885392
880	1886392
881	1887392
882	1888392
883	1889392
884	1890392
885	1891392
886	1892392
887	1893392
888	1894392
889	1895392
890	1896392
891	1897392
892	1898392
893	1899392
894	1900392
895	1901392
896	1902392
897	1903392
898	1904392
899	1905392
900	1906392
901	1907392
902	1908392
903	1909392
904	1910392
905	1911392
906	1912392
907	1913392
908	1914392
909	1915392
910	1916392
911	1917392
912	1918392
913	1919392
914	1920392
915	1921392
916	1922392
917	1923392
918	1924392
919	1925392
920	1926392
921	1927392
922	1928392
923	1929392
924	1930392
925	1931392
926	1932392
927	1933392
928	1934392
929	1935392
930	1936392
931	1937392
932	1938392
933	1939392
934	1940392
935	1941392
936	1942392
937	1943392
938	1944392
939	1945392
940	1946392
941	1947392
942	1948392
943	1949392
944	1950392
945	1951392
946	1952392
947	1953392
948	1954392
949	1955392
950	1956392
951	1957392
952	1958392
953	1959392
954	1960392
955	1961392
956	1962392
957	1963392
958	1964392
959	1965392
960	1966392
961	1967392
962	1968392
963	1969392
964	1970392
965	1971392
966	1972392
967	1973392
968	1974392
969	1975392
970	1976392
971	1977392
972	1978392
973	1979392
974	1980392
975	1981392
976	1982392
977	1983392
978	1984392
979	1985392
980	1986392
981	1987392
982	1988392
983	1989392
984	1990392
985	1991392
986	1992392
987	1993392
988	1994392
989	1995392
990	1996392
991	1997392
992	1998392
993	1999392
994	2000392
995	2001392
996	2002392
997	2003392
998	2004392
999	2005392
1000	2006392
1001	2007392
1002	2008392
1003	2009392
1004	2010392
1005	2011392
1006	2012392
1007	2013392
1008	2014380
1009	2015392
1010	2016392
1011	2017392
1012	2018392
1013	2019392
1014	2020392
1015	2021392
1016	2022392
1017	2023392
1018	2024392
1019	2025392
1020	2026392
1021	2027392
1022	2028392
1023	2029392
1024	2030392
1025	2031392
1026	2032392
1027	2033392
1028	2034384
1029	2035392
1030	2036392
1031	2037392
1032	2038392
1033	2039392
1034	2040392
1035	2041392
1036	2042392
1037	2043392
1038	2044392
1039	2045392
1040	2046392
1041	2047384
1042	2048392
1043	2049392
1044	2050392
1045	2051392
1046	2052392
1047	2053392
1048	2054392
1049	2055392
1050	2056392
1051	2057392
1052	2058392
1053	2059392
1054	2060392
1055	2061392
1056	2062392
1057	2063392
1058	2064392
1059	2065392
1060	2066392
1061	2067392
1062	2068392
1063	2069392
1064	2070392
1065	2071392
1066	2072392
1067	2073392
1068	2074392
1069	2075392
1070	2076392
1071	2077392
1072	2078392
1073	2079392
1074	2080392
1075	2081392
1076	2082392
1077	2083392
1078	2084392
1079	2085392
1080	2086392
1081	2087392
1082	2088392
1083	2089392
1084	2090392
1085	2091392
1086	2092392
1087	2093392
1088	2094392
1089	2095392
1090	2096392
1091	2097392
1092	2098392
1093	2099392
1094	2100392
1095	2101392
1096	2102392
1097	2103392
1098	2104392
1099	2105392
1100	2106392
1101	2107392
1102	2108392
1103	2109392
1104	2110392
1105	2111392
1106	2112392
1107	2113392
1108	2114392
1109	2115392
1110	2116392
1111	2117392
1112	2118392
1113	2119392
1114	2120392
1115	2121392
1116	2122392
1117	2123392
1118	2124392
1119	2125392
1120	2126392
1121	2127392
1122	2128392
1123	2129392
1124	2130392
1125	2131392
1126	2132392
1127	2133392
1128	2134392
1129	2135392
1130	2136392
1131	2137392
1132	2138392
1133	2139392
1134	2140392
1135	2141392
1136	2142392
1137	2143392
1138	2144392
1139	2145392
1140	2146392
1141	2147392
1142	2148392
1143	2149392
1144	2150392
1145	2151392
1146	2152392
1147	2153392
1148	2154392
1149	2155392
1150	2156392
1151	2157392
1152	2158392
1153	2159392
1154	2160392
1155	2161392
1156	2162392
1157	2163392
1158	2164392
1159	2165392
1160	2166392
1161	2167392
1162	2168392
1163	2169392
1164	2170392
1165	2171392
1166	2172392
1167	2173392
1168	2174392
1169	2175392
1170	2176392
1171	2177392
1172	2178392
1173	2179392
1174	2180392
1175	2181392
1176	2182392
1177	2183392
1178	2184392
1179	2185392
1180	2186392
1181	2187392
1182	2188392
1183	2189392
1184	2190392
1185	2191392
1186	2192392
1187	2193392
1188	2194392
1189	2195392
1190	2196392
1191	2197392
1192	2198392
1193	2199392
1194	2200392
1195	2201392
1196	2202392
1197	2203392
1198	2204392
1199	2205392
1200	2206392
1201	2207392
1202	2208392
1203	2209392
1204	2210392
1205	2211392
1206	2212392
1207	2213392
1208	2214392
1209	2215392
1210	2216392
1211	2217392
1212	2218392
1213	2219392
1214	2220392
1215	2221392
1216	2222392
1217	2223392
1218	2224392
1219	2225392
1220	2226392
1221	2227392
1222	2228392
1223	2229392
1224	2230392
1225	2231392
1226	2232392
1227	2233392
1228	2234392
1229	2235392
1230	2236392
1231	2237392
1232	2238392
1233	2239392
1234	2240392
1235	2241392
1236	2242392
1237	2243392
1238	2244392
1239	2245392
1240	2246392
1241	2247392
1242	2248392
1243	2249392
1244	2250392
1245	2251392
1246	2252392
1247	2253392
1248	2254392
1249	2255392
1250	2256392
1251	2257392
1252	2258392
1253	2259392
1254	2260392
1255	2261392
1256	2262392
1257	2263392
1258	2264392
1259	2265392
1260	2266392
1261	2267392
1262	2268392
1263	2269392
1264	2270388
1265	2271392
1266	2272392
1267	2273392
1268	2274392
1269	2275392
1270	2276392
1271	2277392
1272	2278392
1273	2279392
1274	2280392
1275	2281392
1276	2282392
1277	2283392
1278	2284392
1279	2285392
1280	2286392
1281	2287392
1282	2288392
1283	2289392
1284	2290392
1285	2291392
1286	2292392
1287	2293392
1288	2294392
1289	2295392
1290	2296392
1291	2297392
1292	2298392
1293	2299392
1294	2300392
1295	2301392
1296	2302392
1297	2303384
1298	2304392
1299	2305392
1300	2306392
1301	2307392
1302	2308392
1303	2309392
1304	2310392
1305	2311392
1306	2312392
1307	2313392
1308	2314392
1309	2315392
1310	2316392
1311	2317392
1312	2318392
1313	2319392
1314	2320392
1315	2321392
1316	2322392
1317	2323392
1318	2324392
1319	2325392
1320	2326392
1321	2327392
1322	2328392
1323	2329392
1324	2330392
1325	2331392
1326	2332392
1327	2333392
1328	2334392
1329	2335392
1330	2336392
1331	2337392
1332	2338392
1333	2339392
1334	2340392
1335	2341392
1336	2342392
1337	2343392
1338	2344392
1339	2345392
1340	2346392
1341	2347392
1342	2348392
1343	2349392
1344	2350392
1345	2351392
1346	2352392
1347	2353392
1348	2354392
1349	2355392
1350	2356392
1351	2357392
1352	2358392
1353	2359392
1354	2360392
1355	2361392
1356	2362392
1357	2363392
1358	2364392
1359	2365392
1360	2366392
1361	2367392
1362	2368392
1363	2369392
1364	2370392
1365	2371392
1366	2372392
1367	2373392
1368	2374392
1369	2375392
1370	2376392
1371	2377392
1372	2378392
1373	2379392
1374	2380392
1375	2381392
1376	2382392
1377	2383392
1378	2384392
1379	2385392
1380	2386392
1381	2387392
1382	2388392
1383	2389392
1384	2390392
1385	2391392
1386	2392392
1387	2393392
1388	2394392
1389	2395392
1390	2396392
1391	2397392
1392	2398392
1393	2399392
1394	2400392
1395	2401392
1396	2402392
1397	2403392
1398	2404392
1399	2405392
1400	2406392
1401	2407392
1402	2408392
1403	2409392
1404	2410392
1405	2411392
1406	2412392
1407	2413392
1408	2414392
1409	2415392
1410	2416392
1411	2417392
1412	2418392
1413	2419392
1414	2420392
1415	2421392
1416	2422392
1417	2423392
1418	2424392
1419	2425392
1420	2426392
1421	2427392
1422	2428392
1423	2429392
1424	2430392
1425	2431392
1426	2432392
1427	2433392
1428	2434392
1429	2435392
1430	2436392
1431	2437392
1432	2438392
1433	2439392
1434	2440392
1435	2441392
1436	2442392
1437	2443392
1438	2444392
1439	2445392
1440	2446392
1441	2447392
1442	2448392
1443	2449392
1444	2450392
1445	2451392
1446	2452392
1447	2453392
1448	2454392
1449	2455392
1450	2456392
1451	2457392
1452	2458392
1453	2459392
1454	2460392
1455	2461392
1456	2462392
1457	2463392
1458	2464392
1459	2465392
1460	2466392
1461	2467392
1462	2468392
1463	2469392
1464	2470392
1465	2471392
1466	2472392
1467	2473392
1468	2474392
1469	2475392
1470	2476392
1471	2477392
1472	2478392
1473	2479392
1474	2480392
1475	2481392
1476	2482392
1477	2483392
1478	2484392
1479	2485392
1480	2486392
1481	2487392
1482	2488392
1483	2489392
1484	2490392
1485	2491392
1486	2492392
1487	2493392
1488	2494392
1489	2495392
1490	2496392
1491	2497392
1492	2498392
1493	2499392
1494	2500392
1495	2501392
1496	2502392
1497	2503392
1498	2504392
1499	2505392
1500	2506392
1501	2507392
1502	2508392
1503	2509392
1504	2510392
1505	2511392
1506	2512392
1507	2513392
1508	2514392
1509	2515392
1510	2516392
1511	2517392
1512	2518392
1513	2519392
1514	2520392
1515	2521392
1516	2522392
1517	2523392
1518	2524392
1519	2525392
1520	2526388
1521	2527392
1522	2528392
1523	2529392
1524	2530392
1525	2531392
1526	2532392
1527	2533392
1528	2534392
1529	2535392
1530	2536392
1531	2537392
1532	2538392
1533	2539392
1534	2540392
1535	2541392
1536	2542392
1537	2543392
1538	2544392
1539	2545392
1540	2546392
1541	2547392
1542	2548392
1543	2549392
1544	2550392
1545	2551392
1546	2552392
1547	2553392
1548	2554392
1549	2555392
1550	2556392
1551	2557392
1552	2558392
1553	2559384
1554	2560392
1555	2561392
1556	2562392
1557	2563392
1558	2564392
1559	2565392
1560	2566392
1561	2567392
1562	2568392
1563	2569392
1564	2570392
1565	2571392
1566	2572392
1567	2573392
1568	2574392
1569	2575392
1570	2576392
1571	2577392
1572	2578392
1573	2579392
1574	2580392
1575	2581392
1576	2582392
1577	2583392
1578	2584392
1579	2585392
1580	2586392
1581	2587392
1582	2588392
1583	2589392
1584	2590392
1585	2591392
1586	2592392
1587	2593392
1588	2594392
1589	2595392
1590	2596392
1591	2597392
1592	2598392
1593	2599392
1594	2600392
1595	2601392
1596	2602392
1597	2603392
1598	2604392
1599	2605392
1600	2606392
1601	2607392
1602	2608392
1603	2609392
1604	2610392
1605	2611392
1606	2612392
1607	2613392
1608	2614392
1609	2615392
1610	2616392
1611	2617392
1612	2618392
1613	2619392
1614	2620392
1615	2621392
1616	2622392
1617	2623392
1618	2624392
1619	2625392
1620	2626392
1621	2627392
1622	2628392
1623	2629392
1624	2630392
1625	2631392
1626	2632392
1627	2633392
1628	2634392
1629	2635392
1630	2636392
1631	2637392
1632	2638392
1633	2639392
1634	2640392
1635	2641392
1636	2642392
1637	2643392
1638	2644392
1639	2645392
1640	2646392
1641	2647392
1642	2648392
1643	2649392
1644	2650392
1645	2651392
1646	2652392
1647	2653392
1648	2654392
1649	2655392
1650	2656392
1651	2657392
1652	2658392
1653	2659392
1654	2660392
1655	2661392
1656	2662392
1657	2663392
1658	2664392
1659	2665392
1660	2666392
1661	2667392
1662	2668392
1663	2669392
1664	2670392
1665	2671392
1666	2672392
1667	2673392
1668	2674392
1669	2675392
1670	2676392
1671	2677392
1672	2678392
1673	2679392
1674	2680392
1675	2681392
1676	2682392
1677	2683392
1678	2684392
1679	2685392
1680	2686392
1681	2687392
1682	2688392
1683	2689392
1684	2690392
1685	2691392
1686	2692392
1687	2693392
1688	2694392
1689	2695392
1690	2696392
1691	2697392
1692	2698392
1693	2699392
1694	2700392
1695	2701392
1696	2702392
1697	2703392
1698	2704392
1699	2705392
1700	2706392
1701	2707392
1702	2708392
1703	2709392
1704	2710392
1705	2711392
1706	2712392
1707	2713392
1708	2714392
1709	2715392
1710	2716392
1711	2717392
1712	2718392
1713	2719392
1714	2720392
1715	2721392
1716	2722392
1717	2723392
1718	2724392
1719	2725392
1720	2726392
1721	2727392
1722	2728392
1723	2729392
1724	2730392
1725	2731392
1726	2732392
1727	2733392
1728	2734392
1729	2735392
1730	2736392
1731	2737392
1732	2738392
1733	2739392
1734	2740392
1735	2741392
1736	2742392
1737	2743392
1738	2744392
1739	2745392
1740	2746392
1741	2747392
1742	2748392
1743	2749392
1744	2750392
1745	2751392
1746	2752392
1747	2753392
1748	2754392
1749	2755392
1750	2756392
1751	2757392
1752	2758392
1753	2759392
1754	2760392
1755	2761392
1756	2762392
1757	2763392
1758	2764392
1759	2765392
1760	2766392
1761	2767392
1762	2768392
1763	2769392
1764	2770392
1765	2771392
1766	2772392
1767	2773392
1768	2774392
1769	2775392
1770	2776392
1771	2777392
1772	2778392
1773	2779392
1774	2780392
1775	2781392
1776	2782388
1777	2783392
1778	2784392
1779	2785392
1780	2786392
1781	2787392
1782	2788392
1783	2789392
1784	2790392
1785	2791392
1786	2792392
1787	2793392
1788	2794392
1789	2795392
1790	2796392
1791	2797392
1792	2798392
1793	2799392
1794	2800392
1795	2801392
1796	2802392
1797	2803392
1798	2804392
1799	2805392
1800	2806392
1801	2807392
1802	2808392
1803	2809392
1804	2810392
1805	2811392
1806	2812392
1807	2813392
1808	2814392
1809	2815384
1810	2816392
1811	2817392
1812	2818392
1813	2819392
1814	2820392
1815	2821392
1816	2822392
1817	2823392
1818	2824392
1819	2825392
1820	2826392
1821	2827392
1822	2828392
1823	2829392
1824	2830392
1825	2831392
1826	2832392
1827	2833392
1828	2834392
1829	2835392
1830	2836392
1831	2837392
1832	2838392
1833	2839392
1834	2840392
1835	2841392
1836	2842392
1837	2843392
1838	2844392
1839	2845392
1840	2846392
1841	2847392
1842	2848392
1843	2849392
1844	2850392
1845	2851392
1846	2852392
1847	2853392
1848	2854392
1849	2855392
1850	2856392
1851	2857392
1852	2858388
1853	2859392
1854	2860392
1855	2861392
1856	2862392
1857	2863392
1858	2864392
1859	2865392
1860	2866392
1861	2867392
1862	2868392
1863	2869392
1864	2870392
1865	2871392
1866	2872392
1867	2873392
1868	2874392
1869	2875392
1870	2876392
1871	2877392
1872	2878392
1873	2879392
1874	2880392
1875	2881392
1876	2882392
1877	2883392
1878	2884392
1879	2885392
1880	2886392
1881	2887392
1882	2888392
1883	2889392
1884	2890392
1885	2891392
1886	2892392
1887	2893392
1888	2894392
1889	2895392
1890	2896392
1891	2897392
1892	2898392
1893	2899392
1894	2900392
1895	2901392
1896	2902392
1897	2903392
1898	2904392
1899	2905392
1900	2906392
1901	2907392
1902	2908392
1903	2909392
1904	2910392
1905	2911392
1906	2912392
1907	2913392
1908	2914392
1909	2915392
1910	2916392
1911	2917392
1912	2918392
1913	2919392
1914	2920392
1915	2921392
1916	2922392
1917	2923392
1918	2924392
1919	2925392
1920	2926392
1921	2927392
1922	2928392
1923	2929392
1924	2930392
1925	2931392
1926	2932392
1927	2933392
1928	2934392
1929	2935392
1930	2936392
1931	2937392
1932	2938392
1933	2939392
1934	2940392
1935	2941392
1936	2942392
1937	2943392
1938	2944392
1939	2945392
1940	2946392
1941	2947392
1942	2948392
1943	2949392
1944	2950392
1945	2951392
1946	2952392
1947	2953392
1948	2954392
1949	2955392
1950	2956392
1951	2957392
1952	2958392
1953	2959392
1954	2960392
1955	2961392
1956	2962392
1957	2963392
1958	2964392
1959	2965392
1960	2966392
1961	2967392
1962	2968392
1963	2969392
1964	2970392
1965	2971392
1966	2972392
1967	2973392
1968	2974392
1969	2975392
1970	2976392
1971	2977392
1972	2978392
1973	2979392
1974	2980392
1975	2981392
1976	2982392
1977	2983392
1978	2984392
1979	2985392
1980	2986392
1981	2987392
1982	2988392
1983	2989392
1984	2990392
1985	2991392
1986	2992392
1987	2993392
1988	2994392
1989	2995392
1990	2996392
1991	2997392
1992	2998392
1993	2999392
1994	3000392
1995	3001392
1996	3002392
1997	3003392
1998	3004392
1999	3005392
2000	3006392
2001	3007392
2002	3008392
2003	3009392
2004	3010392
2005	3011392
2006	3012392
2007	3013392
2008	3014392
2009	3015392
2010	3016392
2011	3017392
2012	3018392
2013	3019392
2014	3020392
2015	3021392
2016	3022392
2017	3023392
2018	3024392
2019	3025392
2020	3026392
2021	3027392
2022	3028392
2023	3029392
2024	3030392
2025	3031392
2026	3032392
2027	3033392
2028	3034392
2029	3035392
2030	3036392
2031	3037392
2032	3038388
2033	3039392
2034	3040392
2035	3041392
2036	3042392
2037	3043392
2038	3044392
2039	3045392
2040	3046392
2041	3047392
2042	3048392
2043	3049392
2044	3050392
2045	3051392
2046	3052392
2047	3053392
2048	3054392
2049	3055392
2050	3056392
2051	3057392
2052	3058392
2053	3059392
2054	3060392
2055	3061392
2056	3062392
2057	3063392
2058	3064392
2059	3065392
2060	3066392
2061	3067392
2062	3068392
2063	3069392
2064	3070392
2065	3071384
2066	3072392
2067	3073392
2068	3074392
2069	3075392
2070	3076392
2071	3077392
2072	3078392
2073	3079392
2074	3080392
2075	3081392
2076	3082392
2077	3083392
2078	3084392
2079	3085392
2080	3086392
2081	3087392
2082	3088392
2083	3089392
2084	3090392
2085	3091392
2086	3092392
2087	3093392
2088	3094392
2089	3095392
2090	3096392
2091	3097392
2092	3098392
2093	3099392
2094	3100392
2095	3101392
2096	3102392
2097	3103392
2098	3104392
2099	3105392
2100	3106392
2101	3107392
2102	3108392
2103	3109392
2104	3110392
2105	3111392
2106	3112392
2107	3113392
2108	3114392
2109	3115392
2110	3116392
2111	3117392
2112	3118392
2113	3119392
2114	3120392
2115	3121392
2116	3122392
2117	3123392
2118	3124392
2119	3125392
2120	3126392
2121	3127392
2122	3128392
2123	3129392
2124	3130392
2125	3131392
2126	3132392
2127	3133392
2128	3134392
2129	3135392
2130	3136392
2131	3137392
2132	3138392
2133	3139392
2134	3140392
2135	3141392
2136	3142392
2137	3143392
2138	3144392
2139	3145392
2140	3146392
2141	3147392
2142	3148392
2143	3149392
2144	3150392
2145	3151392
2146	3152392
2147	3153392
2148	3154392
2149	3155392
2150	3156392
2151	3157392
2152	3158392
2153	3159392
2154	3160392
2155	3161392
2156	3162392
2157	3163392
2158	3164392
2159	3165392
2160	3166392
2161	3167392
2162	3168392
2163	3169392
2164	3170392
2165	3171392
2166	3172392
2167	3173392
2168	3174392
2169	3175392
2170	3176392
2171	3177392
2172	3178392
2173	3179392
2174	3180392
2175	3181392
2176	3182392
2177	3183392
2178	3184392
2179	3185392
2180	3186392
2181	3187392
2182	3188392
2183	3189392
2184	3190392
2185	3191392
2186	3192392
2187	3193392
2188	3194392
2189	3195392
2190	3196392
2191	3197392
2192	3198392
2193	3199392
2194	3200392
2195	3201392
2196	3202392
2197	3203392
2198	3204392
2199	3205392
2200	3206392
2201	3207392
2202	3208392
2203	3209392
2204	3210392
2205	3211392
2206	3212392
2207	3213392
2208	3214392
2209	3215392
2210	3216392
2211	3217392
2212	3218392
2213	3219392
2214	3220392
2215	3221392
2216	3222392
2217	3223392
2218	3224392
2219	3225392
2220	3226392
2221	3227392
2222	3228392
2223	3229392
2224	3230392
2225	3231392
2226	3232392
2227	3233392
2228	3234392
2229	3235392
2230	3236392
2231	3237392
2232	3238392
2233	3239392
2234	3240392
2235	3241392
2236	3242392
2237	3243392
2238	3244392
2239	3245392
2240	3246392
2241	3247392
2242	3248392
2243	3249392
2244	3250392
2245	3251392
2246	3252392
2247	3253392
2248	3254392
2249	3255392
2250	3256392
2251	3257392
2252	3258392
2253	3259392
2254	3260392
2255	3261392
2256	3262392
2257	3263392
2258	3264392
2259	3265392
2260	3266392
2261	3267392
2262	3268392
2263	3269392
2264	3270392
2265	3271392
2266	3272392
2267	3273392
2268	3274392
2269	3275392
2270	3276392
2271	3277392
2272	3278392
2273	3279392
2274	3280392
2275	3281392
2276	3282392
2277	3283392
2278	3284392
2279	3285392
2280	3286392
2281	3287392
2282	3288392
2283	3289392
2284	3290392
2285	3291392
2286	3292392
2287	3293392
2288	3294388
2289	3295392
2290	3296392
2291	3297392
2292	3298392
2293	3299392
2294	3300392
2295	3301392
2296	3302392
2297	3303392
2298	3304392
2299	3305392
2300	3306392
2301	3307392
2302	3308392
2303	3309392
2304	3310392
2305	3311392
2306	3312392
2307	3313392
2308	3314392
2309	3315392
2310	3316392
2311	3317392
2312	3318392
2313	3319392
2314	3320392
2315	3321392
2316	3322392
2317	3323392
2318	3324392
2319	3325392
2320	3326392
2321	3327384
2322	3328392
2323	3329392
2324	3330392
2325	3331392
2326	3332392
2327	3333392
2328	3334392
2329	3335392
2330	3336392
2331	3337392
2332	3338392
2333	3339392
2334	3340392
2335	3341392
2336	3342392
2337	3343392
2338	3344392
2339	3345392
2340	3346392
2341	3347392
2342	3348392
2343	3349392
2344	3350392
2345	3351392
2346	3352392
2347	3353392
2348	3354392
2349	3355392
2350	3356392
2351	3357392
2352	3358392
2353	3359392
2354	3360392
2355	3361392
2356	3362392
2357	3363392
2358	3364392
2359	3365392
2360	3366392
2361	3367392
2362	3368392
2363	3369392
2364	3370392
2365	3371392
2366	3372392
2367	3373392
2368	3374392
2369	3375392
2370	3376392
2371	3377392
2372	3378392
2373	3379392
2374	3380392
2375	3381392
2376	3382392
2377	3383392
2378	3384392
2379	3385392
2380	3386392
2381	3387392
2382	3388392
2383	3389392
2384	3390392
2385	3391392
2386	3392392
2387	3393392
2388	3394392
2389	3395392
2390	3396392
2391	3397392
2392	3398392
2393	3399392
2394	3400392
2395	3401392
2396	3402392
2397	3403392
2398	3404392
2399	3405392
2400	3406392
2401	3407392
2402	3408392
2403	3409392
2404	3410392
2405	3411392
2406	3412392
2407	3413392
2408	3414392
2409	3415392
2410	3416392
2411	3417392
2412	3418392
2413	3419392
2414	3420392
2415	3421392
2416	3422392
2417	3423392
2418	3424392
2419	3425392
2420	3426392
2421	3427392
2422	3428392
2423	3429392
2424	3430392
2425	3431392
2426	3432392
2427	3433392
2428	3434392
2429	3435392
2430	3436392
2431	3437392
2432	3438392
2433	3439392
2434	3440392
2435	3441392
2436	3442392
2437	3443392
2438	3444392
2439	3445392
2440	3446392
2441	3447392
2442	3448392
2443	3449392
2444	3450392
2445	3451392
2446	3452392
2447	3453392
2448	3454392
2449	3455392
2450	3456392
2451	3457392
2452	3458392
2453	3459392
2454	3460392
2455	3461392
2456	3462392
2457	3463392
2458	3464392
2459	3465392
2460	3466392
2461	3467392
2462	3468392
2463	3469392
2464	3470392
2465	3471392
2466	3472392
2467	3473392
2468	3474392
2469	3475392
2470	3476392
2471	3477392
2472	3478392
2473	3479392
2474	3480392
2475	3481392
2476	3482392
2477	3483392
2478	3484392
2479	3485392
2480	3486392
2481	3487392
2482	3488392
2483	3489392
2484	3490392
2485	3491392
2486	3492392
2487	3493392
2488	3494392
2489	3495392
2490	3496392
2491	3497392
2492	3498392
2493	3499392
2494	3500392
2495	3501392
2496	3502392
2497	3503392
2498	3504392
2499	3505392
2500	3506392
2501	3507392
2502	3508392
2503	3509392
2504	3510392
2505	3511392
2506	3512392
2507	3513392
2508	3514392
2509	3515392
2510	3516392
2511	3517392
2512	3518392
2513	3519392
2514	3520392
2515	3521392
2516	3522392
2517	3523392
2518	3524392
2519	3525392
2520	3526392
2521	3527392
2522	3528392
2523	3529392
2524	3530392
2525	3531392
2526	3532392
2527	3533392
2528	3534392
2529	3535392
2530	3536392
2531	3537392
2532	3538392
2533	3539392
2534	3540392
2535	3541392
2536	3542392
2537	3543392
2538	3544392
2539	3545392
2540	3546392
2541	3547392
2542	3548392
2543	3549392
2544	3550388
2545	3551392
2546	3552392
2547	3553392
2548	3554392
2549	3555392
2550	3556392
2551	3557392
2552	3558392
2553	3559392
2554	3560392
2555	3561392
2556	3562392
2557	3563392
2558	3564392
2559	3565392
2560	3566392
2561	3567388
2562	3568392
2563	3569392
2564	3570392
2565	3571392
2566	3572392
2567	3573392
2568	3574392
2569	3575392
2570	3576392
2571	3577392
2572	3578392
2573	3579392
2574	3580392
2575	3581392
2576	3582392
2577	3583384
2578	3584392
2579	3585392
2580	3586392
2581	3587392
2582	3588392
2583	3589392
2584	3590392
2585	3591392
2586	3592392
2587	3593392
2588	3594392
2589	3595392
2590	3596392
2591	3597392
2592	3598392
2593	3599392
2594	3600392
2595	3601392
2596	3602392
2597	3603392
2598	3604392
2599	3605392
2600	3606392
2601	3607392
2602	3608392
2603	3609392
2604	3610392
2605	3611392
2606	3612392
2607	3613392
2608	3614392
2609	3615392
2610	3616392
2611	3617392
2612	3618392
2613	3619392
2614	3620392
2615	3621392
2616	3622392
2617	3623392
2618	3624392
2619	3625392
2620	3626392
2621	3627392
2622	3628392
2623	3629392
2624	3630392
2625	3631392
2626	3632392
2627	3633392
2628	3634392
2629	3635392
2630	3636392
2631	3637392
2632	3638392
2633	3639392
2634	3640392
2635	3641392
2636	3642392
2637	3643392
2638	3644392
2639	3645392
2640	3646392
2641	3647392
2642	3648392
2643	3649392
2644	3650392
2645	3651392
2646	3652392
2647	3653392
2648	3654392
2649	3655392
2650	3656392
2651	3657392
2652	3658392
2653	3659392
2654	3660392
2655	3661392
2656	3662392
2657	3663392
2658	3664392
2659	3665392
2660	3666392
2661	3667392
2662	3668392
2663	3669392
2664	3670392
2665	3671392
2666	3672392
2667	3673392
2668	3674392
2669	3675392
2670	3676392
2671	3677392
2672	3678392
2673	3679392
2674	3680392
2675	3681392
2676	3682392
2677	3683392
2678	3684392
2679	3685392
2680	3686392
2681	3687392
2682	3688392
2683	3689392
2684	3690392
2685	3691392
2686	3692392
2687	3693392
2688	3694392
2689	3695392
2690	3696392
2691	3697392
2692	3698392
2693	3699392
2694	3700392
2695	3701392
2696	3702392
2697	3703392
2698	3704392
2699	3705392
2700	3706392
2701	3707392
2702	3708392
2703	3709392
2704	3710392
2705	3711392
2706	3712392
2707	3713392
2708	3714392
2709	3715392
2710	3716392
2711	3717392
2712	3718392
2713	3719392
2714	3720392
2715	3721392
2716	3722392
2717	3723392
2718	3724392
2719	3725392
2720	3726392
2721	3727392
2722	3728392
2723	3729392
2724	3730392
2725	3731392
2726	3732392
2727	3733392
2728	3734392
2729	3735392
2730	3736392
2731	3737392
2732	3738392
2733	3739392
2734	3740392
2735	3741392
2736	3742392
2737	3743392
2738	3744392
2739	3745392
2740	3746392
2741	3747392
2742	3748392
2743	3749392
2744	3750392
2745	3751392
2746	3752392
2747	3753392
2748	3754392
2749	3755392
2750	3756392
2751	3757392
2752	3758392
2753	3759392
2754	3760392
2755	3761392
2756	3762392
2757	3763392
2758	3764392
2759	3765392
2760	3766392
2761	3767392
2762	3768392
2763	3769392
2764	3770392
2765	3771392
2766	3772392
2767	3773392
2768	3774392
2769	3775392
2770	3776392
2771	3777392
2772	3778392
2773	3779392
2774	3780392
2775	3781392
2776	3782392
2777	3783392
2778	3784392
2779	3785392
2780	3786392
2781	3787392
2782	3788392
2783	3789392
2784	3790392
2785	3791392
2786	3792392
2787	3793392
2788	3794392
2789	3795392
2790	3796392
2791	3797392
2792	3798392
2793	3799392
2794	3800392
2795	3801392
2796	3802392
2797	3803392
2798	3804392
2799	3805392
2800	3806502
2801	3807392
2802	3808392
2803	3809392
2804	3810392
2805	3811392
2806	3812392
2807	3813392
2808	3814392
2809	3815392
2810	3816392
2811	3817392
2812	3818392
2813	3819392
2814	3820392
2815	3821392
2816	3822392
2817	3823392
2818	3824392
2819	3825392
2820	3826392
2821	3827392
2822	3828392
2823	3829392
2824	3830392
2825	3831392
2826	3832392
2827	3833392
2828	3834392
2829	3835392
2830	3836392
2831	3837392
2832	3838392
2833	3839384
2834	3840392
2835	3841392
2836	3842392
2837	3843392
2838	3844392
2839	3845392
2840	3846392
2841	3847392
2842	3848392
2843	3849392
2844	3850392
2845	3851392
2846	3852392
2847	3853392
2848	3854392
2849	3855392
2850	3856392
2851	3857392
2852	3858392
2853	3859392
2854	3860392
2855	3861392
2856	3862392
2857	3863392
2858	3864392
2859	3865392
2860	3866392
2861	3867392
2862	3868392
2863	3869392
2864	3870392
2865	3871392
2866	3872392
2867	3873392
2868	3874392
2869	3875392
2870	3876392
2871	3877392
2872	3878392
2873	3879392
2874	3880392
2875	3881392
2876	3882392
2877	3883392
2878	3884392
2879	3885392
2880	3886392
2881	3887392
2882	3888392
2883	3889392
2884	3890392
2885	3891392
2886	3892392
2887	3893392
2888	3894392
2889	3895392
2890	3896392
2891	3897392
2892	3898392
2893	3899392
2894	3900392
2895	3901392
2896	3902392
2897	3903392
2898	3904392
2899	3905392
2900	3906392
2901	3907392
2902	3908392
2903	3909392
2904	3910392
2905	3911392
2906	3912392
2907	3913392
2908	3914392
2909	3915392
2910	3916392
2911	3917392
2912	3918392
2913	3919392
2914	3920392
2915	3921392
2916	3922392
2917	3923392
2918	3924392
2919	3925392
2920	3926392
2921	3927392
2922	3928392
2923	3929392
2924	3930392
2925	3931392
2926	3932392
2927	3933392
2928	3934392
2929	3935392
2930	3936392
2931	3937392
2932	3938392
2933	3939392
2934	3940392
2935	3941392
2936	3942392
2937	3943392
2938	3944392
2939	3945392
2940	3946392
2941	3947392
2942	3948392
2943	3949392
2944	3950392
2945	3951392
2946	3952392
2947	3953392
2948	3954392
2949	3955392
2950	3956392
2951	3957392
2952	3958392
2953	3959392
2954	3960392
2955	3961392
2956	3962392
2957	3963392
2958	3964392
2959	3965392
2960	3966392
2961	3967392
2962	3968392
2963	3969392
2964	3970392
2965	3971392
2966	3972392
2967	3973392
2968	3974392
2969	3975392
2970	3976392
2971	3977392
2972	3978392
2973	3979392
2974	3980392
2975	3981392
2976	3982392
2977	3983392
2978	3984392
2979	3985392
2980	3986392
2981	3987392
2982	3988392
2983	3989392
2984	3990392
2985	3991392
2986	3992392
2987	3993392
2988	3994392
2989	3995392
2990	3996392
2991	3997392
2992	3998392
2993	3999392
2994	4000392
2995	4001392
2996	4002392
2997	4003392
2998	4004392
2999	4005392
3000	4006392
3001	4007392
3002	4008392
3003	4009392
3004	4010392
3005	4011392
3006	4012392
3007	4013392
3008	4014392
3009	4015392
3010	4016392
3011	4017392
3012	4018392
3013	4019392
3014	4020392
3015	4021392
3016	4022392
3017	4023392
3018	4024392
3019	4025392
3020	4026392
3021	4027392
3022	4028392
3023	4029392
3024	4030392
3025	4031392
3026	4032392
3027	4033392
3028	4034392
3029	4035392
3030	4036392
3031	4037392
3032	4038392
3033	4039392
3034	4040392
3035	4041392
3036	4042392
3037	4043392
3038	4044392
3039	4045392
3040	4046392
3041	4047392
3042	4048392
3043	4049392
3044	4050392
3045	4051392
3046	4052392
3047	4053392
3048	4054392
3049	4055392
3050	4056392
3051	4057392
3052	4058392
3053	4059392
3054	4060392
3055	4061392
3056	4062388
3057	4063392
3058	4064392
3059	4065392
3060	4066392
3061	4067392
3062	4068392
3063	4069392
3064	4070392
3065	4071392
3066	4072392
3067	4073392
3068	4074392
3069	4075392
3070	4076392
3071	4077392
3072	4078392
3073	4079392
3074	4080392
3075	4081392
3076	4082392
3077	4083392
3078	4084392
3079	4085392
3080	4086392
3081	4087392
3082	4088392
3083	4089392
3084	4090392
3085	4091392
3086	4092392
3087	4093392
3088	4094392
3089	4095384
3090	4096392
3091	4097392
3092	4098392
3093	4099392
3094	4100392
3095	4101392
3096	4102392
3097	4103392
3098	4104392
3099	4105392
3100	4106392
3101	4107392
3102	4108392
3103	4109392
3104	4110392
3105	4111392
3106	4112392
3107	4113392
3108	4114392
3109	4115392
3110	4116392
3111	4117392
3112	4118392
3113	4119392
3114	4120392
3115	4121392
3116	4122392
3117	4123392
3118	4124392
3119	4125392
3120	4126392
3121	4127392
3122	4128392
3123	4129392
3124	4130392
3125	4131392
3126	4132392
3127	4133392
3128	4134392
3129	4135392
3130	4136392
3131	4137392
3132	4138392
3133	4139392
3134	4140392
3135	4141392
3136	4142392
3137	4143392
3138	4144392
3139	4145392
3140	4146392
3141	4147392
3142	4148392
3143	4149392
3144	4150392
3145	4151392
3146	4152392
3147	4153392
3148	4154392
3149	4155392
3150	4156392
3151	4157392
3152	4158392
3153	4159392
3154	4160392
3155	4161392
3156	4162392
3157	4163392
3158	4164392
3159	4165392
3160	4166392
3161	4167392
3162	4168392
3163	4169392
3164	4170392
3165	4171392
3166	4172392
3167	4173392
3168	4174392
3169	4175392
3170	4176392
3171	4177392
3172	4178392
3173	4179392
3174	4180392
3175	4181392
3176	4182392
3177	4183392
3178	4184392
3179	4185392
3180	4186392
3181	4187392
3182	4188392
3183	4189392
3184	4190392
3185	4191392
3186	4192392
3187	4193392
3188	4194392
3189	4195392
3190	4196392
3191	4197392
3192	4198392
3193	4199392
3194	4200392
3195	4201392
3196	4202392
3197	4203392
3198	4204392
3199	4205392
3200	4206392
3201	4207392
3202	4208392
3203	4209392
3204	4210392
3205	4211392
3206	4212392
3207	4213392
3208	4214392
3209	4215392
3210	4216392
3211	4217392
3212	4218392
3213	4219392
3214	4220392
3215	4221392
3216	4222392
3217	4223392
3218	4224392
3219	4225392
3220	4226392
3221	4227392
3222	4228392
3223	4229392
3224	4230392
3225	4231392
3226	4232392
3227	4233392
3228	4234392
3229	4235392
3230	4236392
3231	4237392
3232	4238392
3233	4239392
3234	4240392
3235	4241392
3236	4242392
3237	4243392
3238	4244392
3239	4245392
3240	4246392
3241	4247392
3242	4248392
3243	4249392
3244	4250392
3245	4251392
3246	4252392
3247	4253392
3248	4254392
3249	4255392
3250	4256392
3251	4257392
3252	4258392
3253	4259392
3254	4260392
3255	4261392
3256	4262392
3257	4263392
3258	4264392
3259	4265392
3260	4266392
3261	4267392
3262	4268388
3263	4269388
3264	4270388
3265	4271388
3266	4272388
3267	4273388
3268	4274388
3269	4275388
3270	4276388
3271	4277388
3272	4278388
3273	4279388
3274	4280388
3275	4281388
3276	4282388
3277	4283388
3278	4284388
3279	4285392
3280	4286392
3281	4287392
3282	4288392
3283	4289392
3284	4290392
3285	4291392
3286	4292392
3287	4293392
3288	4294392
3289	4295392
3290	4296392
3291	4297392
3292	4298392
3293	4299392
3294	4300392
3295	4301392
3296	4302392
3297	4303392
3298	4304392
3299	4305392
3300	4306392
3301	4307392
3302	4308392
3303	4309392
3304	4310392
3305	4311392
3306	4312392
3307	4313392
3308	4314392
3309	4315392
3310	4316392
3311	4317392
3312	4318392
3313	4319392
3314	4320392
3315	4321392
3316	4322392
3317	4323392
3318	4324392
3319	4325392
3320	4326392
3321	4327392
3322	4328392
3323	4329392
3324	4330392
3325	4331392
3326	4332392
3327	4333392
3328	4334392
3329	4335392
3330	4336392
3331	4337392
3332	4338392
3333	4339392
3334	4340392
3335	4341392
3336	4342392
3337	4343392
3338	4344392
3339	4345392
3340	4346392
3341	4347392
3342	4348392
3343	4349392
3344	4350392
3345	4351384
3346	4352392
3347	4353392
3348	4354392
3349	4355392
3350	4356392
3351	4357392
3352	4358392
3353	4359392
3354	4360392
3355	4361392
3356	4362392
3357	4363392
3358	4364392
3359	4365392
3360	4366392
3361	4367392
3362	4368392
3363	4369392
3364	4370392
3365	4371392
3366	4372392
3367	4373392
3368	4374392
3369	4375392
3370	4376392
3371	4377392
3372	4378392
3373	4379392
3374	4380392
3375	4381392
3376	4382392
3377	4383392
3378	4384392
3379	4385392
3380	4386392
3381	4387392
3382	4388392
3383	4389392
3384	4390392
3385	4391392
3386	4392392
3387	4393392
3388	4394392
3389	4395392
3390	4396392
3391	4397392
3392	4398392
3393	4399392
3394	4400392
3395	4401392
3396	4402392
3397	4403392
3398	4404392
3399	4405392
3400	4406392
3401	4407392
3402	4408392
3403	4409392
3404	4410392
3405	4411392
3406	4412392
3407	4413392
3408	4414392
3409	4415392
3410	4416392
3411	4417392
3412	4418392
3413	4419392
3414	4420392
3415	4421392
3416	4422392
3417	4423392
3418	4424392
3419	4425392
3420	4426392
3421	4427392
3422	4428392
3423	4429392
3424	4430392
3425	4431392
3426	4432392
3427	4433392
3428	4434392
3429	4435392
3430	4436392
3431	4437392
3432	4438392
3433	4439392
3434	4440392
3435	4441392
3436	4442392
3437	4443392
3438	4444392
3439	4445392
3440	4446392
3441	4447392
3442	4448392
3443	4449392
3444	4450392
3445	4451392
3446	4452392
3447	4453392
3448	4454392
3449	4455392
3450	4456392
3451	4457392
3452	4458392
3453	4459392
3454	4460392
3455	4461392
3456	4462392
3457	4463392
3458	4464392
3459	4465392
3460	4466392
3461	4467392
3462	4468392
3463	4469392
3464	4470392
3465	4471392
3466	4472392
3467	4473392
3468	4474392
3469	4475392
3470	4476392
3471	4477392
3472	4478392
3473	4479392
3474	4480392
3475	4481392
3476	4482392
3477	4483392
3478	4484392
3479	4485392
3480	4486392
3481	4487392
3482	4488392
3483	4489392
3484	4490392
3485	4491392
3486	4492392
3487	4493392
3488	4494392
3489	4495392
3490	4496392
3491	4497392
3492	4498392
3493	4499392
3494	4500392
3495	4501392
3496	4502392
3497	4503392
3498	4504392
3499	4505392
3500	4506392
3501	4507392
3502	4508392
3503	4509392
3504	4510392
3505	4511392
3506	4512392
3507	4513392
3508	4514392
3509	4515392
3510	4516392
3511	4517392
3512	4518392
3513	4519392
3514	4520392
3515	4521392
3516	4522392
3517	4523392
3518	4524392
3519	4525392
3520	4526392
3521	4527392
3522	4528392
3523	4529392
3524	4530392
3525	4531392
3526	4532392
3527	4533392
3528	4534392
3529	4535392
3530	4536392
3531	4537392
3532	4538392
3533	4539392
3534	4540392
3535	4541392
3536	4542392
3537	4543392
3538	4544392
3539	4545392
3540	4546392
3541	4547392
3542	4548392
3543	4549392
3544	4550392
3545	4551392
3546	4552392
3547	4553392
3548	4554392
3549	4555392
3550	4556392
3551	4557392
3552	4558392
3553	4559392
3554	4560392
3555	4561392
3556	4562392
3557	4563392
3558	4564392
3559	4565392
3560	4566392
3561	4567392
3562	4568392
3563	4569392
3564	4570392
3565	4571392
3566	4572392
3567	4573392
3568	4574392
3569	4575392
3570	4576392
3571	4577392
3572	4578392
3573	4579392
3574	4580392
3575	4581392
3576	4582392
3577	4583392
3578	4584392
3579	4585392
3580	4586392
3581	4587392
3582	4588392
3583	4589392
3584	4590392
3585	4591392
3586	4592392
3587	4593392
3588	4594392
3589	4595392
3590	4596392
3591	4597392
3592	4598392
3593	4599392
3594	4600392
3595	4601392
3596	4602392
3597	4603392
3598	4604392
3599	4605392
3600	4606392
3601	4607384
3602	4608392
3603	4609392
3604	4610392
3605	4611392
3606	4612392
3607	4613392
3608	4614392
3609	4615392
3610	4616392
3611	4617392
3612	4618392
3613	4619392
3614	4620392
3615	4621392
3616	4622392
3617	4623392
3618	4624392
3619	4625392
3620	4626392
3621	4627392
3622	4628392
3623	4629392
3624	4630392
3625	4631392
3626	4632392
3627	4633392
3628	4634392
3629	4635392
3630	4636392
3631	4637392
3632	4638392
3633	4639392
3634	4640392
3635	4641392
3636	4642392
3637	4643392
3638	4644392
3639	4645392
3640	4646392
3641	4647392
3642	4648392
3643	4649392
3644	4650392
3645	4651392
3646	4652392
3647	4653392
3648	4654392
3649	4655392
3650	4656392
3651	4657392
3652	4658392
3653	4659392
3654	4660392
3655	4661392
3656	4662392
3657	4663392
3658	4664392
3659	4665392
3660	4666392
3661	4667392
3662	4668392
3663	4669392
3664	4670392
3665	4671392
3666	4672392
3667	4673392
3668	4674392
3669	4675392
3670	4676392
3671	4677392
3672	4678392
3673	4679392
3674	4680392
3675	4681392
3676	4682392
3677	4683392
3678	4684392
3679	4685392
3680	4686392
3681	4687392
3682	4688392
3683	4689392
3684	4690392
3685	4691392
3686	4692392
3687	4693392
3688	4694392
3689	4695392
3690	4696392
3691	4697392
3692	4698392
3693	4699392
3694	4700392
3695	4701392
3696	4702392
3697	4703392
3698	4704392
3699	4705392
3700	4706392
3701	4707392
3702	4708392
3703	4709392
3704	4710392
3705	4711392
3706	4712392
3707	4713392
3708	4714392
3709	4715392
3710	4716392
3711	4717392
3712	4718392
3713	4719392
3714	4720392
3715	4721392
3716	4722392
3717	4723392
3718	4724392
3719	4725392
3720	4726392
3721	4727392
3722	4728392
3723	4729392
3724	4730392
3725	4731392
3726	4732392
3727	4733392
3728	4734392
3729	4735392
3730	4736392
3731	4737392
3732	4738392
3733	4739392
3734	4740392
3735	4741392
3736	4742392
3737	4743392
3738	4744392
3739	4745392
3740	4746392
3741	4747392
3742	4748392
3743	4749392
3744	4750392
3745	4751392
3746	4752392
3747	4753392
3748	4754392
3749	4755392
3750	4756392
3751	4757392
3752	4758392
3753	4759392
3754	4760392
3755	4761392
3756	4762392
3757	4763392
3758	4764392
3759	4765392
3760	4766392
3761	4767392
3762	4768392
3763	4769392
3764	4770392
3765	4771392
3766	4772392
3767	4773392
3768	4774392
3769	4775392
3770	4776392
3771	4777392
3772	4778392
3773	4779392
3774	4780392
3775	4781392
3776	4782392
3777	4783392
3778	4784392
3779	4785392
3780	4786392
3781	4787392
3782	4788392
3783	4789392
3784	4790392
3785	4791392
3786	4792392
3787	4793392
3788	4794392
3789	4795392
3790	4796392
3791	4797392
3792	4798392
3793	4799392
3794	4800392
3795	4801392
3796	4802392
3797	4803392
3798	4804392
3799	4805392
3800	4806392
3801	4807392
3802	4808392
3803	4809392
3804	4810392
3805	4811392
3806	4812392
3807	4813392
3808	4814392
3809	4815392
3810	4816392
3811	4817392
3812	4818392
3813	4819392
3814	4820392
3815	4821392
3816	4822392
3817	4823392
3818	4824392
3819	4825392
3820	4826392
3821	4827392
3822	4828392
3823	4829392
3824	4830392
3825	4831392
3826	4832392
3827	4833392
3828	4834392
3829	4835392
3830	4836392
3831	4837392
3832	4838392
3833	4839392
3834	4840392
3835	4841392
3836	4842392
3837	4843392
3838	4844392
3839	4845392
3840	4846392
3841	4847392
3842	4848392
3843	4849392
3844	4850392
3845	4851392
3846	4852392
3847	4853392
3848	4854392
3849	4855392
3850	4856392
3851	4857392
3852	4858392
3853	4859392
3854	4860392
3855	4861392
3856	4862392
3857	4863384
3858	4864392
3859	4865392
3860	4866392
3861	4867392
3862	4868392
3863	4869392
3864	4870392
3865	4871392
3866	4872392
3867	4873392
3868	4874392
3869	4875392
3870	4876392
3871	4877392
3872	4878392
3873	4879392
3874	4880392
3875	4881392
3876	4882392
3877	4883392
3878	4884392
3879	4885392
3880	4886392
3881	4887392
3882	4888392
3883	4889392
3884	4890392
3885	4891392
3886	4892392
3887	4893392
3888	4894392
3889	4895392
3890	4896392
3891	4897392
3892	4898392
3893	4899392
3894	4900392
3895	4901392
3896	4902392
3897	4903392
3898	4904392
3899	4905392
3900	4906392
3901	4907392
3902	4908392
3903	4909392
3904	4910392
3905	4911392
3906	4912392
3907	4913392
3908	4914392
3909	4915392
3910	4916392
3911	4917392
3912	4918392
3913	4919392
3914	4920392
3915	4921392
3916	4922392
3917	4923392
3918	4924392
3919	4925392
3920	4926392
3921	4927392
3922	4928392
3923	4929392
3924	4930392
3925	4931392
3926	4932392
3927	4933392
3928	4934392
3929	4935392
3930	4936392
3931	4937392
3932	4938392
3933	4939392
3934	4940392
3935	4941392
3936	4942392
3937	4943392
3938	4944392
3939	4945392
3940	4946392
3941	4947392
3942	4948392
3943	4949392
3944	4950392
3945	4951392
3946	4952392
3947	4953392
3948	4954392
3949	4955392
3950	4956392
3951	4957392
3952	4958392
3953	4959392
3954	4960392
3955	4961392
3956	4962392
3957	4963392
3958	4964392
3959	4965392
3960	4966392
3961	4967392
3962	4968392
3963	4969392
3964	4970392
3965	4971392
3966	4972392
3967	4973392
3968	4974392
3969	4975392
3970	4976392
3971	4977392
3972	4978392
3973	4979392
3974	4980392
3975	4981392
3976	4982392
3977	4983392
3978	4984392
3979	4985392
3980	4986392
3981	4987392
3982	4988392
3983	4989392
3984	4990392
3985	4991392
3986	4992392
3987	4993392
3988	4994392
3989	4995392
3990	4996392
3991	4997392
3992	4998392
3993	4999392
3994	5000392
3995	5001392
3996	5002392
3997	5003392
3998	5004392
3999	5005392
4000	5006392
4001	5007392
4002	5008392
4003	5009392
4004	5010392
4005	5011392
4006	5012392
4007	5013392
4008	5014392
4009	5015392
4010	5016392
4011	5017392
4012	5018392
4013	5019392
4014	5020392
4015	5021392
4016	5022392
4017	5023392
4018	5024392
4019	5025392
4020	5026392
4021	5027392
4022	5028392
4023	5029392
4024	5030392
4025	5031392
4026	5032392
4027	5033392
4028	5034392
4029	5035392
4030	5036392
4031	5037392
4032	5038392
4033	5039392
4034	5040392
4035	5041392
4036	5042392
4037	5043392
4038	5044392
4039	5045392
4040	5046392
4041	5047392
4042	5048392
4043	5049392
4044	5050392
4045	5051392
4046	5052392
4047	5053392
4048	5054392
4049	5055392
4050	5056392
4051	5057392
4052	5058392
4053	5059392
4054	5060392
4055	5061392
4056	5062392
4057	5063392
4058	5064392
4059	5065392
4060	5066392
4061	5067392
4062	5068392
4063	5069392
4064	5070392
4065	5071392
4066	5072392
4067	5073392
4068	5074392
4069	5075392
4070	5076392
4071	5077392
4072	5078392
4073	5079392
4074	5080392
4075	5081392
4076	5082392
4077	5083392
4078	5084392
4079	5085392
4080	5086392
4081	5087392
4082	5088392
4083	5089392
4084	5090392
4085	5091392
4086	5092392
4087	5093392
4088	5094392
4089	5095392
4090	5096392
4091	5097392
4092	5098392
4093	5099392
4094	5100392
4095	5101392
4096	5102392
4097	5103392
4098	5104392
4099	5105392
4100	5106392
4101	5107392
4102	5108392
4103	5109392
4104	5110392
4105	5111392
4106	5112392
4107	5113392
4108	5114392
4109	5115392
4110	5116392
4111	5117392
4112	5118392
4113	5119384
4114	5120392
4115	5121392
4116	5122392
4117	5123392
4118	5124392
4119	5125392
4120	5126392
4121	5127392
4122	5128392
4123	5129392
4124	5130392
4125	5131392
4126	5132392
4127	5133392
4128	5134392
4129	5135392
4130	5136392
4131	5137392
4132	5138392
4133	5139392
4134	5140392
4135	5141392
4136	5142392
4137	5143392
4138	5144392
4139	5145392
4140	5146392
4141	5147392
4142	5148392
4143	5149392
4144	5150392
4145	5151392
4146	5152392
4147	5153392
4148	5154392
4149	5155392
4150	5156392
4151	5157392
4152	5158392
4153	5159392
4154	5160392
4155	5161392
4156	5162392
4157	5163392
4158	5164392
4159	5165392
4160	5166392
4161	5167392
4162	5168392
4163	5169392
4164	5170392
4165	5171392
4166	5172392
4167	5173392
4168	5174392
4169	5175392
4170	5176392
4171	5177392
4172	5178392
4173	5179392
4174	5180392
4175	5181392
4176	5182392
4177	5183392
4178	5184392
4179	5185392
4180	5186392
4181	5187392
4182	5188392
4183	5189392
4184	5190392
4185	5191392
4186	5192392
4187	5193392
4188	5194392
4189	5195392
4190	5196392
4191	5197392
4192	5198392
4193	5199392
4194	5200392
4195	5201392
4196	5202392
4197	5203392
4198	5204392
4199	5205392
4200	5206392
4201	5207392
4202	5208392
4203	5209392
4204	5210392
4205	5211392
4206	5212392
4207	5213392
4208	5214392
4209	5215392
4210	5216392
4211	5217392
4212	5218392
4213	5219392
4214	5220392
4215	5221392
4216	5222392
4217	5223392
4218	5224392
4219	5225392
4220	5226392
4221	5227392
4222	5228392
4223	5229392
4224	5230392
4225	5231392
4226	5232392
4227	5233392
4228	5234392
4229	5235392
4230	5236392
4231	5237392
4232	5238392
4233	5239392
4234	5240392
4235	5241392
4236	5242392
4237	5243392
4238	5244392
4239	5245392
4240	5246392
4241	5247392
4242	5248392
4243	5249392
4244	5250392
4245	5251392
4246	5252392
4247	5253392
4248	5254392
4249	5255392
4250	5256392
4251	5257392
4252	5258392
4253	5259392
4254	5260392
4255	5261392
4256	5262392
4257	5263392
4258	5264392
4259	5265392
4260	5266392
4261	5267392
4262	5268392
4263	5269392
4264	5270392
4265	5271392
4266	5272392
4267	5273392
4268	5274392
4269	5275392
4270	5276392
4271	5277392
4272	5278392
4273	5279392
4274	5280392
4275	5281392
4276	5282392
4277	5283392
4278	5284392
4279	5285392
4280	5286392
4281	5287392
4282	5288392
4283	5289392
4284	5290392
4285	5291392
4286	5292392
4287	5293392
4288	5294392
4289	5295392
4290	5296392
4291	5297392
4292	5298392
4293	5299392
4294	5300392
4295	5301392
4296	5302392
4297	5303392
4298	5304392
4299	5305392
4300	5306392
4301	5307392
4302	5308392
4303	5309392
4304	5310392
4305	5311392
4306	5312392
4307	5313392
4308	5314392
4309	5315392
4310	5316392
4311	5317392
4312	5318392
4313	5319392
4314	5320392
4315	5321392
4316	5322392
4317	5323392
4318	5324392
4319	5325392
4320	5326392
4321	5327392
4322	5328392
4323	5329392
4324	5330392
4325	5331392
4326	5332392
4327	5333392
4328	5334392
4329	5335392
4330	5336392
4331	5337392
4332	5338392
4333	5339392
4334	5340392
4335	5341392
4336	5342392
4337	5343392
4338	5344392
4339	5345392
4340	5346392
4341	5347392
4342	5348392
4343	5349392
4344	5350392
4345	5351392
4346	5352392
4347	5353392
4348	5354392
4349	5355392
4350	5356392
4351	5357392
4352	5358388
4353	5359392
4354	5360392
4355	5361392
4356	5362392
4357	5363392
4358	5364392
4359	5365392
4360	5366392
4361	5367392
4362	5368392
4363	5369392
4364	5370392
4365	5371392
4366	5372392
4367	5373392
4368	5374392
4369	5375384
4370	5376392
4371	5377392
4372	5378392
4373	5379392
4374	5380392
4375	5381392
4376	5382392
4377	5383392
4378	5384392
4379	5385392
4380	5386392
4381	5387392
4382	5388392
4383	5389392
4384	5390392
4385	5391392
4386	5392392
4387	5393392
4388	5394392
4389	5395392
4390	5396392
4391	5397392
4392	5398392
4393	5399392
4394	5400392
4395	5401392
4396	5402392
4397	5403392
4398	5404392
4399	5405392
4400	5406392
4401	5407392
4402	5408392
4403	5409392
4404	5410392
4405	5411392
4406	5412392
4407	5413392
4408	5414392
4409	5415392
4410	5416392
4411	5417392
4412	5418392
4413	5419392
4414	5420392
4415	5421392
4416	5422392
4417	5423392
4418	5424392
4419	5425392
4420	5426392
4421	5427392
4422	5428392
4423	5429392
4424	5430392
4425	5431392
4426	5432392
4427	5433392
4428	5434392
4429	5435392
4430	5436392
4431	5437392
4432	5438392
4433	5439392
4434	5440392
4435	5441392
4436	5442392
4437	5443392
4438	5444392
4439	5445392
4440	5446392
4441	5447392
4442	5448392
4443	5449392
4444	5450392
4445	5451392
4446	5452392
4447	5453392
4448	5454392
4449	5455392
4450	5456392
4451	5457392
4452	5458392
4453	5459392
4454	5460392
4455	5461392
4456	5462392
4457	5463392
4458	5464392
4459	5465392
4460	5466392
4461	5467392
4462	5468392
4463	5469392
4464	5470392
4465	5471392
4466	5472392
4467	5473392
4468	5474392
4469	5475392
4470	5476392
4471	5477392
4472	5478392
4473	5479392
4474	5480392
4475	5481392
4476	5482392
4477	5483392
4478	5484392
4479	5485392
4480	5486392
4481	5487392
4482	5488392
4483	5489392
4484	5490392
4485	5491392
4486	5492392
4487	5493392
4488	5494392
4489	5495392
4490	5496392
4491	5497392
4492	5498392
4493	5499392
4494	5500392
4495	5501392
4496	5502392
4497	5503392
4498	5504392
4499	5505392
4500	5506392
4501	5507392
4502	5508392
4503	5509392
4504	5510392
4505	5511392
4506	5512392
4507	5513392
4508	5514392
4509	5515392
4510	5516392
4511	5517392
4512	5518392
4513	5519392
4514	5520392
4515	5521392
4516	5522392
4517	5523392
4518	5524392
4519	5525392
4520	5526392
4521	5527392
4522	5528392
4523	5529392
4524	5530392
4525	5531392
4526	5532392
4527	5533392
4528	5534392
4529	5535392
4530	5536392
4531	5537392
4532	5538392
4533	5539392
4534	5540392
4535	5541392
4536	5542392
4537	5543392
4538	5544392
4539	5545392
4540	5546392
4541	5547392
4542	5548392
4543	5549392
4544	5550392
4545	5551392
4546	5552392
4547	5553392
4548	5554392
4549	5555392
4550	5556392
4551	5557392
4552	5558392
4553	5559392
4554	5560392
4555	5561392
4556	5562392
4557	5563392
4558	5564392
4559	5565392
4560	5566392
4561	5567392
4562	5568392
4563	5569392
4564	5570392
4565	5571392
4566	5572392
4567	5573392
4568	5574392
4569	5575392
4570	5576392
4571	5577392
4572	5578392
4573	5579392
4574	5580392
4575	5581392
4576	5582392
4577	5583392
4578	5584392
4579	5585392
4580	5586392
4581	5587392
4582	5588392
4583	5589392
4584	5590392
4585	5591392
4586	5592392
4587	5593392
4588	5594392
4589	5595392
4590	5596392
4591	5597392
4592	5598392
4593	5599392
4594	5600392
4595	5601392
4596	5602392
4597	5603392
4598	5604392
4599	5605392
4600	5606392
4601	5607392
4602	5608392
4603	5609392
4604	5610392
4605	5611392
4606	5612392
4607	5613392
4608	5614392
4609	5615392
4610	5616392
4611	5617392
4612	5618392
4613	5619392
4614	5620392
4615	5621392
4616	5622392
4617	5623392
4618	5624392
4619	5625392
4620	5626392
4621	5627392
4622	5628392
4623	5629392
4624	5630392
4625	5631384
4626	5632392
4627	5633392
4628	5634392
4629	5635392
4630	5636392
4631	5637392
4632	5638392
4633	5639392
4634	5640392
4635	5641392
4636	5642392
4637	5643392
4638	5644392
4639	5645392
4640	5646392
4641	5647392
4642	5648392
4643	5649392
4644	5650392
4645	5651392
4646	5652392
4647	5653392
4648	5654392
4649	5655392
4650	5656392
4651	5657392
4652	5658392
4653	5659392
4654	5660392
4655	5661392
4656	5662392
4657	5663392
4658	5664392
4659	5665392
4660	5666392
4661	5667392
4662	5668392
4663	5669392
4664	5670392
4665	5671392
4666	5672392
4667	5673392
4668	5674392
4669	5675392
4670	5676392
4671	5677392
4672	5678392
4673	5679392
4674	5680392
4675	5681392
4676	5682392
4677	5683392
4678	5684392
4679	5685392
4680	5686392
4681	5687392
4682	5688392
4683	5689392
4684	5690392
4685	5691392
4686	5692392
4687	5693392
4688	5694392
4689	5695392
4690	5696392
4691	5697392
4692	5698392
4693	5699392
4694	5700392
4695	5701392
4696	5702392
4697	5703392
4698	5704392
4699	5705392
4700	5706392
4701	5707392
4702	5708392
4703	5709392
4704	5710392
4705	5711392
4706	5712392
4707	5713392
4708	5714392
4709	5715392
4710	5716392
4711	5717392
4712	5718392
4713	5719392
4714	5720392
4715	5721392
4716	5722392
4717	5723392
4718	5724392
4719	5725392
4720	5726392
4721	5727392
4722	5728392
4723	5729392
4724	5730392
4725	5731392
4726	5732392
4727	5733392
4728	5734392
4729	5735392
4730	5736392
4731	5737392
4732	5738392
4733	5739392
4734	5740392
4735	5741392
4736	5742392
4737	5743392
4738	5744392
4739	5745392
4740	5746392
4741	5747392
4742	5748392
4743	5749392
4744	5750392
4745	5751392
4746	5752392
4747	5753392
4748	5754392
4749	5755392
4750	5756392
4751	5757392
4752	5758392
4753	5759392
4754	5760392
4755	5761392
4756	5762392
4757	5763392
4758	5764392
4759	5765392
4760	5766392
4761	5767392
4762	5768392
4763	5769392
4764	5770392
4765	5771392
4766	5772392
4767	5773392
4768	5774392
4769	5775392
4770	5776392
4771	5777392
4772	5778392
4773	5779392
4774	5780392
4775	5781392
4776	5782392
4777	5783392
4778	5784392
4779	5785392
4780	5786392
4781	5787392
4782	5788392
4783	5789392
4784	5790392
4785	5791392
4786	5792392
4787	5793392
4788	5794392
4789	5795392
4790	5796392
4791	5797392
4792	5798392
4793	5799392
4794	5800392
4795	5801392
4796	5802392
4797	5803392
4798	5804392
4799	5805392
4800	5806392
4801	5807392
4802	5808392
4803	5809392
4804	5810392
4805	5811392
4806	5812392
4807	5813392
4808	5814392
4809	5815392
4810	5816392
4811	5817392
4812	5818392
4813	5819392
4814	5820392
4815	5821392
4816	5822392
4817	5823392
4818	5824392
4819	5825392
4820	5826392
4821	5827392
4822	5828392
4823	5829392
4824	5830392
4825	5831392
4826	5832392
4827	5833392
4828	5834392
4829	5835392
4830	5836392
4831	5837392
4832	5838392
4833	5839392
4834	5840392
4835	5841392
4836	5842392
4837	5843392
4838	5844392
4839	5845392
4840	5846392
4841	5847392
4842	5848392
4843	5849392
4844	5850392
4845	5851392
4846	5852392
4847	5853392
4848	5854392
4849	5855392
4850	5856392
4851	5857392
4852	5858392
4853	5859392
4854	5860392
4855	5861392
4856	5862392
4857	5863392
4858	5864392
4859	5865392
4860	5866392
4861	5867392
4862	5868392
4863	5869392
4864	5870392
4865	5871392
4866	5872392
4867	5873392
4868	5874392
4869	5875392
4870	5876392
4871	5877392
4872	5878392
4873	5879392
4874	5880392
4875	5881392
4876	5882392
4877	5883392
4878	5884392
4879	5885392
4880	5886392
4881	5887384
4882	5888392
4883	5889392
4884	5890392
4885	5891392
4886	5892392
4887	5893392
4888	5894392
4889	5895392
4890	5896392
4891	5897392
4892	5898392
4893	5899392
4894	5900392
4895	5901392
4896	5902392
4897	5903392
4898	5904392
4899	5905392
4900	5906392
4901	5907392
4902	5908392
4903	5909392
4904	5910392
4905	5911392
4906	5912392
4907	5913392
4908	5914392
4909	5915392
4910	5916392
4911	5917392
4912	5918392
4913	5919392
4914	5920392
4915	5921392
4916	5922392
4917	5923392
4918	5924392
4919	5925392
4920	5926392
4921	5927392
4922	5928392
4923	5929392
4924	5930392
4925	5931392
4926	5932392
4927	5933392
4928	5934392
4929	5935392
4930	5936392
4931	5937392
4932	5938392
4933	5939392
4934	5940392
4935	5941392
4936	5942392
4937	5943392
4938	5944392
4939	5945392
4940	5946392
4941	5947392
4942	5948392
4943	5949392
4944	5950392
4945	5951392
4946	5952392
4947	5953392
4948	5954392
4949	5955392
4950	5956392
4951	5957392
4952	5958392
4953	5959392
4954	5960392
4955	5961392
4956	5962392
4957	5963392
4958	5964392
4959	5965392
4960	5966392
4961	5967392
4962	5968392
4963	5969392
4964	5970392
4965	5971392
4966	5972392
4967	5973392
4968	5974392
4969	5975392
4970	5976392
4971	5977392
4972	5978392
4973	5979392
4974	5980392
4975	5981392
4976	5982392
4977	5983392
4978	5984392
4979	5985392
4980	5986392
4981	5987392
4982	5988392
4983	5989392
4984	5990392
4985	5991392
4986	5992392
4987	5993392
4988	5994392
4989	5995392
4990	5996392
4991	5997392
4992	5998392
4993	5999392
4994	6000392
4995	6001392
4996	6002392
4997	6003392
4998	6004392
4999	6005392
5000	6006392
5001	6007392
5002	6008392
5003	6009392
5004	6010392
5005	6011392
5006	6012392
5007	6013392
5008	6014392
5009	6015392
5010	6016392
5011	6017392
5012	6018392
5013	6019392
5014	6020392
5015	6021392
5016	6022392
5017	6023392
5018	6024392
5019	6025392
5020	6026392
5021	6027392
5022	6028392
5023	6029392
5024	6030392
5025	6031392
5026	6032392
5027	6033392
5028	6034392
5029	6035392
5030	6036392
5031	6037392
5032	6038392
5033	6039392
5034	6040392
5035	6041392
5036	6042392
5037	6043392
5038	6044392
5039	6045392
5040	6046392
5041	6047392
5042	6048392
5043	6049392
5044	6050392
5045	6051392
5046	6052392
5047	6053392
5048	6054392
5049	6055392
5050	6056392
5051	6057392
5052	6058392
5053	6059392
5054	6060392
5055	6061392
5056	6062392
5057	6063392
5058	6064392
5059	6065392
5060	6066392
5061	6067392
5062	6068392
5063	6069392
5064	6070392
5065	6071392
5066	6072392
5067	6073392
5068	6074392
5069	6075392
5070	6076392
5071	6077392
5072	6078392
5073	6079392
5074	6080392
5075	6081392
5076	6082392
5077	6083392
5078	6084392
5079	6085392
5080	6086392
5081	6087392
5082	6088392
5083	6089392
5084	6090392
5085	6091392
5086	6092392
5087	6093392
5088	6094392
5089	6095392
5090	6096392
5091	6097392
5092	6098392
5093	6099392
5094	6100392
5095	6101392
5096	6102392
5097	6103392
5098	6104392
5099	6105392
5100	6106392
5101	6107392
5102	6108392
5103	6109392
5104	6110392
5105	6111392
5106	6112392
5107	6113392
5108	6114392
5109	6115392
5110	6116392
5111	6117392
5112	6118392
5113	6119392
5114	6120392
5115	6121392
5116	6122392
5117	6123392
5118	6124392
5119	6125392
5120	6126392
5121	6127392
5122	6128392
5123	6129392
5124	6130392
5125	6131392
5126	6132392
5127	6133392
5128	6134392
5129	6135392
5130	6136392
5131	6137392
5132	6138392
5133	6139392
5134	6140392
5135	6141392
5136	6142392
5137	6143384
5138	6144392
5139	6145392
5140	6146392
5141	6147392
5142	6148392
5143	6149392
5144	6150392
5145	6151392
5146	6152392
5147	6153392
5148	6154392
5149	6155392
5150	6156392
5151	6157392
5152	6158392
5153	6159392
5154	6160392
5155	6161392
5156	6162392
5157	6163392
5158	6164392
5159	6165392
5160	6166392
5161	6167392
5162	6168392
5163	6169392
5164	6170392
5165	6171392
5166	6172392
5167	6173392
5168	6174392
5169	6175392
5170	6176392
5171	6177392
5172	6178392
5173	6179392
5174	6180392
5175	6181392
5176	6182392
5177	6183392
5178	6184392
5179	6185392
5180	6186392
5181	6187392
5182	6188392
5183	6189392
5184	6190392
5185	6191392
5186	6192392
5187	6193392
5188	6194392
5189	6195392
5190	6196392
5191	6197392
5192	6198392
5193	6199392
5194	6200392
5195	6201392
5196	6202392
5197	6203392
5198	6204392
5199	6205392
5200	6206392
5201	6207392
5202	6208392
5203	6209392
5204	6210392
5205	6211392
5206	6212392
5207	6213392
5208	6214392
5209	6215392
5210	6216392
5211	6217392
5212	6218392
5213	6219392
5214	6220392
5215	6221392
5216	6222392
5217	6223392
5218	6224392
5219	6225392
5220	6226392
5221	6227392
5222	6228392
5223	6229392
5224	6230392
5225	6231392
5226	6232392
5227	6233392
5228	6234392
5229	6235392
5230	6236392
5231	6237392
5232	6238392
5233	6239392
5234	6240392
5235	6241392
5236	6242392
5237	6243392
5238	6244392
5239	6245392
5240	6246392
5241	6247392
5242	6248392
5243	6249392
5244	6250392
5245	6251392
5246	6252392
5247	6253392
5248	6254392
5249	6255392
5250	6256392
5251	6257392
5252	6258392
5253	6259392
5254	6260392
5255	6261392
5256	6262392
5257	6263392
5258	6264392
5259	6265392
5260	6266392
5261	6267392
5262	6268392
5263	6269392
5264	6270392
5265	6271392
5266	6272392
5267	6273392
5268	6274392
5269	6275392
5270	6276392
5271	6277392
5272	6278392
5273	6279392
5274	6280392
5275	6281392
5276	6282392
5277	6283392
5278	6284392
5279	6285392
5280	6286392
5281	6287392
5282	6288392
5283	6289392
5284	6290392
5285	6291392
5286	6292392
5287	6293392
5288	6294392
5289	6295392
5290	6296392
5291	6297392
5292	6298392
5293	6299392
5294	6300392
5295	6301392
5296	6302392
5297	6303392
5298	6304392
5299	6305392
5300	6306392
5301	6307392
5302	6308392
5303	6309392
5304	6310392
5305	6311392
5306	6312392
5307	6313392
5308	6314392
5309	6315392
5310	6316392
5311	6317392
5312	6318392
5313	6319392
5314	6320392
5315	6321392
5316	6322392
5317	6323392
5318	6324392
5319	6325392
5320	6326392
5321	6327392
5322	6328392
5323	6329392
5324	6330392
5325	6331392
5326	6332392
5327	6333392
5328	6334392
5329	6335392
5330	6336392
5331	6337392
5332	6338392
5333	6339392
5334	6340392
5335	6341392
5336	6342392
5337	6343392
5338	6344392
5339	6345392
5340	6346392
5341	6347392
5342	6348392
5343	6349392
5344	6350392
5345	6351392
5346	6352392
5347	6353392
5348	6354392
5349	6355392
5350	6356392
5351	6357392
5352	6358392
5353	6359392
5354	6360392
5355	6361392
5356	6362392
5357	6363392
5358	6364392
5359	6365392
5360	6366392
5361	6367392
5362	6368392
5363	6369392
5364	6370392
5365	6371392
5366	6372392
5367	6373392
5368	6374392
5369	6375392
5370	6376392
5371	6377392
5372	6378392
5373	6379392
5374	6380392
5375	6381392
5376	6382392
5377	6383392
5378	6384392
5379	6385392
5380	6386392
5381	6387392
5382	6388392
5383	6389392
5384	6390392
5385	6391392
5386	6392392
5387	6393392
5388	6394392
5389	6395392
5390	6396392
5391	6397392
5392	6398392
5393	6399384
5394	6400392
5395	6401392
5396	6402392
5397	6403392
5398	6404392
5399	6405392
5400	6406392
5401	6407392
5402	6408392
5403	6409392
5404	6410392
5405	6411392
5406	6412392
5407	6413392
5408	6414392
5409	6415392
5410	6416392
5411	6417392
5412	6418392
5413	6419392
5414	6420392
5415	6421392
5416	6422392
5417	6423392
5418	6424392
5419	6425392
5420	6426392
5421	6427392
5422	6428392
5423	6429392
5424	6430392
5425	6431392
5426	6432392
5427	6433392
5428	6434392
5429	6435392
5430	6436392
5431	6437392
5432	6438392
5433	6439392
5434	6440392
5435	6441392
5436	6442392
5437	6443392
5438	6444392
5439	6445392
5440	6446392
5441	6447392
5442	6448392
5443	6449392
5444	6450392
5445	6451392
5446	6452392
5447	6453392
5448	6454392
5449	6455392
5450	6456392
5451	6457392
5452	6458392
5453	6459392
5454	6460392
5455	6461392
5456	6462392
5457	6463392
5458	6464392
5459	6465392
5460	6466392
5461	6467392
5462	6468392
5463	6469392
5464	6470392
5465	6471392
5466	6472392
5467	6473392
5468	6474392
5469	6475392
5470	6476392
5471	6477392
5472	6478392
5473	6479392
5474	6480392
5475	6481392
5476	6482392
5477	6483392
5478	6484392
5479	6485392
5480	6486392
5481	6487392
5482	6488392
5483	6489392
5484	6490392
5485	6491392
5486	6492392
5487	6493392
5488	6494392
5489	6495392
5490	6496392
5491	6497392
5492	6498392
5493	6499392
5494	6500392
5495	6501392
5496	6502392
5497	6503392
5498	6504392
5499	6505392
5500	6506392
5501	6507392
5502	6508392
5503	6509392
5504	6510392
5505	6511392
5506	6512392
5507	6513392
5508	6514392
5509	6515392
5510	6516392
5511	6517392
5512	6518392
5513	6519392
5514	6520392
5515	6521392
5516	6522392
5517	6523392
5518	6524392
5519	6525392
5520	6526392
5521	6527392
5522	6528392
5523	6529392
5524	6530392
5525	6531392
5526	6532392
5527	6533392
5528	6534392
5529	6535392
5530	6536392
5531	6537392
5532	6538392
5533	6539392
5534	6540392
5535	6541392
5536	6542392
5537	6543392
5538	6544392
5539	6545392
5540	6546392
5541	6547392
5542	6548392
5543	6549392
5544	6550392
5545	6551392
5546	6552392
5547	6553392
5548	6554392
5549	6555392
5550	6556392
5551	6557392
5552	6558392
5553	6559392
5554	6560392
5555	6561392
5556	6562392
5557	6563392
5558	6564392
5559	6565392
5560	6566392
5561	6567392
5562	6568392
5563	6569392
5564	6570392
5565	6571392
5566	6572392
5567	6573392
5568	6574392
5569	6575392
5570	6576392
5571	6577392
5572	6578392
5573	6579392
5574	6580392
5575	6581392
5576	6582392
5577	6583392
5578	6584392
5579	6585392
5580	6586392
5581	6587392
5582	6588392
5583	6589392
5584	6590392
5585	6591392
5586	6592392
5587	6593392
5588	6594392
5589	6595392
5590	6596392
5591	6597392
5592	6598392
5593	6599392
5594	6600392
5595	6601392
5596	6602392
5597	6603392
5598	6604392
5599	6605392
5600	6606392
5601	6607392
5602	6608392
5603	6609392
5604	6610392
5605	6611392
5606	6612392
5607	6613392
5608	6614392
5609	6615392
5610	6616392
5611	6617392
5612	6618392
5613	6619392
5614	6620392
5615	6621392
5616	6622392
5617	6623392
5618	6624392
5619	6625392
5620	6626392
5621	6627392
5622	6628392
5623	6629392
5624	6630392
5625	6631392
5626	6632392
5627	6633392
5628	6634392
5629	6635392
5630	6636392
5631	6637392
5632	6638392
5633	6639392
5634	6640392
5635	6641392
5636	6642392
5637	6643392
5638	6644392
5639	6645392
5640	6646392
5641	6647392
5642	6648392
5643	6649392
5644	6650392
5645	6651392
5646	6652392
5647	6653392
5648	6654392
5649	6655384
5650	6656392
5651	6657392
5652	6658392
5653	6659392
5654	6660392
5655	6661392
5656	6662392
5657	6663392
5658	6664392
5659	6665392
5660	6666392
5661	6667392
5662	6668392
5663	6669392
5664	6670392
5665	6671392
5666	6672392
5667	6673392
5668	6674392
5669	6675392
5670	6676392
5671	6677392
5672	6678392
5673	6679392
5674	6680392
5675	6681392
5676	6682392
5677	6683392
5678	6684392
5679	6685392
5680	6686392
5681	6687392
5682	6688392
5683	6689392
5684	6690392
5685	6691392
5686	6692392
5687	6693392
5688	6694392
5689	6695392
5690	6696392
5691	6697392
5692	6698392
5693	6699392
5694	6700392
5695	6701392
5696	6702392
5697	6703392
5698	6704392
5699	6705392
5700	6706392
5701	6707392
5702	6708392
5703	6709392
5704	6710392
5705	6711392
5706	6712392
5707	6713392
5708	6714392
5709	6715392
5710	6716392
5711	6717392
5712	6718392
5713	6719392
5714	6720392
5715	6721392
5716	6722392
5717	6723392
5718	6724392
5719	6725392
5720	6726392
5721	6727392
5722	6728392
5723	6729392
5724	6730392
5725	6731392
5726	6732392
5727	6733392
5728	6734392
5729	6735392
5730	6736392
5731	6737392
5732	6738392
5733	6739392
5734	6740392
5735	6741392
5736	6742392
5737	6743392
5738	6744392
5739	6745392
5740	6746392
5741	6747392
5742	6748392
5743	6749392
5744	6750392
5745	6751392
5746	6752392
5747	6753392
5748	6754392
5749	6755392
5750	6756392
5751	6757392
5752	6758392
5753	6759392
5754	6760392
5755	6761392
5756	6762392
5757	6763392
5758	6764392
5759	6765392
5760	6766392
5761	6767392
5762	6768392
5763	6769392
5764	6770392
5765	6771392
5766	6772392
5767	6773392
5768	6774392
5769	6775392
5770	6776392
5771	6777392
5772	6778392
5773	6779392
5774	6780392
5775	6781392
5776	6782392
5777	6783392
5778	6784392
5779	6785392
5780	6786392
5781	6787392
5782	6788392
5783	6789392
5784	6790392
5785	6791392
5786	6792392
5787	6793392
5788	6794392
5789	6795392
5790	6796392
5791	6797392
5792	6798392
5793	6799392
5794	6800392
5795	6801392
5796	6802392
5797	6803392
5798	6804392
5799	6805392
5800	6806392
5801	6807392
5802	6808392
5803	6809392
5804	6810392
5805	6811392
5806	6812392
5807	6813392
5808	6814392
5809	6815392
5810	6816392
5811	6817392
5812	6818392
5813	6819392
5814	6820392
5815	6821392
5816	6822392
5817	6823392
5818	6824392
5819	6825392
5820	6826392
5821	6827392
5822	6828392
5823	6829392
5824	6830392
5825	6831392
5826	6832392
5827	6833392
5828	6834392
5829	6835392
5830	6836392
5831	6837392
5832	6838392
5833	6839392
5834	6840392
5835	6841392
5836	6842392
5837	6843392
5838	6844392
5839	6845392
5840	6846392
5841	6847392
5842	6848392
5843	6849392
5844	6850392
5845	6851392
5846	6852392
5847	6853392
5848	6854392
5849	6855392
5850	6856392
5851	6857392
5852	6858392
5853	6859392
5854	6860392
5855	6861392
5856	6862392
5857	6863392
5858	6864392
5859	6865392
5860	6866392
5861	6867392
5862	6868392
5863	6869392
5864	6870392
5865	6871392
5866	6872392
5867	6873392
5868	6874392
5869	6875392
5870	6876392
5871	6877392
5872	6878392
5873	6879392
5874	6880392
5875	6881392
5876	6882392
5877	6883392
5878	6884392
5879	6885392
5880	6886392
5881	6887392
5882	6888392
5883	6889392
5884	6890392
5885	6891392
5886	6892392
5887	6893392
5888	6894392
5889	6895392
5890	6896392
5891	6897392
5892	6898392
5893	6899392
5894	6900392
5895	6901392
5896	6902392
5897	6903392
5898	6904392
5899	6905392
5900	6906392
5901	6907392
5902	6908392
5903	6909392
5904	6910392
5905	6911388
5906	6912392
5907	6913392
5908	6914392
5909	6915392
5910	6916392
5911	6917392
5912	6918392
5913	6919392
5914	6920392
5915	6921392
5916	6922392
5917	6923392
5918	6924392
5919	6925392
5920	6926392
5921	6927392
5922	6928392
5923	6929392
5924	6930392
5925	6931392
5926	6932392
5927	6933392
5928	6934392
5929	6935392
5930	6936392
5931	6937392
5932	6938392
5933	6939392
5934	6940392
5935	6941392
5936	6942392
5937	6943392
5938	6944392
5939	6945392
5940	6946392
5941	6947392
5942	6948392
5943	6949392
5944	6950392
5945	6951392
5946	6952392
5947	6953392
5948	6954392
5949	6955392
5950	6956392
5951	6957392
5952	6958392
5953	6959392
5954	6960392
5955	6961392
5956	6962392
5957	6963392
5958	6964392
5959	6965392
5960	6966392
5961	6967392
5962	6968392
5963	6969392
5964	6970392
5965	6971392
5966	6972392
5967	6973392
5968	6974392
5969	6975392
5970	6976392
5971	6977392
5972	6978392
5973	6979392
5974	6980392
5975	6981392
5976	6982392
5977	6983392
5978	6984392
5979	6985392
5980	6986392
5981	6987392
5982	6988392
5983	6989392
5984	6990392
5985	6991392
5986	6992392
5987	6993392
5988	6994392
5989	6995392
5990	6996392
5991	6997392
5992	6998392
5993	6999392
5994	7000392
5995	7001392
5996	7002392
5997	7003392
5998	7004392
5999	7005392
6000	7006392
6001	7007392
6002	7008392
6003	7009392
6004	7010392
6005	7011392
6006	7012392
6007	7013392
6008	7014392
6009	7015392
6010	7016392
6011	7017392
6012	7018392
6013	7019392
6014	7020392
6015	7021392
6016	7022392
6017	7023392
6018	7024392
6019	7025392
6020	7026392
6021	7027392
6022	7028392
6023	7029392
6024	7030392
6025	7031392
6026	7032392
6027	7033392
6028	7034392
6029	7035392
6030	7036392
6031	7037392
6032	7038392
6033	7039392
6034	7040392
6035	7041392
6036	7042392
6037	7043392
6038	7044392
6039	7045392
6040	7046392
6041	7047392
6042	7048392
6043	7049392
6044	7050392
6045	7051392
6046	7052392
6047	7053392
6048	7054392
6049	7055392
6050	7056392
6051	7057392
6052	7058392
6053	7059392
6054	7060392
6055	7061392
6056	7062392
6057	7063392
6058	7064392
6059	7065392
6060	7066392
6061	7067392
6062	7068392
6063	7069392
6064	7070392
6065	7071392
6066	7072392
6067	7073392
6068	7074392
6069	7075392
6070	7076392
6071	7077392
6072	7078392
6073	7079392
6074	7080392
6075	7081392
6076	7082392
6077	7083392
6078	7084392
6079	7085392
6080	7086392
6081	7087392
6082	7088392
6083	7089392
6084	7090392
6085	7091392
6086	7092392
6087	7093392
6088	7094392
6089	7095392
6090	7096392
6091	7097392
6092	7098392
6093	7099392
6094	7100392
6095	7101392
6096	7102392
6097	7103392
6098	7104392
6099	7105392
6100	7106392
6101	7107392
6102	7108392
6103	7109392
6104	7110392
6105	7111392
6106	7112392
6107	7113392
6108	7114392
6109	7115392
6110	7116392
6111	7117392
6112	7118392
6113	7119392
6114	7120392
6115	7121392
6116	7122392
6117	7123392
6118	7124392
6119	7125392
6120	7126392
6121	7127392
6122	7128392
6123	7129392
6124	7130392
6125	7131392
6126	7132392
6127	7133392
6128	7134392
6129	7135392
6130	7136392
6131	7137392
6132	7138392
6133	7139392
6134	7140392
6135	7141392
6136	7142392
6137	7143392
6138	7144392
6139	7145392
6140	7146392
6141	7147392
6142	7148392
6143	7149392
6144	7150392
6145	7151392
6146	7152392
6147	7153392
6148	7154392
6149	7155392
6150	7156392
6151	7157392
6152	7158392
6153	7159392
6154	7160392
6155	7161392
6156	7162392
6157	7163392
6158	7164392
6159	7165392
6160	7166392
6161	7167384
6162	7168392
6163	7169392
6164	7170392
6165	7171392
6166	7172392
6167	7173392
6168	7174392
6169	7175392
6170	7176392
6171	7177392
6172	7178392
6173	7179392
6174	7180392
6175	7181392
6176	7182392
6177	7183392
6178	7184392
6179	7185392
6180	7186392
6181	7187392
6182	7188392
6183	7189392
6184	7190392
6185	7191392
6186	7192392
6187	7193392
6188	7194392
6189	7195392
6190	7196392
6191	7197392
6192	7198392
6193	7199392
6194	7200392
6195	7201392
6196	7202392
6197	7203392
6198	7204392
6199	7205392
6200	7206392
6201	7207392
6202	7208392
6203	7209392
6204	7210392
6205	7211392
6206	7212392
6207	7213392
6208	7214392
6209	7215392
6210	7216392
6211	7217392
6212	7218392
6213	7219392
6214	7220392
6215	7221392
6216	7222392
6217	7223392
6218	7224392
6219	7225392
6220	7226392
6221	7227392
6222	7228392
6223	7229392
6224	7230392
6225	7231392
6226	7232392
6227	7233392
6228	7234392
6229	7235392
6230	7236392
6231	7237392
6232	7238392
6233	7239392
6234	7240392
6235	7241392
6236	7242392
6237	7243392
6238	7244392
6239	7245392
6240	7246392
6241	7247392
6242	7248392
6243	7249392
6244	7250392
6245	7251392
6246	7252392
6247	7253392
6248	7254392
6249	7255392
6250	7256392
6251	7257392
6252	7258392
6253	7259392
6254	7260392
6255	7261392
6256	7262392
6257	7263392
6258	7264392
6259	7265392
6260	7266392
6261	7267392
6262	7268392
6263	7269392
6264	7270392
6265	7271392
6266	7272392
6267	7273392
6268	7274392
6269	7275392
6270	7276392
6271	7277392
6272	7278392
6273	7279392
6274	7280392
6275	7281392
6276	7282392
6277	7283392
6278	7284392
6279	7285392
6280	7286392
6281	7287392
6282	7288392
6283	7289392
6284	7290392
6285	7291392
6286	7292392
6287	7293392
6288	7294392
6289	7295392
6290	7296392
6291	7297392
6292	7298392
6293	7299392
6294	7300392
6295	7301392
6296	7302392
6297	7303392
6298	7304392
6299	7305392
6300	7306392
6301	7307392
6302	7308392
6303	7309392
6304	7310392
6305	7311392
6306	7312392
6307	7313392
6308	7314392
6309	7315392
6310	7316392
6311	7317392
6312	7318392
6313	7319392
6314	7320392
6315	7321392
6316	7322392
6317	7323392
6318	7324392
6319	7325392
6320	7326392
6321	7327392
6322	7328392
6323	7329392
6324	7330392
6325	7331392
6326	7332392
6327	7333392
6328	7334392
6329	7335392
6330	7336392
6331	7337392
6332	7338392
6333	7339392
6334	7340392
6335	7341392
6336	7342392
6337	7343392
6338	7344392
6339	7345392
6340	7346392
6341	7347392
6342	7348392
6343	7349392
6344	7350392
6345	7351392
6346	7352392
6347	7353392
6348	7354392
6349	7355392
6350	7356392
6351	7357392
6352	7358392
6353	7359392
6354	7360392
6355	7361392
6356	7362392
6357	7363392
6358	7364392
6359	7365392
6360	7366392
6361	7367392
6362	7368392
6363	7369392
6364	7370392
6365	7371392
6366	7372392
6367	7373392
6368	7374392
6369	7375392
6370	7376392
6371	7377392
6372	7378392
6373	7379392
6374	7380392
6375	7381392
6376	7382392
6377	7383392
6378	7384392
6379	7385392
6380	7386392
6381	7387392
6382	7388392
6383	7389392
6384	7390392
6385	7391392
6386	7392392
6387	7393392
6388	7394392
6389	7395392
6390	7396392
6391	7397392
6392	7398392
6393	7399392
6394	7400392
6395	7401392
6396	7402392
6397	7403392
6398	7404392
6399	7405392
6400	7406392
6401	7407392
6402	7408392
6403	7409392
6404	7410392
6405	7411392
6406	7412392
6407	7413392
6408	7414392
6409	7415392
6410	7416392
6411	7417392
6412	7418392
6413	7419392
6414	7420392
6415	7421392
6416	7422392
6417	7423384
6418	7424392
6419	7425392
6420	7426392
6421	7427392
6422	7428392
6423	7429392
6424	7430392
6425	7431392
6426	7432392
6427	7433392
6428	7434392
6429	7435392
6430	7436392
6431	7437392
6432	7438392
6433	7439392
6434	7440392
6435	7441392
6436	7442392
6437	7443392
6438	7444392
6439	7445392
6440	7446392
6441	7447392
6442	7448392
6443	7449392
6444	7450392
6445	7451392
6446	7452392
6447	7453392
6448	7454392
6449	7455392
6450	7456392
6451	7457392
6452	7458392
6453	7459392
6454	7460392
6455	7461392
6456	7462392
6457	7463392
6458	7464392
6459	7465392
6460	7466392
6461	7467392
6462	7468392
6463	7469392
6464	7470392
6465	7471392
6466	7472392
6467	7473392
6468	7474392
6469	7475392
6470	7476392
6471	7477392
6472	7478392
6473	7479392
6474	7480392
6475	7481392
6476	7482392
6477	7483392
6478	7484392
6479	7485392
6480	7486392
6481	7487392
6482	7488392
6483	7489392
6484	7490392
6485	7491392
6486	7492392
6487	7493392
6488	7494392
6489	7495392
6490	7496392
6491	7497392
6492	7498392
6493	7499392
6494	7500392
6495	7501392
6496	7502392
6497	7503392
6498	7504392
6499	7505392
6500	7506392
6501	7507392
6502	7508392
6503	7509392
6504	7510392
6505	7511392
6506	7512392
6507	7513392
6508	7514392
6509	7515392
6510	7516392
6511	7517392
6512	7518392
6513	7519392
6514	7520392
6515	7521392
6516	7522392
6517	7523392
6518	7524392
6519	7525392
6520	7526392
6521	7527392
6522	7528392
6523	7529392
6524	7530392
6525	7531392
6526	7532392
6527	7533392
6528	7534392
6529	7535392
6530	7536392
6531	7537392
6532	7538392
6533	7539392
6534	7540392
6535	7541392
6536	7542392
6537	7543392
6538	7544392
6539	7545392
6540	7546392
6541	7547392
6542	7548392
6543	7549392
6544	7550392
6545	7551392
6546	7552392
6547	7553392
6548	7554392
6549	7555392
6550	7556392
6551	7557392
6552	7558392
6553	7559392
6554	7560392
6555	7561392
6556	7562392
6557	7563392
6558	7564392
6559	7565392
6560	7566392
6561	7567392
6562	7568392
6563	7569392
6564	7570392
6565	7571392
6566	7572392
6567	7573392
6568	7574392
6569	7575392
6570	7576392
6571	7577392
6572	7578392
6573	7579392
6574	7580392
6575	7581392
6576	7582392
6577	7583392
6578	7584392
6579	7585392
6580	7586392
6581	7587392
6582	7588392
6583	7589392
6584	7590392
6585	7591392
6586	7592392
6587	7593392
6588	7594392
6589	7595392
6590	7596392
6591	7597392
6592	7598392
6593	7599392
6594	7600392
6595	7601392
6596	7602392
6597	7603392
6598	7604392
6599	7605392
6600	7606392
6601	7607392
6602	7608392
6603	7609392
6604	7610392
6605	7611392
6606	7612392
6607	7613392
6608	7614392
6609	7615392
6610	7616392
6611	7617392
6612	7618392
6613	7619392
6614	7620392
6615	7621392
6616	7622392
6617	7623392
6618	7624392
6619	7625392
6620	7626392
6621	7627392
6622	7628392
6623	7629392
6624	7630392
6625	7631392
6626	7632392
6627	7633392
6628	7634392
6629	7635392
6630	7636392
6631	7637392
6632	7638392
6633	7639392
6634	7640392
6635	7641392
6636	7642392
6637	7643392
6638	7644392
6639	7645392
6640	7646392
6641	7647392
6642	7648392
6643	7649392
6644	7650392
6645	7651392
6646	7652392
6647	7653392
6648	7654392
6649	7655392
6650	7656392
6651	7657392
6652	7658392
6653	7659392
6654	7660392
6655	7661392
6656	7662392
6657	7663392
6658	7664392
6659	7665392
6660	7666392
6661	7667392
6662	7668392
6663	7669392
6664	7670392
6665	7671392
6666	7672392
6667	7673392
6668	7674392
6669	7675392
6670	7676392
6671	7677392
6672	7678392
6673	7679384
6674	7680392
6675	7681392
6676	7682392
6677	7683392
6678	7684392
6679	7685392
6680	7686392
6681	7687392
6682	7688392
6683	7689392
6684	7690392
6685	7691392
6686	7692392
6687	7693392
6688	7694392
6689	7695392
6690	7696392
6691	7697392
6692	7698392
6693	7699392
6694	7700392
6695	7701392
6696	7702392
6697	7703392
6698	7704392
6699	7705392
6700	7706392
6701	7707392
6702	7708392
6703	7709392
6704	7710392
6705	7711392
6706	7712392
6707	7713392
6708	7714392
6709	7715392
6710	7716392
6711	7717392
6712	7718392
6713	7719392
6714	7720392
6715	7721392
6716	7722392
6717	7723392
6718	7724392
6719	7725392
6720	7726392
6721	7727392
6722	7728392
6723	7729392
6724	7730392
6725	7731392
6726	7732392
6727	7733392
6728	7734392
6729	7735392
6730	7736392
6731	7737392
6732	7738392
6733	7739392
6734	7740392
6735	7741392
6736	7742392
6737	7743392
6738	7744392
6739	7745392
6740	7746392
6741	7747392
6742	7748392
6743	7749392
6744	7750392
6745	7751392
6746	7752392
6747	7753392
6748	7754392
6749	7755392
6750	7756392
6751	7757392
6752	7758392
6753	7759392
6754	7760392
6755	7761392
6756	7762392
6757	7763392
6758	7764392
6759	7765392
6760	7766392
6761	7767392
6762	7768392
6763	7769392
6764	7770392
6765	7771392
6766	7772392
6767	7773392
6768	7774392
6769	7775392
6770	7776392
6771	7777392
6772	7778392
6773	7779392
6774	7780392
6775	7781392
6776	7782392
6777	7783392
6778	7784392
6779	7785392
6780	7786392
6781	7787392
6782	7788392
6783	7789392
6784	7790392
6785	7791392
6786	7792392
6787	7793392
6788	7794392
6789	7795392
6790	7796392
6791	7797392
6792	7798392
6793	7799392
6794	7800392
6795	7801392
6796	7802392
6797	7803392
6798	7804392
6799	7805392
6800	7806392
6801	7807392
6802	7808392
6803	7809392
6804	7810392
6805	7811392
6806	7812392
6807	7813392
6808	7814392
6809	7815392
6810	7816392
6811	7817392
6812	7818392
6813	7819392
6814	7820392
6815	7821392
6816	7822392
6817	7823392
6818	7824392
6819	7825392
6820	7826392
6821	7827392
6822	7828392
6823	7829392
6824	7830392
6825	7831392
6826	7832392
6827	7833392
6828	7834392
6829	7835392
6830	7836392
6831	7837392
6832	7838392
6833	7839392
6834	7840392
6835	7841392
6836	7842392
6837	7843392
6838	7844392
6839	7845392
6840	7846392
6841	7847392
6842	7848392
6843	7849392
6844	7850392
6845	7851392
6846	7852392
6847	7853392
6848	7854392
6849	7855392
6850	7856392
6851	7857392
6852	7858392
6853	7859392
6854	7860392
6855	7861392
6856	7862392
6857	7863392
6858	7864392
6859	7865392
6860	7866392
6861	7867392
6862	7868392
6863	7869392
6864	7870392
6865	7871392
6866	7872392
6867	7873392
6868	7874392
6869	7875392
6870	7876392
6871	7877392
6872	7878392
6873	7879392
6874	7880392
6875	7881392
6876	7882392
6877	7883392
6878	7884392
6879	7885392
6880	7886392
6881	7887392
6882	7888392
6883	7889392
6884	7890392
6885	7891392
6886	7892392
6887	7893392
6888	7894392
6889	7895392
6890	7896392
6891	7897392
6892	7898392
6893	7899392
6894	7900392
6895	7901392
6896	7902392
6897	7903392
6898	7904392
6899	7905392
6900	7906392
6901	7907392
6902	7908392
6903	7909392
6904	7910392
6905	7911392
6906	7912392
6907	7913392
6908	7914392
6909	7915392
6910	7916392
6911	7917392
6912	7918392
6913	7919392
6914	7920392
6915	7921392
6916	7922392
6917	7923392
6918	7924392
6919	7925392
6920	7926392
6921	7927392
6922	7928392
6923	7929392
6924	7930392
6925	7931392
6926	7932392
6927	7933392
6928	7934392
6929	7935388
6930	7936392
6931	7937392
6932	7938392
6933	7939392
6934	7940392
6935	7941392
6936	7942392
6937	7943392
6938	7944392
6939	7945392
6940	7946392
6941	7947392
6942	7948392
6943	7949392
6944	7950392
6945	7951392
6946	7952392
6947	7953392
6948	7954392
6949	7955392
6950	7956392
6951	7957392
6952	7958392
6953	7959392
6954	7960392
6955	7961392
6956	7962392
6957	7963392
6958	7964392
6959	7965392
6960	7966392
6961	7967392
6962	7968392
6963	7969392
6964	7970392
6965	7971392
6966	7972392
6967	7973392
6968	7974392
6969	7975392
6970	7976392
6971	7977392
6972	7978392
6973	7979392
6974	7980392
6975	7981392
6976	7982392
6977	7983392
6978	7984392
6979	7985392
6980	7986392
6981	7987392
6982	7988392
6983	7989392
6984	7990392
6985	7991392
6986	7992392
6987	7993392
6988	7994392
6989	7995392
6990	7996392
6991	7997392
6992	7998392
6993	7999392
6994	8000392
6995	8001392
6996	8002392
6997	8003392
6998	8004392
6999	8005392
7000	8006392
7001	8007392
7002	8008392
7003	8009392
7004	8010392
7005	8011392
7006	8012392
7007	8013392
7008	8014392
7009	8015392
7010	8016392
7011	8017392
7012	8018392
7013	8019392
7014	8020392
7015	8021392
7016	8022392
7017	8023392
7018	8024392
7019	8025392
7020	8026392
7021	8027392
7022	8028392
7023	8029392
7024	8030392
7025	8031392
7026	8032392
7027	8033392
7028	8034392
7029	8035392
7030	8036392
7031	8037392
7032	8038392
7033	8039392
7034	8040392
7035	8041392
7036	8042392
7037	8043392
7038	8044392
7039	8045392
7040	8046392
7041	8047392
7042	8048392
7043	8049392
7044	8050392
7045	8051392
7046	8052392
7047	8053392
7048	8054392
7049	8055392
7050	8056392
7051	8057392
7052	8058392
7053	8059392
7054	8060392
7055	8061392
7056	8062392
7057	8063392
7058	8064392
7059	8065392
7060	8066392
7061	8067392
7062	8068392
7063	8069392
7064	8070392
7065	8071392
7066	8072392
7067	8073392
7068	8074392
7069	8075392
7070	8076392
7071	8077392
7072	8078392
7073	8079392
7074	8080392
7075	8081392
7076	8082392
7077	8083392
7078	8084392
7079	8085392
7080	8086392
7081	8087392
7082	8088392
7083	8089392
7084	8090392
7085	8091392
7086	8092392
7087	8093392
7088	8094392
7089	8095392
7090	8096392
7091	8097392
7092	8098392
7093	8099392
7094	8100392
7095	8101392
7096	8102392
7097	8103392
7098	8104392
7099	8105392
7100	8106392
7101	8107392
7102	8108392
7103	8109392
7104	8110392
7105	8111392
7106	8112392
7107	8113392
7108	8114392
7109	8115392
7110	8116392
7111	8117392
7112	8118392
7113	8119392
7114	8120392
7115	8121392
7116	8122392
7117	8123392
7118	8124392
7119	8125392
7120	8126392
7121	8127392
7122	8128392
7123	8129392
7124	8130392
7125	8131392
7126	8132392
7127	8133392
7128	8134392
7129	8135392
7130	8136392
7131	8137392
7132	8138392
7133	8139392
7134	8140392
7135	8141392
7136	8142392
7137	8143392
7138	8144392
7139	8145392
7140	8146392
7141	8147392
7142	8148392
7143	8149392
7144	8150392
7145	8151392
7146	8152392
7147	8153392
7148	8154392
7149	8155392
7150	8156392
7151	8157392
7152	8158392
7153	8159392
7154	8160392
7155	8161392
7156	8162392
7157	8163392
7158	8164392
7159	8165392
7160	8166392
7161	8167392
7162	8168392
7163	8169392
7164	8170392
7165	8171392
7166	8172392
7167	8173392
7168	8174392
7169	8175392
7170	8176392
7171	8177392
7172	8178392
7173	8179392
7174	8180392
7175	8181392
7176	8182392
7177	8183392
7178	8184392
7179	8185392
7180	8186392
7181	8187392
7182	8188392
7183	8189392
7184	8190392
7185	8191384
7186	8192392
7187	8193392
7188	8194392
7189	8195392
7190	8196392
7191	8197392
7192	8198392
7193	8199392
7194	8200392
7195	8201392
7196	8202392
7197	8203392
7198	8204392
7199	8205392
7200	8206392
7201	8207392
7202	8208392
7203	8209392
7204	8210392
7205	8211392
7206	8212392
7207	8213392
7208	8214392
7209	8215392
7210	8216392
7211	8217392
7212	8218392
7213	8219392
7214	8220392
7215	8221392
7216	8222392
7217	8223392
7218	8224392
7219	8225392
7220	8226392
7221	8227392
7222	8228392
7223	8229392
7224	8230392
7225	8231392
7226	8232392
7227	8233392
7228	8234392
7229	8235392
7230	8236392
7231	8237392
7232	8238392
7233	8239392
7234	8240392
7235	8241392
7236	8242392
7237	8243392
7238	8244392
7239	8245392
7240	8246392
7241	8247392
7242	8248392
7243	8249392
7244	8250392
7245	8251392
7246	8252392
7247	8253392
7248	8254392
7249	8255392
7250	8256392
7251	8257392
7252	8258392
7253	8259392
7254	8260392
7255	8261392
7256	8262392
7257	8263392
7258	8264392
7259	8265392
7260	8266392
7261	8267392
7262	8268392
7263	8269392
7264	8270392
7265	8271392
7266	8272392
7267	8273392
7268	8274392
7269	8275392
7270	8276392
7271	8277392
7272	8278392
7273	8279392
7274	8280392
7275	8281392
7276	8282392
7277	8283392
7278	8284392
7279	8285392
7280	8286392
7281	8287392
7282	8288392
7283	8289392
7284	8290392
7285	8291392
7286	8292392
7287	8293392
7288	8294392
7289	8295392
7290	8296392
7291	8297392
7292	8298392
7293	8299392
7294	8300392
7295	8301392
7296	8302392
7297	8303392
7298	8304392
7299	8305392
7300	8306392
7301	8307392
7302	8308392
7303	8309392
7304	8310392
7305	8311392
7306	8312392
7307	8313392
7308	8314392
7309	8315392
7310	8316392
7311	8317392
7312	8318392
7313	8319392
7314	8320392
7315	8321392
7316	8322392
7317	8323392
7318	8324392
7319	8325392
7320	8326392
7321	8327392
7322	8328392
7323	8329392
7324	8330392
7325	8331392
7326	8332392
7327	8333392
7328	8334392
7329	8335392
7330	8336392
7331	8337392
7332	8338392
7333	8339392
7334	8340392
7335	8341392
7336	8342392
7337	8343392
7338	8344392
7339	8345392
7340	8346392
7341	8347392
7342	8348392
7343	8349392
7344	8350392
7345	8351392
7346	8352392
7347	8353392
7348	8354392
7349	8355392
7350	8356392
7351	8357392
7352	8358392
7353	8359392
7354	8360392
7355	8361392
7356	8362392
7357	8363392
7358	8364392
7359	8365392
7360	8366392
7361	8367392
7362	8368392
7363	8369392
7364	8370392
7365	8371392
7366	8372392
7367	8373392
7368	8374392
7369	8375392
7370	8376392
7371	8377392
7372	8378392
7373	8379392
7374	8380392
7375	8381392
7376	8382392
7377	8383392
7378	8384392
7379	8385392
7380	8386392
7381	8387392
7382	8388392
7383	8389392
7384	8390392
7385	8391392
7386	8392392
7387	8393392
7388	8394392
7389	8395392
7390	8396392
7391	8397392
7392	8398392
7393	8399392
7394	8400392
7395	8401392
7396	8402392
7397	8403392
7398	8404392
7399	8405392
7400	8406392
7401	8407392
7402	8408392
7403	8409392
7404	8410392
7405	8411392
7406	8412392
7407	8413392
7408	8414392
7409	8415392
7410	8416392
7411	8417392
7412	8418392
7413	8419392
7414	8420392
7415	8421392
7416	8422392
7417	8423392
7418	8424392
7419	8425392
7420	8426392
7421	8427392
7422	8428392
7423	8429392
7424	8430392
7425	8431392
7426	8432392
7427	8433392
7428	8434392
7429	8435392
7430	8436392
7431	8437392
7432	8438392
7433	8439392
7434	8440392
7435	8441392
7436	8442392
7437	8443392
7438	8444392
7439	8445392
7440	8446392
7441	8447384
7442	8448392
7443	8449392
7444	8450392
7445	8451392
7446	8452392
7447	8453392
7448	8454392
7449	8455392
7450	8456392
7451	8457392
7452	8458392
7453	8459392
7454	8460392
7455	8461392
7456	8462392
7457	8463392
7458	8464392
7459	8465392
7460	8466392
7461	8467392
7462	8468392
7463	8469392
7464	8470392
7465	8471392
7466	8472392
7467	8473392
7468	8474392
7469	8475392
7470	8476392
7471	8477392
7472	8478392
7473	8479392
7474	8480392
7475	8481392
7476	8482392
7477	8483392
7478	8484392
7479	8485392
7480	8486392
7481	8487392
7482	8488392
7483	8489392
7484	8490392
7485	8491392
7486	8492392
7487	8493392
7488	8494392
7489	8495392
7490	8496392
7491	8497392
7492	8498392
7493	8499392
7494	8500392
7495	8501392
7496	8502392
7497	8503392
7498	8504392
7499	8505392
7500	8506392
7501	8507392
7502	8508392
7503	8509392
7504	8510392
7505	8511392
7506	8512392
7507	8513392
7508	8514392
7509	8515392
7510	8516392
7511	8517392
7512	8518392
7513	8519392
7514	8520392
7515	8521392
7516	8522392
7517	8523392
7518	8524392
7519	8525392
7520	8526392
7521	8527392
7522	8528392
7523	8529392
7524	8530392
7525	8531392
7526	8532392
7527	8533392
7528	8534392
7529	8535392
7530	8536392
7531	8537392
7532	8538392
7533	8539392
7534	8540392
7535	8541392
7536	8542392
7537	8543392
7538	8544392
7539	8545392
7540	8546392
7541	8547392
7542	8548392
7543	8549392
7544	8550392
7545	8551392
7546	8552392
7547	8553392
7548	8554392
7549	8555392
7550	8556392
7551	8557392
7552	8558392
7553	8559392
7554	8560392
7555	8561392
7556	8562392
7557	8563392
7558	8564392
7559	8565392
7560	8566392
7561	8567392
7562	8568392
7563	8569392
7564	8570392
7565	8571392
7566	8572392
7567	8573392
7568	8574392
7569	8575392
7570	8576392
7571	8577392
7572	8578392
7573	8579392
7574	8580392
7575	8581392
7576	8582392
7577	8583392
7578	8584392
7579	8585392
7580	8586392
7581	8587392
7582	8588392
7583	8589392
7584	8590392
7585	8591392
7586	8592392
7587	8593392
7588	8594392
7589	8595392
7590	8596392
7591	8597392
7592	8598392
7593	8599392
7594	8600392
7595	8601392
7596	8602392
7597	8603392
7598	8604392
7599	8605392
7600	8606392
7601	8607392
7602	8608392
7603	8609392
7604	8610392
7605	8611392
7606	8612392
7607	8613392
7608	8614392
7609	8615392
7610	8616392
7611	8617392
7612	8618392
7613	8619392
7614	8620392
7615	8621392
7616	8622392
7617	8623392
7618	8624392
7619	8625392
7620	8626392
7621	8627392
7622	8628392
7623	8629392
7624	8630392
7625	8631392
7626	8632392
7627	8633392
7628	8634392
7629	8635392
7630	8636392
7631	8637392
7632	8638392
7633	8639392
7634	8640392
7635	8641392
7636	8642392
7637	8643392
7638	8644392
7639	8645392
7640	8646392
7641	8647392
7642	8648392
7643	8649392
7644	8650392
7645	8651392
7646	8652392
7647	8653392
7648	8654392
7649	8655392
7650	8656392
7651	8657392
7652	8658392
7653	8659392
7654	8660392
7655	8661392
7656	8662392
7657	8663392
7658	8664392
7659	8665392
7660	8666392
7661	8667392
7662	8668392
7663	8669392
7664	8670392
7665	8671392
7666	8672392
7667	8673392
7668	8674392
7669	8675392
7670	8676392
7671	8677392
7672	8678392
7673	8679392
7674	8680392
7675	8681392
7676	8682392
7677	8683392
7678	8684392
7679	8685392
7680	8686392
7681	8687392
7682	8688392
7683	8689392
7684	8690392
7685	8691392
7686	8692392
7687	8693392
7688	8694392
7689	8695392
7690	8696392
7691	8697392
7692	8698392
7693	8699392
7694	8700392
7695	8701392
7696	8702392
7697	8703384
7698	8704392
7699	8705392
7700	8706392
7701	8707392
7702	8708392
7703	8709392
7704	8710392
7705	8711392
7706	8712392
7707	8713392
7708	8714392
7709	8715392
7710	8716392
7711	8717392
7712	8718392
7713	8719392
7714	8720392
7715	8721392
7716	8722392
7717	8723392
7718	8724392
7719	8725392
7720	8726392
7721	8727392
7722	8728392
7723	8729392
7724	8730392
7725	8731392
7726	8732392
7727	8733392
7728	8734392
7729	8735392
7730	8736392
7731	8737392
7732	8738392
7733	8739392
7734	8740392
7735	8741392
7736	8742392
7737	8743392
7738	8744392
7739	8745392
7740	8746392
7741	8747392
7742	8748392
7743	8749392
7744	8750392
7745	8751392
7746	8752392
7747	8753392
7748	8754392
7749	8755392
7750	8756392
7751	8757392
7752	8758392
7753	8759392
7754	8760392
7755	8761392
7756	8762392
7757	8763392
7758	8764392
7759	8765392
7760	8766392
7761	8767392
7762	8768392
7763	8769392
7764	8770392
7765	8771392
7766	8772392
7767	8773392
7768	8774392
7769	8775392
7770	8776392
7771	8777392
7772	8778392
7773	8779392
7774	8780392
7775	8781392
7776	8782392
7777	8783392
7778	8784392
7779	8785392
7780	8786392
7781	8787392
7782	8788392
7783	8789392
7784	8790392
7785	8791392
7786	8792392
7787	8793392
7788	8794392
7789	8795392
7790	8796392
7791	8797392
7792	8798392
7793	8799392
7794	8800392
7795	8801392
7796	8802392
7797	8803392
7798	8804392
7799	8805392
7800	8806392
7801	8807392
7802	8808392
7803	8809392
7804	8810392
7805	8811392
7806	8812392
7807	8813392
7808	8814392
7809	8815392
7810	8816392
7811	8817392
7812	8818392
7813	8819392
7814	8820392
7815	8821392
7816	8822392
7817	8823392
7818	8824392
7819	8825392
7820	8826392
7821	8827392
7822	8828392
7823	8829392
7824	8830392
7825	8831392
7826	8832392
7827	8833392
7828	8834392
7829	8835392
7830	8836392
7831	8837392
7832	8838392
7833	8839392
7834	8840392
7835	8841392
7836	8842392
7837	8843392
7838	8844392
7839	8845392
7840	8846392
7841	8847392
7842	8848392
7843	8849392
7844	8850392
7845	8851392
7846	8852392
7847	8853392
7848	8854392
7849	8855392
7850	8856392
7851	8857392
7852	8858392
7853	8859392
7854	8860392
7855	8861392
7856	8862392
7857	8863392
7858	8864392
7859	8865392
7860	8866392
7861	8867392
7862	8868392
7863	8869392
7864	8870392
7865	8871392
7866	8872392
7867	8873392
7868	8874392
7869	8875392
7870	8876392
7871	8877392
7872	8878392
7873	8879392
7874	8880392
7875	8881392
7876	8882392
7877	8883392
7878	8884392
7879	8885392
7880	8886392
7881	8887392
7882	8888392
7883	8889392
7884	8890392
7885	8891392
7886	8892392
7887	8893392
7888	8894392
7889	8895392
7890	8896392
7891	8897392
7892	8898392
7893	8899392
7894	8900392
7895	8901392
7896	8902392
7897	8903392
7898	8904392
7899	8905392
7900	8906392
7901	8907392
7902	8908392
7903	8909392
7904	8910392
7905	8911392
7906	8912392
7907	8913392
7908	8914392
7909	8915392
7910	8916392
7911	8917392
7912	8918392
7913	8919392
7914	8920392
7915	8921392
7916	8922392
7917	8923392
7918	8924392
7919	8925392
7920	8926392
7921	8927392
7922	8928392
7923	8929392
7924	8930392
7925	8931392
7926	8932392
7927	8933392
7928	8934392
7929	8935392
7930	8936392
7931	8937392
7932	8938392
7933	8939392
7934	8940392
7935	8941392
7936	8942392
7937	8943392
7938	8944392
7939	8945392
7940	8946392
7941	8947392
7942	8948392
7943	8949392
7944	8950392
7945	8951392
7946	8952392
7947	8953392
7948	8954392
7949	8955392
7950	8956392
7951	8957392
7952	8958392
7953	8959384
7954	8960392
7955	8961392
7956	8962392
7957	8963392
7958	8964392
7959	8965392
7960	8966392
7961	8967392
7962	8968392
7963	8969392
7964	8970392
7965	8971392
7966	8972392
7967	8973392
7968	8974392
7969	8975392
7970	8976392
7971	8977392
7972	8978392
7973	8979392
7974	8980392
7975	8981392
7976	8982392
7977	8983392
7978	8984392
7979	8985392
7980	8986392
7981	8987392
7982	8988392
7983	8989392
7984	8990392
7985	8991392
7986	8992392
7987	8993392
7988	8994392
7989	8995392
7990	8996392
7991	8997392
7992	8998392
7993	8999392
7994	9000392
7995	9001392
7996	9002392
7997	9003392
7998	9004392
7999	9005392
8000	9006392
8001	9007392
8002	9008392
8003	9009392
8004	9010392
8005	9011392
8006	9012392
8007	9013392
8008	9014392
8009	9015392
8010	9016392
8011	9017392
8012	9018392
8013	9019392
8014	9020392
8015	9021392
8016	9022392
8017	9023392
8018	9024392
8019	9025392
8020	9026392
8021	9027392
8022	9028392
8023	9029392
8024	9030392
8025	9031392
8026	9032392
8027	9033392
8028	9034392
8029	9035392
8030	9036392
8031	9037392
8032	9038392
8033	9039392
8034	9040392
8035	9041392
8036	9042392
8037	9043392
8038	9044392
8039	9045392
8040	9046392
8041	9047392
8042	9048392
8043	9049392
8044	9050392
8045	9051392
8046	9052392
8047	9053392
8048	9054392
8049	9055392
8050	9056392
8051	9057392
8052	9058392
8053	9059392
8054	9060392
8055	9061392
8056	9062392
8057	9063392
8058	9064392
8059	9065392
8060	9066392
8061	9067392
8062	9068392
8063	9069392
8064	9070392
8065	9071392
8066	9072392
8067	9073392
8068	9074392
8069	9075392
8070	9076392
8071	9077392
8072	9078392
8073	9079392
8074	9080392
8075	9081392
8076	9082392
8077	9083392
8078	9084392
8079	9085392
8080	9086392
8081	9087392
8082	9088392
8083	9089392
8084	9090392
8085	9091392
8086	9092392
8087	9093392
8088	9094392
8089	9095392
8090	9096392
8091	9097392
8092	9098392
8093	9099392
8094	9100392
8095	9101392
8096	9102392
8097	9103392
8098	9104392
8099	9105392
8100	9106392
8101	9107392
8102	9108392
8103	9109392
8104	9110392
8105	9111392
8106	9112392
8107	9113392
8108	9114392
8109	9115392
8110	9116392
8111	9117392
8112	9118392
8113	9119392
8114	9120392
8115	9121392
8116	9122392
8117	9123392
8118	9124392
8119	9125392
8120	9126392
8121	9127392
8122	9128392
8123	9129392
8124	9130392
8125	9131392
8126	9132392
8127	9133392
8128	9134392
8129	9135392
8130	9136392
8131	9137392
8132	9138392
8133	9139392
8134	9140392
8135	9141392
8136	9142392
8137	9143392
8138	9144392
8139	9145392
8140	9146392
8141	9147392
8142	9148392
8143	9149392
8144	9150392
8145	9151392
8146	9152392
8147	9153392
8148	9154392
8149	9155392
8150	9156392
8151	9157392
8152	9158392
8153	9159392
8154	9160392
8155	9161392
8156	9162392
8157	9163392
8158	9164392
8159	9165392
8160	9166392
8161	9167392
8162	9168392
8163	9169392
8164	9170392
8165	9171392
8166	9172392
8167	9173392
8168	9174392
8169	9175392
8170	9176392
8171	9177392
8172	9178392
8173	9179392
8174	9180392
8175	9181392
8176	9182392
8177	9183392
8178	9184392
8179	9185392
8180	9186392
8181	9187392
8182	9188392
8183	9189392
8184	9190392
8185	9191392
8186	9192392
8187	9193392
8188	9194392
8189	9195392
8190	9196392
8191	9197392
8192	9198392
8193	9199392
8194	9200392
8195	9201392
8196	9202392
8197	9203392
8198	9204392
8199	9205392
8200	9206392
8201	9207392
8202	9208392
8203	9209392
8204	9210392
8205	9211392
8206	9212392
8207	9213392
8208	9214392
8209	9215384
8210	9216392
8211	9217392
8212	9218392
8213	9219392
8214	9220392
8215	9221392
8216	9222392
8217	9223392
8218	9224392
8219	9225392
8220	9226392
8221	9227392
8222	9228392
8223	9229392
8224	9230392
8225	9231392
8226	9232392
8227	9233392
8228	9234392
8229	9235392
8230	9236392
8231	9237392
8232	9238392
8233	9239392
8234	9240392
8235	9241392
8236	9242392
8237	9243392
8238	9244392
8239	9245392
8240	9246392
8241	9247392
8242	9248392
8243	9249392
8244	9250392
8245	9251392
8246	9252392
8247	9253392
8248	9254392
8249	9255392
8250	9256392
8251	9257392
8252	9258392
8253	9259392
8254	9260392
8255	9261392
8256	9262392
8257	9263392
8258	9264392
8259	9265392
8260	9266392
8261	9267392
8262	9268392
8263	9269392
8264	9270392
8265	9271392
8266	9272392
8267	9273392
8268	9274392
8269	9275392
8270	9276392
8271	9277392
8272	9278392
8273	9279392
8274	9280392
8275	9281392
8276	9282392
8277	9283392
8278	9284392
8279	9285392
8280	9286392
8281	9287392
8282	9288392
8283	9289392
8284	9290392
8285	9291392
8286	9292392
8287	9293392
8288	9294392
8289	9295392
8290	9296392
8291	9297392
8292	9298392
8293	9299392
8294	9300392
8295	9301392
8296	9302392
8297	9303392
8298	9304392
8299	9305392
8300	9306392
8301	9307392
8302	9308392
8303	9309392
8304	9310392
8305	9311392
8306	9312392
8307	9313392
8308	9314392
8309	9315392
8310	9316392
8311	9317392
8312	9318392
8313	9319392
8314	9320392
8315	9321392
8316	9322392
8317	9323392
8318	9324392
8319	9325392
8320	9326392
8321	9327392
8322	9328392
8323	9329392
8324	9330392
8325	9331392
8326	9332392
8327	9333392
8328	9334392
8329	9335392
8330	9336392
8331	9337392
8332	9338392
8333	9339392
8334	9340392
8335	9341392
8336	9342392
8337	9343392
8338	9344392
8339	9345392
8340	9346392
8341	9347392
8342	9348392
8343	9349392
8344	9350392
8345	9351392
8346	9352392
8347	9353392
8348	9354392
8349	9355392
8350	9356392
8351	9357392
8352	9358392
8353	9359392
8354	9360392
8355	9361392
8356	9362392
8357	9363392
8358	9364392
8359	9365392
8360	9366392
8361	9367392
8362	9368392
8363	9369392
8364	9370392
8365	9371392
8366	9372392
8367	9373392
8368	9374392
8369	9375392
8370	9376392
8371	9377392
8372	9378392
8373	9379392
8374	9380392
8375	9381392
8376	9382392
8377	9383392
8378	9384392
8379	9385392
8380	9386392
8381	9387392
8382	9388392
8383	9389392
8384	9390392
8385	9391392
8386	9392392
8387	9393392
8388	9394392
8389	9395392
8390	9396392
8391	9397392
8392	9398392
8393	9399392
8394	9400392
8395	9401392
8396	9402392
8397	9403392
8398	9404392
8399	9405392
8400	9406392
8401	9407392
8402	9408392
8403	9409392
8404	9410392
8405	9411392
8406	9412392
8407	9413392
8408	9414392
8409	9415392
8410	9416392
8411	9417392
8412	9418392
8413	9419392
8414	9420392
8415	9421392
8416	9422392
8417	9423392
8418	9424392
8419	9425392
8420	9426392
8421	9427392
8422	9428392
8423	9429392
8424	9430392
8425	9431392
8426	9432392
8427	9433392
8428	9434392
8429	9435392
8430	9436392
8431	9437392
8432	9438392
8433	9439392
8434	9440392
8435	9441392
8436	9442392
8437	9443392
8438	9444392
8439	9445392
8440	9446392
8441	9447392
8442	9448392
8443	9449392
8444	9450392
8445	9451392
8446	9452392
8447	9453392
8448	9454392
8449	9455392
8450	9456392
8451	9457392
8452	9458392
8453	9459392
8454	9460392
8455	9461392
8456	9462392
8457	9463392
8458	9464392
8459	9465392
8460	9466392
8461	9467392
8462	9468392
8463	9469392
8464	9470392
8465	9471384
8466	9472392
8467	9473392
8468	9474392
8469	9475392
8470	9476392
8471	9477392
8472	9478392
8473	9479392
8474	9480392
8475	9481392
8476	9482392
8477	9483392
8478	9484392
8479	9485392
8480	9486392
8481	9487392
8482	9488392
8483	9489392
8484	9490392
8485	9491392
8486	9492392
8487	9493392
8488	9494392
8489	9495392
8490	9496392
8491	9497392
8492	9498392
8493	9499392
8494	9500392
8495	9501392
8496	9502392
8497	9503392
8498	9504392
8499	9505392
8500	9506392
8501	9507392
8502	9508392
8503	9509392
8504	9510392
8505	9511392
8506	9512392
8507	9513392
8508	9514392
8509	9515392
8510	9516392
8511	9517392
8512	9518392
8513	9519392
8514	9520392
8515	9521392
8516	9522392
8517	9523384
8518	9524392
8519	9525392
8520	9526392
8521	9527392
8522	9528392
8523	9529392
8524	9530392
8525	9531392
8526	9532392
8527	9533392
8528	9534392
8529	9535392
8530	9536392
8531	9537392
8532	9538392
8533	9539392
8534	9540392
8535	9541392
8536	9542392
8537	9543392
8538	9544392
8539	9545392
8540	9546392
8541	9547392
8542	9548392
8543	9549392
8544	9550392
8545	9551392
8546	9552392
8547	9553392
8548	9554392
8549	9555392
8550	9556392
8551	9557392
8552	9558392
8553	9559392
8554	9560392
8555	9561392
8556	9562392
8557	9563392
8558	9564392
8559	9565392
8560	9566392
8561	9567392
8562	9568392
8563	9569392
8564	9570392
8565	9571392
8566	9572392
8567	9573392
8568	9574392
8569	9575392
8570	9576392
8571	9577392
8572	9578392
8573	9579392
8574	9580392
8575	9581392
8576	9582392
8577	9583392
8578	9584392
8579	9585392
8580	9586392
8581	9587392
8582	9588392
8583	9589392
8584	9590392
8585	9591392
8586	9592392
8587	9593392
8588	9594392
8589	9595392
8590	9596392
8591	9597392
8592	9598392
8593	9599392
8594	9600392
8595	9601392
8596	9602392
8597	9603392
8598	9604392
8599	9605392
8600	9606392
8601	9607392
8602	9608392
8603	9609392
8604	9610392
8605	9611392
8606	9612392
8607	9613392
8608	9614392
8609	9615392
8610	9616392
8611	9617392
8612	9618392
8613	9619392
8614	9620392
8615	9621392
8616	9622392
8617	9623392
8618	9624392
8619	9625392
8620	9626392
8621	9627392
8622	9628392
8623	9629392
8624	9630392
8625	9631392
8626	9632392
8627	9633392
8628	9634392
8629	9635392
8630	9636392
8631	9637392
8632	9638392
8633	9639392
8634	9640392
8635	9641392
8636	9642392
8637	9643392
8638	9644392
8639	9645392
8640	9646392
8641	9647392
8642	9648392
8643	9649392
8644	9650392
8645	9651392
8646	9652392
8647	9653392
8648	9654392
8649	9655392
8650	9656392
8651	9657392
8652	9658392
8653	9659392
8654	9660392
8655	9661392
8656	9662392
8657	9663392
8658	9664392
8659	9665392
8660	9666392
8661	9667392
8662	9668392
8663	9669392
8664	9670392
8665	9671392
8666	9672392
8667	9673392
8668	9674392
8669	9675392
8670	9676392
8671	9677392
8672	9678392
8673	9679392
8674	9680392
8675	9681392
8676	9682392
8677	9683392
8678	9684392
8679	9685392
8680	9686392
8681	9687392
8682	9688392
8683	9689392
8684	9690392
8685	9691392
8686	9692392
8687	9693392
8688	9694392
8689	9695392
8690	9696392
8691	9697392
8692	9698392
8693	9699392
8694	9700392
8695	9701392
8696	9702392
8697	9703392
8698	9704392
8699	9705392
8700	9706392
8701	9707392
8702	9708392
8703	9709392
8704	9710392
8705	9711392
8706	9712392
8707	9713392
8708	9714392
8709	9715392
8710	9716392
8711	9717392
8712	9718392
8713	9719392
8714	9720392
8715	9721392
8716	9722392
8717	9723392
8718	9724392
8719	9725392
8720	9726392
8721	9727384
8722	9728392
8723	9729392
8724	9730392
8725	9731392
8726	9732392
8727	9733392
8728	9734392
8729	9735392
8730	9736392
8731	9737392
8732	9738392
8733	9739392
8734	9740392
8735	9741392
8736	9742392
8737	9743392
8738	9744392
8739	9745392
8740	9746392
8741	9747392
8742	9748392
8743	9749392
8744	9750392
8745	9751392
8746	9752392
8747	9753392
8748	9754392
8749	9755392
8750	9756392
8751	9757392
8752	9758392
8753	9759392
8754	9760392
8755	9761392
8756	9762392
8757	9763392
8758	9764392
8759	9765392
8760	9766392
8761	9767392
8762	9768392
8763	9769392
8764	9770392
8765	9771392
8766	9772392
8767	9773392
8768	9774392
8769	9775392
8770	9776392
8771	9777392
8772	9778392
8773	9779392
8774	9780392
8775	9781392
8776	9782392
8777	9783392
8778	9784392
8779	9785392
8780	9786392
8781	9787392
8782	9788392
8783	9789392
8784	9790392
8785	9791392
8786	9792392
8787	9793392
8788	9794392
8789	9795392
8790	9796392
8791	9797392
8792	9798392
8793	9799392
8794	9800392
8795	9801392
8796	9802392
8797	9803392
8798	9804392
8799	9805392
8800	9806392
8801	9807392
8802	9808392
8803	9809392
8804	9810392
8805	9811392
8806	9812392
8807	9813392
8808	9814392
8809	9815392
8810	9816392
8811	9817392
8812	9818392
8813	9819392
8814	9820392
8815	9821392
8816	9822392
8817	9823392
8818	9824392
8819	9825392
8820	9826392
8821	9827392
8822	9828392
8823	9829392
8824	9830392
8825	9831392
8826	9832392
8827	9833392
8828	9834392
8829	9835392
8830	9836392
8831	9837392
8832	9838392
8833	9839392
8834	9840392
8835	9841392
8836	9842392
8837	9843392
8838	9844392
8839	9845392
8840	9846392
8841	9847392
8842	9848392
8843	9849392
8844	9850392
8845	9851392
8846	9852392
8847	9853392
8848	9854392
8849	9855392
8850	9856392
8851	9857392
8852	9858392
8853	9859392
8854	9860392
8855	9861392
8856	9862392
8857	9863392
8858	9864392
8859	9865392
8860	9866392
8861	9867392
8862	9868392
8863	9869392
8864	9870392
8865	9871392
8866	9872392
8867	9873392
8868	9874392
8869	9875392
8870	9876392
8871	9877392
8872	9878392
8873	9879392
8874	9880392
8875	9881392
8876	9882392
8877	9883392
8878	9884392
8879	9885392
8880	9886392
8881	9887392
8882	9888392
8883	9889392
8884	9890392
8885	9891392
8886	9892392
8887	9893392
8888	9894392
8889	9895392
8890	9896392
8891	9897392
8892	9898392
8893	9899392
8894	9900392
8895	9901392
8896	9902392
8897	9903392
8898	9904392
8899	9905392
8900	9906392
8901	9907392
8902	9908392
8903	9909392
8904	9910392
8905	9911392
8906	9912392
8907	9913392
8908	9914392
8909	9915392
8910	9916392
8911	9917392
8912	9918392
8913	9919392
8914	9920392
8915	9921392
8916	9922392
8917	9923392
8918	9924392
8919	9925392
8920	9926392
8921	9927392
8922	9928392
8923	9929392
8924	9930392
8925	9931392
8926	9932392
8927	9933392
8928	9934392
8929	9935392
8930	9936392
8931	9937392
8932	9938392
8933	9939392
8934	9940392
8935	9941392
8936	9942392
8937	9943392
8938	9944392
8939	9945392
8940	9946392
8941	9947392
8942	9948392
8943	9949392
8944	9950392
8945	9951392
8946	9952392
8947	9953392
8948	9954392
8949	9955392
8950	9956392
8951	9957392
8952	9958392
8953	9959392
8954	9960392
8955	9961392
8956	9962392
8957	9963392
8958	9964392
8959	9965392
8960	9966392
8961	9967392
8962	9968392
8963	9969392
8964	9970392
8965	9971392
8966	9972392
8967	9973392
8968	9974392
8969	9975392
8970	9976392
8971	9977392
8972	9978392
8973	9979392
8974	9980392
8975	9981392
8976	9982392
8977	9983384
8978	9984392
8979	9985392
8980	9986392
8981	9987392
8982	9988392
8983	9989392
8984	9990392
8985	9991392
8986	9992392
8987	9993392
8988	9994392
8989	9995392
8990	9996392
8991	9997392
8992	9998392
8993	9999392
8994	-1
8995	-1
8996	-1
8997	-1
8998	-1
8999	-1
9000	-1
9001	-1
9002	-1
9003	-1
9004	-1
9005	-1
9006	-1
9007	-1
9008	-1
9009	-1
9010	-1
9011	-1
9012	-1
9013	-1
9014	-1
9015	-1
9016	-1
9017	-1
9018	-1
9019	-1
9020	-1
9021	-1
9022	-1
9023	-1
9024	-1
9025	-1
9026	-1
9027	-1
9028	-1
9029	-1
9030	-1
9031	-1
9032	-1
9033	-1
9034	-1
9035	-1
9036	-1
9037	-1
9038	-1
9039	-1
9040	-1
9041	-1
9042	-1
9043	-1
9044	-1
9045	-1
9046	-1
9047	-1
9048	-1
9049	-1
9050	-1
9051	-1
9052	-1
9053	-1
9054	-1
9055	-1
9056	-1
9057	-1
9058	-1
9059	-1
9060	-1
9061	-1
9062	-1
9063	-1
9064	-1
9065	-1
9066	-1
9067	-1
9068	-1
9069	-1
9070	-1
9071	-1
9072	-1
9073	-1
9074	-1
9075	-1
9076	-1
9077	-1
9078	-1
9079	-1
9080	-1
9081	-1
9082	-1
9083	-1
9084	-1
9085	-1
9086	-1
9087	-1
9088	-1
9089	-1
9090	-1
9091	-1
9092	-1
9093	-1
9094	-1
9095	-1
9096	-1
9097	-1
9098	-1
9099	-1
9100	-1
9101	-1
9102	-1
9103	-1
9104	-1
9105	-1
9106	-1
9107	-1
9108	-1
9109	-1
9110	-1
9111	-1
9112	-1
9113	-1
9114	-1
9115	-1
9116	-1
9117	-1
9118	-1
9119	-1
9120	-1
9121	-1
9122	-1
9123	-1
9124	-1
9125	-1
9126	-1
9127	-1
9128	-1
9129	-1
9130	-1
9131	-1
9132	-1
9133	-1
9134	-1
9135	-1
9136	-1
9137	-1
9138	-1
9139	-1
9140	-1
9141	-1
9142	-1
9143	-1
9144	-1
9145	-1
9146	-1
9147	-1
9148	-1
9149	-1
9150	-1
9151	-1
9152	-1
9153	-1
9154	-1
9155	-1
9156	-1
9157	-1
9158	-1
9159	-1
9160	-1
9161	-1
9162	-1
9163	-1
9164	-1
9165	-1
9166	-1
9167	-1
9168	-1
9169	-1
9170	-1
9171	-1
9172	-1
9173	-1
9174	-1
9175	-1
9176	-1
9177	-1
9178	-1
9179	-1
9180	-1
9181	-1
9182	-1
9183	-1
9184	-1
9185	-1
9186	-1
9187	-1
9188	-1
9189	-1
9190	-1
9191	-1
9192	-1
9193	-1
9194	-1
9195	-1
9196	-1
9197	-1
9198	-1
9199	-1
9200	-1
9201	-1
9202	-1
9203	-1
9204	-1
9205	-1
9206	-1
9207	-1
9208	-1
9209	-1
9210	-1
9211	-1
9212	-1
9213	-1
9214	-1
9215	-1
9216	-1
9217	-1
9218	-1
9219	-1
9220	-1
9221	-1
9222	-1
9223	-1
9224	-1
9225	-1
9226	-1
9227	-1
9228	-1
9229	-1
9230	-1
9231	-1
9232	-1
9233	-1
9234	-1
9235	-1
9236	-1
9237	-1
9238	-1
9239	-1
9240	-1
9241	-1
9242	-1
9243	-1
9244	-1
9245	-1
9246	-1
9247	-1
9248	-1
9249	-1
9250	-1
9251	-1
9252	-1
9253	-1
9254	-1
9255	-1
9256	-1
9257	-1
9258	-1
9259	-1
9260	-1
9261	-1
9262	-1
9263	-1
9264	-1
9265	-1
9266	-1
9267	-1
9268	-1
9269	-1
9270	-1
9271	-1
9272	-1
9273	-1
9274	-1
9275	-1
9276	-1
9277	-1
9278	-1
9279	-1
9280	-1
9281	-1
9282	-1
9283	-1
9284	-1
9285	-1
9286	-1
9287	-1
9288	-1
9289	-1
9290	-1
9291	-1
9292	-1
9293	-1
9294	-1
9295	-1
9296	-1
9297	-1
9298	-1
9299	-1
9300	-1
9301	-1
9302	-1
9303	-1
9304	-1
9305	-1
9306	-1
9307	-1
9308	-1
9309	-1
9310	-1
9311	-1
9312	-1
9313	-1
9314	-1
9315	-1
9316	-1
9317	-1
9318	-1
9319	-1
9320	-1
9321	-1
9322	-1
9323	-1
9324	-1
9325	-1
9326	-1
9327	-1
9328	-1
9329	-1
9330	-1
9331	-1
9332	-1
9333	-1
9334	-1
9335	-1
9336	-1
9337	-1
9338	-1
9339	-1
9340	-1
9341	-1
9342	-1
9343	-1
9344	-1
9345	-1
9346	-1
9347	-1
9348	-1
9349	-1
9350	-1
9351	-1
9352	-1
9353	-1
9354	-1
9355	-1
9356	-1
9357	-1
9358	-1
9359	-1
9360	-1
9361	-1
9362	-1
9363	-1
9364	-1
9365	-1
9366	-1
9367	-1
9368	-1
9369	-1
9370	-1
9371	-1
9372	-1
9373	-1
9374	-1
9375	-1
9376	-1
9377	-1
9378	-1
9379	-1
9380	-1
9381	-1
9382	-1
9383	-1
9384	-1
9385	-1
9386	-1
9387	-1
9388	-1
9389	-1
9390	-1
9391	-1
9392	-1
9393	-1
9394	-1
9395	-1
9396	-1
9397	-1
9398	-1
9399	-1
9400	-1
9401	-1
9402	-1
9403	-1
9404	-1
9405	-1
9406	-1
9407	-1
9408	-1
9409	-1
9410	-1
9411	-1
9412	-1
9413	-1
9414	-1
9415	-1
9416	-1
9417	-1
9418	-1
9419	-1
9420	-1
9421	-1
9422	-1
9423	-1
9424	-1
9425	-1
9426	-1
9427	-1
9428	-1
9429	-1
9430	-1
9431	-1
9432	-1
9433	-1
9434	-1
9435	-1
9436	-1
9437	-1
9438	-1
9439	-1
9440	-1
9441	-1
9442	-1
9443	-1
9444	-1
9445	-1
9446	-1
9447	-1
9448	-1
9449	-1
9450	-1
9451	-1
9452	-1
9453	-1
9454	-1
9455	-1
9456	-1
9457	-1
9458	-1
9459	-1
9460	-1
9461	-1
9462	-1
9463	-1
9464	-1
9465	-1
9466	-1
9467	-1
9468	-1
9469	-1
9470	-1
9471	-1
9472	-1
9473	-1
9474	-1
9475	-1
9476	-1
9477	-1
9478	-1
9479	-1
9480	-1
9481	-1
9482	-1
9483	-1
9484	-1
9485	-1
9486	-1
9487	-1
9488	-1
9489	-1
9490	-1
9491	-1
9492	-1
9493	-1
9494	-1
9495	-1
9496	-1
9497	-1
9498	-1
9499	-1
9500	-1
9501	-1
9502	-1
9503	-1
9504	-1
9505	-1
9506	-1
9507	-1
9508	-1
9509	-1
9510	-1
9511	-1
9512	-1
9513	-1
9514	-1
9515	-1
9516	-1
9517	-1
9518	-1
9519	-1
9520	-1
9521	-1
9522	-1
9523	-1
9524	-1
9525	-1
9526	-1
9527	-1
9528	-1
9529	-1
9530	-1
9531	-1
9532	-1
9533	-1
9534	-1
9535	-1
9536	-1
9537	-1
9538	-1
9539	-1
9540	-1
9541	-1
9542	-1
9543	-1
9544	-1
9545	-1
9546	-1
9547	-1
9548	-1
9549	-1
9550	-1
9551	-1
9552	-1
9553	-1
9554	-1
9555	-1
9556	-1
9557	-1
9558	-1
9559	-1
9560	-1
9561	-1
9562	-1
9563	-1
9564	-1
9565	-1
9566	-1
9567	-1
9568	-1
9569	-1
9570	-1
9571	-1
9572	-1
9573	-1
9574	-1
9575	-1
9576	-1
9577	-1
9578	-1
9579	-1
9580	-1
9581	-1
9582	-1
9583	-1
9584	-1
9585	-1
9586	-1
9587	-1
9588	-1
9589	-1
9590	-1
9591	-1
9592	-1
9593	-1
9594	-1
9595	-1
9596	-1
9597	-1
9598	-1
9599	-1
9600	-1
9601	-1
9602	-1
9603	-1
9604	-1
9605	-1
9606	-1
9607	-1
9608	-1
9609	-1
9610	-1
9611	-1
9612	-1
9613	-1
9614	-1
9615	-1
9616	-1
9617	-1
9618	-1
9619	-1
9620	-1
9621	-1
9622	-1
9623	-1
9624	-1
9625	-1
9626	-1
9627	-1
9628	-1
9629	-1
9630	-1
9631	-1
9632	-1
9633	-1
9634	-1
9635	-1
9636	-1
9637	-1
9638	-1
9639	-1
9640	-1
9641	-1
9642	-1
9643	-1
9644	-1
9645	-1
9646	-1
9647	-1
9648	-1
9649	-1
9650	-1
9651	-1
9652	-1
9653	-1
9654	-1
9655	-1
9656	-1
9657	-1
9658	-1
9659	-1
9660	-1
9661	-1
9662	-1
9663	-1
9664	-1
9665	-1
9666	-1
9667	-1
9668	-1
9669	-1
9670	-1
9671	-1
9672	-1
9673	-1
9674	-1
9675	-1
9676	-1
9677	-1
9678	-1
9679	-1
9680	-1
9681	-1
9682	-1
9683	-1
9684	-1
9685	-1
9686	-1
9687	-1
9688	-1
9689	-1
9690	-1
9691	-1
9692	-1
9693	-1
9694	-1
9695	-1
9696	-1
9697	-1
9698	-1
9699	-1
9700	-1
9701	-1
9702	-1
9703	-1
9704	-1
9705	-1
9706	-1
9707	-1
9708	-1
9709	-1
9710	-1
9711	-1
9712	-1
9713	-1
9714	-1
9715	-1
9716	-1
9717	-1
9718	-1
9719	-1
9720	-1
9721	-1
9722	-1
9723	-1
9724	-1
9725	-1
9726	-1
9727	-1
9728	-1
9729	-1
9730	-1
9731	-1
9732	-1
9733	-1
9734	-1
9735	-1
9736	-1
9737	-1
9738	-1
9739	-1
9740	-1
9741	-1
9742	-1
9743	-1
9744	-1
9745	-1
9746	-1
9747	-1
9748	-1
9749	-1
9750	-1
9751	-1
9752	-1
9753	-1
9754	-1
9755	-1
9756	-1
9757	-1
9758	-1
9759	-1
9760	-1
9761	-1
9762	-1
9763	-1
9764	-1
9765	-1
9766	-1
9767	-1
9768	-1
9769	-1
9770	-1
9771	-1
9772	-1
9773	-1
9774	-1
9775	-1
9776	-1
9777	-1
9778	-1
9779	-1
9780	-1
9781	-1
9782	-1
9783	-1
9784	-1
9785	-1
9786	-1
9787	-1
9788	-1
9789	-1
9790	-1
9791	-1
9792	-1
9793	-1
9794	-1
9795	-1
9796	-1
9797	-1
9798	-1
9799	-1
9800	-1
9801	-1
9802	-1
9803	-1
9804	-1
9805	-1
9806	-1
9807	-1
9808	-1
9809	-1
9810	-1
9811	-1
9812	-1
9813	-1
9814	-1
9815	-1
9816	-1
9817	-1
9818	-1
9819	-1
9820	-1
9821	-1
9822	-1
9823	-1
9824	-1
9825	-1
9826	-1
9827	-1
9828	-1
9829	-1
9830	-1
9831	-1
9832	-1
9833	-1
9834	-1
9835	-1
9836	-1
9837	-1
9838	-1
9839	-1
9840	-1
9841	-1
9842	-1
9843	-1
9844	-1
9845	-1
9846	-1
9847	-1
9848	-1
9849	-1
9850	-1
9851	-1
9852	-1
9853	-1
9854	-1
9855	-1
9856	-1
9857	-1
9858	-1
9859	-1
9860	-1
9861	-1
9862	-1
9863	-1
9864	-1
9865	-1
9866	-1
9867	-1
9868	-1
9869	-1
9870	-1
9871	-1
9872	-1
9873	-1
9874	-1
9875	-1
9876	-1
9877	-1
9878	-1
9879	-1
9880	-1
9881	-1
9882	-1
9883	-1
9884	-1
9885	-1
9886	-1
9887	-1
9888	-1
9889	-1
9890	-1
9891	-1
9892	-1
9893	-1
9894	-1
9895	-1
9896	-1
9897	-1
9898	-1
9899	-1
9900	-1
9901	-1
9902	-1
9903	-1
9904	-1
9905	-1
9906	-1
9907	-1
9908	-1
9909	-1
9910	-1
9911	-1
9912	-1
9913	-1
9914	-1
9915	-1
9916	-1
9917	-1
9918	-1
9919	-1
9920	-1
9921	-1
9922	-1
9923	-1
9924	-1
9925	-1
9926	-1
9927	-1
9928	-1
9929	-1
9930	-1
9931	-1
9932	-1
9933	-1
9934	-1
9935	-1
9936	-1
9937	-1
9938	-1
9939	-1
9940	-1
9941	-1
9942	-1
9943	-1
9944	-1
9945	-1
9946	-1
9947	-1
9948	-1
9949	-1
9950	-1
9951	-1
9952	-1
9953	-1
9954	-1
9955	-1
9956	-1
9957	-1
9958	-1
9959	-1
9960	-1
9961	-1
9962	-1
9963	-1
9964	-1
9965	-1
9966	-1
9967	-1
9968	-1
9969	-1
9970	-1
9971	-1
9972	-1
9973	-1
9974	-1
9975	-1
9976	-1
9977	-1
9978	-1
9979	-1
9980	-1
9981	-1
9982	-1
9983	-1
9984	-1
9985	-1
9986	-1
9987	-1
9988	-1
9989	-1
9990	-1
9991	-1
9992	-1
9993	-1
9994	-1
9995	-1
9996	-1
9997	-1
9998	-1
9999	-1
