0	1006411
1	1007208
2	1008208
3	1009208
4	1010208
5	1011208
6	1012208
7	1013208
8	1014208
9	1015208
10	1016208
11	1017208
12	1018208
13	1019208
14	1020208
15	1021208
16	1022208
17	1023204
18	1024208
19	1025208
20	1026208
21	1027208
22	1028208
23	1029208
24	1030208
25	1031208
26	1032208
27	1033208
28	1034208
29	1035208
30	1036208
31	1037208
32	1038208
33	1039208
34	1040208
35	1041208
36	1042208
37	1043208
38	1044208
39	1045208
40	1046208
41	1047208
42	1048208
43	1049208
44	1050208
45	1051208
46	1052208
47	1053208
48	1054208
49	1055208
50	1056208
51	1057208
52	1058208
53	1059208
54	1060208
55	1061208
56	1062208
57	1063208
58	1064200
59	1065208
60	1066208
61	1067208
62	1068208
63	1069204
64	1070208
65	1071208
66	1072208
67	1073208
68	1074208
69	1075204
70	1076208
71	1077208
72	1078208
73	1079208
74	1080208
75	1081208
76	1082208
77	1083208
78	1084204
79	1085208
80	1086208
81	1087208
82	1088208
83	1089208
84	1090208
85	1091208
86	1092208
87	1093208
88	1094208
89	1095208
90	1096208
91	1097208
92	1098208
93	1099208
94	1100208
95	1101208
96	1102208
97	1103208
98	1104208
99	1105208
100	1106208
101	1107208
102	1108208
103	1109208
104	1110208
105	1111208
106	1112208
107	1113208
108	1114208
109	1115208
110	1116208
111	1117208
112	1118208
113	1119208
114	1120208
115	1121208
116	1122208
117	1123208
118	1124208
119	1125208
120	1126208
121	1127208
122	1128208
123	1129208
124	1130208
125	1131208
126	1132208
127	1133208
128	1134208
129	1135208
130	1136208
131	1137208
132	1138208
133	1139208
134	1140208
135	1141208
136	1142208
137	1143208
138	1144208
139	1145208
140	1146208
141	1147208
142	1148208
143	1149208
144	1150208
145	1151208
146	1152208
147	1153208
148	1154208
149	1155208
150	1156208
151	1157212
152	1158208
153	1159208
154	1160208
155	1161212
156	1162208
157	1163208
158	1164208
159	1165208
160	1166208
161	1167208
162	1168208
163	1169208
164	1170208
165	1171208
166	1172208
167	1173208
168	1174208
169	1175208
170	1176208
171	1177208
172	1178208
173	1179208
174	1180208
175	1181208
176	1182208
177	1183208
178	1184208
179	1185208
180	1186208
181	1187208
182	1188208
183	1189208
184	1190208
185	1191208
186	1192208
187	1193208
188	1194208
189	1195208
190	1196208
191	1197208
192	1198208
193	1199208
194	1200208
195	1201208
196	1202208
197	1203208
198	1204208
199	1205208
200	1206208
201	1207208
202	1208208
203	1209208
204	1210208
205	1211208
206	1212208
207	1213208
208	1214208
209	1215208
210	1216208
211	1217208
212	1218208
213	1219208
214	1220208
215	1221208
216	1222208
217	1223208
218	1224208
219	1225208
220	1226208
221	1227208
222	1228208
223	1229208
224	1230208
225	1231208
226	1232208
227	1233208
228	1234208
229	1235208
230	1236208
231	1237208
232	1238208
233	1239208
234	1240208
235	1241212
236	1242208
237	1243208
238	1244208
239	1245212
240	1246208
241	1247208
242	1248208
243	1249208
244	1250208
245	1251208
246	1252208
247	1253208
248	1254208
249	1255208
250	1256208
251	1257212
252	1258208
253	1259208
254	1260208
255	1261212
256	1262216
257	1263212
258	1264212
259	1265212
260	1266212
261	1267212
262	1268212
263	1269212
264	1270212
265	1271212
266	1272212
267	1273212
268	1274212
269	1275212
270	1276212
271	1277216
272	1278212
273	1279208
274	1280212
275	1281216
276	1282212
277	1283212
278	1284212
279	1285212
280	1286212
281	1287212
282	1288212
283	1289212
284	1290212
285	1291212
286	1292212
287	1293212
288	1294212
289	1295212
290	1296212
291	1297212
292	1298212
293	1299212
294	1300212
295	1301212
296	1302212
297	1303212
298	1304212
299	1305212
300	1306212
301	1307212
302	1308212
303	1309212
304	1310212
305	1311212
306	1312212
307	1313212
308	1314212
309	1315208
310	1316208
311	1317208
312	1318208
313	1319208
314	1320208
315	1321208
316	1322208
317	1323208
318	1324208
319	1325208
320	1326208
321	1327208
322	1328208
323	1329208
324	1330208
325	1331204
326	1332212
327	1333212
328	1334212
329	1335212
330	1336212
331	1337212
332	1338212
333	1339212
334	1340212
335	1341212
336	1342212
337	1343212
338	1344212
339	1345212
340	1346212
341	1347212
342	1348212
343	1349212
344	1350212
345	1351212
346	1352212
347	1353212
348	1354212
349	1355212
350	1356212
351	1357212
352	1358212
353	1359212
354	1360212
355	1361216
356	1362212
357	1363212
358	1364212
359	1365212
360	1366212
361	1367212
362	1368212
363	1369212
364	1370212
365	1371212
366	1372212
367	1373212
368	1374212
369	1375212
370	1376212
371	1377216
372	1378212
373	1379212
374	1380212
375	1381216
376	1382212
377	1383212
378	1384212
379	1385212
380	1386212
381	1387212
382	1388212
383	1389212
384	1390212
385	1391212
386	1392212
387	1393216
388	1394212
389	1395212
390	1396212
391	1397216
392	1398212
393	1399212
394	1400212
395	1401212
396	1402212
397	1403212
398	1404212
399	1405212
400	1406212
401	1407212
402	1408216
403	1409216
404	1410212
405	1411216
406	1412216
407	1413216
408	1414212
409	1415216
410	1416212
411	1417212
412	1418212
413	1419212
414	1420212
415	1421212
416	1422212
417	1423212
418	1424212
419	1425216
420	1426212
421	1427216
422	1428216
423	1429216
424	1430212
425	1431216
426	1432212
427	1433212
428	1434212
429	1435212
430	1436212
431	1437212
432	1438212
433	1439212
434	1440212
435	1441212
436	1442216
437	1443216
438	1444212
439	1445216
440	1446216
441	1447216
442	1448212
443	1449212
444	1450212
445	1451212
446	1452212
447	1453212
448	1454212
449	1455212
450	1456212
451	1457212
452	1458212
453	1459212
454	1460212
455	1461216
456	1462216
457	1463212
458	1464212
459	1465216
460	1466212
461	1467212
462	1468212
463	1469216
464	1470212
465	1471212
466	1472212
467	1473216
468	1474212
469	1475212
470	1476212
471	1477216
472	1478216
473	1479212
474	1480212
475	1481216
476	1482216
477	1483212
478	1484212
479	1485216
480	1486212
481	1487212
482	1488212
483	1489216
484	1490212
485	1491212
486	1492212
487	1493216
488	1494212
489	1495212
490	1496216
491	1497216
492	1498212
493	1499212
494	1500212
495	1501216
496	1502212
497	1503212
498	1504212
499	1505216
500	1506212
501	1507212
502	1508212
503	1509216
504	1510212
505	1511212
506	1512216
507	1513216
508	1514212
509	1515212
510	1516212
511	1517212
512	1518216
513	1519212
514	1520212
515	1521212
516	1522212
517	1523212
518	1524212
519	1525212
520	1526212
521	1527212
522	1528212
523	1529212
524	1530212
525	1531212
526	1532212
527	1533212
528	1534212
529	1535208
530	1536212
531	1537212
532	1538212
533	1539212
534	1540212
535	1541212
536	1542212
537	1543212
538	1544212
539	1545212
540	1546212
541	1547212
542	1548212
543	1549212
544	1550212
545	1551212
546	1552212
547	1553212
548	1554212
549	1555212
550	1556212
551	1557212
552	1558212
553	1559212
554	1560212
555	1561212
556	1562212
557	1563212
558	1564212
559	1565212
560	1566212
561	1567212
562	1568212
563	1569212
564	1570212
565	1571212
566	1572212
567	1573212
568	1574212
569	1575212
570	1576208
571	1577212
572	1578212
573	1579212
574	1580212
575	1581216
576	1582212
577	1583212
578	1584212
579	1585212
580	1586212
581	1587208
582	1588212
583	1589212
584	1590212
585	1591212
586	1592212
587	1593216
588	1594212
589	1595212
590	1596212
591	1597216
592	1598212
593	1599212
594	1600212
595	1601212
596	1602212
597	1603212
598	1604212
599	1605212
600	1606212
601	1607212
602	1608212
603	1609212
604	1610212
605	1611212
606	1612212
607	1613216
608	1614212
609	1615212
610	1616212
611	1617212
612	1618212
613	1619212
614	1620212
615	1621212
616	1622212
617	1623212
618	1624212
619	1625212
620	1626212
621	1627212
622	1628212
623	1629212
624	1630212
625	1631212
626	1632212
627	1633212
628	1634212
629	1635212
630	1636212
631	1637212
632	1638212
633	1639212
634	1640212
635	1641212
636	1642212
637	1643212
638	1644212
639	1645212
640	1646212
641	1647212
642	1648212
643	1649212
644	1650212
645	1651212
646	1652212
647	1653212
648	1654212
649	1655212
650	1656212
651	1657212
652	1658212
653	1659212
654	1660212
655	1661212
656	1662212
657	1663216
658	1664212
659	1665216
660	1666216
661	1667212
662	1668212
663	1669212
664	1670212
665	1671212
666	1672212
667	1673212
668	1674212
669	1675212
670	1676212
671	1677216
672	1678216
673	1679216
674	1680212
675	1681216
676	1682216
677	1683216
678	1684212
679	1685212
680	1686212
681	1687212
682	1688212
683	1689212
684	1690212
685	1691212
686	1692212
687	1693216
688	1694216
689	1695212
690	1696212
691	1697216
692	1698216
693	1699212
694	1700212
695	1701216
696	1702212
697	1703212
698	1704212
699	1705216
700	1706212
701	1707212
702	1708212
703	1709216
704	1710216
705	1711212
706	1712212
707	1713216
708	1714212
709	1715212
710	1716212
711	1717216
712	1718212
713	1719212
714	1720212
715	1721216
716	1722212
717	1723212
718	1724212
719	1725216
720	1726212
721	1727212
722	1728216
723	1729216
724	1730212
725	1731212
726	1732216
727	1733216
728	1734212
729	1735212
730	1736212
731	1737216
732	1738212
733	1739212
734	1740212
735	1741216
736	1742212
737	1743212
738	1744216
739	1745216
740	1746212
741	1747212
742	1748216
743	1749216
744	1750212
745	1751212
746	1752212
747	1753212
748	1754212
749	1755212
750	1756212
751	1757212
752	1758212
753	1759212
754	1760212
755	1761216
756	1762212
757	1763216
758	1764216
759	1765216
760	1766212
761	1767216
762	1768212
763	1769212
764	1770212
765	1771212
766	1772212
767	1773212
768	1774216
769	1775212
770	1776212
771	1777212
772	1778212
773	1779212
774	1780212
775	1781212
776	1782212
777	1783212
778	1784212
779	1785212
780	1786212
781	1787212
782	1788212
783	1789212
784	1790212
785	1791208
786	1792212
787	1793212
788	1794212
789	1795212
790	1796212
791	1797212
792	1798212
793	1799212
794	1800212
795	1801212
796	1802212
797	1803212
798	1804212
799	1805212
800	1806212
801	1807212
802	1808212
803	1809212
804	1810212
805	1811212
806	1812212
807	1813216
808	1814212
809	1815212
810	1816212
811	1817216
812	1818212
813	1819212
814	1820212
815	1821212
816	1822212
817	1823212
818	1824212
819	1825212
820	1826212
821	1827212
822	1828212
823	1829216
824	1830212
825	1831212
826	1832208
827	1833216
828	1834212
829	1835212
830	1836212
831	1837212
832	1838212
833	1839212
834	1840212
835	1841212
836	1842212
837	1843208
838	1844212
839	1845216
840	1846212
841	1847212
842	1848212
843	1849216
844	1850212
845	1851212
846	1852212
847	1853212
848	1854212
849	1855212
850	1856212
851	1857212
852	1858212
853	1859212
854	1860212
855	1861212
856	1862212
857	1863212
858	1864212
859	1865212
860	1866212
861	1867212
862	1868212
863	1869212
864	1870212
865	1871212
866	1872212
867	1873212
868	1874212
869	1875212
870	1876212
871	1877212
872	1878212
873	1879212
874	1880212
875	1881212
876	1882212
877	1883212
878	1884212
879	1885212
880	1886212
881	1887212
882	1888212
883	1889212
884	1890212
885	1891212
886	1892212
887	1893212
888	1894212
889	1895212
890	1896212
891	1897212
892	1898212
893	1899212
894	1900212
895	1901212
896	1902212
897	1903212
898	1904212
899	1905212
900	1906212
901	1907212
902	1908212
903	1909212
904	1910212
905	1911212
906	1912212
907	1913212
908	1914212
909	1915212
910	1916212
911	1917212
912	1918216
913	1919212
914	1920212
915	1921216
916	1922212
917	1923212
918	1924212
919	1925216
920	1926212
921	1927212
922	1928212
923	1929216
924	1930216
925	1931212
926	1932212
927	1933216
928	1934216
929	1935212
930	1936212
931	1937216
932	1938212
933	1939212
934	1940212
935	1941216
936	1942212
937	1943212
938	1944212
939	1945216
940	1946212
941	1947212
942	1948216
943	1949216
944	1950212
945	1951212
946	1952216
947	1953216
948	1954212
949	1955212
950	1956212
951	1957216
952	1958212
953	1959212
954	1960212
955	1961216
956	1962212
957	1963212
958	1964216
959	1965216
960	1966212
961	1967212
962	1968216
963	1969212
964	1970212
965	1971212
966	1972212
967	1973212
968	1974212
969	1975212
970	1976212
971	1977212
972	1978212
973	1979216
974	1980216
975	1981216
976	1982212
977	1983216
978	1984216
979	1985216
980	1986212
981	1987212
982	1988212
983	1989212
984	1990212
985	1991212
986	1992212
987	1993212
988	1994212
989	1995212
990	1996216
991	1997216
992	1998212
993	1999216
994	2000212
995	2001216
996	2002212
997	2003212
998	2004212
999	2005212
1000	2006212
1001	2007212
1002	2008212
1003	2009212
1004	2010212
1005	2011212
1006	2012212
1007	2013216
1008	2014216
1009	2015216
1010	2016212
1011	2017216
1012	2018216
1013	2019216
1014	2020212
1015	2021212
1016	2022212
1017	2023212
1018	2024212
1019	2025212
1020	2026212
1021	2027212
1022	2028212
1023	2029216
1024	2030216
1025	2031212
1026	2032212
1027	2033216
1028	2034212
1029	2035212
1030	2036212
1031	2037212
1032	2038212
1033	2039212
1034	2040212
1035	2041212
1036	2042212
1037	2043212
1038	2044212
1039	2045212
1040	2046212
1041	2047208
1042	2048212
1043	2049216
1044	2050212
1045	2051212
1046	2052212
1047	2053212
1048	2054212
1049	2055212
1050	2056212
1051	2057212
1052	2058212
1053	2059212
1054	2060212
1055	2061212
1056	2062212
1057	2063212
1058	2064212
1059	2065216
1060	2066212
1061	2067212
1062	2068212
1063	2069216
1064	2070212
1065	2071212
1066	2072212
1067	2073212
1068	2074212
1069	2075212
1070	2076212
1071	2077212
1072	2078212
1073	2079212
1074	2080212
1075	2081216
1076	2082212
1077	2083212
1078	2084212
1079	2085212
1080	2086212
1081	2087212
1082	2088208
1083	2089212
1084	2090212
1085	2091212
1086	2092212
1087	2093212
1088	2094212
1089	2095212
1090	2096212
1091	2097212
1092	2098212
1093	2099208
1094	2100212
1095	2101212
1096	2102212
1097	2103212
1098	2104212
1099	2105212
1100	2106212
1101	2107212
1102	2108212
1103	2109212
1104	2110212
1105	2111212
1106	2112212
1107	2113212
1108	2114212
1109	2115212
1110	2116212
1111	2117212
1112	2118212
1113	2119212
1114	2120212
1115	2121212
1116	2122212
1117	2123212
1118	2124212
1119	2125212
1120	2126212
1121	2127212
1122	2128212
1123	2129212
1124	2130212
1125	2131212
1126	2132212
1127	2133212
1128	2134212
1129	2135212
1130	2136212
1131	2137212
1132	2138212
1133	2139212
1134	2140212
1135	2141212
1136	2142212
1137	2143212
1138	2144212
1139	2145212
1140	2146212
1141	2147212
1142	2148212
1143	2149216
1144	2150212
1145	2151212
1146	2152212
1147	2153216
1148	2154212
1149	2155212
1150	2156212
1151	2157212
1152	2158212
1153	2159212
1154	2160212
1155	2161212
1156	2162212
1157	2163212
1158	2164212
1159	2165216
1160	2166212
1161	2167212
1162	2168212
1163	2169216
1164	2170212
1165	2171212
1166	2172212
1167	2173212
1168	2174212
1169	2175212
1170	2176212
1171	2177216
1172	2178212
1173	2179212
1174	2180216
1175	2181216
1176	2182212
1177	2183212
1178	2184216
1179	2185216
1180	2186212
1181	2187212
1182	2188212
1183	2189216
1184	2190212
1185	2191212
1186	2192212
1187	2193216
1188	2194212
1189	2195212
1190	2196212
1191	2197216
1192	2198212
1193	2199212
1194	2200216
1195	2201216
1196	2202212
1197	2203212
1198	2204212
1199	2205212
1200	2206212
1201	2207212
1202	2208212
1203	2209212
1204	2210212
1205	2211212
1206	2212212
1207	2213212
1208	2214212
1209	2215216
1210	2216216
1211	2217216
1212	2218212
1213	2219216
1214	2220216
1215	2221212
1216	2222212
1217	2223212
1218	2224212
1219	2225212
1220	2226212
1221	2227212
1222	2228212
1223	2229212
1224	2230212
1225	2231216
1226	2232212
1227	2233216
1228	2234216
1229	2235216
1230	2236212
1231	2237216
1232	2238212
1233	2239212
1234	2240212
1235	2241212
1236	2242212
1237	2243212
1238	2244212
1239	2245212
1240	2246212
1241	2247216
1242	2248212
1243	2249216
1244	2250216
1245	2251216
1246	2252212
1247	2253216
1248	2254216
1249	2255212
1250	2256212
1251	2257212
1252	2258212
1253	2259212
1254	2260212
1255	2261216
1256	2262212
1257	2263212
1258	2264212
1259	2265216
1260	2266216
1261	2267212
1262	2268212
1263	2269216
1264	2270216
1265	2271212
1266	2272212
1267	2273216
1268	2274212
1269	2275212
1270	2276212
1271	2277216
1272	2278212
1273	2279212
1274	2280212
1275	2281216
1276	2282212
1277	2283212
1278	2284212
1279	2285216
1280	2286216
1281	2287212
1282	2288212
1283	2289212
1284	2290212
1285	2291212
1286	2292212
1287	2293212
1288	2294212
1289	2295212
1290	2296212
1291	2297212
1292	2298212
1293	2299212
1294	2300212
1295	2301216
1296	2302212
1297	2303208
1298	2304212
1299	2305212
1300	2306212
1301	2307212
1302	2308212
1303	2309212
1304	2310212
1305	2311212
1306	2312212
1307	2313212
1308	2314212
1309	2315212
1310	2316212
1311	2317212
1312	2318212
1313	2319212
1314	2320212
1315	2321212
1316	2322212
1317	2323212
1318	2324212
1319	2325212
1320	2326212
1321	2327212
1322	2328212
1323	2329212
1324	2330212
1325	2331212
1326	2332212
1327	2333212
1328	2334212
1329	2335212
1330	2336212
1331	2337212
1332	2338212
1333	2339212
1334	2340212
1335	2341212
1336	2342212
1337	2343212
1338	2344208
1339	2345212
1340	2346212
1341	2347212
1342	2348212
1343	2349212
1344	2350212
1345	2351212
1346	2352212
1347	2353212
1348	2354212
1349	2355208
1350	2356212
1351	2357212
1352	2358212
1353	2359212
1354	2360212
1355	2361212
1356	2362212
1357	2363212
1358	2364212
1359	2365212
1360	2366212
1361	2367212
1362	2368212
1363	2369212
1364	2370212
1365	2371212
1366	2372212
1367	2373212
1368	2374212
1369	2375212
1370	2376212
1371	2377212
1372	2378212
1373	2379212
1374	2380212
1375	2381212
1376	2382212
1377	2383212
1378	2384212
1379	2385216
1380	2386212
1381	2387212
1382	2388212
1383	2389212
1384	2390212
1385	2391212
1386	2392212
1387	2393212
1388	2394212
1389	2395212
1390	2396212
1391	2397212
1392	2398212
1393	2399212
1394	2400212
1395	2401216
1396	2402212
1397	2403212
1398	2404212
1399	2405216
1400	2406212
1401	2407212
1402	2408212
1403	2409212
1404	2410212
1405	2411212
1406	2412212
1407	2413212
1408	2414212
1409	2415212
1410	2416212
1411	2417216
1412	2418212
1413	2419212
1414	2420212
1415	2421216
1416	2422212
1417	2423212
1418	2424212
1419	2425212
1420	2426212
1421	2427212
1422	2428212
1423	2429212
1424	2430212
1425	2431216
1426	2432216
1427	2433216
1428	2434216
1429	2435216
1430	2436216
1431	2437216
1432	2438216
1433	2439216
1434	2440216
1435	2441216
1436	2442212
1437	2443216
1438	2444216
1439	2445216
1440	2446212
1441	2447216
1442	2448216
1443	2449216
1444	2450216
1445	2451216
1446	2452216
1447	2453216
1448	2454216
1449	2455216
1450	2456212
1451	2457216
1452	2458212
1453	2459216
1454	2460212
1455	2461216
1456	2462216
1457	2463216
1458	2464212
1459	2465216
1460	2466216
1461	2467216
1462	2468216
1463	2469216
1464	2470216
1465	2471216
1466	2472216
1467	2473216
1468	2474216
1469	2475216
1470	2476212
1471	2477216
1472	2478216
1473	2479216
1474	2480212
1475	2481216
1476	2482216
1477	2483216
1478	2484216
1479	2485216
1480	2486216
1481	2487216
1482	2488216
1483	2489216
1484	2490216
1485	2491212
1486	2492212
1487	2493216
1488	2494216
1489	2495212
1490	2496212
1491	2497216
1492	2498216
1493	2499216
1494	2500216
1495	2501216
1496	2502216
1497	2503216
1498	2504216
1499	2505216
1500	2506216
1501	2507212
1502	2508212
1503	2509216
1504	2510212
1505	2511212
1506	2512212
1507	2513216
1508	2514212
1509	2515212
1510	2516216
1511	2517216
1512	2518216
1513	2519216
1514	2520216
1515	2521216
1516	2522216
1517	2523212
1518	2524216
1519	2525216
1520	2526212
1521	2527212
1522	2528216
1523	2529216
1524	2530212
1525	2531212
1526	2532216
1527	2533216
1528	2534216
1529	2535216
1530	2536216
1531	2537216
1532	2538216
1533	2539216
1534	2540216
1535	2541216
1536	2542216
1537	2543212
1538	2544212
1539	2545212
1540	2546212
1541	2547212
1542	2548212
1543	2549216
1544	2550212
1545	2551216
1546	2552216
1547	2553216
1548	2554212
1549	2555216
1550	2556216
1551	2557212
1552	2558212
1553	2559208
1554	2560212
1555	2561212
1556	2562212
1557	2563212
1558	2564212
1559	2565212
1560	2566212
1561	2567216
1562	2568212
1563	2569216
1564	2570212
1565	2571216
1566	2572212
1567	2573212
1568	2574212
1569	2575212
1570	2576212
1571	2577212
1572	2578212
1573	2579212
1574	2580212
1575	2581212
1576	2582212
1577	2583216
1578	2584212
1579	2585216
1580	2586216
1581	2587216
1582	2588212
1583	2589216
1584	2590212
1585	2591212
1586	2592212
1587	2593212
1588	2594212
1589	2595212
1590	2596212
1591	2597212
1592	2598212
1593	2599212
1594	2600212
1595	2601216
1596	2602216
1597	2603212
1598	2604212
1599	2605216
1600	2606216
1601	2607212
1602	2608212
1603	2609216
1604	2610212
1605	2611208
1606	2612212
1607	2613216
1608	2614212
1609	2615212
1610	2616212
1611	2617216
1612	2618216
1613	2619212
1614	2620212
1615	2621216
1616	2622216
1617	2623212
1618	2624212
1619	2625216
1620	2626212
1621	2627212
1622	2628212
1623	2629216
1624	2630212
1625	2631212
1626	2632212
1627	2633216
1628	2634212
1629	2635212
1630	2636216
1631	2637216
1632	2638212
1633	2639212
1634	2640216
1635	2641216
1636	2642212
1637	2643212
1638	2644212
1639	2645216
1640	2646212
1641	2647212
1642	2648212
1643	2649216
1644	2650212
1645	2651212
1646	2652216
1647	2653216
1648	2654212
1649	2655212
1650	2656216
1651	2657212
1652	2658212
1653	2659212
1654	2660212
1655	2661212
1656	2662212
1657	2663212
1658	2664212
1659	2665212
1660	2666212
1661	2667216
1662	2668216
1663	2669216
1664	2670212
1665	2671216
1666	2672216
1667	2673216
1668	2674212
1669	2675212
1670	2676212
1671	2677212
1672	2678212
1673	2679212
1674	2680212
1675	2681212
1676	2682212
1677	2683212
1678	2684212
1679	2685216
1680	2686216
1681	2687216
1682	2688216
1683	2689216
1684	2690216
1685	2691216
1686	2692212
1687	2693216
1688	2694216
1689	2695216
1690	2696212
1691	2697216
1692	2698216
1693	2699216
1694	2700216
1695	2701216
1696	2702216
1697	2703216
1698	2704216
1699	2705216
1700	2706216
1701	2707216
1702	2708212
1703	2709216
1704	2710216
1705	2711212
1706	2712212
1707	2713216
1708	2714216
1709	2715212
1710	2716212
1711	2717216
1712	2718216
1713	2719216
1714	2720216
1715	2721216
1716	2722216
1717	2723216
1718	2724212
1719	2725216
1720	2726216
1721	2727212
1722	2728212
1723	2729216
1724	2730216
1725	2731212
1726	2732212
1727	2733216
1728	2734216
1729	2735216
1730	2736216
1731	2737216
1732	2738216
1733	2739216
1734	2740216
1735	2741216
1736	2742212
1737	2743212
1738	2744216
1739	2745216
1740	2746212
1741	2747212
1742	2748216
1743	2749216
1744	2750212
1745	2751216
1746	2752216
1747	2753216
1748	2754216
1749	2755216
1750	2756216
1751	2757216
1752	2758212
1753	2759212
1754	2760216
1755	2761216
1756	2762212
1757	2763212
1758	2764216
1759	2765216
1760	2766212
1761	2767216
1762	2768216
1763	2769216
1764	2770216
1765	2771216
1766	2772216
1767	2773216
1768	2774216
1769	2775216
1770	2776216
1771	2777216
1772	2778212
1773	2779216
1774	2780216
1775	2781216
1776	2782212
1777	2783216
1778	2784216
1779	2785216
1780	2786216
1781	2787216
1782	2788216
1783	2789216
1784	2790216
1785	2791216
1786	2792216
1787	2793216
1788	2794212
1789	2795216
1790	2796212
1791	2797216
1792	2798216
1793	2799212
1794	2800212
1795	2801216
1796	2802216
1797	2803216
1798	2804212
1799	2805216
1800	2806216
1801	2807216
1802	2808212
1803	2809212
1804	2810212
1805	2811212
1806	2812212
1807	2813212
1808	2814212
1809	2815208
1810	2816212
1811	2817212
1812	2818216
1813	2819216
1814	2820212
1815	2821216
1816	2822216
1817	2823212
1818	2824212
1819	2825212
1820	2826212
1821	2827212
1822	2828212
1823	2829212
1824	2830212
1825	2831212
1826	2832212
1827	2833216
1828	2834212
1829	2835212
1830	2836212
1831	2837216
1832	2838216
1833	2839212
1834	2840212
1835	2841216
1836	2842212
1837	2843212
1838	2844212
1839	2845216
1840	2846212
1841	2847212
1842	2848212
1843	2849216
1844	2850212
1845	2851212
1846	2852212
1847	2853216
1848	2854212
1849	2855212
1850	2856212
1851	2857216
1852	2858208
1853	2859212
1854	2860212
1855	2861216
1856	2862212
1857	2863212
1858	2864212
1859	2865216
1860	2866212
1861	2867208
1862	2868216
1863	2869216
1864	2870212
1865	2871212
1866	2872216
1867	2873216
1868	2874212
1869	2875212
1870	2876212
1871	2877216
1872	2878212
1873	2879212
1874	2880212
1875	2881212
1876	2882212
1877	2883212
1878	2884212
1879	2885216
1880	2886212
1881	2887216
1882	2888216
1883	2889216
1884	2890212
1885	2891216
1886	2892212
1887	2893212
1888	2894212
1889	2895212
1890	2896212
1891	2897212
1892	2898212
1893	2899212
1894	2900212
1895	2901212
1896	2902212
1897	2903216
1898	2904216
1899	2905216
1900	2906212
1901	2907216
1902	2908212
1903	2909212
1904	2910212
1905	2911212
1906	2912212
1907	2913212
1908	2914212
1909	2915212
1910	2916212
1911	2917212
1912	2918216
1913	2919216
1914	2920212
1915	2921216
1916	2922216
1917	2923216
1918	2924212
1919	2925216
1920	2926212
1921	2927212
1922	2928212
1923	2929212
1924	2930212
1925	2931212
1926	2932212
1927	2933212
1928	2934212
1929	2935216
1930	2936212
1931	2937216
1932	2938216
1933	2939212
1934	2940212
1935	2941216
1936	2942216
1937	2943212
1938	2944212
1939	2945216
1940	2946216
1941	2947212
1942	2948212
1943	2949216
1944	2950216
1945	2951212
1946	2952216
1947	2953216
1948	2954216
1949	2955216
1950	2956216
1951	2957216
1952	2958216
1953	2959212
1954	2960212
1955	2961216
1956	2962216
1957	2963212
1958	2964212
1959	2965216
1960	2966212
1961	2967212
1962	2968212
1963	2969216
1964	2970216
1965	2971216
1966	2972216
1967	2973216
1968	2974216
1969	2975216
1970	2976216
1971	2977216
1972	2978212
1973	2979212
1974	2980216
1975	2981216
1976	2982212
1977	2983212
1978	2984216
1979	2985216
1980	2986216
1981	2987216
1982	2988216
1983	2989216
1984	2990216
1985	2991216
1986	2992216
1987	2993216
1988	2994212
1989	2995212
1990	2996216
1991	2997216
1992	2998212
1993	2999212
1994	3000216
1995	3001216
1996	3002216
1997	3003216
1998	3004216
1999	3005216
2000	3006216
2001	3007216
2002	3008216
2003	3009216
2004	3010212
2005	3011216
2006	3012216
2007	3013216
2008	3014212
2009	3015216
2010	3016216
2011	3017216
2012	3018212
2013	3019216
2014	3020216
2015	3021216
2016	3022216
2017	3023216
2018	3024216
2019	3025216
2020	3026212
2021	3027216
2022	3028212
2023	3029216
2024	3030216
2025	3031216
2026	3032212
2027	3033216
2028	3034216
2029	3035216
2030	3036216
2031	3037216
2032	3038216
2033	3039216
2034	3040216
2035	3041216
2036	3042216
2037	3043216
2038	3044212
2039	3045216
2040	3046216
2041	3047216
2042	3048212
2043	3049216
2044	3050216
2045	3051212
2046	3052212
2047	3053216
2048	3054216
2049	3055212
2050	3056212
2051	3057216
2052	3058216
2053	3059212
2054	3060212
2055	3061216
2056	3062212
2057	3063212
2058	3064212
2059	3065216
2060	3066212
2061	3067212
2062	3068212
2063	3069216
2064	3070216
2065	3071208
2066	3072212
2067	3073216
2068	3074216
2069	3075212
2070	3076212
2071	3077216
2072	3078212
2073	3079212
2074	3080212
2075	3081216
2076	3082212
2077	3083212
2078	3084212
2079	3085216
2080	3086212
2081	3087212
2082	3088212
2083	3089216
2084	3090212
2085	3091212
2086	3092216
2087	3093216
2088	3094212
2089	3095212
2090	3096212
2091	3097216
2092	3098212
2093	3099212
2094	3100212
2095	3101216
2096	3102212
2097	3103212
2098	3104216
2099	3105216
2100	3106212
2101	3107212
2102	3108216
2103	3109216
2104	3110212
2105	3111212
2106	3112212
2107	3113212
2108	3114212
2109	3115212
2110	3116212
2111	3117212
2112	3118212
2113	3119212
2114	3120216
2115	3121216
2116	3122212
2117	3123208
2118	3124216
2119	3125216
2120	3126212
2121	3127212
2122	3128212
2123	3129212
2124	3130212
2125	3131212
2126	3132212
2127	3133212
2128	3134212
2129	3135212
2130	3136212
2131	3137216
2132	3138212
2133	3139216
2134	3140212
2135	3141216
2136	3142216
2137	3143216
2138	3144212
2139	3145212
2140	3146212
2141	3147212
2142	3148212
2143	3149212
2144	3150212
2145	3151212
2146	3152212
2147	3153216
2148	3154216
2149	3155216
2150	3156212
2151	3157216
2152	3158216
2153	3159216
2154	3160212
2155	3161212
2156	3162212
2157	3163212
2158	3164212
2159	3165212
2160	3166212
2161	3167212
2162	3168212
2163	3169212
2164	3170216
2165	3171212
2166	3172212
2167	3173216
2168	3174216
2169	3175212
2170	3176212
2171	3177216
2172	3178212
2173	3179212
2174	3180212
2175	3181216
2176	3182212
2177	3183212
2178	3184212
2179	3185216
2180	3186212
2181	3187212
2182	3188212
2183	3189216
2184	3190216
2185	3191212
2186	3192212
2187	3193216
2188	3194212
2189	3195212
2190	3196212
2191	3197216
2192	3198212
2193	3199212
2194	3200216
2195	3201216
2196	3202212
2197	3203212
2198	3204216
2199	3205216
2200	3206216
2201	3207216
2202	3208216
2203	3209216
2204	3210216
2205	3211212
2206	3212216
2207	3213216
2208	3214212
2209	3215212
2210	3216216
2211	3217216
2212	3218212
2213	3219212
2214	3220216
2215	3221216
2216	3222216
2217	3223216
2218	3224216
2219	3225216
2220	3226216
2221	3227216
2222	3228216
2223	3229216
2224	3230212
2225	3231216
2226	3232216
2227	3233216
2228	3234212
2229	3235216
2230	3236216
2231	3237216
2232	3238216
2233	3239216
2234	3240216
2235	3241216
2236	3242216
2237	3243216
2238	3244216
2239	3245216
2240	3246212
2241	3247216
2242	3248216
2243	3249216
2244	3250212
2245	3251216
2246	3252212
2247	3253216
2248	3254216
2249	3255216
2250	3256216
2251	3257216
2252	3258216
2253	3259216
2254	3260216
2255	3261216
2256	3262216
2257	3263216
2258	3264212
2259	3265216
2260	3266216
2261	3267216
2262	3268212
2263	3269216
2264	3270216
2265	3271216
2266	3272216
2267	3273216
2268	3274216
2269	3275216
2270	3276216
2271	3277216
2272	3278216
2273	3279212
2274	3280212
2275	3281216
2276	3282216
2277	3283212
2278	3284212
2279	3285216
2280	3286216
2281	3287216
2282	3288216
2283	3289216
2284	3290216
2285	3291216
2286	3292216
2287	3293216
2288	3294216
2289	3295212
2290	3296212
2291	3297216
2292	3298216
2293	3299212
2294	3300212
2295	3301216
2296	3302216
2297	3303212
2298	3304216
2299	3305216
2300	3306216
2301	3307216
2302	3308216
2303	3309216
2304	3310216
2305	3311212
2306	3312212
2307	3313216
2308	3314212
2309	3315212
2310	3316212
2311	3317216
2312	3318212
2313	3319212
2314	3320212
2315	3321216
2316	3322212
2317	3323212
2318	3324216
2319	3325216
2320	3326212
2321	3327208
2322	3328212
2323	3329216
2324	3330212
2325	3331212
2326	3332212
2327	3333216
2328	3334212
2329	3335212
2330	3336212
2331	3337212
2332	3338212
2333	3339212
2334	3340216
2335	3341216
2336	3342212
2337	3343216
2338	3344212
2339	3345212
2340	3346212
2341	3347212
2342	3348212
2343	3349212
2344	3350212
2345	3351212
2346	3352212
2347	3353212
2348	3354212
2349	3355216
2350	3356216
2351	3357216
2352	3358212
2353	3359216
2354	3360216
2355	3361216
2356	3362212
2357	3363212
2358	3364212
2359	3365212
2360	3366212
2361	3367212
2362	3368208
2363	3369212
2364	3370212
2365	3371216
2366	3372212
2367	3373216
2368	3374216
2369	3375216
2370	3376212
2371	3377216
2372	3378216
2373	3379208
2374	3380212
2375	3381212
2376	3382212
2377	3383212
2378	3384212
2379	3385212
2380	3386212
2381	3387212
2382	3388212
2383	3389216
2384	3390216
2385	3391212
2386	3392212
2387	3393216
2388	3394216
2389	3395212
2390	3396212
2391	3397212
2392	3398212
2393	3399212
2394	3400212
2395	3401216
2396	3402212
2397	3403212
2398	3404212
2399	3405216
2400	3406216
2401	3407212
2402	3408212
2403	3409216
2404	3410216
2405	3411212
2406	3412212
2407	3413216
2408	3414212
2409	3415212
2410	3416212
2411	3417216
2412	3418212
2413	3419212
2414	3420212
2415	3421216
2416	3422212
2417	3423212
2418	3424212
2419	3425216
2420	3426212
2421	3427212
2422	3428216
2423	3429216
2424	3430212
2425	3431212
2426	3432212
2427	3433216
2428	3434212
2429	3435212
2430	3436212
2431	3437216
2432	3438212
2433	3439212
2434	3440216
2435	3441216
2436	3442212
2437	3443212
2438	3444216
2439	3445216
2440	3446212
2441	3447212
2442	3448212
2443	3449212
2444	3450212
2445	3451212
2446	3452212
2447	3453212
2448	3454212
2449	3455216
2450	3456216
2451	3457216
2452	3458216
2453	3459216
2454	3460216
2455	3461216
2456	3462216
2457	3463216
2458	3464216
2459	3465216
2460	3466212
2461	3467216
2462	3468216
2463	3469216
2464	3470212
2465	3471216
2466	3472216
2467	3473216
2468	3474216
2469	3475216
2470	3476216
2471	3477216
2472	3478216
2473	3479216
2474	3480212
2475	3481216
2476	3482212
2477	3483216
2478	3484212
2479	3485216
2480	3486216
2481	3487216
2482	3488212
2483	3489216
2484	3490216
2485	3491216
2486	3492216
2487	3493216
2488	3494216
2489	3495216
2490	3496212
2491	3497216
2492	3498216
2493	3499216
2494	3500212
2495	3501216
2496	3502216
2497	3503216
2498	3504212
2499	3505216
2500	3506216
2501	3507216
2502	3508216
2503	3509216
2504	3510216
2505	3511216
2506	3512216
2507	3513216
2508	3514216
2509	3515212
2510	3516212
2511	3517216
2512	3518216
2513	3519212
2514	3520212
2515	3521216
2516	3522216
2517	3523216
2518	3524216
2519	3525216
2520	3526216
2521	3527216
2522	3528216
2523	3529216
2524	3530216
2525	3531212
2526	3532212
2527	3533216
2528	3534212
2529	3535212
2530	3536212
2531	3537216
2532	3538212
2533	3539216
2534	3540216
2535	3541216
2536	3542216
2537	3543216
2538	3544216
2539	3545216
2540	3546212
2541	3547212
2542	3548216
2543	3549216
2544	3550212
2545	3551212
2546	3552216
2547	3553216
2548	3554212
2549	3555212
2550	3556216
2551	3557216
2552	3558216
2553	3559216
2554	3560216
2555	3561216
2556	3562216
2557	3563212
2558	3564216
2559	3565216
2560	3566216
2561	3567208
2562	3568212
2563	3569212
2564	3570212
2565	3571212
2566	3572212
2567	3573216
2568	3574212
2569	3575216
2570	3576216
2571	3577216
2572	3578212
2573	3579216
2574	3580212
2575	3581212
2576	3582212
2577	3583208
2578	3584212
2579	3585212
2580	3586212
2581	3587212
2582	3588212
2583	3589216
2584	3590212
2585	3591216
2586	3592212
2587	3593216
2588	3594212
2589	3595216
2590	3596212
2591	3597212
2592	3598212
2593	3599212
2594	3600212
2595	3601212
2596	3602212
2597	3603212
2598	3604212
2599	3605212
2600	3606216
2601	3607216
2602	3608212
2603	3609216
2604	3610216
2605	3611216
2606	3612212
2607	3613216
2608	3614212
2609	3615212
2610	3616212
2611	3617212
2612	3618212
2613	3619212
2614	3620212
2615	3621212
2616	3622212
2617	3623212
2618	3624204
2619	3625216
2620	3626216
2621	3627212
2622	3628212
2623	3629216
2624	3630212
2625	3631212
2626	3632212
2627	3633216
2628	3634212
2629	3635208
2630	3636212
2631	3637216
2632	3638212
2633	3639212
2634	3640212
2635	3641216
2636	3642216
2637	3643212
2638	3644212
2639	3645216
2640	3646216
2641	3647212
2642	3648212
2643	3649216
2644	3650212
2645	3651212
2646	3652212
2647	3653216
2648	3654212
2649	3655212
2650	3656212
2651	3657216
2652	3658212
2653	3659212
2654	3660216
2655	3661216
2656	3662212
2657	3663212
2658	3664212
2659	3665216
2660	3666212
2661	3667212
2662	3668212
2663	3669216
2664	3670212
2665	3671212
2666	3672212
2667	3673216
2668	3674212
2669	3675212
2670	3676216
2671	3677216
2672	3678212
2673	3679212
2674	3680216
2675	3681212
2676	3682212
2677	3683212
2678	3684212
2679	3685212
2680	3686212
2681	3687212
2682	3688212
2683	3689212
2684	3690212
2685	3691216
2686	3692216
2687	3693216
2688	3694212
2689	3695216
2690	3696216
2691	3697212
2692	3698212
2693	3699212
2694	3700212
2695	3701212
2696	3702212
2697	3703212
2698	3704212
2699	3705212
2700	3706212
2701	3707216
2702	3708212
2703	3709216
2704	3710216
2705	3711216
2706	3712216
2707	3713216
2708	3714216
2709	3715216
2710	3716212
2711	3717216
2712	3718216
2713	3719216
2714	3720212
2715	3721216
2716	3722216
2717	3723216
2718	3724216
2719	3725216
2720	3726216
2721	3727216
2722	3728216
2723	3729216
2724	3730216
2725	3731216
2726	3732212
2727	3733216
2728	3734216
2729	3735212
2730	3736212
2731	3737216
2732	3738216
2733	3739212
2734	3740216
2735	3741216
2736	3742216
2737	3743216
2738	3744216
2739	3745216
2740	3746216
2741	3747216
2742	3748212
2743	3749216
2744	3750216
2745	3751212
2746	3752212
2747	3753216
2748	3754216
2749	3755212
2750	3756212
2751	3757216
2752	3758216
2753	3759216
2754	3760216
2755	3761216
2756	3762216
2757	3763216
2758	3764216
2759	3765216
2760	3766212
2761	3767212
2762	3768216
2763	3769216
2764	3770212
2765	3771212
2766	3772216
2767	3773216
2768	3774216
2769	3775216
2770	3776216
2771	3777216
2772	3778216
2773	3779216
2774	3780216
2775	3781216
2776	3782212
2777	3783212
2778	3784216
2779	3785216
2780	3786212
2781	3787212
2782	3788216
2783	3789216
2784	3790212
2785	3791216
2786	3792216
2787	3793216
2788	3794216
2789	3795216
2790	3796216
2791	3797216
2792	3798212
2793	3799216
2794	3800216
2795	3801216
2796	3802212
2797	3803216
2798	3804216
2799	3805216
2800	3806406
2801	3807216
2802	3808216
2803	3809216
2804	3810216
2805	3811216
2806	3812216
2807	3813216
2808	3814216
2809	3815216
2810	3816216
2811	3817216
2812	3818212
2813	3819216
2814	3820212
2815	3821216
2816	3822216
2817	3823212
2818	3824212
2819	3825216
2820	3826216
2821	3827216
2822	3828212
2823	3829216
2824	3830216
2825	3831216
2826	3832212
2827	3833212
2828	3834212
2829	3835212
2830	3836212
2831	3837212
2832	3838212
2833	3839208
2834	3840212
2835	3841216
2836	3842216
2837	3843216
2838	3844212
2839	3845216
2840	3846216
2841	3847212
2842	3848212
2843	3849212
2844	3850212
2845	3851212
2846	3852212
2847	3853212
2848	3854212
2849	3855212
2850	3856212
2851	3857216
2852	3858216
2853	3859212
2854	3860212
2855	3861216
2856	3862216
2857	3863212
2858	3864212
2859	3865216
2860	3866212
2861	3867212
2862	3868212
2863	3869216
2864	3870212
2865	3871212
2866	3872212
2867	3873216
2868	3874212
2869	3875212
2870	3876212
2871	3877216
2872	3878212
2873	3879212
2874	3880212
2875	3881216
2876	3882212
2877	3883212
2878	3884212
2879	3885216
2880	3886212
2881	3887212
2882	3888212
2883	3889216
2884	3890212
2885	3891208
2886	3892216
2887	3893216
2888	3894212
2889	3895212
2890	3896216
2891	3897216
2892	3898212
2893	3899212
2894	3900212
2895	3901216
2896	3902212
2897	3903212
2898	3904212
2899	3905212
2900	3906212
2901	3907212
2902	3908216
2903	3909216
2904	3910212
2905	3911216
2906	3912216
2907	3913216
2908	3914212
2909	3915216
2910	3916212
2911	3917212
2912	3918212
2913	3919212
2914	3920212
2915	3921212
2916	3922212
2917	3923212
2918	3924212
2919	3925216
2920	3926212
2921	3927216
2922	3928216
2923	3929216
2924	3930212
2925	3931216
2926	3932212
2927	3933212
2928	3934212
2929	3935212
2930	3936212
2931	3937212
2932	3938212
2933	3939212
2934	3940212
2935	3941212
2936	3942216
2937	3943216
2938	3944212
2939	3945216
2940	3946216
2941	3947216
2942	3948212
2943	3949212
2944	3950212
2945	3951212
2946	3952212
2947	3953212
2948	3954212
2949	3955212
2950	3956212
2951	3957212
2952	3958212
2953	3959216
2954	3960212
2955	3961216
2956	3962216
2957	3963212
2958	3964212
2959	3965216
2960	3966216
2961	3967212
2962	3968212
2963	3969216
2964	3970216
2965	3971212
2966	3972212
2967	3973216
2968	3974216
2969	3975216
2970	3976216
2971	3977216
2972	3978216
2973	3979216
2974	3980216
2975	3981216
2976	3982216
2977	3983212
2978	3984212
2979	3985216
2980	3986216
2981	3987212
2982	3988212
2983	3989216
2984	3990212
2985	3991212
2986	3992216
2987	3993216
2988	3994216
2989	3995216
2990	3996216
2991	3997216
2992	3998216
2993	3999212
2994	4000216
2995	4001216
2996	4002212
2997	4003212
2998	4004216
2999	4005216
3000	4006212
3001	4007212
3002	4008216
3003	4009216
3004	4010216
3005	4011216
3006	4012216
3007	4013216
3008	4014216
3009	4015216
3010	4016216
3011	4017216
3012	4018212
3013	4019212
3014	4020216
3015	4021216
3016	4022212
3017	4023212
3018	4024216
3019	4025216
3020	4026216
3021	4027216
3022	4028216
3023	4029216
3024	4030216
3025	4031216
3026	4032216
3027	4033216
3028	4034212
3029	4035216
3030	4036216
3031	4037216
3032	4038212
3033	4039216
3034	4040216
3035	4041216
3036	4042216
3037	4043216
3038	4044216
3039	4045216
3040	4046216
3041	4047216
3042	4048216
3043	4049216
3044	4050212
3045	4051216
3046	4052212
3047	4053216
3048	4054216
3049	4055216
3050	4056212
3051	4057216
3052	4058216
3053	4059216
3054	4060216
3055	4061216
3056	4062216
3057	4063216
3058	4064216
3059	4065216
3060	4066216
3061	4067216
3062	4068212
3063	4069216
3064	4070216
3065	4071216
3066	4072212
3067	4073216
3068	4074216
3069	4075212
3070	4076216
3071	4077216
3072	4078216
3073	4079212
3074	4080212
3075	4081216
3076	4082216
3077	4083212
3078	4084212
3079	4085216
3080	4086212
3081	4087212
3082	4088212
3083	4089216
3084	4090212
3085	4091212
3086	4092212
3087	4093216
3088	4094216
3089	4095208
3090	4096212
3091	4097216
3092	4098216
3093	4099212
3094	4100212
3095	4101216
3096	4102212
3097	4103212
3098	4104212
3099	4105216
3100	4106212
3101	4107212
3102	4108212
3103	4109216
3104	4110212
3105	4111212
3106	4112212
3107	4113216
3108	4114212
3109	4115212
3110	4116216
3111	4117216
3112	4118212
3113	4119212
3114	4120212
3115	4121216
3116	4122212
3117	4123212
3118	4124212
3119	4125216
3120	4126212
3121	4127212
3122	4128216
3123	4129216
3124	4130212
3125	4131212
3126	4132216
3127	4133216
3128	4134212
3129	4135212
3130	4136212
3131	4137212
3132	4138212
3133	4139212
3134	4140212
3135	4141212
3136	4142212
3137	4143216
3138	4144216
3139	4145216
3140	4146212
3141	4147208
3142	4148216
3143	4149216
3144	4150212
3145	4151212
3146	4152212
3147	4153212
3148	4154212
3149	4155212
3150	4156212
3151	4157212
3152	4158212
3153	4159212
3154	4160212
3155	4161216
3156	4162212
3157	4163216
3158	4164212
3159	4165216
3160	4166216
3161	4167212
3162	4168212
3163	4169212
3164	4170212
3165	4171212
3166	4172212
3167	4173212
3168	4174212
3169	4175212
3170	4176212
3171	4177216
3172	4178216
3173	4179216
3174	4180212
3175	4181216
3176	4182216
3177	4183216
3178	4184212
3179	4185212
3180	4186212
3181	4187212
3182	4188212
3183	4189212
3184	4190212
3185	4191212
3186	4192212
3187	4193216
3188	4194216
3189	4195212
3190	4196212
3191	4197216
3192	4198216
3193	4199212
3194	4200212
3195	4201216
3196	4202212
3197	4203212
3198	4204212
3199	4205216
3200	4206212
3201	4207212
3202	4208212
3203	4209216
3204	4210216
3205	4211212
3206	4212212
3207	4213216
3208	4214216
3209	4215212
3210	4216212
3211	4217216
3212	4218212
3213	4219212
3214	4220212
3215	4221216
3216	4222212
3217	4223212
3218	4224216
3219	4225216
3220	4226212
3221	4227216
3222	4228216
3223	4229216
3224	4230216
3225	4231216
3226	4232216
3227	4233216
3228	4234212
3229	4235212
3230	4236216
3231	4237216
3232	4238212
3233	4239212
3234	4240216
3235	4241216
3236	4242212
3237	4243212
3238	4244216
3239	4245216
3240	4246216
3241	4247216
3242	4248216
3243	4249216
3244	4250216
3245	4251212
3246	4252216
3247	4253216
3248	4254212
3249	4255216
3250	4256216
3251	4257216
3252	4258212
3253	4259216
3254	4260216
3255	4261216
3256	4262216
3257	4263216
3258	4264216
3259	4265216
3260	4266216
3261	4267216
3262	4268208
3263	4269208
3264	4270208
3265	4271208
3266	4272208
3267	4273208
3268	4274208
3269	4275208
3270	4276208
3271	4277208
3272	4278208
3273	4279208
3274	4280208
3275	4281208
3276	4282208
3277	4283208
3278	4284208
3279	4285216
3280	4286216
3281	4287216
3282	4288212
3283	4289216
3284	4290216
3285	4291216
3286	4292212
3287	4293216
3288	4294216
3289	4295216
3290	4296216
3291	4297216
3292	4298216
3293	4299216
3294	4300216
3295	4301212
3296	4302212
3297	4303212
3298	4304212
3299	4305212
3300	4306212
3301	4307212
3302	4308212
3303	4309216
3304	4310212
3305	4311212
3306	4312212
3307	4313216
3308	4314216
3309	4315212
3310	4316212
3311	4317216
3312	4318212
3313	4319212
3314	4320212
3315	4321216
3316	4322212
3317	4323212
3318	4324212
3319	4325216
3320	4326212
3321	4327212
3322	4328212
3323	4329216
3324	4330212
3325	4331212
3326	4332212
3327	4333216
3328	4334216
3329	4335212
3330	4336212
3331	4337212
3332	4338212
3333	4339212
3334	4340212
3335	4341212
3336	4342212
3337	4343212
3338	4344212
3339	4345216
3340	4346212
3341	4347212
3342	4348212
3343	4349216
3344	4350212
3345	4351208
3346	4352212
3347	4353212
3348	4354212
3349	4355212
3350	4356212
3351	4357212
3352	4358212
3353	4359212
3354	4360212
3355	4361212
3356	4362212
3357	4363212
3358	4364212
3359	4365212
3360	4366212
3361	4367212
3362	4368212
3363	4369212
3364	4370212
3365	4371212
3366	4372212
3367	4373212
3368	4374212
3369	4375212
3370	4376212
3371	4377212
3372	4378212
3373	4379212
3374	4380212
3375	4381212
3376	4382212
3377	4383212
3378	4384212
3379	4385212
3380	4386212
3381	4387212
3382	4388212
3383	4389212
3384	4390212
3385	4391212
3386	4392216
3387	4393212
3388	4394212
3389	4395212
3390	4396212
3391	4397212
3392	4398212
3393	4399212
3394	4400212
3395	4401212
3396	4402212
3397	4403208
3398	4404212
3399	4405212
3400	4406212
3401	4407212
3402	4408212
3403	4409212
3404	4410212
3405	4411212
3406	4412212
3407	4413212
3408	4414212
3409	4415212
3410	4416212
3411	4417212
3412	4418212
3413	4419212
3414	4420212
3415	4421212
3416	4422212
3417	4423212
3418	4424212
3419	4425212
3420	4426212
3421	4427212
3422	4428212
3423	4429216
3424	4430212
3425	4431212
3426	4432212
3427	4433216
3428	4434212
3429	4435212
3430	4436212
3431	4437212
3432	4438212
3433	4439212
3434	4440212
3435	4441212
3436	4442212
3437	4443212
3438	4444212
3439	4445216
3440	4446212
3441	4447212
3442	4448212
3443	4449216
3444	4450212
3445	4451212
3446	4452212
3447	4453212
3448	4454212
3449	4455212
3450	4456212
3451	4457212
3452	4458212
3453	4459212
3454	4460212
3455	4461212
3456	4462212
3457	4463212
3458	4464212
3459	4465216
3460	4466212
3461	4467212
3462	4468212
3463	4469212
3464	4470212
3465	4471212
3466	4472212
3467	4473212
3468	4474212
3469	4475212
3470	4476212
3471	4477212
3472	4478212
3473	4479216
3474	4480216
3475	4481216
3476	4482212
3477	4483216
3478	4484216
3479	4485216
3480	4486212
3481	4487212
3482	4488212
3483	4489212
3484	4490212
3485	4491212
3486	4492212
3487	4493212
3488	4494212
3489	4495216
3490	4496216
3491	4497216
3492	4498212
3493	4499216
3494	4500216
3495	4501216
3496	4502212
3497	4503212
3498	4504212
3499	4505212
3500	4506212
3501	4507212
3502	4508212
3503	4509212
3504	4510212
3505	4511212
3506	4512212
3507	4513216
3508	4514216
3509	4515216
3510	4516212
3511	4517216
3512	4518216
3513	4519216
3514	4520212
3515	4521212
3516	4522212
3517	4523212
3518	4524212
3519	4525212
3520	4526212
3521	4527212
3522	4528212
3523	4529216
3524	4530216
3525	4531212
3526	4532212
3527	4533216
3528	4534216
3529	4535212
3530	4536212
3531	4537216
3532	4538212
3533	4539212
3534	4540212
3535	4541216
3536	4542212
3537	4543212
3538	4544212
3539	4545216
3540	4546216
3541	4547212
3542	4548212
3543	4549216
3544	4550216
3545	4551212
3546	4552212
3547	4553216
3548	4554212
3549	4555212
3550	4556212
3551	4557216
3552	4558212
3553	4559212
3554	4560212
3555	4561216
3556	4562212
3557	4563212
3558	4564212
3559	4565216
3560	4566212
3561	4567212
3562	4568216
3563	4569216
3564	4570212
3565	4571212
3566	4572212
3567	4573216
3568	4574212
3569	4575212
3570	4576212
3571	4577216
3572	4578212
3573	4579212
3574	4580216
3575	4581216
3576	4582212
3577	4583212
3578	4584216
3579	4585216
3580	4586212
3581	4587212
3582	4588212
3583	4589212
3584	4590216
3585	4591212
3586	4592212
3587	4593212
3588	4594212
3589	4595212
3590	4596212
3591	4597212
3592	4598212
3593	4599212
3594	4600212
3595	4601212
3596	4602212
3597	4603212
3598	4604212
3599	4605212
3600	4606212
3601	4607208
3602	4608212
3603	4609212
3604	4610212
3605	4611212
3606	4612212
3607	4613212
3608	4614212
3609	4615212
3610	4616212
3611	4617212
3612	4618212
3613	4619212
3614	4620212
3615	4621212
3616	4622212
3617	4623212
3618	4624212
3619	4625212
3620	4626212
3621	4627212
3622	4628212
3623	4629212
3624	4630212
3625	4631212
3626	4632212
3627	4633212
3628	4634212
3629	4635212
3630	4636212
3631	4637212
3632	4638212
3633	4639212
3634	4640212
3635	4641212
3636	4642212
3637	4643212
3638	4644212
3639	4645212
3640	4646212
3641	4647212
3642	4648216
3643	4649212
3644	4650212
3645	4651212
3646	4652212
3647	4653216
3648	4654212
3649	4655212
3650	4656212
3651	4657212
3652	4658212
3653	4659208
3654	4660212
3655	4661212
3656	4662212
3657	4663212
3658	4664212
3659	4665216
3660	4666212
3661	4667212
3662	4668212
3663	4669216
3664	4670212
3665	4671212
3666	4672212
3667	4673212
3668	4674212
3669	4675212
3670	4676212
3671	4677212
3672	4678212
3673	4679212
3674	4680212
3675	4681216
3676	4682212
3677	4683212
3678	4684212
3679	4685216
3680	4686212
3681	4687212
3682	4688212
3683	4689212
3684	4690212
3685	4691212
3686	4692212
3687	4693212
3688	4694212
3689	4695212
3690	4696212
3691	4697216
3692	4698212
3693	4699212
3694	4700212
3695	4701212
3696	4702212
3697	4703212
3698	4704212
3699	4705212
3700	4706212
3701	4707212
3702	4708212
3703	4709212
3704	4710212
3705	4711212
3706	4712212
3707	4713212
3708	4714212
3709	4715212
3710	4716212
3711	4717212
3712	4718212
3713	4719212
3714	4720212
3715	4721212
3716	4722212
3717	4723212
3718	4724212
3719	4725212
3720	4726212
3721	4727212
3722	4728212
3723	4729212
3724	4730212
3725	4731212
3726	4732212
3727	4733212
3728	4734212
3729	4735216
3730	4736212
3731	4737216
3732	4738212
3733	4739212
3734	4740212
3735	4741212
3736	4742212
3737	4743212
3738	4744212
3739	4745212
3740	4746212
3741	4747216
3742	4748212
3743	4749216
3744	4750216
3745	4751216
3746	4752212
3747	4753216
3748	4754212
3749	4755212
3750	4756212
3751	4757212
3752	4758212
3753	4759212
3754	4760212
3755	4761212
3756	4762212
3757	4763212
3758	4764212
3759	4765216
3760	4766216
3761	4767212
3762	4768212
3763	4769216
3764	4770216
3765	4771212
3766	4772212
3767	4773216
3768	4774212
3769	4775212
3770	4776212
3771	4777216
3772	4778212
3773	4779212
3774	4780212
3775	4781216
3776	4782216
3777	4783212
3778	4784212
3779	4785216
3780	4786212
3781	4787212
3782	4788212
3783	4789216
3784	4790212
3785	4791212
3786	4792212
3787	4793216
3788	4794212
3789	4795212
3790	4796212
3791	4797216
3792	4798212
3793	4799212
3794	4800216
3795	4801216
3796	4802212
3797	4803212
3798	4804216
3799	4805216
3800	4806212
3801	4807212
3802	4808212
3803	4809216
3804	4810212
3805	4811212
3806	4812212
3807	4813216
3808	4814212
3809	4815212
3810	4816216
3811	4817216
3812	4818212
3813	4819212
3814	4820216
3815	4821216
3816	4822212
3817	4823212
3818	4824212
3819	4825212
3820	4826212
3821	4827212
3822	4828212
3823	4829212
3824	4830212
3825	4831216
3826	4832216
3827	4833216
3828	4834212
3829	4835216
3830	4836216
3831	4837216
3832	4838212
3833	4839212
3834	4840212
3835	4841212
3836	4842212
3837	4843212
3838	4844212
3839	4845212
3840	4846216
3841	4847212
3842	4848212
3843	4849212
3844	4850212
3845	4851212
3846	4852212
3847	4853212
3848	4854212
3849	4855212
3850	4856212
3851	4857212
3852	4858212
3853	4859212
3854	4860212
3855	4861212
3856	4862212
3857	4863208
3858	4864212
3859	4865212
3860	4866212
3861	4867212
3862	4868212
3863	4869212
3864	4870212
3865	4871212
3866	4872212
3867	4873212
3868	4874212
3869	4875212
3870	4876212
3871	4877212
3872	4878212
3873	4879212
3874	4880212
3875	4881216
3876	4882212
3877	4883212
3878	4884212
3879	4885216
3880	4886212
3881	4887212
3882	4888212
3883	4889212
3884	4890212
3885	4891212
3886	4892212
3887	4893212
3888	4894212
3889	4895212
3890	4896212
3891	4897212
3892	4898212
3893	4899212
3894	4900212
3895	4901216
3896	4902212
3897	4903212
3898	4904216
3899	4905212
3900	4906212
3901	4907212
3902	4908212
3903	4909212
3904	4910212
3905	4911212
3906	4912212
3907	4913212
3908	4914212
3909	4915208
3910	4916212
3911	4917216
3912	4918212
3913	4919212
3914	4920212
3915	4921216
3916	4922212
3917	4923212
3918	4924212
3919	4925212
3920	4926212
3921	4927212
3922	4928212
3923	4929212
3924	4930212
3925	4931212
3926	4932212
3927	4933212
3928	4934212
3929	4935212
3930	4936212
3931	4937212
3932	4938212
3933	4939212
3934	4940212
3935	4941212
3936	4942212
3937	4943212
3938	4944212
3939	4945212
3940	4946212
3941	4947212
3942	4948212
3943	4949212
3944	4950212
3945	4951212
3946	4952212
3947	4953212
3948	4954212
3949	4955212
3950	4956212
3951	4957212
3952	4958212
3953	4959212
3954	4960212
3955	4961212
3956	4962212
3957	4963212
3958	4964212
3959	4965212
3960	4966212
3961	4967212
3962	4968212
3963	4969212
3964	4970212
3965	4971212
3966	4972212
3967	4973212
3968	4974212
3969	4975212
3970	4976212
3971	4977212
3972	4978212
3973	4979212
3974	4980212
3975	4981212
3976	4982212
3977	4983212
3978	4984212
3979	4985212
3980	4986212
3981	4987212
3982	4988212
3983	4989212
3984	4990212
3985	4991212
3986	4992212
3987	4993216
3988	4994212
3989	4995212
3990	4996212
3991	4997216
3992	4998212
3993	4999212
3994	5000212
3995	5001216
3996	5002216
3997	5003212
3998	5004212
3999	5005216
4000	5006212
4001	5007212
4002	5008212
4003	5009216
4004	5010212
4005	5011212
4006	5012212
4007	5013216
4008	5014212
4009	5015212
4010	5016212
4011	5017216
4012	5018212
4013	5019212
4014	5020216
4015	5021216
4016	5022212
4017	5023212
4018	5024212
4019	5025216
4020	5026212
4021	5027212
4022	5028212
4023	5029216
4024	5030212
4025	5031212
4026	5032216
4027	5033216
4028	5034212
4029	5035212
4030	5036216
4031	5037216
4032	5038212
4033	5039212
4034	5040212
4035	5041212
4036	5042212
4037	5043212
4038	5044212
4039	5045212
4040	5046212
4041	5047212
4042	5048212
4043	5049216
4044	5050212
4045	5051216
4046	5052216
4047	5053216
4048	5054212
4049	5055216
4050	5056212
4051	5057212
4052	5058212
4053	5059212
4054	5060212
4055	5061212
4056	5062212
4057	5063212
4058	5064212
4059	5065212
4060	5066212
4061	5067216
4062	5068216
4063	5069216
4064	5070212
4065	5071216
4066	5072212
4067	5073212
4068	5074212
4069	5075212
4070	5076212
4071	5077212
4072	5078212
4073	5079212
4074	5080212
4075	5081212
4076	5082212
4077	5083216
4078	5084212
4079	5085216
4080	5086216
4081	5087216
4082	5088212
4083	5089216
4084	5090212
4085	5091212
4086	5092212
4087	5093212
4088	5094212
4089	5095212
4090	5096212
4091	5097212
4092	5098212
4093	5099212
4094	5100212
4095	5101216
4096	5102216
4097	5103212
4098	5104212
4099	5105216
4100	5106212
4101	5107212
4102	5108212
4103	5109212
4104	5110212
4105	5111212
4106	5112212
4107	5113212
4108	5114212
4109	5115212
4110	5116212
4111	5117216
4112	5118212
4113	5119208
4114	5120212
4115	5121216
4116	5122212
4117	5123212
4118	5124212
4119	5125212
4120	5126212
4121	5127212
4122	5128212
4123	5129212
4124	5130212
4125	5131212
4126	5132212
4127	5133216
4128	5134212
4129	5135212
4130	5136212
4131	5137216
4132	5138212
4133	5139212
4134	5140212
4135	5141212
4136	5142212
4137	5143212
4138	5144212
4139	5145212
4140	5146212
4141	5147212
4142	5148212
4143	5149212
4144	5150212
4145	5151212
4146	5152212
4147	5153216
4148	5154212
4149	5155212
4150	5156212
4151	5157212
4152	5158212
4153	5159212
4154	5160216
4155	5161212
4156	5162212
4157	5163212
4158	5164212
4159	5165212
4160	5166212
4161	5167212
4162	5168212
4163	5169212
4164	5170212
4165	5171208
4166	5172212
4167	5173212
4168	5174212
4169	5175212
4170	5176212
4171	5177212
4172	5178212
4173	5179212
4174	5180212
4175	5181212
4176	5182212
4177	5183212
4178	5184212
4179	5185212
4180	5186212
4181	5187212
4182	5188212
4183	5189212
4184	5190212
4185	5191212
4186	5192212
4187	5193212
4188	5194212
4189	5195212
4190	5196212
4191	5197212
4192	5198212
4193	5199212
4194	5200212
4195	5201212
4196	5202212
4197	5203212
4198	5204212
4199	5205212
4200	5206212
4201	5207212
4202	5208212
4203	5209212
4204	5210212
4205	5211212
4206	5212212
4207	5213212
4208	5214212
4209	5215212
4210	5216212
4211	5217212
4212	5218212
4213	5219212
4214	5220212
4215	5221216
4216	5222212
4217	5223212
4218	5224212
4219	5225212
4220	5226212
4221	5227212
4222	5228212
4223	5229212
4224	5230212
4225	5231212
4226	5232212
4227	5233212
4228	5234212
4229	5235212
4230	5236212
4231	5237216
4232	5238212
4233	5239212
4234	5240212
4235	5241212
4236	5242212
4237	5243212
4238	5244212
4239	5245212
4240	5246212
4241	5247212
4242	5248212
4243	5249216
4244	5250212
4245	5251212
4246	5252216
4247	5253216
4248	5254212
4249	5255212
4250	5256216
4251	5257216
4252	5258212
4253	5259212
4254	5260212
4255	5261216
4256	5262212
4257	5263212
4258	5264212
4259	5265216
4260	5266212
4261	5267212
4262	5268216
4263	5269216
4264	5270212
4265	5271212
4266	5272216
4267	5273216
4268	5274212
4269	5275212
4270	5276212
4271	5277212
4272	5278212
4273	5279212
4274	5280212
4275	5281212
4276	5282212
4277	5283212
4278	5284216
4279	5285216
4280	5286212
4281	5287216
4282	5288216
4283	5289216
4284	5290212
4285	5291212
4286	5292212
4287	5293212
4288	5294212
4289	5295212
4290	5296212
4291	5297212
4292	5298212
4293	5299212
4294	5300212
4295	5301216
4296	5302212
4297	5303216
4298	5304212
4299	5305216
4300	5306216
4301	5307216
4302	5308212
4303	5309212
4304	5310212
4305	5311212
4306	5312212
4307	5313212
4308	5314212
4309	5315212
4310	5316212
4311	5317212
4312	5318216
4313	5319216
4314	5320212
4315	5321216
4316	5322216
4317	5323216
4318	5324212
4319	5325212
4320	5326212
4321	5327212
4322	5328212
4323	5329212
4324	5330212
4325	5331212
4326	5332212
4327	5333216
4328	5334216
4329	5335212
4330	5336212
4331	5337216
4332	5338216
4333	5339212
4334	5340212
4335	5341216
4336	5342212
4337	5343212
4338	5344212
4339	5345216
4340	5346212
4341	5347212
4342	5348212
4343	5349216
4344	5350212
4345	5351212
4346	5352212
4347	5353216
4348	5354212
4349	5355212
4350	5356212
4351	5357216
4352	5358208
4353	5359212
4354	5360212
4355	5361212
4356	5362212
4357	5363212
4358	5364212
4359	5365212
4360	5366212
4361	5367212
4362	5368212
4363	5369216
4364	5370212
4365	5371212
4366	5372212
4367	5373216
4368	5374212
4369	5375208
4370	5376212
4371	5377212
4372	5378212
4373	5379212
4374	5380212
4375	5381212
4376	5382212
4377	5383212
4378	5384212
4379	5385212
4380	5386212
4381	5387212
4382	5388212
4383	5389212
4384	5390212
4385	5391212
4386	5392212
4387	5393212
4388	5394212
4389	5395212
4390	5396212
4391	5397212
4392	5398212
4393	5399212
4394	5400212
4395	5401212
4396	5402212
4397	5403212
4398	5404212
4399	5405212
4400	5406212
4401	5407212
4402	5408212
4403	5409212
4404	5410212
4405	5411212
4406	5412212
4407	5413212
4408	5414212
4409	5415212
4410	5416216
4411	5417212
4412	5418212
4413	5419212
4414	5420212
4415	5421212
4416	5422212
4417	5423212
4418	5424212
4419	5425212
4420	5426212
4421	5427208
4422	5428212
4423	5429212
4424	5430212
4425	5431212
4426	5432212
4427	5433212
4428	5434212
4429	5435212
4430	5436212
4431	5437212
4432	5438212
4433	5439212
4434	5440212
4435	5441212
4436	5442212
4437	5443212
4438	5444212
4439	5445212
4440	5446212
4441	5447212
4442	5448212
4443	5449212
4444	5450212
4445	5451212
4446	5452212
4447	5453216
4448	5454212
4449	5455212
4450	5456212
4451	5457216
4452	5458212
4453	5459212
4454	5460212
4455	5461212
4456	5462212
4457	5463212
4458	5464212
4459	5465212
4460	5466212
4461	5467212
4462	5468212
4463	5469216
4464	5470212
4465	5471212
4466	5472212
4467	5473216
4468	5474212
4469	5475212
4470	5476212
4471	5477212
4472	5478212
4473	5479212
4474	5480212
4475	5481212
4476	5482212
4477	5483212
4478	5484212
4479	5485216
4480	5486212
4481	5487212
4482	5488212
4483	5489216
4484	5490212
4485	5491212
4486	5492212
4487	5493212
4488	5494212
4489	5495212
4490	5496212
4491	5497212
4492	5498212
4493	5499212
4494	5500212
4495	5501212
4496	5502212
4497	5503216
4498	5504216
4499	5505216
4500	5506212
4501	5507216
4502	5508216
4503	5509212
4504	5510212
4505	5511212
4506	5512212
4507	5513212
4508	5514212
4509	5515212
4510	5516212
4511	5517212
4512	5518212
4513	5519216
4514	5520216
4515	5521216
4516	5522212
4517	5523216
4518	5524216
4519	5525216
4520	5526212
4521	5527212
4522	5528212
4523	5529212
4524	5530212
4525	5531212
4526	5532212
4527	5533212
4528	5534212
4529	5535212
4530	5536212
4531	5537216
4532	5538216
4533	5539216
4534	5540212
4535	5541216
4536	5542216
4537	5543212
4538	5544212
4539	5545212
4540	5546212
4541	5547212
4542	5548212
4543	5549212
4544	5550212
4545	5551212
4546	5552212
4547	5553216
4548	5554216
4549	5555212
4550	5556212
4551	5557216
4552	5558216
4553	5559212
4554	5560212
4555	5561216
4556	5562212
4557	5563212
4558	5564212
4559	5565216
4560	5566212
4561	5567212
4562	5568212
4563	5569216
4564	5570216
4565	5571212
4566	5572212
4567	5573216
4568	5574216
4569	5575212
4570	5576212
4571	5577216
4572	5578212
4573	5579212
4574	5580212
4575	5581216
4576	5582212
4577	5583212
4578	5584212
4579	5585216
4580	5586212
4581	5587212
4582	5588212
4583	5589216
4584	5590212
4585	5591212
4586	5592216
4587	5593216
4588	5594212
4589	5595212
4590	5596212
4591	5597216
4592	5598212
4593	5599212
4594	5600212
4595	5601216
4596	5602212
4597	5603212
4598	5604216
4599	5605216
4600	5606212
4601	5607212
4602	5608216
4603	5609216
4604	5610212
4605	5611212
4606	5612212
4607	5613212
4608	5614216
4609	5615212
4610	5616212
4611	5617212
4612	5618212
4613	5619212
4614	5620212
4615	5621212
4616	5622212
4617	5623212
4618	5624212
4619	5625212
4620	5626212
4621	5627212
4622	5628212
4623	5629212
4624	5630212
4625	5631208
4626	5632212
4627	5633212
4628	5634212
4629	5635212
4630	5636212
4631	5637212
4632	5638212
4633	5639212
4634	5640212
4635	5641212
4636	5642212
4637	5643212
4638	5644212
4639	5645212
4640	5646212
4641	5647212
4642	5648212
4643	5649212
4644	5650212
4645	5651212
4646	5652212
4647	5653212
4648	5654212
4649	5655212
4650	5656212
4651	5657212
4652	5658212
4653	5659212
4654	5660212
4655	5661212
4656	5662212
4657	5663212
4658	5664212
4659	5665212
4660	5666212
4661	5667212
4662	5668212
4663	5669212
4664	5670212
4665	5671212
4666	5672216
4667	5673212
4668	5674212
4669	5675212
4670	5676212
4671	5677212
4672	5678212
4673	5679212
4674	5680212
4675	5681212
4676	5682212
4677	5683208
4678	5684212
4679	5685212
4680	5686212
4681	5687212
4682	5688212
4683	5689216
4684	5690212
4685	5691212
4686	5692212
4687	5693216
4688	5694212
4689	5695212
4690	5696212
4691	5697212
4692	5698212
4693	5699212
4694	5700212
4695	5701212
4696	5702212
4697	5703212
4698	5704212
4699	5705216
4700	5706212
4701	5707212
4702	5708212
4703	5709216
4704	5710212
4705	5711212
4706	5712212
4707	5713212
4708	5714212
4709	5715212
4710	5716212
4711	5717212
4712	5718212
4713	5719212
4714	5720212
4715	5721216
4716	5722212
4717	5723212
4718	5724212
4719	5725212
4720	5726212
4721	5727212
4722	5728212
4723	5729212
4724	5730212
4725	5731212
4726	5732212
4727	5733212
4728	5734212
4729	5735212
4730	5736212
4731	5737212
4732	5738212
4733	5739212
4734	5740212
4735	5741212
4736	5742212
4737	5743212
4738	5744212
4739	5745212
4740	5746212
4741	5747212
4742	5748212
4743	5749212
4744	5750212
4745	5751212
4746	5752212
4747	5753212
4748	5754212
4749	5755212
4750	5756212
4751	5757212
4752	5758212
4753	5759216
4754	5760212
4755	5761212
4756	5762212
4757	5763212
4758	5764212
4759	5765212
4760	5766212
4761	5767212
4762	5768212
4763	5769212
4764	5770212
4765	5771216
4766	5772212
4767	5773216
4768	5774216
4769	5775216
4770	5776212
4771	5777216
4772	5778212
4773	5779212
4774	5780212
4775	5781212
4776	5782212
4777	5783212
4778	5784212
4779	5785212
4780	5786212
4781	5787212
4782	5788212
4783	5789216
4784	5790216
4785	5791212
4786	5792212
4787	5793216
4788	5794216
4789	5795212
4790	5796212
4791	5797216
4792	5798212
4793	5799212
4794	5800212
4795	5801216
4796	5802212
4797	5803212
4798	5804212
4799	5805216
4800	5806216
4801	5807212
4802	5808212
4803	5809216
4804	5810212
4805	5811212
4806	5812212
4807	5813216
4808	5814212
4809	5815212
4810	5816212
4811	5817216
4812	5818212
4813	5819212
4814	5820212
4815	5821216
4816	5822212
4817	5823212
4818	5824216
4819	5825216
4820	5826212
4821	5827212
4822	5828212
4823	5829216
4824	5830212
4825	5831212
4826	5832212
4827	5833216
4828	5834212
4829	5835212
4830	5836212
4831	5837216
4832	5838212
4833	5839212
4834	5840216
4835	5841216
4836	5842212
4837	5843212
4838	5844216
4839	5845212
4840	5846212
4841	5847212
4842	5848212
4843	5849212
4844	5850212
4845	5851212
4846	5852212
4847	5853212
4848	5854212
4849	5855216
4850	5856216
4851	5857216
4852	5858212
4853	5859216
4854	5860216
4855	5861216
4856	5862212
4857	5863212
4858	5864212
4859	5865212
4860	5866212
4861	5867212
4862	5868212
4863	5869212
4864	5870216
4865	5871212
4866	5872212
4867	5873212
4868	5874212
4869	5875212
4870	5876212
4871	5877212
4872	5878212
4873	5879212
4874	5880212
4875	5881212
4876	5882212
4877	5883212
4878	5884212
4879	5885212
4880	5886212
4881	5887208
4882	5888212
4883	5889212
4884	5890212
4885	5891212
4886	5892212
4887	5893212
4888	5894212
4889	5895212
4890	5896212
4891	5897212
4892	5898212
4893	5899212
4894	5900212
4895	5901212
4896	5902212
4897	5903212
4898	5904212
4899	5905216
4900	5906212
4901	5907212
4902	5908212
4903	5909216
4904	5910212
4905	5911212
4906	5912212
4907	5913212
4908	5914212
4909	5915212
4910	5916212
4911	5917212
4912	5918212
4913	5919212
4914	5920212
4915	5921212
4916	5922212
4917	5923212
4918	5924212
4919	5925216
4920	5926212
4921	5927212
4922	5928216
4923	5929212
4924	5930212
4925	5931212
4926	5932212
4927	5933212
4928	5934212
4929	5935212
4930	5936212
4931	5937212
4932	5938212
4933	5939208
4934	5940212
4935	5941216
4936	5942212
4937	5943212
4938	5944212
4939	5945216
4940	5946212
4941	5947212
4942	5948212
4943	5949212
4944	5950212
4945	5951212
4946	5952212
4947	5953212
4948	5954212
4949	5955212
4950	5956212
4951	5957212
4952	5958212
4953	5959212
4954	5960212
4955	5961212
4956	5962212
4957	5963212
4958	5964212
4959	5965212
4960	5966212
4961	5967212
4962	5968212
4963	5969212
4964	5970212
4965	5971212
4966	5972212
4967	5973212
4968	5974212
4969	5975212
4970	5976212
4971	5977212
4972	5978212
4973	5979212
4974	5980212
4975	5981212
4976	5982212
4977	5983212
4978	5984212
4979	5985212
4980	5986212
4981	5987212
4982	5988212
4983	5989212
4984	5990212
4985	5991212
4986	5992212
4987	5993212
4988	5994212
4989	5995212
4990	5996212
4991	5997212
4992	5998212
4993	5999212
4994	6000212
4995	6001212
4996	6002212
4997	6003212
4998	6004212
4999	6005212
5000	6006212
5001	6007212
5002	6008212
5003	6009212
5004	6010212
5005	6011212
5006	6012212
5007	6013212
5008	6014212
5009	6015212
5010	6016212
5011	6017216
5012	6018212
5013	6019212
5014	6020212
5015	6021216
5016	6022216
5017	6023212
5018	6024212
5019	6025216
5020	6026216
5021	6027212
5022	6028212
5023	6029216
5024	6030212
5025	6031212
5026	6032212
5027	6033216
5028	6034212
5029	6035212
5030	6036212
5031	6037216
5032	6038212
5033	6039212
5034	6040212
5035	6041216
5036	6042212
5037	6043212
5038	6044216
5039	6045216
5040	6046212
5041	6047212
5042	6048212
5043	6049216
5044	6050212
5045	6051212
5046	6052212
5047	6053216
5048	6054212
5049	6055212
5050	6056216
5051	6057216
5052	6058212
5053	6059212
5054	6060216
5055	6061216
5056	6062212
5057	6063212
5058	6064212
5059	6065212
5060	6066212
5061	6067212
5062	6068212
5063	6069212
5064	6070212
5065	6071212
5066	6072212
5067	6073216
5068	6074212
5069	6075216
5070	6076216
5071	6077216
5072	6078212
5073	6079216
5074	6080212
5075	6081212
5076	6082212
5077	6083212
5078	6084212
5079	6085212
5080	6086212
5081	6087212
5082	6088212
5083	6089216
5084	6090212
5085	6091216
5086	6092216
5087	6093216
5088	6094212
5089	6095216
5090	6096212
5091	6097212
5092	6098212
5093	6099212
5094	6100212
5095	6101212
5096	6102212
5097	6103212
5098	6104212
5099	6105212
5100	6106216
5101	6107216
5102	6108212
5103	6109216
5104	6110216
5105	6111216
5106	6112212
5107	6113212
5108	6114212
5109	6115212
5110	6116212
5111	6117212
5112	6118212
5113	6119212
5114	6120212
5115	6121212
5116	6122212
5117	6123212
5118	6124212
5119	6125216
5120	6126216
5121	6127212
5122	6128212
5123	6129216
5124	6130212
5125	6131212
5126	6132212
5127	6133212
5128	6134212
5129	6135212
5130	6136212
5131	6137212
5132	6138212
5133	6139212
5134	6140212
5135	6141216
5136	6142212
5137	6143208
5138	6144212
5139	6145216
5140	6146212
5141	6147212
5142	6148212
5143	6149212
5144	6150212
5145	6151212
5146	6152212
5147	6153212
5148	6154212
5149	6155212
5150	6156212
5151	6157216
5152	6158212
5153	6159212
5154	6160212
5155	6161216
5156	6162212
5157	6163212
5158	6164212
5159	6165212
5160	6166212
5161	6167212
5162	6168212
5163	6169212
5164	6170212
5165	6171212
5166	6172212
5167	6173216
5168	6174212
5169	6175212
5170	6176212
5171	6177216
5172	6178212
5173	6179212
5174	6180212
5175	6181212
5176	6182212
5177	6183212
5178	6184216
5179	6185212
5180	6186212
5181	6187212
5182	6188212
5183	6189212
5184	6190212
5185	6191212
5186	6192212
5187	6193212
5188	6194212
5189	6195208
5190	6196212
5191	6197212
5192	6198212
5193	6199212
5194	6200212
5195	6201212
5196	6202212
5197	6203212
5198	6204212
5199	6205212
5200	6206212
5201	6207212
5202	6208212
5203	6209212
5204	6210212
5205	6211212
5206	6212212
5207	6213212
5208	6214212
5209	6215212
5210	6216212
5211	6217212
5212	6218212
5213	6219212
5214	6220212
5215	6221212
5216	6222212
5217	6223212
5218	6224212
5219	6225212
5220	6226212
5221	6227212
5222	6228212
5223	6229212
5224	6230212
5225	6231212
5226	6232212
5227	6233212
5228	6234212
5229	6235212
5230	6236212
5231	6237212
5232	6238212
5233	6239212
5234	6240212
5235	6241212
5236	6242212
5237	6243212
5238	6244212
5239	6245216
5240	6246212
5241	6247212
5242	6248212
5243	6249212
5244	6250212
5245	6251212
5246	6252212
5247	6253212
5248	6254212
5249	6255212
5250	6256212
5251	6257216
5252	6258212
5253	6259212
5254	6260212
5255	6261216
5256	6262212
5257	6263212
5258	6264212
5259	6265212
5260	6266212
5261	6267212
5262	6268212
5263	6269212
5264	6270212
5265	6271212
5266	6272212
5267	6273216
5268	6274212
5269	6275212
5270	6276216
5271	6277216
5272	6278212
5273	6279212
5274	6280216
5275	6281216
5276	6282212
5277	6283212
5278	6284212
5279	6285216
5280	6286212
5281	6287212
5282	6288212
5283	6289216
5284	6290212
5285	6291212
5286	6292216
5287	6293216
5288	6294212
5289	6295212
5290	6296216
5291	6297216
5292	6298212
5293	6299212
5294	6300212
5295	6301212
5296	6302212
5297	6303212
5298	6304212
5299	6305212
5300	6306212
5301	6307216
5302	6308216
5303	6309216
5304	6310212
5305	6311216
5306	6312216
5307	6313216
5308	6314212
5309	6315212
5310	6316212
5311	6317212
5312	6318212
5313	6319212
5314	6320212
5315	6321212
5316	6322212
5317	6323212
5318	6324212
5319	6325216
5320	6326212
5321	6327216
5322	6328212
5323	6329216
5324	6330216
5325	6331216
5326	6332212
5327	6333212
5328	6334212
5329	6335212
5330	6336212
5331	6337212
5332	6338212
5333	6339212
5334	6340212
5335	6341216
5336	6342216
5337	6343216
5338	6344212
5339	6345216
5340	6346216
5341	6347216
5342	6348212
5343	6349212
5344	6350212
5345	6351212
5346	6352212
5347	6353212
5348	6354212
5349	6355212
5350	6356212
5351	6357216
5352	6358216
5353	6359212
5354	6360212
5355	6361216
5356	6362216
5357	6363212
5358	6364212
5359	6365216
5360	6366212
5361	6367212
5362	6368212
5363	6369216
5364	6370212
5365	6371212
5366	6372212
5367	6373216
5368	6374212
5369	6375212
5370	6376212
5371	6377216
5372	6378212
5373	6379212
5374	6380212
5375	6381216
5376	6382216
5377	6383212
5378	6384212
5379	6385212
5380	6386212
5381	6387212
5382	6388212
5383	6389212
5384	6390212
5385	6391212
5386	6392212
5387	6393216
5388	6394212
5389	6395212
5390	6396212
5391	6397216
5392	6398212
5393	6399208
5394	6400212
5395	6401212
5396	6402212
5397	6403212
5398	6404212
5399	6405212
5400	6406212
5401	6407212
5402	6408212
5403	6409212
5404	6410212
5405	6411212
5406	6412212
5407	6413212
5408	6414212
5409	6415212
5410	6416212
5411	6417212
5412	6418212
5413	6419212
5414	6420212
5415	6421212
5416	6422212
5417	6423212
5418	6424212
5419	6425212
5420	6426212
5421	6427212
5422	6428212
5423	6429212
5424	6430212
5425	6431212
5426	6432212
5427	6433212
5428	6434212
5429	6435212
5430	6436212
5431	6437212
5432	6438212
5433	6439212
5434	6440216
5435	6441212
5436	6442212
5437	6443212
5438	6444212
5439	6445212
5440	6446212
5441	6447212
5442	6448212
5443	6449212
5444	6450212
5445	6451208
5446	6452212
5447	6453212
5448	6454212
5449	6455212
5450	6456212
5451	6457212
5452	6458212
5453	6459212
5454	6460212
5455	6461212
5456	6462212
5457	6463212
5458	6464212
5459	6465212
5460	6466212
5461	6467212
5462	6468212
5463	6469212
5464	6470212
5465	6471212
5466	6472212
5467	6473212
5468	6474212
5469	6475212
5470	6476212
5471	6477216
5472	6478212
5473	6479212
5474	6480212
5475	6481216
5476	6482212
5477	6483212
5478	6484212
5479	6485212
5480	6486212
5481	6487212
5482	6488212
5483	6489212
5484	6490212
5485	6491212
5486	6492212
5487	6493216
5488	6494212
5489	6495212
5490	6496212
5491	6497216
5492	6498212
5493	6499212
5494	6500212
5495	6501212
5496	6502212
5497	6503212
5498	6504212
5499	6505212
5500	6506212
5501	6507212
5502	6508212
5503	6509216
5504	6510212
5505	6511212
5506	6512212
5507	6513216
5508	6514212
5509	6515212
5510	6516212
5511	6517212
5512	6518212
5513	6519212
5514	6520212
5515	6521212
5516	6522212
5517	6523212
5518	6524212
5519	6525212
5520	6526212
5521	6527216
5522	6528216
5523	6529216
5524	6530212
5525	6531216
5526	6532216
5527	6533212
5528	6534212
5529	6535212
5530	6536212
5531	6537212
5532	6538212
5533	6539212
5534	6540212
5535	6541212
5536	6542212
5537	6543216
5538	6544216
5539	6545216
5540	6546212
5541	6547216
5542	6548216
5543	6549216
5544	6550212
5545	6551212
5546	6552212
5547	6553212
5548	6554212
5549	6555212
5550	6556212
5551	6557212
5552	6558212
5553	6559216
5554	6560212
5555	6561216
5556	6562216
5557	6563216
5558	6564212
5559	6565216
5560	6566212
5561	6567212
5562	6568212
5563	6569212
5564	6570212
5565	6571212
5566	6572212
5567	6573212
5568	6574212
5569	6575212
5570	6576212
5571	6577216
5572	6578216
5573	6579212
5574	6580212
5575	6581216
5576	6582216
5577	6583212
5578	6584212
5579	6585216
5580	6586212
5581	6587212
5582	6588212
5583	6589216
5584	6590212
5585	6591212
5586	6592212
5587	6593216
5588	6594216
5589	6595212
5590	6596212
5591	6597216
5592	6598216
5593	6599212
5594	6600212
5595	6601216
5596	6602212
5597	6603212
5598	6604212
5599	6605216
5600	6606212
5601	6607212
5602	6608212
5603	6609216
5604	6610212
5605	6611212
5606	6612212
5607	6613216
5608	6614212
5609	6615212
5610	6616216
5611	6617216
5612	6618212
5613	6619212
5614	6620212
5615	6621216
5616	6622212
5617	6623212
5618	6624212
5619	6625216
5620	6626212
5621	6627212
5622	6628216
5623	6629216
5624	6630212
5625	6631212
5626	6632216
5627	6633216
5628	6634212
5629	6635212
5630	6636212
5631	6637212
5632	6638216
5633	6639212
5634	6640212
5635	6641212
5636	6642212
5637	6643212
5638	6644212
5639	6645212
5640	6646212
5641	6647212
5642	6648212
5643	6649212
5644	6650212
5645	6651212
5646	6652212
5647	6653212
5648	6654212
5649	6655208
5650	6656212
5651	6657212
5652	6658212
5653	6659212
5654	6660212
5655	6661212
5656	6662212
5657	6663212
5658	6664212
5659	6665212
5660	6666212
5661	6667212
5662	6668212
5663	6669212
5664	6670212
5665	6671212
5666	6672212
5667	6673212
5668	6674212
5669	6675212
5670	6676212
5671	6677212
5672	6678212
5673	6679212
5674	6680212
5675	6681212
5676	6682212
5677	6683212
5678	6684212
5679	6685212
5680	6686212
5681	6687212
5682	6688212
5683	6689212
5684	6690212
5685	6691212
5686	6692212
5687	6693212
5688	6694212
5689	6695212
5690	6696216
5691	6697212
5692	6698212
5693	6699212
5694	6700212
5695	6701212
5696	6702212
5697	6703212
5698	6704212
5699	6705212
5700	6706212
5701	6707208
5702	6708212
5703	6709212
5704	6710212
5705	6711212
5706	6712212
5707	6713216
5708	6714212
5709	6715212
5710	6716212
5711	6717216
5712	6718212
5713	6719212
5714	6720212
5715	6721216
5716	6722212
5717	6723212
5718	6724212
5719	6725216
5720	6726212
5721	6727212
5722	6728216
5723	6729216
5724	6730212
5725	6731212
5726	6732216
5727	6733216
5728	6734212
5729	6735212
5730	6736212
5731	6737216
5732	6738212
5733	6739212
5734	6740212
5735	6741216
5736	6742212
5737	6743212
5738	6744216
5739	6745216
5740	6746212
5741	6747212
5742	6748216
5743	6749216
5744	6750212
5745	6751212
5746	6752212
5747	6753212
5748	6754212
5749	6755212
5750	6756212
5751	6757212
5752	6758212
5753	6759212
5754	6760216
5755	6761216
5756	6762212
5757	6763216
5758	6764216
5759	6765216
5760	6766212
5761	6767216
5762	6768212
5763	6769212
5764	6770212
5765	6771212
5766	6772212
5767	6773212
5768	6774212
5769	6775212
5770	6776212
5771	6777216
5772	6778212
5773	6779216
5774	6780212
5775	6781216
5776	6782216
5777	6783216
5778	6784212
5779	6785216
5780	6786216
5781	6787216
5782	6788212
5783	6789216
5784	6790216
5785	6791216
5786	6792212
5787	6793216
5788	6794216
5789	6795216
5790	6796216
5791	6797216
5792	6798216
5793	6799216
5794	6800216
5795	6801216
5796	6802216
5797	6803216
5798	6804212
5799	6805216
5800	6806216
5801	6807212
5802	6808212
5803	6809216
5804	6810216
5805	6811216
5806	6812216
5807	6813216
5808	6814216
5809	6815216
5810	6816216
5811	6817216
5812	6818216
5813	6819212
5814	6820212
5815	6821216
5816	6822216
5817	6823212
5818	6824212
5819	6825216
5820	6826216
5821	6827216
5822	6828216
5823	6829216
5824	6830216
5825	6831216
5826	6832216
5827	6833216
5828	6834216
5829	6835212
5830	6836212
5831	6837216
5832	6838212
5833	6839212
5834	6840216
5835	6841216
5836	6842212
5837	6843212
5838	6844216
5839	6845216
5840	6846216
5841	6847216
5842	6848216
5843	6849216
5844	6850216
5845	6851216
5846	6852216
5847	6853216
5848	6854212
5849	6855212
5850	6856216
5851	6857216
5852	6858212
5853	6859212
5854	6860216
5855	6861216
5856	6862216
5857	6863216
5858	6864216
5859	6865216
5860	6866216
5861	6867216
5862	6868216
5863	6869216
5864	6870212
5865	6871216
5866	6872216
5867	6873216
5868	6874212
5869	6875216
5870	6876216
5871	6877216
5872	6878216
5873	6879216
5874	6880216
5875	6881216
5876	6882216
5877	6883216
5878	6884216
5879	6885216
5880	6886212
5881	6887216
5882	6888216
5883	6889216
5884	6890212
5885	6891216
5886	6892212
5887	6893216
5888	6894216
5889	6895216
5890	6896212
5891	6897216
5892	6898216
5893	6899216
5894	6900212
5895	6901216
5896	6902212
5897	6903212
5898	6904212
5899	6905212
5900	6906212
5901	6907212
5902	6908212
5903	6909212
5904	6910212
5905	6911208
5906	6912212
5907	6913216
5908	6914216
5909	6915216
5910	6916212
5911	6917216
5912	6918216
5913	6919212
5914	6920212
5915	6921212
5916	6922212
5917	6923212
5918	6924212
5919	6925212
5920	6926212
5921	6927212
5922	6928212
5923	6929216
5924	6930216
5925	6931212
5926	6932212
5927	6933216
5928	6934216
5929	6935212
5930	6936212
5931	6937216
5932	6938212
5933	6939212
5934	6940212
5935	6941216
5936	6942212
5937	6943212
5938	6944212
5939	6945216
5940	6946216
5941	6947212
5942	6948212
5943	6949216
5944	6950212
5945	6951212
5946	6952216
5947	6953216
5948	6954212
5949	6955212
5950	6956212
5951	6957216
5952	6958212
5953	6959212
5954	6960212
5955	6961216
5956	6962212
5957	6963208
5958	6964216
5959	6965216
5960	6966212
5961	6967212
5962	6968216
5963	6969216
5964	6970212
5965	6971212
5966	6972212
5967	6973216
5968	6974212
5969	6975212
5970	6976212
5971	6977212
5972	6978212
5973	6979212
5974	6980216
5975	6981216
5976	6982212
5977	6983216
5978	6984216
5979	6985216
5980	6986212
5981	6987212
5982	6988212
5983	6989212
5984	6990212
5985	6991212
5986	6992212
5987	6993212
5988	6994212
5989	6995216
5990	6996216
5991	6997216
5992	6998212
5993	6999216
5994	7000216
5995	7001216
5996	7002212
5997	7003212
5998	7004212
5999	7005212
6000	7006212
6001	7007212
6002	7008212
6003	7009212
6004	7010212
6005	7011212
6006	7012212
6007	7013216
6008	7014216
6009	7015216
6010	7016212
6011	7017216
6012	7018216
6013	7019212
6014	7020212
6015	7021212
6016	7022212
6017	7023212
6018	7024212
6019	7025212
6020	7026212
6021	7027212
6022	7028212
6023	7029216
6024	7030216
6025	7031216
6026	7032212
6027	7033216
6028	7034216
6029	7035212
6030	7036212
6031	7037212
6032	7038216
6033	7039212
6034	7040212
6035	7041216
6036	7042216
6037	7043212
6038	7044212
6039	7045216
6040	7046216
6041	7047216
6042	7048216
6043	7049216
6044	7050216
6045	7051216
6046	7052216
6047	7053216
6048	7054216
6049	7055212
6050	7056212
6051	7057216
6052	7058216
6053	7059212
6054	7060212
6055	7061216
6056	7062216
6057	7063216
6058	7064216
6059	7065216
6060	7066216
6061	7067216
6062	7068216
6063	7069216
6064	7070212
6065	7071212
6066	7072216
6067	7073216
6068	7074212
6069	7075212
6070	7076216
6071	7077216
6072	7078212
6073	7079216
6074	7080216
6075	7081216
6076	7082216
6077	7083216
6078	7084216
6079	7085216
6080	7086208
6081	7087212
6082	7088216
6083	7089216
6084	7090212
6085	7091212
6086	7092216
6087	7093216
6088	7094212
6089	7095212
6090	7096216
6091	7097216
6092	7098216
6093	7099216
6094	7100216
6095	7101216
6096	7102216
6097	7103216
6098	7104216
6099	7105216
6100	7106212
6101	7107216
6102	7108216
6103	7109216
6104	7110212
6105	7111216
6106	7112216
6107	7113216
6108	7114216
6109	7115216
6110	7116216
6111	7117216
6112	7118216
6113	7119216
6114	7120212
6115	7121216
6116	7122212
6117	7123216
6118	7124212
6119	7125216
6120	7126216
6121	7127216
6122	7128212
6123	7129216
6124	7130216
6125	7131216
6126	7132216
6127	7133216
6128	7134216
6129	7135216
6130	7136216
6131	7137216
6132	7138216
6133	7139216
6134	7140212
6135	7141216
6136	7142216
6137	7143216
6138	7144212
6139	7145216
6140	7146216
6141	7147216
6142	7148216
6143	7149216
6144	7150216
6145	7151212
6146	7152212
6147	7153216
6148	7154212
6149	7155212
6150	7156212
6151	7157216
6152	7158212
6153	7159212
6154	7160212
6155	7161216
6156	7162212
6157	7163212
6158	7164212
6159	7165216
6160	7166216
6161	7167208
6162	7168212
6163	7169216
6164	7170212
6165	7171212
6166	7172212
6167	7173216
6168	7174212
6169	7175212
6170	7176212
6171	7177216
6172	7178212
6173	7179212
6174	7180212
6175	7181216
6176	7182212
6177	7183212
6178	7184212
6179	7185216
6180	7186212
6181	7187212
6182	7188212
6183	7189216
6184	7190212
6185	7191212
6186	7192212
6187	7193216
6188	7194212
6189	7195212
6190	7196212
6191	7197216
6192	7198212
6193	7199212
6194	7200216
6195	7201216
6196	7202212
6197	7203212
6198	7204212
6199	7205212
6200	7206212
6201	7207212
6202	7208216
6203	7209212
6204	7210212
6205	7211212
6206	7212212
6207	7213216
6208	7214212
6209	7215216
6210	7216216
6211	7217216
6212	7218212
6213	7219208
6214	7220216
6215	7221212
6216	7222212
6217	7223212
6218	7224212
6219	7225212
6220	7226212
6221	7227212
6222	7228212
6223	7229212
6224	7230212
6225	7231216
6226	7232212
6227	7233216
6228	7234212
6229	7235216
6230	7236212
6231	7237212
6232	7238212
6233	7239212
6234	7240212
6235	7241212
6236	7242212
6237	7243212
6238	7244212
6239	7245212
6240	7246212
6241	7247216
6242	7248212
6243	7249216
6244	7250216
6245	7251216
6246	7252212
6247	7253216
6248	7254212
6249	7255212
6250	7256212
6251	7257212
6252	7258212
6253	7259212
6254	7260212
6255	7261212
6256	7262212
6257	7263212
6258	7264212
6259	7265216
6260	7266216
6261	7267212
6262	7268212
6263	7269216
6264	7270216
6265	7271212
6266	7272212
6267	7273216
6268	7274212
6269	7275212
6270	7276212
6271	7277216
6272	7278212
6273	7279212
6274	7280212
6275	7281216
6276	7282216
6277	7283212
6278	7284212
6279	7285216
6280	7286216
6281	7287212
6282	7288212
6283	7289216
6284	7290212
6285	7291212
6286	7292212
6287	7293216
6288	7294212
6289	7295212
6290	7296216
6291	7297216
6292	7298216
6293	7299216
6294	7300216
6295	7301216
6296	7302216
6297	7303216
6298	7304216
6299	7305216
6300	7306212
6301	7307212
6302	7308216
6303	7309216
6304	7310212
6305	7311212
6306	7312216
6307	7313216
6308	7314216
6309	7315216
6310	7316216
6311	7317216
6312	7318216
6313	7319216
6314	7320216
6315	7321216
6316	7322212
6317	7323212
6318	7324216
6319	7325216
6320	7326212
6321	7327216
6322	7328216
6323	7329216
6324	7330212
6325	7331216
6326	7332216
6327	7333216
6328	7334216
6329	7335216
6330	7336216
6331	7337216
6332	7338212
6333	7339216
6334	7340216
6335	7341216
6336	7342212
6337	7343216
6338	7344216
6339	7345216
6340	7346212
6341	7347216
6342	7348216
6343	7349216
6344	7350216
6345	7351216
6346	7352216
6347	7353216
6348	7354216
6349	7355216
6350	7356212
6351	7357216
6352	7358216
6353	7359216
6354	7360212
6355	7361216
6356	7362216
6357	7363216
6358	7364216
6359	7365216
6360	7366216
6361	7367216
6362	7368216
6363	7369216
6364	7370216
6365	7371216
6366	7372212
6367	7373216
6368	7374216
6369	7375212
6370	7376212
6371	7377216
6372	7378216
6373	7379212
6374	7380212
6375	7381216
6376	7382216
6377	7383216
6378	7384216
6379	7385216
6380	7386216
6381	7387216
6382	7388212
6383	7389216
6384	7390216
6385	7391212
6386	7392212
6387	7393216
6388	7394216
6389	7395212
6390	7396212
6391	7397216
6392	7398216
6393	7399216
6394	7400216
6395	7401216
6396	7402216
6397	7403216
6398	7404216
6399	7405216
6400	7406216
6401	7407212
6402	7408212
6403	7409216
6404	7410212
6405	7411212
6406	7412212
6407	7413216
6408	7414212
6409	7415212
6410	7416216
6411	7417216
6412	7418212
6413	7419212
6414	7420216
6415	7421216
6416	7422212
6417	7423208
6418	7424212
6419	7425216
6420	7426212
6421	7427212
6422	7428212
6423	7429216
6424	7430212
6425	7431212
6426	7432216
6427	7433216
6428	7434212
6429	7435212
6430	7436216
6431	7437216
6432	7438212
6433	7439212
6434	7440212
6435	7441212
6436	7442212
6437	7443212
6438	7444212
6439	7445212
6440	7446212
6441	7447212
6442	7448216
6443	7449216
6444	7450212
6445	7451216
6446	7452216
6447	7453216
6448	7454212
6449	7455216
6450	7456212
6451	7457212
6452	7458212
6453	7459212
6454	7460212
6455	7461212
6456	7462212
6457	7463212
6458	7464216
6459	7465216
6460	7466216
6461	7467216
6462	7468212
6463	7469216
6464	7470216
6465	7471216
6466	7472212
6467	7473212
6468	7474212
6469	7475208
6470	7476212
6471	7477212
6472	7478212
6473	7479212
6474	7480212
6475	7481212
6476	7482216
6477	7483216
6478	7484212
6479	7485216
6480	7486216
6481	7487212
6482	7488212
6483	7489212
6484	7490212
6485	7491212
6486	7492212
6487	7493212
6488	7494212
6489	7495212
6490	7496212
6491	7497216
6492	7498212
6493	7499212
6494	7500212
6495	7501216
6496	7502216
6497	7503212
6498	7504212
6499	7505216
6500	7506212
6501	7507212
6502	7508212
6503	7509216
6504	7510212
6505	7511212
6506	7512212
6507	7513216
6508	7514212
6509	7515212
6510	7516212
6511	7517216
6512	7518212
6513	7519212
6514	7520212
6515	7521216
6516	7522212
6517	7523212
6518	7524212
6519	7525216
6520	7526212
6521	7527212
6522	7528212
6523	7529216
6524	7530212
6525	7531212
6526	7532216
6527	7533216
6528	7534212
6529	7535212
6530	7536216
6531	7537216
6532	7538212
6533	7539212
6534	7540212
6535	7541216
6536	7542212
6537	7543212
6538	7544212
6539	7545212
6540	7546212
6541	7547212
6542	7548212
6543	7549216
6544	7550216
6545	7551216
6546	7552216
6547	7553216
6548	7554216
6549	7555216
6550	7556216
6551	7557216
6552	7558212
6553	7559216
6554	7560216
6555	7561216
6556	7562212
6557	7563216
6558	7564216
6559	7565216
6560	7566216
6561	7567216
6562	7568216
6563	7569216
6564	7570216
6565	7571216
6566	7572216
6567	7573216
6568	7574212
6569	7575216
6570	7576212
6571	7577216
6572	7578212
6573	7579216
6574	7580212
6575	7581216
6576	7582216
6577	7583216
6578	7584216
6579	7585216
6580	7586216
6581	7587216
6582	7588216
6583	7589216
6584	7590216
6585	7591216
6586	7592212
6587	7593216
6588	7594216
6589	7595216
6590	7596212
6591	7597216
6592	7598216
6593	7599216
6594	7600216
6595	7601216
6596	7602216
6597	7603216
6598	7604216
6599	7605216
6600	7606216
6601	7607212
6602	7608212
6603	7609216
6604	7610216
6605	7611212
6606	7612212
6607	7613216
6608	7614216
6609	7615212
6610	7616216
6611	7617216
6612	7618216
6613	7619216
6614	7620216
6615	7621216
6616	7622216
6617	7623212
6618	7624212
6619	7625216
6620	7626216
6621	7627212
6622	7628212
6623	7629216
6624	7630212
6625	7631212
6626	7632212
6627	7633216
6628	7634216
6629	7635216
6630	7636216
6631	7637216
6632	7638216
6633	7639216
6634	7640216
6635	7641216
6636	7642212
6637	7643212
6638	7644216
6639	7645216
6640	7646212
6641	7647212
6642	7648216
6643	7649216
6644	7650216
6645	7651216
6646	7652216
6647	7653216
6648	7654216
6649	7655216
6650	7656216
6651	7657216
6652	7658212
6653	7659212
6654	7660216
6655	7661216
6656	7662216
6657	7663212
6658	7664212
6659	7665212
6660	7666212
6661	7667216
6662	7668216
6663	7669216
6664	7670212
6665	7671216
6666	7672216
6667	7673216
6668	7674212
6669	7675212
6670	7676212
6671	7677212
6672	7678212
6673	7679208
6674	7680212
6675	7681212
6676	7682212
6677	7683216
6678	7684216
6679	7685216
6680	7686212
6681	7687216
6682	7688212
6683	7689216
6684	7690212
6685	7691212
6686	7692212
6687	7693212
6688	7694212
6689	7695212
6690	7696212
6691	7697212
6692	7698212
6693	7699212
6694	7700212
6695	7701216
6696	7702216
6697	7703216
6698	7704212
6699	7705216
6700	7706216
6701	7707212
6702	7708212
6703	7709212
6704	7710212
6705	7711212
6706	7712212
6707	7713212
6708	7714212
6709	7715212
6710	7716212
6711	7717216
6712	7718216
6713	7719212
6714	7720216
6715	7721216
6716	7722216
6717	7723212
6718	7724212
6719	7725216
6720	7726212
6721	7727212
6722	7728212
6723	7729216
6724	7730212
6725	7731208
6726	7732212
6727	7733216
6728	7734216
6729	7735212
6730	7736212
6731	7737216
6732	7738216
6733	7739212
6734	7740212
6735	7741216
6736	7742212
6737	7743212
6738	7744212
6739	7745216
6740	7746212
6741	7747212
6742	7748212
6743	7749216
6744	7750212
6745	7751212
6746	7752216
6747	7753216
6748	7754212
6749	7755212
6750	7756216
6751	7757216
6752	7758212
6753	7759212
6754	7760212
6755	7761216
6756	7762212
6757	7763212
6758	7764212
6759	7765216
6760	7766212
6761	7767212
6762	7768216
6763	7769216
6764	7770212
6765	7771212
6766	7772216
6767	7773216
6768	7774212
6769	7775212
6770	7776212
6771	7777212
6772	7778212
6773	7779212
6774	7780212
6775	7781212
6776	7782212
6777	7783212
6778	7784216
6779	7785216
6780	7786212
6781	7787216
6782	7788216
6783	7789216
6784	7790212
6785	7791212
6786	7792212
6787	7793212
6788	7794212
6789	7795212
6790	7796212
6791	7797212
6792	7798212
6793	7799212
6794	7800212
6795	7801216
6796	7802212
6797	7803216
6798	7804212
6799	7805216
6800	7806216
6801	7807216
6802	7808212
6803	7809216
6804	7810216
6805	7811216
6806	7812212
6807	7813216
6808	7814216
6809	7815216
6810	7816212
6811	7817216
6812	7818216
6813	7819216
6814	7820216
6815	7821216
6816	7822216
6817	7823216
6818	7824216
6819	7825216
6820	7826216
6821	7827216
6822	7828212
6823	7829216
6824	7830216
6825	7831212
6826	7832212
6827	7833216
6828	7834216
6829	7835216
6830	7836216
6831	7837216
6832	7838216
6833	7839216
6834	7840216
6835	7841216
6836	7842216
6837	7843212
6838	7844212
6839	7845216
6840	7846216
6841	7847212
6842	7848212
6843	7849216
6844	7850216
6845	7851216
6846	7852216
6847	7853216
6848	7854216
6849	7855216
6850	7856216
6851	7857216
6852	7858212
6853	7859212
6854	7860212
6855	7861216
6856	7862212
6857	7863212
6858	7864216
6859	7865216
6860	7866212
6861	7867212
6862	7868216
6863	7869216
6864	7870216
6865	7871216
6866	7872216
6867	7873216
6868	7874216
6869	7875212
6870	7876216
6871	7877216
6872	7878212
6873	7879212
6874	7880216
6875	7881216
6876	7882212
6877	7883212
6878	7884216
6879	7885216
6880	7886216
6881	7887216
6882	7888216
6883	7889216
6884	7890216
6885	7891216
6886	7892216
6887	7893216
6888	7894212
6889	7895216
6890	7896216
6891	7897216
6892	7898212
6893	7899216
6894	7900216
6895	7901216
6896	7902216
6897	7903216
6898	7904216
6899	7905216
6900	7906216
6901	7907216
6902	7908216
6903	7909216
6904	7910212
6905	7911216
6906	7912216
6907	7913216
6908	7914212
6909	7915216
6910	7916212
6911	7917216
6912	7918216
6913	7919216
6914	7920212
6915	7921216
6916	7922216
6917	7923216
6918	7924212
6919	7925212
6920	7926212
6921	7927212
6922	7928212
6923	7929212
6924	7930212
6925	7931212
6926	7932212
6927	7933212
6928	7934212
6929	7935208
6930	7936212
6931	7937216
6932	7938216
6933	7939216
6934	7940212
6935	7941216
6936	7942212
6937	7943212
6938	7944212
6939	7945212
6940	7946212
6941	7947212
6942	7948212
6943	7949212
6944	7950212
6945	7951212
6946	7952212
6947	7953216
6948	7954216
6949	7955212
6950	7956212
6951	7957216
6952	7958216
6953	7959212
6954	7960212
6955	7961216
6956	7962212
6957	7963212
6958	7964212
6959	7965216
6960	7966212
6961	7967212
6962	7968212
6963	7969216
6964	7970216
6965	7971212
6966	7972212
6967	7973216
6968	7974212
6969	7975212
6970	7976216
6971	7977216
6972	7978212
6973	7979212
6974	7980212
6975	7981216
6976	7982212
6977	7983212
6978	7984212
6979	7985216
6980	7986212
6981	7987208
6982	7988216
6983	7989216
6984	7990212
6985	7991212
6986	7992212
6987	7993216
6988	7994212
6989	7995212
6990	7996212
6991	7997216
6992	7998212
6993	7999212
6994	8000212
6995	8001212
6996	8002212
6997	8003212
6998	8004216
6999	8005216
7000	8006212
7001	8007216
7002	8008216
7003	8009212
7004	8010212
7005	8011212
7006	8012212
7007	8013212
7008	8014212
7009	8015212
7010	8016212
7011	8017212
7012	8018212
7013	8019216
7014	8020216
7015	8021216
7016	8022212
7017	8023216
7018	8024216
7019	8025216
7020	8026212
7021	8027212
7022	8028212
7023	8029212
7024	8030212
7025	8031212
7026	8032212
7027	8033212
7028	8034212
7029	8035216
7030	8036212
7031	8037216
7032	8038216
7033	8039216
7034	8040212
7035	8041216
7036	8042216
7037	8043212
7038	8044212
7039	8045212
7040	8046212
7041	8047212
7042	8048212
7043	8049212
7044	8050212
7045	8051212
7046	8052212
7047	8053216
7048	8054216
7049	8055216
7050	8056212
7051	8057216
7052	8058216
7053	8059212
7054	8060212
7055	8061212
7056	8062216
7057	8063212
7058	8064212
7059	8065216
7060	8066216
7061	8067212
7062	8068212
7063	8069216
7064	8070216
7065	8071216
7066	8072216
7067	8073216
7068	8074216
7069	8075216
7070	8076212
7071	8077216
7072	8078216
7073	8079212
7074	8080212
7075	8081216
7076	8082216
7077	8083212
7078	8084212
7079	8085216
7080	8086216
7081	8087216
7082	8088216
7083	8089216
7084	8090216
7085	8091216
7086	8092216
7087	8093216
7088	8094212
7089	8095212
7090	8096216
7091	8097216
7092	8098212
7093	8099212
7094	8100216
7095	8101216
7096	8102212
7097	8103216
7098	8104216
7099	8105216
7100	8106216
7101	8107216
7102	8108216
7103	8109216
7104	8110212
7105	8111212
7106	8112216
7107	8113216
7108	8114212
7109	8115212
7110	8116216
7111	8117216
7112	8118212
7113	8119216
7114	8120216
7115	8121216
7116	8122216
7117	8123216
7118	8124216
7119	8125216
7120	8126216
7121	8127216
7122	8128216
7123	8129216
7124	8130212
7125	8131216
7126	8132216
7127	8133216
7128	8134212
7129	8135216
7130	8136216
7131	8137216
7132	8138216
7133	8139216
7134	8140216
7135	8141216
7136	8142216
7137	8143216
7138	8144212
7139	8145216
7140	8146212
7141	8147216
7142	8148212
7143	8149216
7144	8150216
7145	8151216
7146	8152212
7147	8153216
7148	8154216
7149	8155216
7150	8156216
7151	8157216
7152	8158216
7153	8159216
7154	8160212
7155	8161216
7156	8162216
7157	8163216
7158	8164212
7159	8165216
7160	8166216
7161	8167216
7162	8168212
7163	8169216
7164	8170216
7165	8171216
7166	8172216
7167	8173216
7168	8174216
7169	8175212
7170	8176212
7171	8177216
7172	8178212
7173	8179212
7174	8180212
7175	8181216
7176	8182212
7177	8183212
7178	8184212
7179	8185216
7180	8186216
7181	8187212
7182	8188212
7183	8189216
7184	8190216
7185	8191208
7186	8192212
7187	8193216
7188	8194212
7189	8195212
7190	8196212
7191	8197216
7192	8198212
7193	8199212
7194	8200212
7195	8201216
7196	8202212
7197	8203212
7198	8204212
7199	8205216
7200	8206212
7201	8207212
7202	8208212
7203	8209216
7204	8210212
7205	8211212
7206	8212212
7207	8213216
7208	8214212
7209	8215212
7210	8216212
7211	8217216
7212	8218212
7213	8219212
7214	8220216
7215	8221216
7216	8222212
7217	8223212
7218	8224216
7219	8225216
7220	8226212
7221	8227212
7222	8228212
7223	8229212
7224	8230212
7225	8231212
7226	8232216
7227	8233212
7228	8234212
7229	8235212
7230	8236212
7231	8237216
7232	8238212
7233	8239216
7234	8240216
7235	8241216
7236	8242212
7237	8243208
7238	8244212
7239	8245212
7240	8246212
7241	8247212
7242	8248212
7243	8249212
7244	8250212
7245	8251212
7246	8252212
7247	8253212
7248	8254212
7249	8255216
7250	8256212
7251	8257216
7252	8258212
7253	8259216
7254	8260212
7255	8261212
7256	8262212
7257	8263212
7258	8264212
7259	8265212
7260	8266212
7261	8267212
7262	8268212
7263	8269212
7264	8270216
7265	8271216
7266	8272212
7267	8273216
7268	8274216
7269	8275216
7270	8276212
7271	8277216
7272	8278212
7273	8279212
7274	8280212
7275	8281212
7276	8282212
7277	8283212
7278	8284212
7279	8285212
7280	8286212
7281	8287212
7282	8288212
7283	8289216
7284	8290216
7285	8291212
7286	8292212
7287	8293216
7288	8294212
7289	8295212
7290	8296212
7291	8297216
7292	8298212
7293	8299212
7294	8300212
7295	8301216
7296	8302212
7297	8303212
7298	8304212
7299	8305216
7300	8306216
7301	8307212
7302	8308212
7303	8309216
7304	8310216
7305	8311212
7306	8312212
7307	8313216
7308	8314212
7309	8315212
7310	8316212
7311	8317216
7312	8318212
7313	8319212
7314	8320216
7315	8321216
7316	8322216
7317	8323216
7318	8324216
7319	8325216
7320	8326216
7321	8327216
7322	8328216
7323	8329216
7324	8330212
7325	8331212
7326	8332216
7327	8333216
7328	8334212
7329	8335212
7330	8336216
7331	8337216
7332	8338216
7333	8339216
7334	8340216
7335	8341216
7336	8342216
7337	8343216
7338	8344216
7339	8345216
7340	8346212
7341	8347212
7342	8348216
7343	8349216
7344	8350212
7345	8351216
7346	8352216
7347	8353216
7348	8354216
7349	8355216
7350	8356216
7351	8357216
7352	8358216
7353	8359216
7354	8360216
7355	8361216
7356	8362212
7357	8363216
7358	8364216
7359	8365216
7360	8366212
7361	8367216
7362	8368216
7363	8369216
7364	8370212
7365	8371216
7366	8372216
7367	8373216
7368	8374216
7369	8375216
7370	8376216
7371	8377216
7372	8378216
7373	8379216
7374	8380212
7375	8381216
7376	8382216
7377	8383216
7378	8384212
7379	8385216
7380	8386216
7381	8387216
7382	8388216
7383	8389216
7384	8390216
7385	8391216
7386	8392216
7387	8393216
7388	8394216
7389	8395216
7390	8396212
7391	8397216
7392	8398216
7393	8399212
7394	8400212
7395	8401216
7396	8402216
7397	8403212
7398	8404212
7399	8405216
7400	8406216
7401	8407216
7402	8408216
7403	8409216
7404	8410216
7405	8411216
7406	8412212
7407	8413216
7408	8414216
7409	8415212
7410	8416212
7411	8417216
7412	8418216
7413	8419212
7414	8420212
7415	8421216
7416	8422216
7417	8423216
7418	8424216
7419	8425216
7420	8426216
7421	8427216
7422	8428216
7423	8429216
7424	8430216
7425	8431212
7426	8432212
7427	8433216
7428	8434212
7429	8435212
7430	8436212
7431	8437216
7432	8438212
7433	8439212
7434	8440216
7435	8441216
7436	8442212
7437	8443212
7438	8444216
7439	8445216
7440	8446212
7441	8447208
7442	8448212
7443	8449216
7444	8450212
7445	8451212
7446	8452212
7447	8453216
7448	8454212
7449	8455212
7450	8456216
7451	8457216
7452	8458212
7453	8459212
7454	8460216
7455	8461216
7456	8462212
7457	8463212
7458	8464212
7459	8465212
7460	8466212
7461	8467212
7462	8468212
7463	8469212
7464	8470212
7465	8471212
7466	8472216
7467	8473216
7468	8474212
7469	8475216
7470	8476216
7471	8477216
7472	8478212
7473	8479212
7474	8480212
7475	8481212
7476	8482212
7477	8483212
7478	8484212
7479	8485212
7480	8486212
7481	8487212
7482	8488216
7483	8489216
7484	8490216
7485	8491216
7486	8492212
7487	8493216
7488	8494216
7489	8495216
7490	8496212
7491	8497212
7492	8498212
7493	8499208
7494	8500212
7495	8501212
7496	8502212
7497	8503212
7498	8504212
7499	8505216
7500	8506216
7501	8507216
7502	8508212
7503	8509216
7504	8510216
7505	8511212
7506	8512212
7507	8513212
7508	8514212
7509	8515212
7510	8516212
7511	8517212
7512	8518212
7513	8519212
7514	8520212
7515	8521216
7516	8522216
7517	8523212
7518	8524212
7519	8525216
7520	8526216
7521	8527212
7522	8528212
7523	8529216
7524	8530212
7525	8531212
7526	8532212
7527	8533216
7528	8534212
7529	8535212
7530	8536212
7531	8537216
7532	8538212
7533	8539212
7534	8540212
7535	8541216
7536	8542212
7537	8543212
7538	8544212
7539	8545216
7540	8546212
7541	8547212
7542	8548212
7543	8549216
7544	8550212
7545	8551212
7546	8552212
7547	8553216
7548	8554212
7549	8555212
7550	8556216
7551	8557216
7552	8558212
7553	8559212
7554	8560216
7555	8561216
7556	8562212
7557	8563212
7558	8564212
7559	8565216
7560	8566212
7561	8567212
7562	8568212
7563	8569212
7564	8570212
7565	8571212
7566	8572216
7567	8573216
7568	8574216
7569	8575216
7570	8576216
7571	8577216
7572	8578216
7573	8579216
7574	8580216
7575	8581216
7576	8582212
7577	8583216
7578	8584216
7579	8585216
7580	8586212
7581	8587216
7582	8588216
7583	8589216
7584	8590216
7585	8591216
7586	8592216
7587	8593216
7588	8594216
7589	8595216
7590	8596212
7591	8597212
7592	8598212
7593	8599212
7594	8600212
7595	8601212
7596	8602212
7597	8603212
7598	8604212
7599	8605212
7600	8606216
7601	8607216
7602	8608212
7603	8609216
7604	8610216
7605	8611216
7606	8612212
7607	8613212
7608	8614212
7609	8615212
7610	8616212
7611	8617212
7612	8618212
7613	8619212
7614	8620212
7615	8621212
7616	8622212
7617	8623216
7618	8624212
7619	8625216
7620	8626216
7621	8627212
7622	8628212
7623	8629216
7624	8630212
7625	8631212
7626	8632212
7627	8633216
7628	8634212
7629	8635212
7630	8636212
7631	8637216
7632	8638212
7633	8639212
7634	8640212
7635	8641216
7636	8642216
7637	8643212
7638	8644212
7639	8645216
7640	8646216
7641	8647212
7642	8648212
7643	8649216
7644	8650212
7645	8651212
7646	8652212
7647	8653216
7648	8654212
7649	8655212
7650	8656212
7651	8657216
7652	8658212
7653	8659212
7654	8660212
7655	8661216
7656	8662212
7657	8663212
7658	8664212
7659	8665216
7660	8666212
7661	8667212
7662	8668212
7663	8669216
7664	8670212
7665	8671212
7666	8672212
7667	8673216
7668	8674212
7669	8675212
7670	8676216
7671	8677216
7672	8678212
7673	8679212
7674	8680212
7675	8681216
7676	8682212
7677	8683212
7678	8684212
7679	8685212
7680	8686216
7681	8687212
7682	8688212
7683	8689212
7684	8690212
7685	8691212
7686	8692212
7687	8693212
7688	8694212
7689	8695212
7690	8696212
7691	8697212
7692	8698212
7693	8699212
7694	8700212
7695	8701212
7696	8702212
7697	8703208
7698	8704212
7699	8705212
7700	8706212
7701	8707212
7702	8708212
7703	8709212
7704	8710212
7705	8711212
7706	8712212
7707	8713212
7708	8714212
7709	8715212
7710	8716212
7711	8717212
7712	8718212
7713	8719212
7714	8720212
7715	8721212
7716	8722212
7717	8723212
7718	8724212
7719	8725212
7720	8726212
7721	8727212
7722	8728212
7723	8729212
7724	8730212
7725	8731212
7726	8732212
7727	8733212
7728	8734212
7729	8735212
7730	8736212
7731	8737212
7732	8738212
7733	8739212
7734	8740212
7735	8741212
7736	8742212
7737	8743212
7738	8744216
7739	8745212
7740	8746212
7741	8747212
7742	8748212
7743	8749212
7744	8750212
7745	8751212
7746	8752212
7747	8753212
7748	8754212
7749	8755208
7750	8756212
7751	8757216
7752	8758212
7753	8759212
7754	8760212
7755	8761216
7756	8762212
7757	8763212
7758	8764212
7759	8765212
7760	8766212
7761	8767212
7762	8768212
7763	8769212
7764	8770212
7765	8771212
7766	8772212
7767	8773212
7768	8774212
7769	8775212
7770	8776212
7771	8777216
7772	8778212
7773	8779212
7774	8780212
7775	8781212
7776	8782212
7777	8783212
7778	8784212
7779	8785212
7780	8786212
7781	8787212
7782	8788212
7783	8789212
7784	8790212
7785	8791212
7786	8792212
7787	8793216
7788	8794212
7789	8795212
7790	8796212
7791	8797212
7792	8798212
7793	8799212
7794	8800212
7795	8801212
7796	8802212
7797	8803212
7798	8804212
7799	8805212
7800	8806212
7801	8807212
7802	8808212
7803	8809212
7804	8810212
7805	8811212
7806	8812212
7807	8813212
7808	8814212
7809	8815212
7810	8816212
7811	8817212
7812	8818212
7813	8819212
7814	8820212
7815	8821212
7816	8822212
7817	8823212
7818	8824212
7819	8825212
7820	8826212
7821	8827212
7822	8828212
7823	8829212
7824	8830212
7825	8831212
7826	8832212
7827	8833212
7828	8834212
7829	8835212
7830	8836212
7831	8837212
7832	8838212
7833	8839212
7834	8840212
7835	8841216
7836	8842216
7837	8843216
7838	8844212
7839	8845216
7840	8846216
7841	8847216
7842	8848212
7843	8849212
7844	8850212
7845	8851212
7846	8852212
7847	8853212
7848	8854212
7849	8855212
7850	8856212
7851	8857212
7852	8858216
7853	8859212
7854	8860212
7855	8861216
7856	8862216
7857	8863212
7858	8864212
7859	8865216
7860	8866212
7861	8867212
7862	8868212
7863	8869216
7864	8870212
7865	8871212
7866	8872212
7867	8873216
7868	8874216
7869	8875212
7870	8876212
7871	8877216
7872	8878216
7873	8879212
7874	8880212
7875	8881216
7876	8882212
7877	8883212
7878	8884212
7879	8885216
7880	8886212
7881	8887212
7882	8888212
7883	8889216
7884	8890212
7885	8891212
7886	8892216
7887	8893216
7888	8894212
7889	8895212
7890	8896216
7891	8897216
7892	8898212
7893	8899212
7894	8900212
7895	8901216
7896	8902212
7897	8903212
7898	8904212
7899	8905216
7900	8906212
7901	8907212
7902	8908216
7903	8909216
7904	8910212
7905	8911212
7906	8912216
7907	8913216
7908	8914212
7909	8915212
7910	8916212
7911	8917212
7912	8918212
7913	8919212
7914	8920212
7915	8921212
7916	8922212
7917	8923212
7918	8924212
7919	8925216
7920	8926212
7921	8927216
7922	8928216
7923	8929216
7924	8930212
7925	8931216
7926	8932212
7927	8933212
7928	8934212
7929	8935212
7930	8936212
7931	8937212
7932	8938212
7933	8939212
7934	8940212
7935	8941216
7936	8942216
7937	8943212
7938	8944212
7939	8945212
7940	8946212
7941	8947212
7942	8948212
7943	8949212
7944	8950212
7945	8951212
7946	8952212
7947	8953212
7948	8954212
7949	8955212
7950	8956212
7951	8957212
7952	8958212
7953	8959208
7954	8960212
7955	8961212
7956	8962212
7957	8963212
7958	8964212
7959	8965212
7960	8966212
7961	8967212
7962	8968212
7963	8969212
7964	8970212
7965	8971212
7966	8972212
7967	8973212
7968	8974212
7969	8975212
7970	8976212
7971	8977216
7972	8978212
7973	8979212
7974	8980212
7975	8981216
7976	8982212
7977	8983212
7978	8984212
7979	8985212
7980	8986212
7981	8987212
7982	8988212
7983	8989212
7984	8990212
7985	8991212
7986	8992212
7987	8993216
7988	8994212
7989	8995212
7990	8996212
7991	8997216
7992	8998212
7993	8999212
7994	9000216
7995	9001212
7996	9002212
7997	9003212
7998	9004212
7999	9005212
8000	9006212
8001	9007212
8002	9008212
8003	9009216
8004	9010212
8005	9011208
8006	9012212
8007	9013216
8008	9014212
8009	9015212
8010	9016212
8011	9017212
8012	9018212
8013	9019212
8014	9020212
8015	9021212
8016	9022212
8017	9023212
8018	9024212
8019	9025212
8020	9026212
8021	9027212
8022	9028212
8023	9029212
8024	9030212
8025	9031212
8026	9032212
8027	9033212
8028	9034212
8029	9035212
8030	9036212
8031	9037212
8032	9038212
8033	9039212
8034	9040212
8035	9041212
8036	9042212
8037	9043212
8038	9044212
8039	9045212
8040	9046212
8041	9047212
8042	9048212
8043	9049212
8044	9050212
8045	9051212
8046	9052212
8047	9053212
8048	9054212
8049	9055212
8050	9056212
8051	9057212
8052	9058212
8053	9059212
8054	9060212
8055	9061212
8056	9062212
8057	9063212
8058	9064212
8059	9065212
8060	9066212
8061	9067212
8062	9068212
8063	9069212
8064	9070212
8065	9071212
8066	9072212
8067	9073212
8068	9074212
8069	9075212
8070	9076212
8071	9077212
8072	9078212
8073	9079212
8074	9080212
8075	9081212
8076	9082212
8077	9083212
8078	9084212
8079	9085212
8080	9086212
8081	9087212
8082	9088212
8083	9089216
8084	9090212
8085	9091212
8086	9092212
8087	9093216
8088	9094216
8089	9095212
8090	9096212
8091	9097216
8092	9098216
8093	9099212
8094	9100212
8095	9101216
8096	9102212
8097	9103212
8098	9104212
8099	9105216
8100	9106212
8101	9107212
8102	9108212
8103	9109216
8104	9110212
8105	9111212
8106	9112212
8107	9113216
8108	9114212
8109	9115212
8110	9116216
8111	9117216
8112	9118212
8113	9119212
8114	9120212
8115	9121216
8116	9122212
8117	9123212
8118	9124212
8119	9125216
8120	9126212
8121	9127212
8122	9128216
8123	9129216
8124	9130212
8125	9131212
8126	9132216
8127	9133216
8128	9134212
8129	9135212
8130	9136212
8131	9137212
8132	9138212
8133	9139212
8134	9140212
8135	9141212
8136	9142212
8137	9143212
8138	9144216
8139	9145216
8140	9146212
8141	9147216
8142	9148216
8143	9149216
8144	9150212
8145	9151212
8146	9152212
8147	9153212
8148	9154212
8149	9155212
8150	9156212
8151	9157212
8152	9158212
8153	9159212
8154	9160216
8155	9161216
8156	9162212
8157	9163216
8158	9164216
8159	9165216
8160	9166212
8161	9167212
8162	9168212
8163	9169212
8164	9170212
8165	9171212
8166	9172212
8167	9173212
8168	9174212
8169	9175212
8170	9176212
8171	9177216
8172	9178216
8173	9179216
8174	9180212
8175	9181216
8176	9182216
8177	9183216
8178	9184212
8179	9185212
8180	9186212
8181	9187212
8182	9188212
8183	9189212
8184	9190212
8185	9191212
8186	9192212
8187	9193216
8188	9194216
8189	9195212
8190	9196212
8191	9197216
8192	9198216
8193	9199212
8194	9200212
8195	9201212
8196	9202212
8197	9203212
8198	9204212
8199	9205212
8200	9206212
8201	9207212
8202	9208212
8203	9209212
8204	9210212
8205	9211212
8206	9212212
8207	9213216
8208	9214212
8209	9215208
8210	9216212
8211	9217212
8212	9218212
8213	9219212
8214	9220212
8215	9221212
8216	9222212
8217	9223212
8218	9224212
8219	9225212
8220	9226212
8221	9227212
8222	9228212
8223	9229216
8224	9230212
8225	9231212
8226	9232212
8227	9233216
8228	9234212
8229	9235212
8230	9236212
8231	9237212
8232	9238212
8233	9239212
8234	9240212
8235	9241212
8236	9242212
8237	9243212
8238	9244212
8239	9245216
8240	9246212
8241	9247212
8242	9248212
8243	9249216
8244	9250212
8245	9251212
8246	9252212
8247	9253212
8248	9254212
8249	9255212
8250	9256216
8251	9257212
8252	9258212
8253	9259212
8254	9260212
8255	9261212
8256	9262212
8257	9263212
8258	9264212
8259	9265212
8260	9266212
8261	9267208
8262	9268212
8263	9269212
8264	9270212
8265	9271212
8266	9272212
8267	9273212
8268	9274212
8269	9275212
8270	9276212
8271	9277212
8272	9278212
8273	9279212
8274	9280212
8275	9281212
8276	9282212
8277	9283212
8278	9284212
8279	9285212
8280	9286212
8281	9287212
8282	9288212
8283	9289212
8284	9290212
8285	9291212
8286	9292212
8287	9293212
8288	9294212
8289	9295212
8290	9296212
8291	9297212
8292	9298212
8293	9299212
8294	9300212
8295	9301212
8296	9302212
8297	9303212
8298	9304212
8299	9305212
8300	9306212
8301	9307212
8302	9308212
8303	9309212
8304	9310212
8305	9311212
8306	9312212
8307	9313212
8308	9314212
8309	9315212
8310	9316212
8311	9317216
8312	9318212
8313	9319212
8314	9320212
8315	9321212
8316	9322212
8317	9323212
8318	9324212
8319	9325212
8320	9326212
8321	9327212
8322	9328212
8323	9329216
8324	9330212
8325	9331212
8326	9332212
8327	9333216
8328	9334212
8329	9335212
8330	9336212
8331	9337212
8332	9338212
8333	9339212
8334	9340212
8335	9341212
8336	9342212
8337	9343212
8338	9344216
8339	9345216
8340	9346212
8341	9347212
8342	9348216
8343	9349216
8344	9350212
8345	9351212
8346	9352212
8347	9353216
8348	9354212
8349	9355212
8350	9356212
8351	9357216
8352	9358212
8353	9359212
8354	9360212
8355	9361216
8356	9362212
8357	9363212
8358	9364216
8359	9365216
8360	9366212
8361	9367212
8362	9368212
8363	9369212
8364	9370212
8365	9371212
8366	9372212
8367	9373212
8368	9374212
8369	9375212
8370	9376212
8371	9377212
8372	9378212
8373	9379216
8374	9380216
8375	9381216
8376	9382212
8377	9383216
8378	9384216
8379	9385212
8380	9386212
8381	9387212
8382	9388212
8383	9389212
8384	9390212
8385	9391212
8386	9392212
8387	9393212
8388	9394212
8389	9395216
8390	9396212
8391	9397216
8392	9398212
8393	9399216
8394	9400212
8395	9401216
8396	9402212
8397	9403212
8398	9404212
8399	9405212
8400	9406212
8401	9407212
8402	9408212
8403	9409212
8404	9410212
8405	9411216
8406	9412212
8407	9413216
8408	9414216
8409	9415216
8410	9416212
8411	9417216
8412	9418216
8413	9419212
8414	9420212
8415	9421212
8416	9422212
8417	9423212
8418	9424212
8419	9425212
8420	9426212
8421	9427212
8422	9428212
8423	9429216
8424	9430216
8425	9431212
8426	9432212
8427	9433216
8428	9434216
8429	9435212
8430	9436212
8431	9437216
8432	9438212
8433	9439212
8434	9440212
8435	9441216
8436	9442212
8437	9443212
8438	9444212
8439	9445216
8440	9446216
8441	9447212
8442	9448212
8443	9449216
8444	9450212
8445	9451212
8446	9452212
8447	9453216
8448	9454216
8449	9455212
8450	9456212
8451	9457212
8452	9458212
8453	9459212
8454	9460212
8455	9461212
8456	9462212
8457	9463212
8458	9464212
8459	9465216
8460	9466212
8461	9467212
8462	9468212
8463	9469212
8464	9470212
8465	9471208
8466	9472212
8467	9473212
8468	9474212
8469	9475212
8470	9476212
8471	9477212
8472	9478212
8473	9479212
8474	9480212
8475	9481212
8476	9482212
8477	9483212
8478	9484212
8479	9485212
8480	9486212
8481	9487212
8482	9488212
8483	9489212
8484	9490212
8485	9491212
8486	9492212
8487	9493212
8488	9494212
8489	9495212
8490	9496212
8491	9497212
8492	9498212
8493	9499212
8494	9500212
8495	9501212
8496	9502212
8497	9503212
8498	9504212
8499	9505212
8500	9506212
8501	9507212
8502	9508212
8503	9509212
8504	9510212
8505	9511212
8506	9512216
8507	9513212
8508	9514212
8509	9515212
8510	9516212
8511	9517212
8512	9518212
8513	9519212
8514	9520212
8515	9521212
8516	9522212
8517	9523204
8518	9524212
8519	9525212
8520	9526212
8521	9527212
8522	9528212
8523	9529212
8524	9530212
8525	9531212
8526	9532212
8527	9533212
8528	9534212
8529	9535212
8530	9536212
8531	9537212
8532	9538212
8533	9539212
8534	9540212
8535	9541212
8536	9542212
8537	9543212
8538	9544212
8539	9545216
8540	9546212
8541	9547212
8542	9548212
8543	9549216
8544	9550212
8545	9551212
8546	9552212
8547	9553212
8548	9554212
8549	9555212
8550	9556212
8551	9557212
8552	9558212
8553	9559212
8554	9560212
8555	9561212
8556	9562212
8557	9563212
8558	9564212
8559	9565216
8560	9566212
8561	9567212
8562	9568212
8563	9569216
8564	9570212
8565	9571212
8566	9572212
8567	9573212
8568	9574212
8569	9575212
8570	9576212
8571	9577212
8572	9578212
8573	9579212
8574	9580212
8575	9581216
8576	9582212
8577	9583212
8578	9584212
8579	9585216
8580	9586212
8581	9587212
8582	9588212
8583	9589212
8584	9590212
8585	9591212
8586	9592212
8587	9593212
8588	9594212
8589	9595212
8590	9596212
8591	9597212
8592	9598212
8593	9599216
8594	9600216
8595	9601216
8596	9602212
8597	9603212
8598	9604212
8599	9605212
8600	9606212
8601	9607212
8602	9608212
8603	9609212
8604	9610212
8605	9611212
8606	9612212
8607	9613216
8608	9614212
8609	9615216
8610	9616216
8611	9617216
8612	9618212
8613	9619216
8614	9620212
8615	9621212
8616	9622212
8617	9623212
8618	9624212
8619	9625212
8620	9626212
8621	9627212
8622	9628212
8623	9629216
8624	9630216
8625	9631216
8626	9632212
8627	9633216
8628	9634216
8629	9635216
8630	9636212
8631	9637212
8632	9638212
8633	9639212
8634	9640212
8635	9641212
8636	9642212
8637	9643212
8638	9644212
8639	9645212
8640	9646216
8641	9647216
8642	9648212
8643	9649216
8644	9650216
8645	9651212
8646	9652212
8647	9653212
8648	9654212
8649	9655212
8650	9656212
8651	9657216
8652	9658212
8653	9659212
8654	9660212
8655	9661216
8656	9662212
8657	9663212
8658	9664212
8659	9665216
8660	9666216
8661	9667212
8662	9668212
8663	9669216
8664	9670212
8665	9671212
8666	9672212
8667	9673216
8668	9674212
8669	9675212
8670	9676212
8671	9677216
8672	9678212
8673	9679212
8674	9680212
8675	9681216
8676	9682212
8677	9683212
8678	9684212
8679	9685216
8680	9686212
8681	9687212
8682	9688212
8683	9689216
8684	9690212
8685	9691212
8686	9692212
8687	9693216
8688	9694212
8689	9695212
8690	9696216
8691	9697216
8692	9698212
8693	9699212
8694	9700216
8695	9701216
8696	9702212
8697	9703212
8698	9704212
8699	9705216
8700	9706212
8701	9707212
8702	9708212
8703	9709212
8704	9710208
8705	9711212
8706	9712212
8707	9713212
8708	9714212
8709	9715212
8710	9716212
8711	9717212
8712	9718212
8713	9719212
8714	9720212
8715	9721212
8716	9722212
8717	9723212
8718	9724212
8719	9725212
8720	9726212
8721	9727208
8722	9728212
8723	9729212
8724	9730212
8725	9731212
8726	9732212
8727	9733212
8728	9734212
8729	9735212
8730	9736212
8731	9737212
8732	9738212
8733	9739212
8734	9740212
8735	9741212
8736	9742212
8737	9743212
8738	9744212
8739	9745212
8740	9746212
8741	9747212
8742	9748212
8743	9749212
8744	9750212
8745	9751212
8746	9752212
8747	9753212
8748	9754212
8749	9755212
8750	9756212
8751	9757212
8752	9758212
8753	9759212
8754	9760212
8755	9761212
8756	9762212
8757	9763212
8758	9764212
8759	9765212
8760	9766212
8761	9767212
8762	9768216
8763	9769212
8764	9770212
8765	9771208
8766	9772212
8767	9773212
8768	9774212
8769	9775212
8770	9776212
8771	9777212
8772	9778212
8773	9779208
8774	9780212
8775	9781216
8776	9782212
8777	9783212
8778	9784212
8779	9785216
8780	9786212
8781	9787212
8782	9788212
8783	9789212
8784	9790212
8785	9791212
8786	9792212
8787	9793212
8788	9794212
8789	9795212
8790	9796212
8791	9797216
8792	9798212
8793	9799212
8794	9800212
8795	9801216
8796	9802212
8797	9803212
8798	9804212
8799	9805212
8800	9806212
8801	9807212
8802	9808212
8803	9809212
8804	9810212
8805	9811212
8806	9812212
8807	9813212
8808	9814212
8809	9815212
8810	9816212
8811	9817216
8812	9818212
8813	9819212
8814	9820212
8815	9821212
8816	9822212
8817	9823212
8818	9824212
8819	9825212
8820	9826212
8821	9827212
8822	9828212
8823	9829212
8824	9830212
8825	9831212
8826	9832212
8827	9833212
8828	9834212
8829	9835212
8830	9836212
8831	9837212
8832	9838212
8833	9839212
8834	9840212
8835	9841212
8836	9842212
8837	9843212
8838	9844212
8839	9845212
8840	9846212
8841	9847212
8842	9848212
8843	9849212
8844	9850212
8845	9851212
8846	9852212
8847	9853212
8848	9854212
8849	9855212
8850	9856212
8851	9857212
8852	9858212
8853	9859212
8854	9860212
8855	9861212
8856	9862212
8857	9863212
8858	9864212
8859	9865216
8860	9866216
8861	9867216
8862	9868212
8863	9869216
8864	9870216
8865	9871216
8866	9872212
8867	9873212
8868	9874212
8869	9875212
8870	9876212
8871	9877212
8872	9878212
8873	9879212
8874	9880212
8875	9881216
8876	9882216
8877	9883212
8878	9884212
8879	9885216
8880	9886216
8881	9887212
8882	9888212
8883	9889216
8884	9890212
8885	9891212
8886	9892212
8887	9893216
8888	9894212
8889	9895212
8890	9896212
8891	9897216
8892	9898216
8893	9899212
8894	9900212
8895	9901216
8896	9902216
8897	9903212
8898	9904212
8899	9905216
8900	9906212
8901	9907212
8902	9908212
8903	9909216
8904	9910212
8905	9911212
8906	9912212
8907	9913216
8908	9914212
8909	9915212
8910	9916216
8911	9917216
8912	9918212
8913	9919212
8914	9920216
8915	9921216
8916	9922212
8917	9923212
8918	9924212
8919	9925216
8920	9926212
8921	9927212
8922	9928212
8923	9929216
8924	9930212
8925	9931212
8926	9932216
8927	9933216
8928	9934212
8929	9935212
8930	9936216
8931	9937216
8932	9938212
8933	9939212
8934	9940212
8935	9941212
8936	9942212
8937	9943212
8938	9944212
8939	9945212
8940	9946212
8941	9947212
8942	9948216
8943	9949216
8944	9950212
8945	9951216
8946	9952216
8947	9953216
8948	9954212
8949	9955212
8950	9956212
8951	9957212
8952	9958212
8953	9959212
8954	9960212
8955	9961212
8956	9962212
8957	9963212
8958	9964212
8959	9965216
8960	9966216
8961	9967212
8962	9968212
8963	9969212
8964	9970212
8965	9971212
8966	9972212
8967	9973212
8968	9974212
8969	9975212
8970	9976212
8971	9977212
8972	9978212
8973	9979212
8974	9980212
8975	9981212
8976	9982212
8977	9983208
8978	9984212
8979	9985212
8980	9986212
8981	9987212
8982	9988212
8983	9989212
8984	9990212
8985	9991212
8986	9992212
8987	9993212
8988	9994212
8989	9995212
8990	9996212
8991	9997212
8992	9998212
8993	9999212
8994	-1
8995	-1
8996	-1
8997	-1
8998	-1
8999	-1
9000	-1
9001	-1
9002	-1
9003	-1
9004	-1
9005	-1
9006	-1
9007	-1
9008	-1
9009	-1
9010	-1
9011	-1
9012	-1
9013	-1
9014	-1
9015	-1
9016	-1
9017	-1
9018	-1
9019	-1
9020	-1
9021	-1
9022	-1
9023	-1
9024	-1
9025	-1
9026	-1
9027	-1
9028	-1
9029	-1
9030	-1
9031	-1
9032	-1
9033	-1
9034	-1
9035	-1
9036	-1
9037	-1
9038	-1
9039	-1
9040	-1
9041	-1
9042	-1
9043	-1
9044	-1
9045	-1
9046	-1
9047	-1
9048	-1
9049	-1
9050	-1
9051	-1
9052	-1
9053	-1
9054	-1
9055	-1
9056	-1
9057	-1
9058	-1
9059	-1
9060	-1
9061	-1
9062	-1
9063	-1
9064	-1
9065	-1
9066	-1
9067	-1
9068	-1
9069	-1
9070	-1
9071	-1
9072	-1
9073	-1
9074	-1
9075	-1
9076	-1
9077	-1
9078	-1
9079	-1
9080	-1
9081	-1
9082	-1
9083	-1
9084	-1
9085	-1
9086	-1
9087	-1
9088	-1
9089	-1
9090	-1
9091	-1
9092	-1
9093	-1
9094	-1
9095	-1
9096	-1
9097	-1
9098	-1
9099	-1
9100	-1
9101	-1
9102	-1
9103	-1
9104	-1
9105	-1
9106	-1
9107	-1
9108	-1
9109	-1
9110	-1
9111	-1
9112	-1
9113	-1
9114	-1
9115	-1
9116	-1
9117	-1
9118	-1
9119	-1
9120	-1
9121	-1
9122	-1
9123	-1
9124	-1
9125	-1
9126	-1
9127	-1
9128	-1
9129	-1
9130	-1
9131	-1
9132	-1
9133	-1
9134	-1
9135	-1
9136	-1
9137	-1
9138	-1
9139	-1
9140	-1
9141	-1
9142	-1
9143	-1
9144	-1
9145	-1
9146	-1
9147	-1
9148	-1
9149	-1
9150	-1
9151	-1
9152	-1
9153	-1
9154	-1
9155	-1
9156	-1
9157	-1
9158	-1
9159	-1
9160	-1
9161	-1
9162	-1
9163	-1
9164	-1
9165	-1
9166	-1
9167	-1
9168	-1
9169	-1
9170	-1
9171	-1
9172	-1
9173	-1
9174	-1
9175	-1
9176	-1
9177	-1
9178	-1
9179	-1
9180	-1
9181	-1
9182	-1
9183	-1
9184	-1
9185	-1
9186	-1
9187	-1
9188	-1
9189	-1
9190	-1
9191	-1
9192	-1
9193	-1
9194	-1
9195	-1
9196	-1
9197	-1
9198	-1
9199	-1
9200	-1
9201	-1
9202	-1
9203	-1
9204	-1
9205	-1
9206	-1
9207	-1
9208	-1
9209	-1
9210	-1
9211	-1
9212	-1
9213	-1
9214	-1
9215	-1
9216	-1
9217	-1
9218	-1
9219	-1
9220	-1
9221	-1
9222	-1
9223	-1
9224	-1
9225	-1
9226	-1
9227	-1
9228	-1
9229	-1
9230	-1
9231	-1
9232	-1
9233	-1
9234	-1
9235	-1
9236	-1
9237	-1
9238	-1
9239	-1
9240	-1
9241	-1
9242	-1
9243	-1
9244	-1
9245	-1
9246	-1
9247	-1
9248	-1
9249	-1
9250	-1
9251	-1
9252	-1
9253	-1
9254	-1
9255	-1
9256	-1
9257	-1
9258	-1
9259	-1
9260	-1
9261	-1
9262	-1
9263	-1
9264	-1
9265	-1
9266	-1
9267	-1
9268	-1
9269	-1
9270	-1
9271	-1
9272	-1
9273	-1
9274	-1
9275	-1
9276	-1
9277	-1
9278	-1
9279	-1
9280	-1
9281	-1
9282	-1
9283	-1
9284	-1
9285	-1
9286	-1
9287	-1
9288	-1
9289	-1
9290	-1
9291	-1
9292	-1
9293	-1
9294	-1
9295	-1
9296	-1
9297	-1
9298	-1
9299	-1
9300	-1
9301	-1
9302	-1
9303	-1
9304	-1
9305	-1
9306	-1
9307	-1
9308	-1
9309	-1
9310	-1
9311	-1
9312	-1
9313	-1
9314	-1
9315	-1
9316	-1
9317	-1
9318	-1
9319	-1
9320	-1
9321	-1
9322	-1
9323	-1
9324	-1
9325	-1
9326	-1
9327	-1
9328	-1
9329	-1
9330	-1
9331	-1
9332	-1
9333	-1
9334	-1
9335	-1
9336	-1
9337	-1
9338	-1
9339	-1
9340	-1
9341	-1
9342	-1
9343	-1
9344	-1
9345	-1
9346	-1
9347	-1
9348	-1
9349	-1
9350	-1
9351	-1
9352	-1
9353	-1
9354	-1
9355	-1
9356	-1
9357	-1
9358	-1
9359	-1
9360	-1
9361	-1
9362	-1
9363	-1
9364	-1
9365	-1
9366	-1
9367	-1
9368	-1
9369	-1
9370	-1
9371	-1
9372	-1
9373	-1
9374	-1
9375	-1
9376	-1
9377	-1
9378	-1
9379	-1
9380	-1
9381	-1
9382	-1
9383	-1
9384	-1
9385	-1
9386	-1
9387	-1
9388	-1
9389	-1
9390	-1
9391	-1
9392	-1
9393	-1
9394	-1
9395	-1
9396	-1
9397	-1
9398	-1
9399	-1
9400	-1
9401	-1
9402	-1
9403	-1
9404	-1
9405	-1
9406	-1
9407	-1
9408	-1
9409	-1
9410	-1
9411	-1
9412	-1
9413	-1
9414	-1
9415	-1
9416	-1
9417	-1
9418	-1
9419	-1
9420	-1
9421	-1
9422	-1
9423	-1
9424	-1
9425	-1
9426	-1
9427	-1
9428	-1
9429	-1
9430	-1
9431	-1
9432	-1
9433	-1
9434	-1
9435	-1
9436	-1
9437	-1
9438	-1
9439	-1
9440	-1
9441	-1
9442	-1
9443	-1
9444	-1
9445	-1
9446	-1
9447	-1
9448	-1
9449	-1
9450	-1
9451	-1
9452	-1
9453	-1
9454	-1
9455	-1
9456	-1
9457	-1
9458	-1
9459	-1
9460	-1
9461	-1
9462	-1
9463	-1
9464	-1
9465	-1
9466	-1
9467	-1
9468	-1
9469	-1
9470	-1
9471	-1
9472	-1
9473	-1
9474	-1
9475	-1
9476	-1
9477	-1
9478	-1
9479	-1
9480	-1
9481	-1
9482	-1
9483	-1
9484	-1
9485	-1
9486	-1
9487	-1
9488	-1
9489	-1
9490	-1
9491	-1
9492	-1
9493	-1
9494	-1
9495	-1
9496	-1
9497	-1
9498	-1
9499	-1
9500	-1
9501	-1
9502	-1
9503	-1
9504	-1
9505	-1
9506	-1
9507	-1
9508	-1
9509	-1
9510	-1
9511	-1
9512	-1
9513	-1
9514	-1
9515	-1
9516	-1
9517	-1
9518	-1
9519	-1
9520	-1
9521	-1
9522	-1
9523	-1
9524	-1
9525	-1
9526	-1
9527	-1
9528	-1
9529	-1
9530	-1
9531	-1
9532	-1
9533	-1
9534	-1
9535	-1
9536	-1
9537	-1
9538	-1
9539	-1
9540	-1
9541	-1
9542	-1
9543	-1
9544	-1
9545	-1
9546	-1
9547	-1
9548	-1
9549	-1
9550	-1
9551	-1
9552	-1
9553	-1
9554	-1
9555	-1
9556	-1
9557	-1
9558	-1
9559	-1
9560	-1
9561	-1
9562	-1
9563	-1
9564	-1
9565	-1
9566	-1
9567	-1
9568	-1
9569	-1
9570	-1
9571	-1
9572	-1
9573	-1
9574	-1
9575	-1
9576	-1
9577	-1
9578	-1
9579	-1
9580	-1
9581	-1
9582	-1
9583	-1
9584	-1
9585	-1
9586	-1
9587	-1
9588	-1
9589	-1
9590	-1
9591	-1
9592	-1
9593	-1
9594	-1
9595	-1
9596	-1
9597	-1
9598	-1
9599	-1
9600	-1
9601	-1
9602	-1
9603	-1
9604	-1
9605	-1
9606	-1
9607	-1
9608	-1
9609	-1
9610	-1
9611	-1
9612	-1
9613	-1
9614	-1
9615	-1
9616	-1
9617	-1
9618	-1
9619	-1
9620	-1
9621	-1
9622	-1
9623	-1
9624	-1
9625	-1
9626	-1
9627	-1
9628	-1
9629	-1
9630	-1
9631	-1
9632	-1
9633	-1
9634	-1
9635	-1
9636	-1
9637	-1
9638	-1
9639	-1
9640	-1
9641	-1
9642	-1
9643	-1
9644	-1
9645	-1
9646	-1
9647	-1
9648	-1
9649	-1
9650	-1
9651	-1
9652	-1
9653	-1
9654	-1
9655	-1
9656	-1
9657	-1
9658	-1
9659	-1
9660	-1
9661	-1
9662	-1
9663	-1
9664	-1
9665	-1
9666	-1
9667	-1
9668	-1
9669	-1
9670	-1
9671	-1
9672	-1
9673	-1
9674	-1
9675	-1
9676	-1
9677	-1
9678	-1
9679	-1
9680	-1
9681	-1
9682	-1
9683	-1
9684	-1
9685	-1
9686	-1
9687	-1
9688	-1
9689	-1
9690	-1
9691	-1
9692	-1
9693	-1
9694	-1
9695	-1
9696	-1
9697	-1
9698	-1
9699	-1
9700	-1
9701	-1
9702	-1
9703	-1
9704	-1
9705	-1
9706	-1
9707	-1
9708	-1
9709	-1
9710	-1
9711	-1
9712	-1
9713	-1
9714	-1
9715	-1
9716	-1
9717	-1
9718	-1
9719	-1
9720	-1
9721	-1
9722	-1
9723	-1
9724	-1
9725	-1
9726	-1
9727	-1
9728	-1
9729	-1
9730	-1
9731	-1
9732	-1
9733	-1
9734	-1
9735	-1
9736	-1
9737	-1
9738	-1
9739	-1
9740	-1
9741	-1
9742	-1
9743	-1
9744	-1
9745	-1
9746	-1
9747	-1
9748	-1
9749	-1
9750	-1
9751	-1
9752	-1
9753	-1
9754	-1
9755	-1
9756	-1
9757	-1
9758	-1
9759	-1
9760	-1
9761	-1
9762	-1
9763	-1
9764	-1
9765	-1
9766	-1
9767	-1
9768	-1
9769	-1
9770	-1
9771	-1
9772	-1
9773	-1
9774	-1
9775	-1
9776	-1
9777	-1
9778	-1
9779	-1
9780	-1
9781	-1
9782	-1
9783	-1
9784	-1
9785	-1
9786	-1
9787	-1
9788	-1
9789	-1
9790	-1
9791	-1
9792	-1
9793	-1
9794	-1
9795	-1
9796	-1
9797	-1
9798	-1
9799	-1
9800	-1
9801	-1
9802	-1
9803	-1
9804	-1
9805	-1
9806	-1
9807	-1
9808	-1
9809	-1
9810	-1
9811	-1
9812	-1
9813	-1
9814	-1
9815	-1
9816	-1
9817	-1
9818	-1
9819	-1
9820	-1
9821	-1
9822	-1
9823	-1
9824	-1
9825	-1
9826	-1
9827	-1
9828	-1
9829	-1
9830	-1
9831	-1
9832	-1
9833	-1
9834	-1
9835	-1
9836	-1
9837	-1
9838	-1
9839	-1
9840	-1
9841	-1
9842	-1
9843	-1
9844	-1
9845	-1
9846	-1
9847	-1
9848	-1
9849	-1
9850	-1
9851	-1
9852	-1
9853	-1
9854	-1
9855	-1
9856	-1
9857	-1
9858	-1
9859	-1
9860	-1
9861	-1
9862	-1
9863	-1
9864	-1
9865	-1
9866	-1
9867	-1
9868	-1
9869	-1
9870	-1
9871	-1
9872	-1
9873	-1
9874	-1
9875	-1
9876	-1
9877	-1
9878	-1
9879	-1
9880	-1
9881	-1
9882	-1
9883	-1
9884	-1
9885	-1
9886	-1
9887	-1
9888	-1
9889	-1
9890	-1
9891	-1
9892	-1
9893	-1
9894	-1
9895	-1
9896	-1
9897	-1
9898	-1
9899	-1
9900	-1
9901	-1
9902	-1
9903	-1
9904	-1
9905	-1
9906	-1
9907	-1
9908	-1
9909	-1
9910	-1
9911	-1
9912	-1
9913	-1
9914	-1
9915	-1
9916	-1
9917	-1
9918	-1
9919	-1
9920	-1
9921	-1
9922	-1
9923	-1
9924	-1
9925	-1
9926	-1
9927	-1
9928	-1
9929	-1
9930	-1
9931	-1
9932	-1
9933	-1
9934	-1
9935	-1
9936	-1
9937	-1
9938	-1
9939	-1
9940	-1
9941	-1
9942	-1
9943	-1
9944	-1
9945	-1
9946	-1
9947	-1
9948	-1
9949	-1
9950	-1
9951	-1
9952	-1
9953	-1
9954	-1
9955	-1
9956	-1
9957	-1
9958	-1
9959	-1
9960	-1
9961	-1
9962	-1
9963	-1
9964	-1
9965	-1
9966	-1
9967	-1
9968	-1
9969	-1
9970	-1
9971	-1
9972	-1
9973	-1
9974	-1
9975	-1
9976	-1
9977	-1
9978	-1
9979	-1
9980	-1
9981	-1
9982	-1
9983	-1
9984	-1
9985	-1
9986	-1
9987	-1
9988	-1
9989	-1
9990	-1
9991	-1
9992	-1
9993	-1
9994	-1
9995	-1
9996	-1
9997	-1
9998	-1
9999	-1
