0	1006483
1	1007332
2	1008332
3	1009332
4	1010332
5	1011332
6	1012332
7	1013332
8	1014332
9	1015332
10	1016332
11	1017332
12	1018332
13	1019332
14	1020332
15	1021332
16	1022332
17	1023328
18	1024332
19	1025332
20	1026332
21	1027332
22	1028332
23	1029332
24	1030332
25	1031332
26	1032332
27	1033332
28	1034332
29	1035332
30	1036332
31	1037332
32	1038332
33	1039332
34	1040332
35	1041332
36	1042332
37	1043332
38	1044332
39	1045332
40	1046332
41	1047332
42	1048332
43	1049332
44	1050332
45	1051332
46	1052332
47	1053332
48	1054332
49	1055332
50	1056332
51	1057332
52	1058332
53	1059332
54	1060332
55	1061332
56	1062332
57	1063332
58	1064332
59	1065332
60	1066332
61	1067332
62	1068332
63	1069328
64	1070332
65	1071332
66	1072332
67	1073332
68	1074332
69	1075332
70	1076332
71	1077332
72	1078332
73	1079332
74	1080332
75	1081332
76	1082332
77	1083332
78	1084332
79	1085332
80	1086332
81	1087332
82	1088332
83	1089332
84	1090332
85	1091332
86	1092332
87	1093332
88	1094332
89	1095332
90	1096332
91	1097332
92	1098332
93	1099332
94	1100332
95	1101332
96	1102332
97	1103332
98	1104332
99	1105332
100	1106332
101	1107332
102	1108332
103	1109332
104	1110332
105	1111332
106	1112332
107	1113332
108	1114332
109	1115332
110	1116332
111	1117332
112	1118332
113	1119332
114	1120332
115	1121332
116	1122332
117	1123332
118	1124332
119	1125332
120	1126332
121	1127332
122	1128332
123	1129332
124	1130332
125	1131332
126	1132332
127	1133332
128	1134332
129	1135332
130	1136332
131	1137332
132	1138332
133	1139332
134	1140332
135	1141332
136	1142332
137	1143332
138	1144332
139	1145332
140	1146332
141	1147332
142	1148332
143	1149332
144	1150332
145	1151332
146	1152332
147	1153332
148	1154332
149	1155332
150	1156332
151	1157336
152	1158332
153	1159332
154	1160332
155	1161336
156	1162332
157	1163332
158	1164332
159	1165332
160	1166332
161	1167332
162	1168332
163	1169332
164	1170332
165	1171332
166	1172332
167	1173332
168	1174332
169	1175332
170	1176332
171	1177332
172	1178332
173	1179332
174	1180332
175	1181332
176	1182332
177	1183332
178	1184332
179	1185332
180	1186332
181	1187332
182	1188332
183	1189332
184	1190332
185	1191332
186	1192332
187	1193332
188	1194332
189	1195332
190	1196332
191	1197332
192	1198332
193	1199332
194	1200332
195	1201332
196	1202328
197	1203332
198	1204332
199	1205332
200	1206332
201	1207332
202	1208332
203	1209332
204	1210332
205	1211332
206	1212332
207	1213332
208	1214332
209	1215332
210	1216332
211	1217332
212	1218332
213	1219332
214	1220332
215	1221332
216	1222332
217	1223332
218	1224332
219	1225332
220	1226332
221	1227332
222	1228332
223	1229332
224	1230332
225	1231332
226	1232332
227	1233332
228	1234332
229	1235332
230	1236332
231	1237332
232	1238332
233	1239332
234	1240332
235	1241336
236	1242332
237	1243332
238	1244332
239	1245336
240	1246332
241	1247332
242	1248332
243	1249332
244	1250332
245	1251332
246	1252332
247	1253332
248	1254332
249	1255332
250	1256332
251	1257336
252	1258332
253	1259332
254	1260332
255	1261336
256	1262340
257	1263336
258	1264336
259	1265336
260	1266336
261	1267336
262	1268336
263	1269336
264	1270336
265	1271336
266	1272336
267	1273336
268	1274336
269	1275336
270	1276336
271	1277340
272	1278336
273	1279332
274	1280336
275	1281340
276	1282336
277	1283336
278	1284336
279	1285336
280	1286336
281	1287336
282	1288336
283	1289336
284	1290336
285	1291336
286	1292336
287	1293336
288	1294336
289	1295336
290	1296336
291	1297336
292	1298336
293	1299336
294	1300336
295	1301336
296	1302336
297	1303336
298	1304336
299	1305336
300	1306336
301	1307336
302	1308336
303	1309336
304	1310336
305	1311336
306	1312336
307	1313336
308	1314336
309	1315336
310	1316336
311	1317336
312	1318336
313	1319336
314	1320336
315	1321336
316	1322336
317	1323336
318	1324336
319	1325336
320	1326336
321	1327336
322	1328336
323	1329336
324	1330336
325	1331336
326	1332336
327	1333336
328	1334336
329	1335336
330	1336336
331	1337336
332	1338336
333	1339336
334	1340336
335	1341336
336	1342336
337	1343336
338	1344336
339	1345336
340	1346336
341	1347336
342	1348336
343	1349336
344	1350336
345	1351336
346	1352336
347	1353336
348	1354336
349	1355336
350	1356336
351	1357336
352	1358336
353	1359336
354	1360336
355	1361340
356	1362336
357	1363336
358	1364336
359	1365336
360	1366336
361	1367336
362	1368336
363	1369336
364	1370336
365	1371336
366	1372336
367	1373336
368	1374336
369	1375336
370	1376336
371	1377340
372	1378336
373	1379336
374	1380336
375	1381340
376	1382336
377	1383336
378	1384336
379	1385336
380	1386336
381	1387336
382	1388336
383	1389336
384	1390336
385	1391336
386	1392336
387	1393340
388	1394336
389	1395336
390	1396336
391	1397340
392	1398336
393	1399336
394	1400336
395	1401336
396	1402336
397	1403336
398	1404336
399	1405336
400	1406336
401	1407336
402	1408340
403	1409340
404	1410336
405	1411340
406	1412340
407	1413340
408	1414336
409	1415340
410	1416336
411	1417336
412	1418336
413	1419336
414	1420336
415	1421336
416	1422336
417	1423336
418	1424336
419	1425340
420	1426336
421	1427340
422	1428340
423	1429340
424	1430336
425	1431340
426	1432336
427	1433336
428	1434336
429	1435336
430	1436336
431	1437336
432	1438336
433	1439336
434	1440336
435	1441336
436	1442340
437	1443340
438	1444336
439	1445340
440	1446340
441	1447340
442	1448336
443	1449336
444	1450336
445	1451336
446	1452336
447	1453336
448	1454336
449	1455336
450	1456336
451	1457336
452	1458332
453	1459336
454	1460336
455	1461340
456	1462340
457	1463336
458	1464336
459	1465340
460	1466336
461	1467336
462	1468336
463	1469340
464	1470336
465	1471336
466	1472336
467	1473340
468	1474336
469	1475336
470	1476336
471	1477340
472	1478340
473	1479336
474	1480336
475	1481340
476	1482340
477	1483336
478	1484336
479	1485340
480	1486336
481	1487336
482	1488336
483	1489340
484	1490336
485	1491336
486	1492336
487	1493340
488	1494336
489	1495336
490	1496340
491	1497340
492	1498336
493	1499336
494	1500336
495	1501340
496	1502336
497	1503336
498	1504336
499	1505340
500	1506336
501	1507336
502	1508336
503	1509340
504	1510336
505	1511336
506	1512340
507	1513340
508	1514336
509	1515336
510	1516336
511	1517336
512	1518336
513	1519336
514	1520336
515	1521336
516	1522336
517	1523336
518	1524336
519	1525336
520	1526336
521	1527336
522	1528336
523	1529336
524	1530336
525	1531336
526	1532336
527	1533336
528	1534336
529	1535332
530	1536336
531	1537336
532	1538336
533	1539336
534	1540336
535	1541336
536	1542336
537	1543336
538	1544336
539	1545336
540	1546336
541	1547336
542	1548336
543	1549336
544	1550336
545	1551336
546	1552336
547	1553336
548	1554336
549	1555336
550	1556336
551	1557336
552	1558336
553	1559336
554	1560336
555	1561336
556	1562336
557	1563336
558	1564336
559	1565336
560	1566336
561	1567336
562	1568336
563	1569336
564	1570336
565	1571336
566	1572336
567	1573336
568	1574336
569	1575336
570	1576336
571	1577336
572	1578336
573	1579336
574	1580336
575	1581340
576	1582336
577	1583336
578	1584336
579	1585336
580	1586336
581	1587336
582	1588336
583	1589336
584	1590336
585	1591336
586	1592336
587	1593340
588	1594336
589	1595336
590	1596336
591	1597340
592	1598336
593	1599336
594	1600336
595	1601336
596	1602336
597	1603336
598	1604336
599	1605336
600	1606336
601	1607336
602	1608336
603	1609336
604	1610336
605	1611336
606	1612336
607	1613340
608	1614336
609	1615336
610	1616336
611	1617336
612	1618336
613	1619336
614	1620336
615	1621336
616	1622336
617	1623336
618	1624336
619	1625336
620	1626336
621	1627336
622	1628336
623	1629336
624	1630336
625	1631336
626	1632336
627	1633336
628	1634336
629	1635336
630	1636336
631	1637336
632	1638336
633	1639336
634	1640336
635	1641336
636	1642336
637	1643336
638	1644336
639	1645336
640	1646336
641	1647336
642	1648336
643	1649336
644	1650336
645	1651336
646	1652336
647	1653336
648	1654336
649	1655336
650	1656336
651	1657336
652	1658336
653	1659336
654	1660336
655	1661336
656	1662336
657	1663340
658	1664336
659	1665340
660	1666340
661	1667336
662	1668336
663	1669336
664	1670336
665	1671336
666	1672336
667	1673336
668	1674336
669	1675336
670	1676336
671	1677340
672	1678340
673	1679340
674	1680336
675	1681340
676	1682340
677	1683340
678	1684336
679	1685336
680	1686336
681	1687336
682	1688336
683	1689336
684	1690336
685	1691336
686	1692336
687	1693340
688	1694340
689	1695336
690	1696336
691	1697340
692	1698340
693	1699336
694	1700336
695	1701340
696	1702336
697	1703336
698	1704336
699	1705340
700	1706336
701	1707336
702	1708336
703	1709340
704	1710340
705	1711336
706	1712336
707	1713340
708	1714324
709	1715336
710	1716336
711	1717340
712	1718336
713	1719336
714	1720336
715	1721340
716	1722336
717	1723336
718	1724336
719	1725340
720	1726336
721	1727336
722	1728340
723	1729340
724	1730336
725	1731336
726	1732340
727	1733340
728	1734336
729	1735336
730	1736336
731	1737340
732	1738336
733	1739336
734	1740336
735	1741340
736	1742336
737	1743336
738	1744340
739	1745340
740	1746336
741	1747336
742	1748340
743	1749340
744	1750336
745	1751336
746	1752336
747	1753336
748	1754336
749	1755336
750	1756336
751	1757336
752	1758336
753	1759336
754	1760336
755	1761340
756	1762336
757	1763340
758	1764340
759	1765340
760	1766336
761	1767340
762	1768336
763	1769336
764	1770336
765	1771336
766	1772336
767	1773336
768	1774340
769	1775336
770	1776336
771	1777336
772	1778336
773	1779336
774	1780336
775	1781336
776	1782336
777	1783336
778	1784336
779	1785336
780	1786336
781	1787336
782	1788336
783	1789336
784	1790336
785	1791332
786	1792336
787	1793336
788	1794336
789	1795336
790	1796336
791	1797336
792	1798336
793	1799336
794	1800336
795	1801336
796	1802336
797	1803336
798	1804336
799	1805336
800	1806336
801	1807336
802	1808336
803	1809336
804	1810336
805	1811336
806	1812336
807	1813340
808	1814336
809	1815336
810	1816336
811	1817340
812	1818336
813	1819336
814	1820336
815	1821336
816	1822336
817	1823336
818	1824336
819	1825336
820	1826336
821	1827336
822	1828336
823	1829340
824	1830336
825	1831336
826	1832336
827	1833340
828	1834336
829	1835336
830	1836336
831	1837336
832	1838336
833	1839336
834	1840336
835	1841336
836	1842336
837	1843336
838	1844336
839	1845340
840	1846336
841	1847336
842	1848336
843	1849340
844	1850336
845	1851336
846	1852336
847	1853336
848	1854336
849	1855336
850	1856336
851	1857336
852	1858336
853	1859336
854	1860336
855	1861336
856	1862336
857	1863336
858	1864336
859	1865336
860	1866336
861	1867336
862	1868336
863	1869336
864	1870336
865	1871336
866	1872336
867	1873336
868	1874336
869	1875336
870	1876336
871	1877336
872	1878336
873	1879336
874	1880336
875	1881336
876	1882336
877	1883336
878	1884336
879	1885336
880	1886336
881	1887336
882	1888336
883	1889336
884	1890336
885	1891336
886	1892336
887	1893336
888	1894336
889	1895336
890	1896336
891	1897336
892	1898336
893	1899336
894	1900336
895	1901336
896	1902336
897	1903336
898	1904336
899	1905336
900	1906336
901	1907336
902	1908336
903	1909336
904	1910336
905	1911336
906	1912336
907	1913336
908	1914336
909	1915336
910	1916336
911	1917336
912	1918340
913	1919336
914	1920336
915	1921340
916	1922336
917	1923336
918	1924336
919	1925340
920	1926336
921	1927336
922	1928336
923	1929340
924	1930340
925	1931336
926	1932336
927	1933340
928	1934340
929	1935336
930	1936336
931	1937340
932	1938336
933	1939336
934	1940336
935	1941340
936	1942336
937	1943336
938	1944336
939	1945340
940	1946336
941	1947336
942	1948340
943	1949340
944	1950336
945	1951336
946	1952340
947	1953340
948	1954336
949	1955336
950	1956336
951	1957340
952	1958336
953	1959336
954	1960336
955	1961340
956	1962336
957	1963336
958	1964340
959	1965340
960	1966336
961	1967336
962	1968340
963	1969336
964	1970332
965	1971336
966	1972336
967	1973336
968	1974336
969	1975336
970	1976336
971	1977336
972	1978336
973	1979340
974	1980340
975	1981340
976	1982336
977	1983340
978	1984340
979	1985340
980	1986336
981	1987336
982	1988336
983	1989336
984	1990336
985	1991336
986	1992336
987	1993336
988	1994336
989	1995336
990	1996340
991	1997340
992	1998336
993	1999340
994	2000336
995	2001340
996	2002336
997	2003336
998	2004336
999	2005336
1000	2006336
1001	2007336
1002	2008336
1003	2009336
1004	2010336
1005	2011336
1006	2012336
1007	2013340
1008	2014340
1009	2015340
1010	2016336
1011	2017340
1012	2018340
1013	2019340
1014	2020336
1015	2021336
1016	2022336
1017	2023336
1018	2024336
1019	2025336
1020	2026336
1021	2027336
1022	2028336
1023	2029340
1024	2030340
1025	2031336
1026	2032336
1027	2033340
1028	2034336
1029	2035336
1030	2036336
1031	2037336
1032	2038336
1033	2039336
1034	2040336
1035	2041336
1036	2042336
1037	2043336
1038	2044336
1039	2045336
1040	2046336
1041	2047332
1042	2048336
1043	2049340
1044	2050336
1045	2051336
1046	2052336
1047	2053336
1048	2054336
1049	2055336
1050	2056336
1051	2057336
1052	2058336
1053	2059336
1054	2060336
1055	2061336
1056	2062336
1057	2063336
1058	2064336
1059	2065340
1060	2066336
1061	2067336
1062	2068336
1063	2069340
1064	2070336
1065	2071336
1066	2072336
1067	2073336
1068	2074336
1069	2075336
1070	2076336
1071	2077336
1072	2078336
1073	2079336
1074	2080336
1075	2081340
1076	2082336
1077	2083336
1078	2084336
1079	2085336
1080	2086336
1081	2087336
1082	2088336
1083	2089336
1084	2090336
1085	2091336
1086	2092336
1087	2093336
1088	2094336
1089	2095336
1090	2096336
1091	2097336
1092	2098336
1093	2099336
1094	2100336
1095	2101336
1096	2102336
1097	2103336
1098	2104336
1099	2105336
1100	2106336
1101	2107336
1102	2108336
1103	2109336
1104	2110336
1105	2111336
1106	2112336
1107	2113336
1108	2114336
1109	2115336
1110	2116336
1111	2117336
1112	2118336
1113	2119336
1114	2120336
1115	2121336
1116	2122336
1117	2123336
1118	2124336
1119	2125336
1120	2126336
1121	2127336
1122	2128336
1123	2129336
1124	2130336
1125	2131336
1126	2132336
1127	2133336
1128	2134336
1129	2135336
1130	2136336
1131	2137336
1132	2138336
1133	2139336
1134	2140336
1135	2141336
1136	2142336
1137	2143336
1138	2144336
1139	2145336
1140	2146336
1141	2147336
1142	2148336
1143	2149340
1144	2150336
1145	2151336
1146	2152336
1147	2153340
1148	2154336
1149	2155336
1150	2156336
1151	2157336
1152	2158336
1153	2159336
1154	2160336
1155	2161336
1156	2162336
1157	2163336
1158	2164336
1159	2165340
1160	2166336
1161	2167336
1162	2168336
1163	2169340
1164	2170336
1165	2171336
1166	2172336
1167	2173336
1168	2174336
1169	2175336
1170	2176336
1171	2177340
1172	2178336
1173	2179336
1174	2180340
1175	2181340
1176	2182336
1177	2183336
1178	2184340
1179	2185340
1180	2186336
1181	2187336
1182	2188336
1183	2189340
1184	2190336
1185	2191336
1186	2192336
1187	2193340
1188	2194336
1189	2195336
1190	2196336
1191	2197340
1192	2198336
1193	2199336
1194	2200340
1195	2201340
1196	2202336
1197	2203336
1198	2204336
1199	2205336
1200	2206336
1201	2207336
1202	2208336
1203	2209336
1204	2210336
1205	2211336
1206	2212336
1207	2213336
1208	2214336
1209	2215340
1210	2216340
1211	2217340
1212	2218336
1213	2219340
1214	2220340
1215	2221336
1216	2222336
1217	2223336
1218	2224336
1219	2225336
1220	2226332
1221	2227336
1222	2228336
1223	2229336
1224	2230336
1225	2231340
1226	2232336
1227	2233340
1228	2234340
1229	2235340
1230	2236336
1231	2237340
1232	2238336
1233	2239336
1234	2240336
1235	2241336
1236	2242336
1237	2243336
1238	2244336
1239	2245336
1240	2246336
1241	2247340
1242	2248336
1243	2249340
1244	2250340
1245	2251340
1246	2252336
1247	2253340
1248	2254340
1249	2255336
1250	2256336
1251	2257336
1252	2258336
1253	2259336
1254	2260336
1255	2261340
1256	2262336
1257	2263336
1258	2264336
1259	2265340
1260	2266340
1261	2267336
1262	2268336
1263	2269340
1264	2270340
1265	2271336
1266	2272336
1267	2273340
1268	2274336
1269	2275336
1270	2276336
1271	2277340
1272	2278336
1273	2279336
1274	2280336
1275	2281340
1276	2282336
1277	2283336
1278	2284336
1279	2285340
1280	2286340
1281	2287336
1282	2288336
1283	2289336
1284	2290336
1285	2291336
1286	2292336
1287	2293336
1288	2294336
1289	2295336
1290	2296336
1291	2297336
1292	2298336
1293	2299336
1294	2300336
1295	2301340
1296	2302336
1297	2303332
1298	2304336
1299	2305336
1300	2306336
1301	2307336
1302	2308336
1303	2309336
1304	2310336
1305	2311336
1306	2312336
1307	2313336
1308	2314336
1309	2315336
1310	2316336
1311	2317336
1312	2318336
1313	2319336
1314	2320336
1315	2321336
1316	2322336
1317	2323336
1318	2324336
1319	2325336
1320	2326336
1321	2327336
1322	2328336
1323	2329336
1324	2330336
1325	2331336
1326	2332336
1327	2333336
1328	2334336
1329	2335336
1330	2336336
1331	2337336
1332	2338336
1333	2339336
1334	2340336
1335	2341336
1336	2342336
1337	2343336
1338	2344336
1339	2345336
1340	2346336
1341	2347336
1342	2348336
1343	2349336
1344	2350336
1345	2351336
1346	2352336
1347	2353336
1348	2354336
1349	2355336
1350	2356336
1351	2357336
1352	2358336
1353	2359336
1354	2360336
1355	2361336
1356	2362336
1357	2363336
1358	2364336
1359	2365336
1360	2366336
1361	2367336
1362	2368336
1363	2369336
1364	2370336
1365	2371336
1366	2372336
1367	2373336
1368	2374336
1369	2375336
1370	2376336
1371	2377336
1372	2378336
1373	2379336
1374	2380336
1375	2381336
1376	2382336
1377	2383336
1378	2384336
1379	2385340
1380	2386336
1381	2387336
1382	2388336
1383	2389336
1384	2390336
1385	2391336
1386	2392336
1387	2393336
1388	2394336
1389	2395336
1390	2396336
1391	2397336
1392	2398336
1393	2399336
1394	2400336
1395	2401340
1396	2402336
1397	2403336
1398	2404336
1399	2405340
1400	2406336
1401	2407336
1402	2408336
1403	2409336
1404	2410336
1405	2411336
1406	2412336
1407	2413336
1408	2414336
1409	2415336
1410	2416336
1411	2417340
1412	2418336
1413	2419336
1414	2420336
1415	2421340
1416	2422336
1417	2423336
1418	2424336
1419	2425336
1420	2426336
1421	2427336
1422	2428336
1423	2429336
1424	2430336
1425	2431340
1426	2432340
1427	2433340
1428	2434340
1429	2435340
1430	2436340
1431	2437340
1432	2438340
1433	2439340
1434	2440340
1435	2441340
1436	2442336
1437	2443340
1438	2444340
1439	2445340
1440	2446336
1441	2447340
1442	2448340
1443	2449340
1444	2450340
1445	2451340
1446	2452340
1447	2453340
1448	2454340
1449	2455340
1450	2456336
1451	2457340
1452	2458336
1453	2459340
1454	2460336
1455	2461340
1456	2462340
1457	2463340
1458	2464336
1459	2465340
1460	2466340
1461	2467340
1462	2468340
1463	2469340
1464	2470340
1465	2471340
1466	2472340
1467	2473340
1468	2474340
1469	2475340
1470	2476336
1471	2477340
1472	2478340
1473	2479340
1474	2480336
1475	2481340
1476	2482336
1477	2483340
1478	2484340
1479	2485340
1480	2486340
1481	2487340
1482	2488340
1483	2489340
1484	2490340
1485	2491336
1486	2492336
1487	2493340
1488	2494340
1489	2495336
1490	2496336
1491	2497340
1492	2498340
1493	2499340
1494	2500340
1495	2501340
1496	2502340
1497	2503340
1498	2504340
1499	2505340
1500	2506340
1501	2507336
1502	2508336
1503	2509340
1504	2510336
1505	2511336
1506	2512336
1507	2513340
1508	2514336
1509	2515336
1510	2516340
1511	2517340
1512	2518340
1513	2519340
1514	2520340
1515	2521340
1516	2522340
1517	2523336
1518	2524340
1519	2525340
1520	2526336
1521	2527336
1522	2528340
1523	2529340
1524	2530336
1525	2531336
1526	2532340
1527	2533340
1528	2534340
1529	2535340
1530	2536340
1531	2537340
1532	2538340
1533	2539340
1534	2540340
1535	2541340
1536	2542340
1537	2543336
1538	2544336
1539	2545336
1540	2546336
1541	2547336
1542	2548336
1543	2549340
1544	2550336
1545	2551340
1546	2552340
1547	2553340
1548	2554336
1549	2555340
1550	2556340
1551	2557336
1552	2558336
1553	2559332
1554	2560336
1555	2561336
1556	2562336
1557	2563336
1558	2564336
1559	2565336
1560	2566336
1561	2567340
1562	2568336
1563	2569340
1564	2570336
1565	2571340
1566	2572336
1567	2573336
1568	2574336
1569	2575336
1570	2576336
1571	2577336
1572	2578336
1573	2579336
1574	2580336
1575	2581336
1576	2582336
1577	2583340
1578	2584336
1579	2585340
1580	2586340
1581	2587340
1582	2588336
1583	2589340
1584	2590336
1585	2591336
1586	2592336
1587	2593336
1588	2594336
1589	2595336
1590	2596336
1591	2597336
1592	2598336
1593	2599336
1594	2600336
1595	2601340
1596	2602340
1597	2603336
1598	2604336
1599	2605340
1600	2606340
1601	2607336
1602	2608336
1603	2609340
1604	2610336
1605	2611336
1606	2612336
1607	2613340
1608	2614336
1609	2615336
1610	2616336
1611	2617340
1612	2618340
1613	2619336
1614	2620336
1615	2621340
1616	2622340
1617	2623336
1618	2624336
1619	2625340
1620	2626336
1621	2627336
1622	2628336
1623	2629340
1624	2630336
1625	2631336
1626	2632336
1627	2633340
1628	2634336
1629	2635336
1630	2636340
1631	2637340
1632	2638336
1633	2639336
1634	2640340
1635	2641340
1636	2642336
1637	2643336
1638	2644336
1639	2645340
1640	2646336
1641	2647336
1642	2648336
1643	2649340
1644	2650336
1645	2651336
1646	2652340
1647	2653340
1648	2654336
1649	2655336
1650	2656340
1651	2657336
1652	2658336
1653	2659336
1654	2660336
1655	2661336
1656	2662336
1657	2663336
1658	2664336
1659	2665336
1660	2666336
1661	2667340
1662	2668340
1663	2669340
1664	2670336
1665	2671340
1666	2672340
1667	2673340
1668	2674336
1669	2675336
1670	2676336
1671	2677336
1672	2678336
1673	2679336
1674	2680336
1675	2681336
1676	2682336
1677	2683336
1678	2684336
1679	2685340
1680	2686340
1681	2687340
1682	2688340
1683	2689340
1684	2690340
1685	2691340
1686	2692336
1687	2693340
1688	2694340
1689	2695340
1690	2696336
1691	2697340
1692	2698340
1693	2699340
1694	2700340
1695	2701340
1696	2702340
1697	2703340
1698	2704340
1699	2705340
1700	2706340
1701	2707340
1702	2708336
1703	2709340
1704	2710340
1705	2711336
1706	2712336
1707	2713340
1708	2714340
1709	2715336
1710	2716336
1711	2717340
1712	2718340
1713	2719340
1714	2720340
1715	2721340
1716	2722340
1717	2723340
1718	2724336
1719	2725340
1720	2726340
1721	2727336
1722	2728336
1723	2729340
1724	2730340
1725	2731336
1726	2732336
1727	2733340
1728	2734340
1729	2735340
1730	2736340
1731	2737340
1732	2738336
1733	2739340
1734	2740340
1735	2741340
1736	2742336
1737	2743336
1738	2744340
1739	2745340
1740	2746336
1741	2747336
1742	2748340
1743	2749340
1744	2750336
1745	2751340
1746	2752340
1747	2753340
1748	2754340
1749	2755340
1750	2756340
1751	2757340
1752	2758336
1753	2759336
1754	2760340
1755	2761340
1756	2762336
1757	2763336
1758	2764340
1759	2765340
1760	2766336
1761	2767340
1762	2768340
1763	2769340
1764	2770340
1765	2771340
1766	2772340
1767	2773340
1768	2774340
1769	2775340
1770	2776340
1771	2777340
1772	2778336
1773	2779340
1774	2780340
1775	2781340
1776	2782336
1777	2783340
1778	2784340
1779	2785340
1780	2786340
1781	2787340
1782	2788340
1783	2789340
1784	2790340
1785	2791340
1786	2792340
1787	2793340
1788	2794336
1789	2795340
1790	2796336
1791	2797340
1792	2798340
1793	2799336
1794	2800336
1795	2801340
1796	2802340
1797	2803340
1798	2804336
1799	2805340
1800	2806340
1801	2807340
1802	2808336
1803	2809336
1804	2810336
1805	2811336
1806	2812336
1807	2813336
1808	2814336
1809	2815332
1810	2816336
1811	2817336
1812	2818340
1813	2819340
1814	2820336
1815	2821340
1816	2822340
1817	2823336
1818	2824336
1819	2825336
1820	2826336
1821	2827336
1822	2828336
1823	2829336
1824	2830336
1825	2831336
1826	2832336
1827	2833340
1828	2834336
1829	2835336
1830	2836336
1831	2837340
1832	2838340
1833	2839336
1834	2840336
1835	2841340
1836	2842336
1837	2843336
1838	2844336
1839	2845340
1840	2846336
1841	2847336
1842	2848336
1843	2849340
1844	2850336
1845	2851336
1846	2852336
1847	2853340
1848	2854336
1849	2855336
1850	2856336
1851	2857340
1852	2858332
1853	2859336
1854	2860336
1855	2861340
1856	2862336
1857	2863336
1858	2864336
1859	2865340
1860	2866336
1861	2867336
1862	2868340
1863	2869340
1864	2870336
1865	2871336
1866	2872340
1867	2873340
1868	2874336
1869	2875336
1870	2876336
1871	2877340
1872	2878336
1873	2879336
1874	2880336
1875	2881336
1876	2882336
1877	2883336
1878	2884336
1879	2885340
1880	2886336
1881	2887340
1882	2888340
1883	2889340
1884	2890336
1885	2891340
1886	2892336
1887	2893336
1888	2894336
1889	2895336
1890	2896336
1891	2897336
1892	2898336
1893	2899336
1894	2900336
1895	2901336
1896	2902336
1897	2903340
1898	2904340
1899	2905340
1900	2906336
1901	2907340
1902	2908336
1903	2909336
1904	2910336
1905	2911336
1906	2912336
1907	2913336
1908	2914336
1909	2915336
1910	2916336
1911	2917336
1912	2918340
1913	2919340
1914	2920336
1915	2921340
1916	2922340
1917	2923340
1918	2924336
1919	2925340
1920	2926336
1921	2927336
1922	2928336
1923	2929336
1924	2930336
1925	2931336
1926	2932336
1927	2933336
1928	2934336
1929	2935340
1930	2936336
1931	2937340
1932	2938340
1933	2939336
1934	2940336
1935	2941340
1936	2942340
1937	2943336
1938	2944336
1939	2945340
1940	2946340
1941	2947336
1942	2948336
1943	2949340
1944	2950340
1945	2951336
1946	2952340
1947	2953340
1948	2954340
1949	2955340
1950	2956340
1951	2957340
1952	2958340
1953	2959336
1954	2960336
1955	2961340
1956	2962340
1957	2963336
1958	2964336
1959	2965340
1960	2966336
1961	2967336
1962	2968336
1963	2969340
1964	2970340
1965	2971340
1966	2972340
1967	2973340
1968	2974340
1969	2975340
1970	2976340
1971	2977340
1972	2978336
1973	2979336
1974	2980340
1975	2981340
1976	2982336
1977	2983336
1978	2984340
1979	2985340
1980	2986340
1981	2987340
1982	2988340
1983	2989340
1984	2990340
1985	2991340
1986	2992340
1987	2993340
1988	2994332
1989	2995336
1990	2996340
1991	2997340
1992	2998336
1993	2999336
1994	3000340
1995	3001340
1996	3002340
1997	3003340
1998	3004340
1999	3005340
2000	3006340
2001	3007340
2002	3008340
2003	3009340
2004	3010336
2005	3011340
2006	3012340
2007	3013340
2008	3014336
2009	3015340
2010	3016340
2011	3017340
2012	3018336
2013	3019340
2014	3020340
2015	3021340
2016	3022340
2017	3023340
2018	3024340
2019	3025340
2020	3026336
2021	3027340
2022	3028336
2023	3029340
2024	3030340
2025	3031340
2026	3032336
2027	3033340
2028	3034340
2029	3035340
2030	3036340
2031	3037340
2032	3038340
2033	3039340
2034	3040340
2035	3041340
2036	3042340
2037	3043340
2038	3044336
2039	3045340
2040	3046340
2041	3047340
2042	3048336
2043	3049340
2044	3050340
2045	3051336
2046	3052336
2047	3053340
2048	3054340
2049	3055336
2050	3056336
2051	3057340
2052	3058340
2053	3059336
2054	3060336
2055	3061340
2056	3062336
2057	3063336
2058	3064336
2059	3065340
2060	3066336
2061	3067336
2062	3068336
2063	3069340
2064	3070340
2065	3071332
2066	3072336
2067	3073340
2068	3074340
2069	3075336
2070	3076336
2071	3077340
2072	3078336
2073	3079336
2074	3080336
2075	3081340
2076	3082336
2077	3083336
2078	3084336
2079	3085340
2080	3086336
2081	3087336
2082	3088340
2083	3089340
2084	3090336
2085	3091336
2086	3092340
2087	3093340
2088	3094336
2089	3095336
2090	3096336
2091	3097340
2092	3098336
2093	3099336
2094	3100336
2095	3101340
2096	3102336
2097	3103336
2098	3104340
2099	3105340
2100	3106336
2101	3107336
2102	3108340
2103	3109340
2104	3110336
2105	3111336
2106	3112336
2107	3113336
2108	3114336
2109	3115336
2110	3116336
2111	3117336
2112	3118336
2113	3119336
2114	3120340
2115	3121340
2116	3122336
2117	3123340
2118	3124340
2119	3125340
2120	3126336
2121	3127336
2122	3128336
2123	3129336
2124	3130336
2125	3131336
2126	3132336
2127	3133336
2128	3134336
2129	3135336
2130	3136336
2131	3137340
2132	3138336
2133	3139340
2134	3140336
2135	3141340
2136	3142340
2137	3143340
2138	3144336
2139	3145336
2140	3146336
2141	3147336
2142	3148336
2143	3149336
2144	3150336
2145	3151336
2146	3152336
2147	3153340
2148	3154340
2149	3155340
2150	3156336
2151	3157340
2152	3158340
2153	3159340
2154	3160336
2155	3161336
2156	3162336
2157	3163336
2158	3164336
2159	3165336
2160	3166336
2161	3167336
2162	3168336
2163	3169336
2164	3170340
2165	3171336
2166	3172336
2167	3173340
2168	3174340
2169	3175336
2170	3176336
2171	3177340
2172	3178336
2173	3179336
2174	3180336
2175	3181340
2176	3182336
2177	3183336
2178	3184336
2179	3185340
2180	3186336
2181	3187336
2182	3188336
2183	3189340
2184	3190340
2185	3191336
2186	3192336
2187	3193340
2188	3194336
2189	3195336
2190	3196336
2191	3197340
2192	3198336
2193	3199336
2194	3200340
2195	3201340
2196	3202336
2197	3203336
2198	3204340
2199	3205340
2200	3206340
2201	3207340
2202	3208340
2203	3209340
2204	3210340
2205	3211336
2206	3212340
2207	3213340
2208	3214336
2209	3215336
2210	3216340
2211	3217340
2212	3218336
2213	3219336
2214	3220340
2215	3221340
2216	3222340
2217	3223340
2218	3224340
2219	3225340
2220	3226340
2221	3227340
2222	3228340
2223	3229340
2224	3230336
2225	3231340
2226	3232340
2227	3233340
2228	3234336
2229	3235340
2230	3236340
2231	3237340
2232	3238340
2233	3239340
2234	3240340
2235	3241340
2236	3242340
2237	3243340
2238	3244340
2239	3245340
2240	3246336
2241	3247340
2242	3248340
2243	3249340
2244	3250332
2245	3251340
2246	3252336
2247	3253340
2248	3254340
2249	3255340
2250	3256340
2251	3257340
2252	3258340
2253	3259340
2254	3260340
2255	3261340
2256	3262340
2257	3263340
2258	3264336
2259	3265340
2260	3266340
2261	3267340
2262	3268336
2263	3269340
2264	3270340
2265	3271340
2266	3272340
2267	3273340
2268	3274340
2269	3275340
2270	3276340
2271	3277340
2272	3278340
2273	3279336
2274	3280336
2275	3281340
2276	3282340
2277	3283336
2278	3284336
2279	3285340
2280	3286340
2281	3287340
2282	3288340
2283	3289340
2284	3290340
2285	3291340
2286	3292340
2287	3293340
2288	3294340
2289	3295336
2290	3296336
2291	3297340
2292	3298340
2293	3299336
2294	3300336
2295	3301340
2296	3302340
2297	3303336
2298	3304340
2299	3305340
2300	3306340
2301	3307340
2302	3308340
2303	3309340
2304	3310340
2305	3311336
2306	3312336
2307	3313340
2308	3314336
2309	3315336
2310	3316336
2311	3317340
2312	3318336
2313	3319336
2314	3320336
2315	3321340
2316	3322336
2317	3323336
2318	3324340
2319	3325340
2320	3326336
2321	3327332
2322	3328336
2323	3329340
2324	3330336
2325	3331336
2326	3332336
2327	3333340
2328	3334336
2329	3335336
2330	3336336
2331	3337336
2332	3338336
2333	3339336
2334	3340340
2335	3341340
2336	3342336
2337	3343340
2338	3344340
2339	3345336
2340	3346336
2341	3347336
2342	3348336
2343	3349336
2344	3350336
2345	3351336
2346	3352336
2347	3353336
2348	3354336
2349	3355340
2350	3356340
2351	3357340
2352	3358336
2353	3359340
2354	3360340
2355	3361340
2356	3362336
2357	3363336
2358	3364336
2359	3365336
2360	3366336
2361	3367336
2362	3368336
2363	3369336
2364	3370336
2365	3371340
2366	3372336
2367	3373340
2368	3374340
2369	3375340
2370	3376336
2371	3377340
2372	3378340
2373	3379336
2374	3380336
2375	3381336
2376	3382336
2377	3383336
2378	3384336
2379	3385336
2380	3386336
2381	3387336
2382	3388336
2383	3389340
2384	3390340
2385	3391336
2386	3392336
2387	3393340
2388	3394340
2389	3395336
2390	3396336
2391	3397336
2392	3398336
2393	3399336
2394	3400336
2395	3401340
2396	3402336
2397	3403336
2398	3404336
2399	3405340
2400	3406340
2401	3407336
2402	3408336
2403	3409340
2404	3410340
2405	3411336
2406	3412336
2407	3413340
2408	3414336
2409	3415336
2410	3416336
2411	3417340
2412	3418336
2413	3419336
2414	3420336
2415	3421340
2416	3422336
2417	3423336
2418	3424336
2419	3425340
2420	3426336
2421	3427336
2422	3428340
2423	3429340
2424	3430336
2425	3431336
2426	3432336
2427	3433340
2428	3434336
2429	3435336
2430	3436336
2431	3437340
2432	3438336
2433	3439336
2434	3440340
2435	3441340
2436	3442336
2437	3443336
2438	3444340
2439	3445340
2440	3446336
2441	3447336
2442	3448336
2443	3449336
2444	3450336
2445	3451336
2446	3452336
2447	3453336
2448	3454336
2449	3455340
2450	3456340
2451	3457340
2452	3458340
2453	3459340
2454	3460340
2455	3461340
2456	3462340
2457	3463340
2458	3464340
2459	3465340
2460	3466336
2461	3467340
2462	3468340
2463	3469340
2464	3470336
2465	3471340
2466	3472340
2467	3473340
2468	3474340
2469	3475340
2470	3476340
2471	3477340
2472	3478340
2473	3479340
2474	3480336
2475	3481340
2476	3482336
2477	3483340
2478	3484336
2479	3485340
2480	3486340
2481	3487340
2482	3488336
2483	3489340
2484	3490340
2485	3491340
2486	3492340
2487	3493340
2488	3494340
2489	3495340
2490	3496336
2491	3497340
2492	3498340
2493	3499340
2494	3500336
2495	3501340
2496	3502340
2497	3503340
2498	3504336
2499	3505340
2500	3506336
2501	3507340
2502	3508340
2503	3509340
2504	3510340
2505	3511340
2506	3512340
2507	3513340
2508	3514340
2509	3515336
2510	3516336
2511	3517340
2512	3518340
2513	3519336
2514	3520336
2515	3521340
2516	3522340
2517	3523340
2518	3524340
2519	3525340
2520	3526340
2521	3527340
2522	3528340
2523	3529340
2524	3530340
2525	3531336
2526	3532336
2527	3533340
2528	3534336
2529	3535336
2530	3536336
2531	3537340
2532	3538336
2533	3539340
2534	3540340
2535	3541340
2536	3542340
2537	3543340
2538	3544340
2539	3545340
2540	3546336
2541	3547336
2542	3548340
2543	3549340
2544	3550336
2545	3551336
2546	3552340
2547	3553340
2548	3554336
2549	3555336
2550	3556340
2551	3557340
2552	3558340
2553	3559340
2554	3560340
2555	3561340
2556	3562340
2557	3563336
2558	3564340
2559	3565340
2560	3566340
2561	3567332
2562	3568336
2563	3569336
2564	3570336
2565	3571336
2566	3572336
2567	3573340
2568	3574336
2569	3575340
2570	3576340
2571	3577340
2572	3578336
2573	3579340
2574	3580336
2575	3581336
2576	3582336
2577	3583332
2578	3584336
2579	3585336
2580	3586336
2581	3587336
2582	3588336
2583	3589340
2584	3590336
2585	3591340
2586	3592336
2587	3593340
2588	3594336
2589	3595340
2590	3596336
2591	3597336
2592	3598336
2593	3599336
2594	3600336
2595	3601336
2596	3602336
2597	3603336
2598	3604336
2599	3605336
2600	3606340
2601	3607340
2602	3608336
2603	3609340
2604	3610340
2605	3611340
2606	3612336
2607	3613340
2608	3614336
2609	3615336
2610	3616336
2611	3617336
2612	3618336
2613	3619336
2614	3620336
2615	3621336
2616	3622336
2617	3623336
2618	3624336
2619	3625340
2620	3626340
2621	3627336
2622	3628336
2623	3629340
2624	3630336
2625	3631336
2626	3632336
2627	3633340
2628	3634336
2629	3635336
2630	3636336
2631	3637340
2632	3638336
2633	3639336
2634	3640336
2635	3641340
2636	3642340
2637	3643336
2638	3644336
2639	3645340
2640	3646340
2641	3647336
2642	3648336
2643	3649340
2644	3650336
2645	3651336
2646	3652336
2647	3653340
2648	3654336
2649	3655336
2650	3656336
2651	3657340
2652	3658336
2653	3659336
2654	3660340
2655	3661340
2656	3662336
2657	3663336
2658	3664336
2659	3665340
2660	3666336
2661	3667336
2662	3668336
2663	3669340
2664	3670336
2665	3671336
2666	3672336
2667	3673340
2668	3674336
2669	3675336
2670	3676340
2671	3677340
2672	3678336
2673	3679336
2674	3680340
2675	3681336
2676	3682336
2677	3683336
2678	3684336
2679	3685336
2680	3686336
2681	3687336
2682	3688336
2683	3689336
2684	3690336
2685	3691340
2686	3692340
2687	3693340
2688	3694336
2689	3695340
2690	3696340
2691	3697336
2692	3698336
2693	3699336
2694	3700336
2695	3701336
2696	3702336
2697	3703336
2698	3704336
2699	3705336
2700	3706336
2701	3707340
2702	3708336
2703	3709340
2704	3710340
2705	3711340
2706	3712340
2707	3713340
2708	3714340
2709	3715340
2710	3716336
2711	3717340
2712	3718340
2713	3719340
2714	3720336
2715	3721340
2716	3722340
2717	3723340
2718	3724340
2719	3725340
2720	3726340
2721	3727340
2722	3728340
2723	3729340
2724	3730340
2725	3731340
2726	3732336
2727	3733340
2728	3734340
2729	3735336
2730	3736336
2731	3737340
2732	3738340
2733	3739336
2734	3740340
2735	3741340
2736	3742340
2737	3743340
2738	3744340
2739	3745340
2740	3746340
2741	3747340
2742	3748336
2743	3749340
2744	3750340
2745	3751336
2746	3752336
2747	3753340
2748	3754340
2749	3755336
2750	3756336
2751	3757340
2752	3758340
2753	3759340
2754	3760340
2755	3761340
2756	3762328
2757	3763340
2758	3764340
2759	3765340
2760	3766336
2761	3767336
2762	3768340
2763	3769340
2764	3770336
2765	3771336
2766	3772340
2767	3773340
2768	3774340
2769	3775340
2770	3776340
2771	3777340
2772	3778340
2773	3779340
2774	3780340
2775	3781340
2776	3782336
2777	3783336
2778	3784340
2779	3785340
2780	3786336
2781	3787336
2782	3788340
2783	3789340
2784	3790336
2785	3791340
2786	3792340
2787	3793340
2788	3794340
2789	3795340
2790	3796340
2791	3797340
2792	3798336
2793	3799340
2794	3800340
2795	3801340
2796	3802336
2797	3803340
2798	3804340
2799	3805340
2800	3806478
2801	3807340
2802	3808340
2803	3809340
2804	3810340
2805	3811340
2806	3812340
2807	3813340
2808	3814340
2809	3815340
2810	3816340
2811	3817340
2812	3818336
2813	3819340
2814	3820336
2815	3821340
2816	3822340
2817	3823336
2818	3824336
2819	3825340
2820	3826340
2821	3827340
2822	3828336
2823	3829340
2824	3830340
2825	3831340
2826	3832336
2827	3833336
2828	3834336
2829	3835336
2830	3836336
2831	3837336
2832	3838336
2833	3839332
2834	3840336
2835	3841340
2836	3842340
2837	3843340
2838	3844336
2839	3845340
2840	3846340
2841	3847336
2842	3848336
2843	3849336
2844	3850336
2845	3851336
2846	3852336
2847	3853336
2848	3854336
2849	3855336
2850	3856336
2851	3857340
2852	3858340
2853	3859336
2854	3860336
2855	3861340
2856	3862340
2857	3863336
2858	3864336
2859	3865340
2860	3866336
2861	3867336
2862	3868336
2863	3869340
2864	3870336
2865	3871336
2866	3872336
2867	3873340
2868	3874336
2869	3875336
2870	3876336
2871	3877340
2872	3878336
2873	3879336
2874	3880336
2875	3881340
2876	3882336
2877	3883336
2878	3884336
2879	3885340
2880	3886336
2881	3887336
2882	3888336
2883	3889340
2884	3890336
2885	3891336
2886	3892340
2887	3893340
2888	3894336
2889	3895336
2890	3896340
2891	3897340
2892	3898336
2893	3899336
2894	3900336
2895	3901340
2896	3902336
2897	3903336
2898	3904336
2899	3905336
2900	3906336
2901	3907336
2902	3908340
2903	3909340
2904	3910336
2905	3911340
2906	3912340
2907	3913340
2908	3914336
2909	3915340
2910	3916336
2911	3917336
2912	3918336
2913	3919336
2914	3920336
2915	3921336
2916	3922336
2917	3923336
2918	3924336
2919	3925340
2920	3926336
2921	3927340
2922	3928340
2923	3929340
2924	3930336
2925	3931340
2926	3932336
2927	3933336
2928	3934336
2929	3935336
2930	3936336
2931	3937336
2932	3938336
2933	3939336
2934	3940336
2935	3941336
2936	3942340
2937	3943340
2938	3944336
2939	3945340
2940	3946340
2941	3947340
2942	3948336
2943	3949336
2944	3950336
2945	3951336
2946	3952336
2947	3953336
2948	3954336
2949	3955336
2950	3956336
2951	3957336
2952	3958336
2953	3959340
2954	3960336
2955	3961340
2956	3962340
2957	3963336
2958	3964336
2959	3965340
2960	3966340
2961	3967336
2962	3968336
2963	3969340
2964	3970340
2965	3971336
2966	3972336
2967	3973340
2968	3974340
2969	3975340
2970	3976340
2971	3977340
2972	3978340
2973	3979340
2974	3980340
2975	3981340
2976	3982340
2977	3983336
2978	3984336
2979	3985340
2980	3986340
2981	3987336
2982	3988336
2983	3989340
2984	3990336
2985	3991336
2986	3992340
2987	3993340
2988	3994340
2989	3995340
2990	3996340
2991	3997340
2992	3998340
2993	3999336
2994	4000340
2995	4001340
2996	4002336
2997	4003336
2998	4004340
2999	4005340
3000	4006336
3001	4007336
3002	4008340
3003	4009340
3004	4010340
3005	4011340
3006	4012340
3007	4013340
3008	4014340
3009	4015340
3010	4016340
3011	4017340
3012	4018332
3013	4019336
3014	4020340
3015	4021340
3016	4022336
3017	4023336
3018	4024340
3019	4025340
3020	4026340
3021	4027340
3022	4028340
3023	4029340
3024	4030340
3025	4031340
3026	4032340
3027	4033340
3028	4034336
3029	4035340
3030	4036340
3031	4037340
3032	4038336
3033	4039340
3034	4040340
3035	4041340
3036	4042340
3037	4043340
3038	4044340
3039	4045340
3040	4046340
3041	4047340
3042	4048340
3043	4049340
3044	4050336
3045	4051340
3046	4052336
3047	4053340
3048	4054340
3049	4055340
3050	4056336
3051	4057340
3052	4058340
3053	4059340
3054	4060340
3055	4061340
3056	4062340
3057	4063340
3058	4064340
3059	4065340
3060	4066340
3061	4067340
3062	4068336
3063	4069340
3064	4070340
3065	4071340
3066	4072336
3067	4073340
3068	4074340
3069	4075336
3070	4076340
3071	4077340
3072	4078340
3073	4079336
3074	4080336
3075	4081340
3076	4082340
3077	4083336
3078	4084336
3079	4085340
3080	4086336
3081	4087336
3082	4088336
3083	4089340
3084	4090336
3085	4091336
3086	4092336
3087	4093340
3088	4094340
3089	4095332
3090	4096336
3091	4097340
3092	4098340
3093	4099336
3094	4100336
3095	4101340
3096	4102336
3097	4103336
3098	4104336
3099	4105340
3100	4106336
3101	4107336
3102	4108336
3103	4109340
3104	4110336
3105	4111336
3106	4112340
3107	4113340
3108	4114336
3109	4115336
3110	4116340
3111	4117340
3112	4118336
3113	4119336
3114	4120336
3115	4121340
3116	4122336
3117	4123336
3118	4124336
3119	4125340
3120	4126336
3121	4127336
3122	4128340
3123	4129340
3124	4130336
3125	4131336
3126	4132340
3127	4133340
3128	4134336
3129	4135336
3130	4136336
3131	4137336
3132	4138336
3133	4139336
3134	4140336
3135	4141336
3136	4142336
3137	4143340
3138	4144340
3139	4145340
3140	4146336
3141	4147340
3142	4148340
3143	4149340
3144	4150336
3145	4151336
3146	4152336
3147	4153336
3148	4154336
3149	4155336
3150	4156336
3151	4157336
3152	4158336
3153	4159336
3154	4160336
3155	4161340
3156	4162336
3157	4163340
3158	4164336
3159	4165340
3160	4166340
3161	4167336
3162	4168336
3163	4169336
3164	4170336
3165	4171336
3166	4172336
3167	4173336
3168	4174336
3169	4175336
3170	4176336
3171	4177340
3172	4178340
3173	4179340
3174	4180336
3175	4181340
3176	4182340
3177	4183340
3178	4184336
3179	4185336
3180	4186336
3181	4187336
3182	4188336
3183	4189336
3184	4190336
3185	4191336
3186	4192336
3187	4193340
3188	4194340
3189	4195336
3190	4196336
3191	4197340
3192	4198340
3193	4199336
3194	4200336
3195	4201340
3196	4202336
3197	4203336
3198	4204336
3199	4205340
3200	4206336
3201	4207336
3202	4208336
3203	4209340
3204	4210340
3205	4211336
3206	4212336
3207	4213340
3208	4214340
3209	4215336
3210	4216336
3211	4217340
3212	4218336
3213	4219336
3214	4220336
3215	4221340
3216	4222336
3217	4223336
3218	4224340
3219	4225340
3220	4226336
3221	4227340
3222	4228340
3223	4229340
3224	4230340
3225	4231340
3226	4232340
3227	4233340
3228	4234336
3229	4235336
3230	4236340
3231	4237340
3232	4238336
3233	4239336
3234	4240340
3235	4241340
3236	4242336
3237	4243336
3238	4244340
3239	4245340
3240	4246340
3241	4247340
3242	4248340
3243	4249340
3244	4250340
3245	4251336
3246	4252340
3247	4253340
3248	4254336
3249	4255340
3250	4256340
3251	4257340
3252	4258336
3253	4259340
3254	4260340
3255	4261340
3256	4262340
3257	4263340
3258	4264340
3259	4265340
3260	4266340
3261	4267340
3262	4268332
3263	4269332
3264	4270332
3265	4271332
3266	4272332
3267	4273332
3268	4274332
3269	4275332
3270	4276332
3271	4277332
3272	4278332
3273	4279332
3274	4280332
3275	4281332
3276	4282332
3277	4283332
3278	4284332
3279	4285340
3280	4286340
3281	4287340
3282	4288336
3283	4289340
3284	4290340
3285	4291340
3286	4292336
3287	4293340
3288	4294340
3289	4295340
3290	4296340
3291	4297340
3292	4298340
3293	4299340
3294	4300340
3295	4301336
3296	4302336
3297	4303336
3298	4304336
3299	4305336
3300	4306336
3301	4307336
3302	4308336
3303	4309340
3304	4310336
3305	4311336
3306	4312336
3307	4313340
3308	4314340
3309	4315336
3310	4316336
3311	4317340
3312	4318336
3313	4319336
3314	4320336
3315	4321340
3316	4322336
3317	4323336
3318	4324336
3319	4325340
3320	4326336
3321	4327336
3322	4328336
3323	4329340
3324	4330336
3325	4331336
3326	4332336
3327	4333340
3328	4334340
3329	4335336
3330	4336336
3331	4337336
3332	4338336
3333	4339336
3334	4340336
3335	4341336
3336	4342336
3337	4343336
3338	4344336
3339	4345340
3340	4346336
3341	4347336
3342	4348336
3343	4349340
3344	4350336
3345	4351332
3346	4352336
3347	4353336
3348	4354336
3349	4355336
3350	4356336
3351	4357336
3352	4358336
3353	4359336
3354	4360336
3355	4361336
3356	4362336
3357	4363336
3358	4364336
3359	4365336
3360	4366336
3361	4367336
3362	4368336
3363	4369336
3364	4370336
3365	4371336
3366	4372336
3367	4373336
3368	4374336
3369	4375336
3370	4376336
3371	4377336
3372	4378336
3373	4379336
3374	4380336
3375	4381336
3376	4382336
3377	4383336
3378	4384336
3379	4385336
3380	4386336
3381	4387336
3382	4388336
3383	4389336
3384	4390336
3385	4391336
3386	4392336
3387	4393336
3388	4394336
3389	4395336
3390	4396336
3391	4397336
3392	4398336
3393	4399336
3394	4400336
3395	4401336
3396	4402336
3397	4403336
3398	4404336
3399	4405336
3400	4406336
3401	4407336
3402	4408336
3403	4409336
3404	4410336
3405	4411336
3406	4412336
3407	4413336
3408	4414336
3409	4415336
3410	4416336
3411	4417336
3412	4418336
3413	4419336
3414	4420336
3415	4421336
3416	4422336
3417	4423336
3418	4424336
3419	4425336
3420	4426336
3421	4427336
3422	4428336
3423	4429340
3424	4430336
3425	4431336
3426	4432336
3427	4433340
3428	4434336
3429	4435336
3430	4436336
3431	4437336
3432	4438336
3433	4439336
3434	4440336
3435	4441336
3436	4442336
3437	4443336
3438	4444336
3439	4445340
3440	4446336
3441	4447336
3442	4448336
3443	4449340
3444	4450336
3445	4451336
3446	4452336
3447	4453336
3448	4454336
3449	4455336
3450	4456336
3451	4457336
3452	4458336
3453	4459336
3454	4460336
3455	4461336
3456	4462336
3457	4463336
3458	4464336
3459	4465340
3460	4466336
3461	4467336
3462	4468336
3463	4469336
3464	4470336
3465	4471336
3466	4472336
3467	4473336
3468	4474336
3469	4475336
3470	4476336
3471	4477336
3472	4478336
3473	4479340
3474	4480340
3475	4481340
3476	4482336
3477	4483340
3478	4484340
3479	4485340
3480	4486336
3481	4487336
3482	4488336
3483	4489336
3484	4490336
3485	4491336
3486	4492336
3487	4493336
3488	4494336
3489	4495340
3490	4496340
3491	4497340
3492	4498336
3493	4499340
3494	4500340
3495	4501340
3496	4502336
3497	4503336
3498	4504336
3499	4505336
3500	4506336
3501	4507336
3502	4508336
3503	4509336
3504	4510336
3505	4511336
3506	4512336
3507	4513340
3508	4514340
3509	4515340
3510	4516336
3511	4517340
3512	4518340
3513	4519340
3514	4520336
3515	4521336
3516	4522336
3517	4523336
3518	4524336
3519	4525336
3520	4526336
3521	4527336
3522	4528336
3523	4529340
3524	4530340
3525	4531336
3526	4532336
3527	4533340
3528	4534340
3529	4535336
3530	4536336
3531	4537340
3532	4538336
3533	4539336
3534	4540336
3535	4541340
3536	4542336
3537	4543336
3538	4544336
3539	4545340
3540	4546340
3541	4547336
3542	4548336
3543	4549340
3544	4550340
3545	4551336
3546	4552336
3547	4553340
3548	4554336
3549	4555336
3550	4556336
3551	4557340
3552	4558336
3553	4559336
3554	4560336
3555	4561340
3556	4562336
3557	4563336
3558	4564336
3559	4565340
3560	4566336
3561	4567336
3562	4568340
3563	4569340
3564	4570336
3565	4571336
3566	4572336
3567	4573340
3568	4574336
3569	4575336
3570	4576336
3571	4577340
3572	4578336
3573	4579336
3574	4580340
3575	4581340
3576	4582336
3577	4583336
3578	4584340
3579	4585340
3580	4586336
3581	4587336
3582	4588336
3583	4589336
3584	4590340
3585	4591336
3586	4592336
3587	4593336
3588	4594336
3589	4595336
3590	4596336
3591	4597336
3592	4598336
3593	4599336
3594	4600336
3595	4601336
3596	4602336
3597	4603336
3598	4604336
3599	4605336
3600	4606336
3601	4607332
3602	4608336
3603	4609336
3604	4610336
3605	4611336
3606	4612336
3607	4613336
3608	4614336
3609	4615336
3610	4616336
3611	4617336
3612	4618336
3613	4619336
3614	4620336
3615	4621336
3616	4622336
3617	4623336
3618	4624336
3619	4625336
3620	4626336
3621	4627336
3622	4628336
3623	4629336
3624	4630336
3625	4631336
3626	4632336
3627	4633336
3628	4634336
3629	4635336
3630	4636336
3631	4637336
3632	4638336
3633	4639336
3634	4640336
3635	4641336
3636	4642336
3637	4643336
3638	4644336
3639	4645336
3640	4646336
3641	4647336
3642	4648336
3643	4649336
3644	4650336
3645	4651336
3646	4652336
3647	4653340
3648	4654336
3649	4655336
3650	4656336
3651	4657336
3652	4658336
3653	4659336
3654	4660336
3655	4661336
3656	4662336
3657	4663336
3658	4664336
3659	4665340
3660	4666336
3661	4667336
3662	4668336
3663	4669340
3664	4670336
3665	4671336
3666	4672336
3667	4673336
3668	4674336
3669	4675336
3670	4676336
3671	4677336
3672	4678336
3673	4679336
3674	4680336
3675	4681340
3676	4682336
3677	4683336
3678	4684336
3679	4685340
3680	4686336
3681	4687336
3682	4688336
3683	4689336
3684	4690336
3685	4691336
3686	4692336
3687	4693336
3688	4694336
3689	4695336
3690	4696336
3691	4697340
3692	4698336
3693	4699336
3694	4700336
3695	4701336
3696	4702336
3697	4703336
3698	4704336
3699	4705336
3700	4706336
3701	4707336
3702	4708336
3703	4709336
3704	4710336
3705	4711336
3706	4712336
3707	4713336
3708	4714336
3709	4715336
3710	4716336
3711	4717336
3712	4718336
3713	4719336
3714	4720336
3715	4721336
3716	4722336
3717	4723336
3718	4724336
3719	4725336
3720	4726336
3721	4727336
3722	4728336
3723	4729336
3724	4730336
3725	4731336
3726	4732336
3727	4733336
3728	4734336
3729	4735340
3730	4736336
3731	4737340
3732	4738336
3733	4739336
3734	4740336
3735	4741336
3736	4742336
3737	4743336
3738	4744336
3739	4745336
3740	4746336
3741	4747340
3742	4748336
3743	4749340
3744	4750340
3745	4751340
3746	4752336
3747	4753340
3748	4754336
3749	4755336
3750	4756336
3751	4757336
3752	4758336
3753	4759336
3754	4760336
3755	4761336
3756	4762336
3757	4763336
3758	4764336
3759	4765340
3760	4766340
3761	4767336
3762	4768336
3763	4769340
3764	4770340
3765	4771336
3766	4772336
3767	4773340
3768	4774336
3769	4775336
3770	4776336
3771	4777340
3772	4778336
3773	4779336
3774	4780336
3775	4781340
3776	4782340
3777	4783336
3778	4784336
3779	4785340
3780	4786340
3781	4787336
3782	4788336
3783	4789340
3784	4790336
3785	4791336
3786	4792336
3787	4793340
3788	4794336
3789	4795336
3790	4796336
3791	4797340
3792	4798336
3793	4799336
3794	4800340
3795	4801340
3796	4802336
3797	4803336
3798	4804340
3799	4805340
3800	4806336
3801	4807336
3802	4808336
3803	4809340
3804	4810336
3805	4811336
3806	4812336
3807	4813340
3808	4814336
3809	4815336
3810	4816340
3811	4817340
3812	4818336
3813	4819336
3814	4820340
3815	4821340
3816	4822336
3817	4823336
3818	4824336
3819	4825336
3820	4826336
3821	4827336
3822	4828336
3823	4829336
3824	4830336
3825	4831340
3826	4832340
3827	4833340
3828	4834336
3829	4835340
3830	4836340
3831	4837340
3832	4838336
3833	4839336
3834	4840336
3835	4841336
3836	4842336
3837	4843336
3838	4844336
3839	4845336
3840	4846340
3841	4847336
3842	4848336
3843	4849336
3844	4850336
3845	4851336
3846	4852336
3847	4853336
3848	4854336
3849	4855336
3850	4856336
3851	4857336
3852	4858336
3853	4859336
3854	4860336
3855	4861336
3856	4862336
3857	4863332
3858	4864336
3859	4865336
3860	4866336
3861	4867336
3862	4868336
3863	4869336
3864	4870336
3865	4871336
3866	4872336
3867	4873336
3868	4874336
3869	4875336
3870	4876336
3871	4877336
3872	4878336
3873	4879336
3874	4880336
3875	4881340
3876	4882336
3877	4883336
3878	4884336
3879	4885340
3880	4886336
3881	4887336
3882	4888336
3883	4889336
3884	4890336
3885	4891336
3886	4892336
3887	4893336
3888	4894336
3889	4895336
3890	4896336
3891	4897336
3892	4898336
3893	4899336
3894	4900336
3895	4901340
3896	4902336
3897	4903336
3898	4904336
3899	4905336
3900	4906336
3901	4907336
3902	4908336
3903	4909336
3904	4910336
3905	4911336
3906	4912336
3907	4913336
3908	4914336
3909	4915336
3910	4916336
3911	4917340
3912	4918336
3913	4919336
3914	4920336
3915	4921340
3916	4922336
3917	4923336
3918	4924336
3919	4925336
3920	4926336
3921	4927336
3922	4928336
3923	4929336
3924	4930336
3925	4931336
3926	4932336
3927	4933336
3928	4934336
3929	4935336
3930	4936336
3931	4937336
3932	4938336
3933	4939336
3934	4940336
3935	4941336
3936	4942336
3937	4943336
3938	4944336
3939	4945336
3940	4946336
3941	4947336
3942	4948336
3943	4949336
3944	4950336
3945	4951336
3946	4952336
3947	4953336
3948	4954336
3949	4955336
3950	4956336
3951	4957336
3952	4958336
3953	4959336
3954	4960336
3955	4961336
3956	4962336
3957	4963336
3958	4964336
3959	4965336
3960	4966336
3961	4967336
3962	4968336
3963	4969336
3964	4970336
3965	4971336
3966	4972336
3967	4973336
3968	4974336
3969	4975336
3970	4976336
3971	4977336
3972	4978336
3973	4979336
3974	4980336
3975	4981336
3976	4982336
3977	4983336
3978	4984336
3979	4985336
3980	4986336
3981	4987336
3982	4988336
3983	4989336
3984	4990336
3985	4991336
3986	4992336
3987	4993340
3988	4994336
3989	4995336
3990	4996336
3991	4997340
3992	4998336
3993	4999336
3994	5000336
3995	5001340
3996	5002340
3997	5003336
3998	5004336
3999	5005340
4000	5006336
4001	5007336
4002	5008336
4003	5009340
4004	5010336
4005	5011336
4006	5012336
4007	5013340
4008	5014336
4009	5015336
4010	5016336
4011	5017340
4012	5018336
4013	5019336
4014	5020340
4015	5021340
4016	5022336
4017	5023336
4018	5024336
4019	5025340
4020	5026336
4021	5027336
4022	5028336
4023	5029340
4024	5030336
4025	5031336
4026	5032340
4027	5033340
4028	5034336
4029	5035336
4030	5036340
4031	5037340
4032	5038336
4033	5039336
4034	5040336
4035	5041336
4036	5042340
4037	5043336
4038	5044336
4039	5045336
4040	5046336
4041	5047336
4042	5048336
4043	5049340
4044	5050336
4045	5051340
4046	5052340
4047	5053340
4048	5054336
4049	5055340
4050	5056336
4051	5057336
4052	5058336
4053	5059336
4054	5060336
4055	5061336
4056	5062336
4057	5063336
4058	5064336
4059	5065336
4060	5066336
4061	5067340
4062	5068340
4063	5069340
4064	5070336
4065	5071340
4066	5072336
4067	5073336
4068	5074336
4069	5075336
4070	5076336
4071	5077336
4072	5078336
4073	5079336
4074	5080336
4075	5081336
4076	5082336
4077	5083340
4078	5084336
4079	5085340
4080	5086340
4081	5087340
4082	5088336
4083	5089340
4084	5090336
4085	5091336
4086	5092336
4087	5093336
4088	5094336
4089	5095336
4090	5096336
4091	5097336
4092	5098336
4093	5099336
4094	5100336
4095	5101340
4096	5102340
4097	5103336
4098	5104336
4099	5105340
4100	5106336
4101	5107336
4102	5108336
4103	5109336
4104	5110336
4105	5111336
4106	5112336
4107	5113336
4108	5114336
4109	5115336
4110	5116336
4111	5117340
4112	5118336
4113	5119332
4114	5120336
4115	5121340
4116	5122336
4117	5123336
4118	5124336
4119	5125336
4120	5126336
4121	5127336
4122	5128336
4123	5129336
4124	5130336
4125	5131336
4126	5132336
4127	5133340
4128	5134336
4129	5135336
4130	5136336
4131	5137340
4132	5138336
4133	5139336
4134	5140336
4135	5141336
4136	5142336
4137	5143336
4138	5144336
4139	5145336
4140	5146336
4141	5147336
4142	5148336
4143	5149336
4144	5150336
4145	5151336
4146	5152336
4147	5153340
4148	5154336
4149	5155336
4150	5156336
4151	5157336
4152	5158336
4153	5159336
4154	5160336
4155	5161336
4156	5162336
4157	5163336
4158	5164336
4159	5165336
4160	5166336
4161	5167336
4162	5168336
4163	5169336
4164	5170336
4165	5171336
4166	5172336
4167	5173336
4168	5174336
4169	5175336
4170	5176336
4171	5177336
4172	5178336
4173	5179336
4174	5180336
4175	5181336
4176	5182336
4177	5183336
4178	5184336
4179	5185336
4180	5186336
4181	5187336
4182	5188336
4183	5189336
4184	5190336
4185	5191336
4186	5192336
4187	5193336
4188	5194336
4189	5195336
4190	5196336
4191	5197336
4192	5198336
4193	5199336
4194	5200336
4195	5201336
4196	5202336
4197	5203336
4198	5204336
4199	5205336
4200	5206336
4201	5207336
4202	5208336
4203	5209336
4204	5210336
4205	5211336
4206	5212336
4207	5213336
4208	5214336
4209	5215336
4210	5216336
4211	5217336
4212	5218336
4213	5219336
4214	5220336
4215	5221340
4216	5222336
4217	5223336
4218	5224336
4219	5225336
4220	5226336
4221	5227336
4222	5228336
4223	5229336
4224	5230336
4225	5231336
4226	5232336
4227	5233336
4228	5234336
4229	5235336
4230	5236336
4231	5237340
4232	5238336
4233	5239336
4234	5240336
4235	5241336
4236	5242336
4237	5243336
4238	5244336
4239	5245336
4240	5246336
4241	5247336
4242	5248336
4243	5249340
4244	5250336
4245	5251336
4246	5252340
4247	5253340
4248	5254336
4249	5255336
4250	5256340
4251	5257340
4252	5258336
4253	5259336
4254	5260336
4255	5261340
4256	5262336
4257	5263336
4258	5264336
4259	5265340
4260	5266336
4261	5267336
4262	5268340
4263	5269340
4264	5270336
4265	5271336
4266	5272340
4267	5273340
4268	5274336
4269	5275336
4270	5276336
4271	5277336
4272	5278336
4273	5279336
4274	5280336
4275	5281336
4276	5282336
4277	5283336
4278	5284340
4279	5285340
4280	5286336
4281	5287340
4282	5288340
4283	5289340
4284	5290336
4285	5291336
4286	5292336
4287	5293336
4288	5294336
4289	5295336
4290	5296336
4291	5297336
4292	5298340
4293	5299336
4294	5300336
4295	5301340
4296	5302336
4297	5303340
4298	5304336
4299	5305340
4300	5306340
4301	5307340
4302	5308336
4303	5309336
4304	5310336
4305	5311336
4306	5312336
4307	5313336
4308	5314336
4309	5315336
4310	5316336
4311	5317336
4312	5318340
4313	5319340
4314	5320336
4315	5321340
4316	5322340
4317	5323340
4318	5324336
4319	5325336
4320	5326336
4321	5327336
4322	5328336
4323	5329336
4324	5330336
4325	5331336
4326	5332336
4327	5333340
4328	5334340
4329	5335336
4330	5336336
4331	5337340
4332	5338340
4333	5339336
4334	5340336
4335	5341340
4336	5342336
4337	5343336
4338	5344336
4339	5345340
4340	5346336
4341	5347336
4342	5348336
4343	5349340
4344	5350336
4345	5351336
4346	5352336
4347	5353340
4348	5354336
4349	5355336
4350	5356336
4351	5357340
4352	5358332
4353	5359336
4354	5360336
4355	5361336
4356	5362336
4357	5363336
4358	5364336
4359	5365336
4360	5366336
4361	5367336
4362	5368336
4363	5369340
4364	5370336
4365	5371336
4366	5372336
4367	5373340
4368	5374336
4369	5375332
4370	5376336
4371	5377336
4372	5378336
4373	5379336
4374	5380336
4375	5381336
4376	5382336
4377	5383336
4378	5384336
4379	5385336
4380	5386336
4381	5387336
4382	5388336
4383	5389336
4384	5390336
4385	5391336
4386	5392336
4387	5393336
4388	5394336
4389	5395336
4390	5396336
4391	5397336
4392	5398336
4393	5399336
4394	5400336
4395	5401336
4396	5402336
4397	5403336
4398	5404336
4399	5405336
4400	5406336
4401	5407336
4402	5408336
4403	5409336
4404	5410336
4405	5411336
4406	5412336
4407	5413336
4408	5414336
4409	5415336
4410	5416336
4411	5417336
4412	5418336
4413	5419336
4414	5420336
4415	5421336
4416	5422336
4417	5423336
4418	5424336
4419	5425336
4420	5426336
4421	5427336
4422	5428336
4423	5429336
4424	5430336
4425	5431336
4426	5432336
4427	5433336
4428	5434336
4429	5435336
4430	5436336
4431	5437336
4432	5438336
4433	5439336
4434	5440336
4435	5441336
4436	5442336
4437	5443336
4438	5444336
4439	5445336
4440	5446336
4441	5447336
4442	5448336
4443	5449336
4444	5450336
4445	5451336
4446	5452336
4447	5453340
4448	5454336
4449	5455336
4450	5456336
4451	5457340
4452	5458336
4453	5459336
4454	5460336
4455	5461336
4456	5462336
4457	5463336
4458	5464336
4459	5465336
4460	5466336
4461	5467336
4462	5468336
4463	5469340
4464	5470336
4465	5471336
4466	5472336
4467	5473340
4468	5474336
4469	5475336
4470	5476336
4471	5477336
4472	5478336
4473	5479336
4474	5480336
4475	5481336
4476	5482336
4477	5483336
4478	5484336
4479	5485340
4480	5486336
4481	5487336
4482	5488336
4483	5489340
4484	5490336
4485	5491336
4486	5492336
4487	5493336
4488	5494336
4489	5495336
4490	5496336
4491	5497336
4492	5498336
4493	5499336
4494	5500336
4495	5501336
4496	5502336
4497	5503340
4498	5504340
4499	5505340
4500	5506336
4501	5507340
4502	5508340
4503	5509336
4504	5510336
4505	5511336
4506	5512336
4507	5513336
4508	5514336
4509	5515336
4510	5516336
4511	5517336
4512	5518336
4513	5519340
4514	5520340
4515	5521340
4516	5522336
4517	5523340
4518	5524340
4519	5525340
4520	5526336
4521	5527336
4522	5528336
4523	5529336
4524	5530336
4525	5531336
4526	5532336
4527	5533336
4528	5534336
4529	5535336
4530	5536336
4531	5537340
4532	5538340
4533	5539340
4534	5540336
4535	5541340
4536	5542340
4537	5543336
4538	5544336
4539	5545336
4540	5546336
4541	5547336
4542	5548336
4543	5549336
4544	5550336
4545	5551336
4546	5552336
4547	5553340
4548	5554340
4549	5555336
4550	5556336
4551	5557340
4552	5558340
4553	5559336
4554	5560336
4555	5561340
4556	5562336
4557	5563336
4558	5564336
4559	5565340
4560	5566336
4561	5567336
4562	5568336
4563	5569340
4564	5570340
4565	5571336
4566	5572336
4567	5573340
4568	5574340
4569	5575336
4570	5576336
4571	5577340
4572	5578336
4573	5579336
4574	5580336
4575	5581340
4576	5582336
4577	5583336
4578	5584336
4579	5585340
4580	5586336
4581	5587336
4582	5588336
4583	5589340
4584	5590336
4585	5591336
4586	5592340
4587	5593340
4588	5594336
4589	5595336
4590	5596336
4591	5597340
4592	5598336
4593	5599336
4594	5600336
4595	5601340
4596	5602336
4597	5603336
4598	5604340
4599	5605340
4600	5606336
4601	5607336
4602	5608340
4603	5609340
4604	5610336
4605	5611336
4606	5612336
4607	5613336
4608	5614340
4609	5615336
4610	5616336
4611	5617336
4612	5618336
4613	5619336
4614	5620336
4615	5621336
4616	5622336
4617	5623336
4618	5624336
4619	5625336
4620	5626336
4621	5627336
4622	5628336
4623	5629336
4624	5630336
4625	5631332
4626	5632336
4627	5633336
4628	5634336
4629	5635336
4630	5636336
4631	5637336
4632	5638336
4633	5639336
4634	5640336
4635	5641336
4636	5642336
4637	5643336
4638	5644336
4639	5645336
4640	5646336
4641	5647336
4642	5648336
4643	5649336
4644	5650336
4645	5651336
4646	5652336
4647	5653336
4648	5654336
4649	5655336
4650	5656336
4651	5657336
4652	5658336
4653	5659336
4654	5660336
4655	5661336
4656	5662336
4657	5663336
4658	5664336
4659	5665336
4660	5666336
4661	5667336
4662	5668336
4663	5669336
4664	5670336
4665	5671336
4666	5672336
4667	5673336
4668	5674336
4669	5675336
4670	5676336
4671	5677336
4672	5678336
4673	5679336
4674	5680336
4675	5681336
4676	5682336
4677	5683336
4678	5684336
4679	5685336
4680	5686336
4681	5687336
4682	5688336
4683	5689340
4684	5690336
4685	5691336
4686	5692336
4687	5693340
4688	5694336
4689	5695336
4690	5696336
4691	5697336
4692	5698336
4693	5699336
4694	5700336
4695	5701336
4696	5702336
4697	5703336
4698	5704336
4699	5705340
4700	5706336
4701	5707336
4702	5708336
4703	5709340
4704	5710336
4705	5711336
4706	5712336
4707	5713336
4708	5714336
4709	5715336
4710	5716336
4711	5717336
4712	5718336
4713	5719336
4714	5720336
4715	5721340
4716	5722336
4717	5723336
4718	5724336
4719	5725336
4720	5726336
4721	5727336
4722	5728336
4723	5729336
4724	5730336
4725	5731336
4726	5732336
4727	5733336
4728	5734336
4729	5735336
4730	5736336
4731	5737336
4732	5738336
4733	5739336
4734	5740336
4735	5741336
4736	5742336
4737	5743336
4738	5744336
4739	5745336
4740	5746336
4741	5747336
4742	5748336
4743	5749336
4744	5750336
4745	5751336
4746	5752336
4747	5753336
4748	5754336
4749	5755336
4750	5756336
4751	5757336
4752	5758336
4753	5759340
4754	5760336
4755	5761336
4756	5762336
4757	5763336
4758	5764336
4759	5765336
4760	5766336
4761	5767336
4762	5768336
4763	5769336
4764	5770336
4765	5771340
4766	5772336
4767	5773340
4768	5774340
4769	5775340
4770	5776336
4771	5777340
4772	5778336
4773	5779336
4774	5780336
4775	5781336
4776	5782336
4777	5783336
4778	5784336
4779	5785336
4780	5786336
4781	5787336
4782	5788336
4783	5789340
4784	5790340
4785	5791336
4786	5792336
4787	5793340
4788	5794340
4789	5795336
4790	5796336
4791	5797340
4792	5798336
4793	5799336
4794	5800336
4795	5801340
4796	5802336
4797	5803336
4798	5804336
4799	5805340
4800	5806340
4801	5807336
4802	5808336
4803	5809340
4804	5810340
4805	5811336
4806	5812336
4807	5813340
4808	5814336
4809	5815336
4810	5816336
4811	5817340
4812	5818336
4813	5819336
4814	5820336
4815	5821340
4816	5822336
4817	5823336
4818	5824340
4819	5825340
4820	5826336
4821	5827336
4822	5828336
4823	5829340
4824	5830336
4825	5831336
4826	5832336
4827	5833340
4828	5834336
4829	5835336
4830	5836336
4831	5837340
4832	5838336
4833	5839336
4834	5840340
4835	5841340
4836	5842336
4837	5843336
4838	5844340
4839	5845336
4840	5846336
4841	5847336
4842	5848336
4843	5849336
4844	5850336
4845	5851336
4846	5852336
4847	5853336
4848	5854336
4849	5855340
4850	5856340
4851	5857340
4852	5858336
4853	5859340
4854	5860340
4855	5861340
4856	5862336
4857	5863336
4858	5864336
4859	5865336
4860	5866336
4861	5867336
4862	5868336
4863	5869336
4864	5870340
4865	5871336
4866	5872336
4867	5873336
4868	5874336
4869	5875336
4870	5876336
4871	5877336
4872	5878336
4873	5879336
4874	5880336
4875	5881336
4876	5882336
4877	5883336
4878	5884336
4879	5885336
4880	5886336
4881	5887332
4882	5888336
4883	5889336
4884	5890336
4885	5891336
4886	5892336
4887	5893336
4888	5894336
4889	5895336
4890	5896336
4891	5897336
4892	5898336
4893	5899336
4894	5900336
4895	5901336
4896	5902336
4897	5903336
4898	5904336
4899	5905340
4900	5906336
4901	5907336
4902	5908336
4903	5909340
4904	5910336
4905	5911336
4906	5912336
4907	5913336
4908	5914336
4909	5915336
4910	5916336
4911	5917336
4912	5918336
4913	5919336
4914	5920336
4915	5921336
4916	5922336
4917	5923336
4918	5924336
4919	5925340
4920	5926336
4921	5927336
4922	5928336
4923	5929336
4924	5930336
4925	5931336
4926	5932336
4927	5933336
4928	5934336
4929	5935336
4930	5936336
4931	5937336
4932	5938336
4933	5939336
4934	5940336
4935	5941340
4936	5942336
4937	5943336
4938	5944336
4939	5945340
4940	5946336
4941	5947336
4942	5948336
4943	5949336
4944	5950336
4945	5951336
4946	5952336
4947	5953336
4948	5954336
4949	5955336
4950	5956336
4951	5957336
4952	5958336
4953	5959336
4954	5960336
4955	5961336
4956	5962336
4957	5963336
4958	5964336
4959	5965336
4960	5966336
4961	5967336
4962	5968336
4963	5969336
4964	5970336
4965	5971336
4966	5972336
4967	5973336
4968	5974336
4969	5975336
4970	5976336
4971	5977336
4972	5978336
4973	5979336
4974	5980336
4975	5981336
4976	5982336
4977	5983336
4978	5984336
4979	5985336
4980	5986336
4981	5987336
4982	5988336
4983	5989336
4984	5990336
4985	5991336
4986	5992336
4987	5993336
4988	5994336
4989	5995336
4990	5996336
4991	5997336
4992	5998336
4993	5999336
4994	6000336
4995	6001336
4996	6002336
4997	6003336
4998	6004336
4999	6005336
5000	6006336
5001	6007336
5002	6008336
5003	6009336
5004	6010336
5005	6011336
5006	6012336
5007	6013336
5008	6014336
5009	6015336
5010	6016336
5011	6017340
5012	6018336
5013	6019336
5014	6020336
5015	6021340
5016	6022340
5017	6023336
5018	6024336
5019	6025340
5020	6026340
5021	6027336
5022	6028336
5023	6029340
5024	6030336
5025	6031336
5026	6032336
5027	6033340
5028	6034336
5029	6035336
5030	6036336
5031	6037340
5032	6038336
5033	6039336
5034	6040336
5035	6041340
5036	6042336
5037	6043336
5038	6044340
5039	6045340
5040	6046336
5041	6047336
5042	6048336
5043	6049340
5044	6050336
5045	6051336
5046	6052336
5047	6053340
5048	6054336
5049	6055336
5050	6056340
5051	6057340
5052	6058336
5053	6059336
5054	6060340
5055	6061340
5056	6062336
5057	6063336
5058	6064336
5059	6065336
5060	6066340
5061	6067336
5062	6068336
5063	6069336
5064	6070336
5065	6071336
5066	6072336
5067	6073340
5068	6074336
5069	6075340
5070	6076340
5071	6077340
5072	6078336
5073	6079340
5074	6080336
5075	6081336
5076	6082336
5077	6083336
5078	6084336
5079	6085336
5080	6086336
5081	6087336
5082	6088336
5083	6089340
5084	6090336
5085	6091340
5086	6092340
5087	6093340
5088	6094336
5089	6095340
5090	6096336
5091	6097336
5092	6098336
5093	6099336
5094	6100336
5095	6101336
5096	6102336
5097	6103336
5098	6104336
5099	6105336
5100	6106340
5101	6107340
5102	6108336
5103	6109340
5104	6110340
5105	6111340
5106	6112336
5107	6113336
5108	6114336
5109	6115336
5110	6116336
5111	6117336
5112	6118336
5113	6119336
5114	6120336
5115	6121336
5116	6122336
5117	6123336
5118	6124336
5119	6125340
5120	6126340
5121	6127336
5122	6128336
5123	6129340
5124	6130336
5125	6131336
5126	6132336
5127	6133336
5128	6134336
5129	6135336
5130	6136336
5131	6137336
5132	6138336
5133	6139336
5134	6140336
5135	6141340
5136	6142336
5137	6143332
5138	6144336
5139	6145340
5140	6146336
5141	6147336
5142	6148336
5143	6149336
5144	6150336
5145	6151336
5146	6152336
5147	6153336
5148	6154336
5149	6155336
5150	6156336
5151	6157340
5152	6158336
5153	6159336
5154	6160336
5155	6161340
5156	6162336
5157	6163336
5158	6164336
5159	6165336
5160	6166336
5161	6167336
5162	6168336
5163	6169336
5164	6170336
5165	6171336
5166	6172336
5167	6173340
5168	6174336
5169	6175336
5170	6176336
5171	6177340
5172	6178336
5173	6179336
5174	6180336
5175	6181336
5176	6182336
5177	6183336
5178	6184336
5179	6185336
5180	6186336
5181	6187336
5182	6188336
5183	6189336
5184	6190336
5185	6191336
5186	6192336
5187	6193336
5188	6194336
5189	6195336
5190	6196336
5191	6197336
5192	6198336
5193	6199336
5194	6200336
5195	6201336
5196	6202336
5197	6203336
5198	6204336
5199	6205336
5200	6206336
5201	6207336
5202	6208336
5203	6209336
5204	6210336
5205	6211336
5206	6212336
5207	6213336
5208	6214336
5209	6215336
5210	6216336
5211	6217336
5212	6218336
5213	6219336
5214	6220336
5215	6221336
5216	6222336
5217	6223336
5218	6224336
5219	6225336
5220	6226336
5221	6227336
5222	6228336
5223	6229336
5224	6230336
5225	6231336
5226	6232336
5227	6233336
5228	6234336
5229	6235336
5230	6236336
5231	6237336
5232	6238336
5233	6239336
5234	6240336
5235	6241336
5236	6242336
5237	6243336
5238	6244336
5239	6245340
5240	6246336
5241	6247336
5242	6248336
5243	6249336
5244	6250336
5245	6251336
5246	6252336
5247	6253336
5248	6254336
5249	6255336
5250	6256336
5251	6257340
5252	6258336
5253	6259336
5254	6260336
5255	6261340
5256	6262336
5257	6263336
5258	6264336
5259	6265336
5260	6266336
5261	6267336
5262	6268336
5263	6269336
5264	6270336
5265	6271336
5266	6272336
5267	6273340
5268	6274336
5269	6275336
5270	6276340
5271	6277340
5272	6278336
5273	6279336
5274	6280340
5275	6281340
5276	6282336
5277	6283336
5278	6284336
5279	6285340
5280	6286336
5281	6287336
5282	6288336
5283	6289340
5284	6290336
5285	6291336
5286	6292340
5287	6293340
5288	6294336
5289	6295336
5290	6296340
5291	6297340
5292	6298336
5293	6299336
5294	6300336
5295	6301336
5296	6302336
5297	6303336
5298	6304336
5299	6305336
5300	6306336
5301	6307340
5302	6308340
5303	6309340
5304	6310336
5305	6311340
5306	6312340
5307	6313340
5308	6314336
5309	6315336
5310	6316336
5311	6317336
5312	6318336
5313	6319336
5314	6320336
5315	6321336
5316	6322340
5317	6323336
5318	6324336
5319	6325340
5320	6326336
5321	6327340
5322	6328336
5323	6329340
5324	6330340
5325	6331340
5326	6332336
5327	6333336
5328	6334336
5329	6335336
5330	6336336
5331	6337336
5332	6338336
5333	6339336
5334	6340336
5335	6341340
5336	6342340
5337	6343340
5338	6344336
5339	6345340
5340	6346340
5341	6347340
5342	6348336
5343	6349336
5344	6350336
5345	6351336
5346	6352336
5347	6353336
5348	6354336
5349	6355336
5350	6356336
5351	6357340
5352	6358340
5353	6359336
5354	6360336
5355	6361340
5356	6362340
5357	6363336
5358	6364336
5359	6365340
5360	6366336
5361	6367336
5362	6368336
5363	6369340
5364	6370336
5365	6371336
5366	6372336
5367	6373340
5368	6374336
5369	6375336
5370	6376336
5371	6377340
5372	6378336
5373	6379336
5374	6380336
5375	6381340
5376	6382340
5377	6383336
5378	6384336
5379	6385336
5380	6386336
5381	6387336
5382	6388336
5383	6389336
5384	6390336
5385	6391336
5386	6392336
5387	6393340
5388	6394336
5389	6395336
5390	6396336
5391	6397340
5392	6398336
5393	6399332
5394	6400336
5395	6401336
5396	6402336
5397	6403336
5398	6404336
5399	6405336
5400	6406336
5401	6407336
5402	6408336
5403	6409336
5404	6410336
5405	6411336
5406	6412336
5407	6413336
5408	6414336
5409	6415336
5410	6416336
5411	6417336
5412	6418336
5413	6419336
5414	6420336
5415	6421336
5416	6422336
5417	6423336
5418	6424336
5419	6425336
5420	6426336
5421	6427336
5422	6428336
5423	6429336
5424	6430336
5425	6431336
5426	6432336
5427	6433336
5428	6434336
5429	6435336
5430	6436336
5431	6437336
5432	6438336
5433	6439336
5434	6440336
5435	6441336
5436	6442336
5437	6443336
5438	6444336
5439	6445336
5440	6446336
5441	6447336
5442	6448336
5443	6449336
5444	6450336
5445	6451336
5446	6452336
5447	6453336
5448	6454336
5449	6455336
5450	6456336
5451	6457336
5452	6458336
5453	6459336
5454	6460336
5455	6461336
5456	6462336
5457	6463336
5458	6464336
5459	6465336
5460	6466336
5461	6467336
5462	6468336
5463	6469336
5464	6470336
5465	6471336
5466	6472336
5467	6473336
5468	6474336
5469	6475336
5470	6476336
5471	6477340
5472	6478336
5473	6479336
5474	6480336
5475	6481340
5476	6482336
5477	6483336
5478	6484336
5479	6485336
5480	6486336
5481	6487336
5482	6488336
5483	6489336
5484	6490336
5485	6491336
5486	6492336
5487	6493340
5488	6494336
5489	6495336
5490	6496336
5491	6497340
5492	6498336
5493	6499336
5494	6500336
5495	6501336
5496	6502336
5497	6503336
5498	6504336
5499	6505336
5500	6506336
5501	6507336
5502	6508336
5503	6509340
5504	6510336
5505	6511336
5506	6512336
5507	6513340
5508	6514336
5509	6515336
5510	6516336
5511	6517336
5512	6518336
5513	6519336
5514	6520336
5515	6521336
5516	6522336
5517	6523336
5518	6524336
5519	6525336
5520	6526336
5521	6527340
5522	6528340
5523	6529340
5524	6530336
5525	6531340
5526	6532340
5527	6533336
5528	6534336
5529	6535336
5530	6536336
5531	6537336
5532	6538336
5533	6539336
5534	6540336
5535	6541336
5536	6542336
5537	6543340
5538	6544340
5539	6545340
5540	6546336
5541	6547340
5542	6548340
5543	6549340
5544	6550336
5545	6551336
5546	6552336
5547	6553336
5548	6554336
5549	6555336
5550	6556336
5551	6557336
5552	6558336
5553	6559340
5554	6560336
5555	6561340
5556	6562340
5557	6563340
5558	6564336
5559	6565340
5560	6566336
5561	6567336
5562	6568336
5563	6569336
5564	6570336
5565	6571336
5566	6572336
5567	6573336
5568	6574336
5569	6575336
5570	6576336
5571	6577340
5572	6578340
5573	6579336
5574	6580336
5575	6581340
5576	6582340
5577	6583336
5578	6584336
5579	6585340
5580	6586336
5581	6587336
5582	6588336
5583	6589340
5584	6590336
5585	6591336
5586	6592336
5587	6593340
5588	6594340
5589	6595336
5590	6596336
5591	6597340
5592	6598340
5593	6599336
5594	6600336
5595	6601340
5596	6602336
5597	6603336
5598	6604336
5599	6605340
5600	6606336
5601	6607336
5602	6608336
5603	6609340
5604	6610336
5605	6611336
5606	6612336
5607	6613340
5608	6614336
5609	6615336
5610	6616340
5611	6617340
5612	6618336
5613	6619336
5614	6620336
5615	6621340
5616	6622336
5617	6623336
5618	6624336
5619	6625340
5620	6626336
5621	6627336
5622	6628340
5623	6629340
5624	6630336
5625	6631336
5626	6632340
5627	6633340
5628	6634336
5629	6635336
5630	6636336
5631	6637336
5632	6638340
5633	6639336
5634	6640336
5635	6641336
5636	6642336
5637	6643336
5638	6644336
5639	6645336
5640	6646336
5641	6647336
5642	6648336
5643	6649336
5644	6650336
5645	6651336
5646	6652336
5647	6653336
5648	6654336
5649	6655332
5650	6656336
5651	6657336
5652	6658336
5653	6659336
5654	6660336
5655	6661336
5656	6662336
5657	6663336
5658	6664336
5659	6665336
5660	6666336
5661	6667336
5662	6668336
5663	6669336
5664	6670336
5665	6671336
5666	6672336
5667	6673336
5668	6674336
5669	6675336
5670	6676336
5671	6677336
5672	6678336
5673	6679336
5674	6680336
5675	6681336
5676	6682336
5677	6683336
5678	6684336
5679	6685336
5680	6686336
5681	6687336
5682	6688336
5683	6689336
5684	6690336
5685	6691336
5686	6692336
5687	6693336
5688	6694336
5689	6695336
5690	6696336
5691	6697336
5692	6698336
5693	6699336
5694	6700336
5695	6701336
5696	6702336
5697	6703336
5698	6704336
5699	6705336
5700	6706336
5701	6707336
5702	6708336
5703	6709336
5704	6710336
5705	6711336
5706	6712336
5707	6713340
5708	6714336
5709	6715336
5710	6716336
5711	6717340
5712	6718336
5713	6719336
5714	6720336
5715	6721340
5716	6722336
5717	6723336
5718	6724336
5719	6725340
5720	6726336
5721	6727336
5722	6728340
5723	6729340
5724	6730336
5725	6731336
5726	6732340
5727	6733340
5728	6734336
5729	6735336
5730	6736336
5731	6737340
5732	6738336
5733	6739336
5734	6740336
5735	6741340
5736	6742336
5737	6743336
5738	6744340
5739	6745340
5740	6746336
5741	6747336
5742	6748340
5743	6749340
5744	6750336
5745	6751336
5746	6752336
5747	6753336
5748	6754336
5749	6755336
5750	6756336
5751	6757336
5752	6758336
5753	6759336
5754	6760340
5755	6761340
5756	6762336
5757	6763340
5758	6764340
5759	6765340
5760	6766336
5761	6767340
5762	6768336
5763	6769336
5764	6770336
5765	6771336
5766	6772336
5767	6773336
5768	6774336
5769	6775336
5770	6776336
5771	6777340
5772	6778336
5773	6779340
5774	6780336
5775	6781340
5776	6782340
5777	6783340
5778	6784336
5779	6785340
5780	6786340
5781	6787340
5782	6788336
5783	6789340
5784	6790340
5785	6791340
5786	6792336
5787	6793340
5788	6794340
5789	6795340
5790	6796340
5791	6797340
5792	6798340
5793	6799340
5794	6800340
5795	6801340
5796	6802340
5797	6803340
5798	6804336
5799	6805340
5800	6806340
5801	6807336
5802	6808336
5803	6809340
5804	6810340
5805	6811340
5806	6812340
5807	6813340
5808	6814340
5809	6815340
5810	6816340
5811	6817340
5812	6818340
5813	6819336
5814	6820336
5815	6821340
5816	6822340
5817	6823336
5818	6824336
5819	6825340
5820	6826340
5821	6827340
5822	6828340
5823	6829340
5824	6830340
5825	6831340
5826	6832340
5827	6833340
5828	6834340
5829	6835336
5830	6836336
5831	6837340
5832	6838336
5833	6839336
5834	6840340
5835	6841340
5836	6842336
5837	6843336
5838	6844340
5839	6845340
5840	6846340
5841	6847340
5842	6848340
5843	6849340
5844	6850340
5845	6851340
5846	6852340
5847	6853340
5848	6854336
5849	6855336
5850	6856340
5851	6857340
5852	6858336
5853	6859336
5854	6860340
5855	6861340
5856	6862340
5857	6863340
5858	6864340
5859	6865340
5860	6866340
5861	6867340
5862	6868340
5863	6869340
5864	6870336
5865	6871340
5866	6872340
5867	6873340
5868	6874336
5869	6875340
5870	6876340
5871	6877340
5872	6878340
5873	6879340
5874	6880340
5875	6881340
5876	6882340
5877	6883340
5878	6884340
5879	6885340
5880	6886336
5881	6887340
5882	6888340
5883	6889340
5884	6890336
5885	6891340
5886	6892336
5887	6893340
5888	6894340
5889	6895340
5890	6896336
5891	6897340
5892	6898340
5893	6899340
5894	6900336
5895	6901340
5896	6902336
5897	6903336
5898	6904336
5899	6905336
5900	6906336
5901	6907336
5902	6908336
5903	6909336
5904	6910336
5905	6911332
5906	6912336
5907	6913340
5908	6914340
5909	6915340
5910	6916336
5911	6917340
5912	6918340
5913	6919336
5914	6920336
5915	6921336
5916	6922336
5917	6923336
5918	6924336
5919	6925336
5920	6926336
5921	6927336
5922	6928336
5923	6929340
5924	6930340
5925	6931336
5926	6932336
5927	6933340
5928	6934340
5929	6935336
5930	6936336
5931	6937340
5932	6938336
5933	6939336
5934	6940336
5935	6941340
5936	6942336
5937	6943336
5938	6944336
5939	6945340
5940	6946340
5941	6947336
5942	6948336
5943	6949340
5944	6950336
5945	6951336
5946	6952336
5947	6953340
5948	6954336
5949	6955336
5950	6956336
5951	6957340
5952	6958336
5953	6959336
5954	6960336
5955	6961340
5956	6962336
5957	6963336
5958	6964340
5959	6965340
5960	6966336
5961	6967336
5962	6968340
5963	6969340
5964	6970336
5965	6971336
5966	6972336
5967	6973340
5968	6974336
5969	6975336
5970	6976336
5971	6977336
5972	6978336
5973	6979336
5974	6980340
5975	6981340
5976	6982336
5977	6983340
5978	6984340
5979	6985340
5980	6986336
5981	6987336
5982	6988336
5983	6989336
5984	6990336
5985	6991336
5986	6992336
5987	6993336
5988	6994336
5989	6995340
5990	6996340
5991	6997340
5992	6998336
5993	6999340
5994	7000340
5995	7001340
5996	7002336
5997	7003336
5998	7004336
5999	7005336
6000	7006336
6001	7007336
6002	7008336
6003	7009336
6004	7010336
6005	7011336
6006	7012336
6007	7013340
6008	7014340
6009	7015340
6010	7016336
6011	7017340
6012	7018340
6013	7019336
6014	7020336
6015	7021336
6016	7022336
6017	7023336
6018	7024336
6019	7025336
6020	7026336
6021	7027336
6022	7028336
6023	7029340
6024	7030340
6025	7031340
6026	7032336
6027	7033340
6028	7034340
6029	7035336
6030	7036336
6031	7037336
6032	7038340
6033	7039336
6034	7040336
6035	7041340
6036	7042340
6037	7043336
6038	7044336
6039	7045340
6040	7046340
6041	7047340
6042	7048340
6043	7049340
6044	7050340
6045	7051340
6046	7052340
6047	7053340
6048	7054340
6049	7055336
6050	7056336
6051	7057340
6052	7058340
6053	7059336
6054	7060336
6055	7061340
6056	7062340
6057	7063340
6058	7064340
6059	7065340
6060	7066340
6061	7067340
6062	7068340
6063	7069340
6064	7070336
6065	7071336
6066	7072340
6067	7073340
6068	7074336
6069	7075336
6070	7076340
6071	7077340
6072	7078336
6073	7079340
6074	7080340
6075	7081340
6076	7082340
6077	7083340
6078	7084340
6079	7085340
6080	7086336
6081	7087336
6082	7088340
6083	7089340
6084	7090340
6085	7091336
6086	7092340
6087	7093340
6088	7094336
6089	7095336
6090	7096340
6091	7097340
6092	7098340
6093	7099340
6094	7100340
6095	7101340
6096	7102340
6097	7103340
6098	7104340
6099	7105340
6100	7106336
6101	7107340
6102	7108340
6103	7109340
6104	7110336
6105	7111340
6106	7112340
6107	7113340
6108	7114340
6109	7115340
6110	7116340
6111	7117340
6112	7118340
6113	7119340
6114	7120336
6115	7121340
6116	7122336
6117	7123340
6118	7124336
6119	7125340
6120	7126340
6121	7127340
6122	7128336
6123	7129340
6124	7130340
6125	7131340
6126	7132340
6127	7133340
6128	7134340
6129	7135340
6130	7136340
6131	7137340
6132	7138340
6133	7139340
6134	7140336
6135	7141340
6136	7142340
6137	7143340
6138	7144336
6139	7145340
6140	7146340
6141	7147340
6142	7148340
6143	7149340
6144	7150340
6145	7151336
6146	7152336
6147	7153340
6148	7154336
6149	7155336
6150	7156336
6151	7157340
6152	7158336
6153	7159336
6154	7160336
6155	7161340
6156	7162336
6157	7163336
6158	7164336
6159	7165340
6160	7166340
6161	7167332
6162	7168336
6163	7169340
6164	7170336
6165	7171336
6166	7172336
6167	7173340
6168	7174336
6169	7175336
6170	7176336
6171	7177340
6172	7178336
6173	7179336
6174	7180336
6175	7181340
6176	7182336
6177	7183336
6178	7184340
6179	7185340
6180	7186336
6181	7187336
6182	7188336
6183	7189340
6184	7190336
6185	7191336
6186	7192336
6187	7193340
6188	7194336
6189	7195336
6190	7196336
6191	7197340
6192	7198336
6193	7199336
6194	7200340
6195	7201340
6196	7202336
6197	7203336
6198	7204336
6199	7205336
6200	7206336
6201	7207336
6202	7208336
6203	7209336
6204	7210336
6205	7211336
6206	7212336
6207	7213340
6208	7214336
6209	7215340
6210	7216340
6211	7217340
6212	7218336
6213	7219340
6214	7220340
6215	7221336
6216	7222336
6217	7223336
6218	7224336
6219	7225336
6220	7226336
6221	7227336
6222	7228336
6223	7229336
6224	7230336
6225	7231340
6226	7232336
6227	7233340
6228	7234336
6229	7235340
6230	7236336
6231	7237336
6232	7238336
6233	7239336
6234	7240336
6235	7241336
6236	7242336
6237	7243336
6238	7244336
6239	7245336
6240	7246336
6241	7247340
6242	7248336
6243	7249340
6244	7250340
6245	7251340
6246	7252336
6247	7253340
6248	7254336
6249	7255336
6250	7256336
6251	7257336
6252	7258336
6253	7259336
6254	7260336
6255	7261336
6256	7262336
6257	7263336
6258	7264336
6259	7265340
6260	7266340
6261	7267336
6262	7268336
6263	7269340
6264	7270340
6265	7271336
6266	7272336
6267	7273340
6268	7274336
6269	7275336
6270	7276336
6271	7277340
6272	7278336
6273	7279336
6274	7280336
6275	7281340
6276	7282340
6277	7283336
6278	7284336
6279	7285340
6280	7286340
6281	7287336
6282	7288336
6283	7289340
6284	7290336
6285	7291336
6286	7292336
6287	7293340
6288	7294336
6289	7295336
6290	7296340
6291	7297340
6292	7298340
6293	7299340
6294	7300340
6295	7301340
6296	7302340
6297	7303340
6298	7304340
6299	7305340
6300	7306336
6301	7307336
6302	7308340
6303	7309340
6304	7310336
6305	7311336
6306	7312340
6307	7313340
6308	7314340
6309	7315340
6310	7316340
6311	7317340
6312	7318340
6313	7319340
6314	7320340
6315	7321340
6316	7322336
6317	7323336
6318	7324340
6319	7325340
6320	7326336
6321	7327340
6322	7328340
6323	7329340
6324	7330336
6325	7331340
6326	7332340
6327	7333340
6328	7334340
6329	7335340
6330	7336340
6331	7337340
6332	7338336
6333	7339340
6334	7340340
6335	7341340
6336	7342336
6337	7343340
6338	7344340
6339	7345340
6340	7346340
6341	7347340
6342	7348340
6343	7349340
6344	7350340
6345	7351340
6346	7352340
6347	7353340
6348	7354340
6349	7355340
6350	7356336
6351	7357340
6352	7358340
6353	7359340
6354	7360336
6355	7361340
6356	7362340
6357	7363340
6358	7364340
6359	7365340
6360	7366340
6361	7367340
6362	7368340
6363	7369340
6364	7370340
6365	7371340
6366	7372336
6367	7373340
6368	7374340
6369	7375336
6370	7376336
6371	7377340
6372	7378340
6373	7379336
6374	7380336
6375	7381340
6376	7382340
6377	7383340
6378	7384340
6379	7385340
6380	7386340
6381	7387340
6382	7388336
6383	7389340
6384	7390340
6385	7391336
6386	7392336
6387	7393340
6388	7394340
6389	7395336
6390	7396336
6391	7397340
6392	7398340
6393	7399340
6394	7400340
6395	7401340
6396	7402340
6397	7403340
6398	7404340
6399	7405340
6400	7406340
6401	7407336
6402	7408336
6403	7409340
6404	7410336
6405	7411336
6406	7412336
6407	7413340
6408	7414336
6409	7415336
6410	7416340
6411	7417340
6412	7418336
6413	7419336
6414	7420340
6415	7421340
6416	7422336
6417	7423332
6418	7424336
6419	7425340
6420	7426336
6421	7427336
6422	7428336
6423	7429340
6424	7430336
6425	7431336
6426	7432340
6427	7433340
6428	7434336
6429	7435336
6430	7436340
6431	7437340
6432	7438336
6433	7439336
6434	7440336
6435	7441336
6436	7442336
6437	7443336
6438	7444336
6439	7445336
6440	7446336
6441	7447336
6442	7448340
6443	7449340
6444	7450336
6445	7451340
6446	7452340
6447	7453340
6448	7454336
6449	7455340
6450	7456336
6451	7457336
6452	7458336
6453	7459336
6454	7460336
6455	7461336
6456	7462336
6457	7463336
6458	7464336
6459	7465340
6460	7466340
6461	7467340
6462	7468336
6463	7469340
6464	7470340
6465	7471340
6466	7472336
6467	7473336
6468	7474336
6469	7475336
6470	7476336
6471	7477336
6472	7478336
6473	7479336
6474	7480336
6475	7481336
6476	7482340
6477	7483340
6478	7484336
6479	7485340
6480	7486340
6481	7487336
6482	7488336
6483	7489336
6484	7490336
6485	7491336
6486	7492336
6487	7493336
6488	7494336
6489	7495336
6490	7496336
6491	7497340
6492	7498336
6493	7499336
6494	7500336
6495	7501340
6496	7502340
6497	7503336
6498	7504336
6499	7505340
6500	7506336
6501	7507336
6502	7508336
6503	7509340
6504	7510336
6505	7511336
6506	7512336
6507	7513340
6508	7514336
6509	7515336
6510	7516336
6511	7517340
6512	7518336
6513	7519336
6514	7520336
6515	7521340
6516	7522336
6517	7523336
6518	7524336
6519	7525340
6520	7526336
6521	7527336
6522	7528336
6523	7529340
6524	7530336
6525	7531336
6526	7532340
6527	7533340
6528	7534336
6529	7535336
6530	7536340
6531	7537340
6532	7538336
6533	7539336
6534	7540336
6535	7541340
6536	7542336
6537	7543336
6538	7544336
6539	7545336
6540	7546336
6541	7547336
6542	7548336
6543	7549340
6544	7550340
6545	7551340
6546	7552340
6547	7553340
6548	7554340
6549	7555340
6550	7556340
6551	7557340
6552	7558336
6553	7559340
6554	7560340
6555	7561340
6556	7562336
6557	7563340
6558	7564340
6559	7565340
6560	7566340
6561	7567340
6562	7568340
6563	7569340
6564	7570340
6565	7571340
6566	7572340
6567	7573340
6568	7574336
6569	7575340
6570	7576336
6571	7577340
6572	7578336
6573	7579340
6574	7580336
6575	7581340
6576	7582340
6577	7583340
6578	7584340
6579	7585340
6580	7586340
6581	7587340
6582	7588340
6583	7589340
6584	7590340
6585	7591340
6586	7592336
6587	7593340
6588	7594340
6589	7595340
6590	7596336
6591	7597340
6592	7598340
6593	7599340
6594	7600340
6595	7601340
6596	7602340
6597	7603340
6598	7604340
6599	7605340
6600	7606340
6601	7607336
6602	7608336
6603	7609340
6604	7610340
6605	7611336
6606	7612336
6607	7613340
6608	7614340
6609	7615336
6610	7616340
6611	7617340
6612	7618340
6613	7619340
6614	7620340
6615	7621340
6616	7622340
6617	7623336
6618	7624336
6619	7625340
6620	7626340
6621	7627336
6622	7628336
6623	7629340
6624	7630336
6625	7631336
6626	7632336
6627	7633340
6628	7634340
6629	7635340
6630	7636340
6631	7637340
6632	7638340
6633	7639340
6634	7640340
6635	7641340
6636	7642336
6637	7643336
6638	7644340
6639	7645340
6640	7646336
6641	7647336
6642	7648340
6643	7649340
6644	7650340
6645	7651340
6646	7652340
6647	7653340
6648	7654340
6649	7655340
6650	7656340
6651	7657340
6652	7658336
6653	7659336
6654	7660340
6655	7661340
6656	7662340
6657	7663336
6658	7664336
6659	7665336
6660	7666336
6661	7667340
6662	7668340
6663	7669340
6664	7670336
6665	7671340
6666	7672340
6667	7673340
6668	7674336
6669	7675336
6670	7676336
6671	7677336
6672	7678336
6673	7679332
6674	7680336
6675	7681336
6676	7682336
6677	7683340
6678	7684340
6679	7685340
6680	7686336
6681	7687340
6682	7688336
6683	7689340
6684	7690336
6685	7691336
6686	7692336
6687	7693336
6688	7694336
6689	7695336
6690	7696336
6691	7697336
6692	7698336
6693	7699336
6694	7700336
6695	7701340
6696	7702340
6697	7703340
6698	7704336
6699	7705340
6700	7706340
6701	7707336
6702	7708336
6703	7709336
6704	7710336
6705	7711336
6706	7712336
6707	7713336
6708	7714336
6709	7715336
6710	7716336
6711	7717340
6712	7718340
6713	7719336
6714	7720336
6715	7721340
6716	7722340
6717	7723336
6718	7724336
6719	7725340
6720	7726336
6721	7727336
6722	7728336
6723	7729340
6724	7730336
6725	7731336
6726	7732336
6727	7733340
6728	7734340
6729	7735336
6730	7736336
6731	7737340
6732	7738340
6733	7739336
6734	7740336
6735	7741340
6736	7742336
6737	7743336
6738	7744336
6739	7745340
6740	7746336
6741	7747336
6742	7748336
6743	7749340
6744	7750336
6745	7751336
6746	7752340
6747	7753340
6748	7754336
6749	7755336
6750	7756340
6751	7757340
6752	7758336
6753	7759336
6754	7760336
6755	7761340
6756	7762336
6757	7763336
6758	7764336
6759	7765340
6760	7766336
6761	7767336
6762	7768340
6763	7769340
6764	7770336
6765	7771336
6766	7772340
6767	7773340
6768	7774336
6769	7775336
6770	7776336
6771	7777336
6772	7778336
6773	7779336
6774	7780336
6775	7781336
6776	7782336
6777	7783336
6778	7784340
6779	7785340
6780	7786336
6781	7787340
6782	7788340
6783	7789340
6784	7790336
6785	7791336
6786	7792336
6787	7793336
6788	7794336
6789	7795336
6790	7796336
6791	7797336
6792	7798336
6793	7799336
6794	7800336
6795	7801340
6796	7802336
6797	7803340
6798	7804336
6799	7805340
6800	7806340
6801	7807340
6802	7808336
6803	7809340
6804	7810340
6805	7811340
6806	7812336
6807	7813340
6808	7814340
6809	7815340
6810	7816336
6811	7817340
6812	7818340
6813	7819340
6814	7820340
6815	7821340
6816	7822340
6817	7823340
6818	7824340
6819	7825340
6820	7826340
6821	7827340
6822	7828336
6823	7829340
6824	7830340
6825	7831336
6826	7832336
6827	7833340
6828	7834340
6829	7835340
6830	7836340
6831	7837340
6832	7838340
6833	7839340
6834	7840340
6835	7841340
6836	7842340
6837	7843336
6838	7844336
6839	7845340
6840	7846340
6841	7847336
6842	7848336
6843	7849340
6844	7850340
6845	7851340
6846	7852340
6847	7853340
6848	7854340
6849	7855340
6850	7856340
6851	7857340
6852	7858340
6853	7859336
6854	7860336
6855	7861340
6856	7862336
6857	7863336
6858	7864340
6859	7865340
6860	7866336
6861	7867336
6862	7868340
6863	7869340
6864	7870340
6865	7871340
6866	7872340
6867	7873340
6868	7874340
6869	7875336
6870	7876340
6871	7877340
6872	7878336
6873	7879336
6874	7880340
6875	7881340
6876	7882336
6877	7883336
6878	7884340
6879	7885340
6880	7886340
6881	7887340
6882	7888340
6883	7889340
6884	7890340
6885	7891340
6886	7892340
6887	7893340
6888	7894336
6889	7895340
6890	7896340
6891	7897340
6892	7898336
6893	7899340
6894	7900340
6895	7901340
6896	7902340
6897	7903340
6898	7904340
6899	7905340
6900	7906340
6901	7907340
6902	7908340
6903	7909340
6904	7910336
6905	7911340
6906	7912340
6907	7913340
6908	7914336
6909	7915340
6910	7916336
6911	7917340
6912	7918340
6913	7919340
6914	7920336
6915	7921340
6916	7922340
6917	7923340
6918	7924336
6919	7925336
6920	7926336
6921	7927336
6922	7928336
6923	7929336
6924	7930336
6925	7931336
6926	7932336
6927	7933336
6928	7934336
6929	7935332
6930	7936336
6931	7937340
6932	7938340
6933	7939340
6934	7940336
6935	7941340
6936	7942336
6937	7943336
6938	7944336
6939	7945336
6940	7946336
6941	7947336
6942	7948336
6943	7949336
6944	7950336
6945	7951336
6946	7952336
6947	7953340
6948	7954340
6949	7955336
6950	7956336
6951	7957340
6952	7958340
6953	7959336
6954	7960336
6955	7961340
6956	7962336
6957	7963336
6958	7964336
6959	7965340
6960	7966336
6961	7967336
6962	7968336
6963	7969340
6964	7970340
6965	7971336
6966	7972336
6967	7973340
6968	7974336
6969	7975336
6970	7976336
6971	7977340
6972	7978336
6973	7979336
6974	7980336
6975	7981340
6976	7982336
6977	7983336
6978	7984336
6979	7985340
6980	7986336
6981	7987336
6982	7988340
6983	7989340
6984	7990336
6985	7991336
6986	7992336
6987	7993340
6988	7994336
6989	7995336
6990	7996336
6991	7997340
6992	7998336
6993	7999336
6994	8000336
6995	8001336
6996	8002336
6997	8003336
6998	8004340
6999	8005340
7000	8006336
7001	8007340
7002	8008340
7003	8009336
7004	8010336
7005	8011336
7006	8012336
7007	8013336
7008	8014336
7009	8015336
7010	8016336
7011	8017336
7012	8018336
7013	8019340
7014	8020340
7015	8021340
7016	8022336
7017	8023340
7018	8024340
7019	8025340
7020	8026336
7021	8027336
7022	8028336
7023	8029336
7024	8030336
7025	8031336
7026	8032336
7027	8033336
7028	8034336
7029	8035340
7030	8036336
7031	8037340
7032	8038340
7033	8039340
7034	8040336
7035	8041340
7036	8042340
7037	8043336
7038	8044336
7039	8045336
7040	8046336
7041	8047336
7042	8048336
7043	8049336
7044	8050336
7045	8051336
7046	8052336
7047	8053340
7048	8054340
7049	8055340
7050	8056336
7051	8057340
7052	8058340
7053	8059336
7054	8060336
7055	8061336
7056	8062340
7057	8063336
7058	8064336
7059	8065340
7060	8066340
7061	8067336
7062	8068336
7063	8069340
7064	8070340
7065	8071340
7066	8072340
7067	8073340
7068	8074340
7069	8075340
7070	8076336
7071	8077340
7072	8078340
7073	8079336
7074	8080336
7075	8081340
7076	8082340
7077	8083336
7078	8084336
7079	8085340
7080	8086340
7081	8087340
7082	8088340
7083	8089340
7084	8090340
7085	8091340
7086	8092340
7087	8093340
7088	8094336
7089	8095336
7090	8096340
7091	8097340
7092	8098336
7093	8099336
7094	8100340
7095	8101340
7096	8102336
7097	8103340
7098	8104340
7099	8105340
7100	8106340
7101	8107340
7102	8108340
7103	8109340
7104	8110336
7105	8111336
7106	8112340
7107	8113340
7108	8114340
7109	8115336
7110	8116340
7111	8117340
7112	8118336
7113	8119340
7114	8120340
7115	8121340
7116	8122340
7117	8123340
7118	8124340
7119	8125340
7120	8126340
7121	8127340
7122	8128340
7123	8129340
7124	8130336
7125	8131340
7126	8132340
7127	8133340
7128	8134336
7129	8135340
7130	8136340
7131	8137340
7132	8138340
7133	8139340
7134	8140340
7135	8141340
7136	8142340
7137	8143340
7138	8144336
7139	8145340
7140	8146336
7141	8147340
7142	8148336
7143	8149340
7144	8150340
7145	8151340
7146	8152336
7147	8153340
7148	8154340
7149	8155340
7150	8156340
7151	8157340
7152	8158340
7153	8159340
7154	8160336
7155	8161340
7156	8162340
7157	8163340
7158	8164336
7159	8165340
7160	8166340
7161	8167340
7162	8168336
7163	8169340
7164	8170340
7165	8171340
7166	8172340
7167	8173340
7168	8174340
7169	8175336
7170	8176336
7171	8177340
7172	8178336
7173	8179336
7174	8180336
7175	8181340
7176	8182336
7177	8183336
7178	8184336
7179	8185340
7180	8186340
7181	8187336
7182	8188336
7183	8189340
7184	8190340
7185	8191332
7186	8192336
7187	8193340
7188	8194336
7189	8195336
7190	8196336
7191	8197340
7192	8198336
7193	8199336
7194	8200336
7195	8201340
7196	8202336
7197	8203336
7198	8204336
7199	8205340
7200	8206336
7201	8207336
7202	8208340
7203	8209340
7204	8210336
7205	8211336
7206	8212336
7207	8213340
7208	8214336
7209	8215336
7210	8216336
7211	8217340
7212	8218336
7213	8219336
7214	8220340
7215	8221340
7216	8222336
7217	8223336
7218	8224340
7219	8225340
7220	8226336
7221	8227336
7222	8228336
7223	8229336
7224	8230336
7225	8231336
7226	8232336
7227	8233336
7228	8234336
7229	8235336
7230	8236336
7231	8237340
7232	8238336
7233	8239340
7234	8240340
7235	8241340
7236	8242336
7237	8243340
7238	8244336
7239	8245336
7240	8246336
7241	8247336
7242	8248336
7243	8249336
7244	8250336
7245	8251336
7246	8252336
7247	8253336
7248	8254336
7249	8255340
7250	8256336
7251	8257340
7252	8258336
7253	8259340
7254	8260336
7255	8261336
7256	8262336
7257	8263336
7258	8264336
7259	8265336
7260	8266336
7261	8267336
7262	8268336
7263	8269336
7264	8270340
7265	8271340
7266	8272336
7267	8273340
7268	8274340
7269	8275340
7270	8276336
7271	8277340
7272	8278336
7273	8279336
7274	8280336
7275	8281336
7276	8282336
7277	8283336
7278	8284336
7279	8285336
7280	8286336
7281	8287336
7282	8288336
7283	8289340
7284	8290340
7285	8291336
7286	8292336
7287	8293340
7288	8294336
7289	8295336
7290	8296336
7291	8297340
7292	8298336
7293	8299336
7294	8300336
7295	8301340
7296	8302336
7297	8303336
7298	8304336
7299	8305340
7300	8306340
7301	8307336
7302	8308336
7303	8309340
7304	8310340
7305	8311336
7306	8312336
7307	8313340
7308	8314336
7309	8315336
7310	8316336
7311	8317340
7312	8318336
7313	8319336
7314	8320340
7315	8321340
7316	8322340
7317	8323340
7318	8324340
7319	8325340
7320	8326340
7321	8327340
7322	8328340
7323	8329340
7324	8330336
7325	8331336
7326	8332340
7327	8333340
7328	8334336
7329	8335336
7330	8336340
7331	8337340
7332	8338340
7333	8339340
7334	8340340
7335	8341340
7336	8342340
7337	8343340
7338	8344340
7339	8345340
7340	8346336
7341	8347336
7342	8348340
7343	8349340
7344	8350336
7345	8351340
7346	8352340
7347	8353340
7348	8354340
7349	8355340
7350	8356340
7351	8357340
7352	8358340
7353	8359340
7354	8360340
7355	8361340
7356	8362336
7357	8363340
7358	8364340
7359	8365340
7360	8366336
7361	8367340
7362	8368340
7363	8369340
7364	8370340
7365	8371340
7366	8372340
7367	8373340
7368	8374340
7369	8375340
7370	8376340
7371	8377340
7372	8378340
7373	8379340
7374	8380336
7375	8381340
7376	8382340
7377	8383340
7378	8384336
7379	8385340
7380	8386340
7381	8387340
7382	8388340
7383	8389340
7384	8390340
7385	8391340
7386	8392340
7387	8393340
7388	8394340
7389	8395340
7390	8396336
7391	8397340
7392	8398340
7393	8399336
7394	8400336
7395	8401340
7396	8402340
7397	8403336
7398	8404336
7399	8405340
7400	8406340
7401	8407340
7402	8408340
7403	8409340
7404	8410340
7405	8411340
7406	8412336
7407	8413340
7408	8414340
7409	8415336
7410	8416336
7411	8417340
7412	8418340
7413	8419336
7414	8420336
7415	8421340
7416	8422340
7417	8423340
7418	8424340
7419	8425340
7420	8426340
7421	8427340
7422	8428340
7423	8429340
7424	8430340
7425	8431336
7426	8432336
7427	8433340
7428	8434336
7429	8435336
7430	8436336
7431	8437340
7432	8438336
7433	8439336
7434	8440340
7435	8441340
7436	8442336
7437	8443336
7438	8444340
7439	8445340
7440	8446336
7441	8447332
7442	8448336
7443	8449340
7444	8450336
7445	8451336
7446	8452336
7447	8453340
7448	8454336
7449	8455336
7450	8456340
7451	8457340
7452	8458336
7453	8459336
7454	8460340
7455	8461340
7456	8462336
7457	8463336
7458	8464336
7459	8465336
7460	8466336
7461	8467336
7462	8468336
7463	8469336
7464	8470336
7465	8471336
7466	8472340
7467	8473340
7468	8474336
7469	8475340
7470	8476340
7471	8477340
7472	8478336
7473	8479336
7474	8480336
7475	8481336
7476	8482336
7477	8483336
7478	8484336
7479	8485336
7480	8486336
7481	8487336
7482	8488336
7483	8489340
7484	8490340
7485	8491340
7486	8492336
7487	8493340
7488	8494340
7489	8495340
7490	8496336
7491	8497336
7492	8498336
7493	8499336
7494	8500336
7495	8501336
7496	8502336
7497	8503336
7498	8504336
7499	8505340
7500	8506340
7501	8507340
7502	8508336
7503	8509340
7504	8510340
7505	8511336
7506	8512336
7507	8513336
7508	8514336
7509	8515336
7510	8516336
7511	8517336
7512	8518336
7513	8519336
7514	8520336
7515	8521340
7516	8522340
7517	8523336
7518	8524336
7519	8525340
7520	8526340
7521	8527336
7522	8528336
7523	8529340
7524	8530336
7525	8531336
7526	8532336
7527	8533340
7528	8534336
7529	8535336
7530	8536336
7531	8537340
7532	8538336
7533	8539336
7534	8540336
7535	8541340
7536	8542336
7537	8543336
7538	8544336
7539	8545340
7540	8546336
7541	8547336
7542	8548336
7543	8549340
7544	8550336
7545	8551336
7546	8552336
7547	8553340
7548	8554336
7549	8555336
7550	8556340
7551	8557340
7552	8558336
7553	8559336
7554	8560340
7555	8561340
7556	8562336
7557	8563336
7558	8564336
7559	8565340
7560	8566336
7561	8567336
7562	8568336
7563	8569336
7564	8570336
7565	8571336
7566	8572340
7567	8573340
7568	8574340
7569	8575340
7570	8576340
7571	8577340
7572	8578340
7573	8579340
7574	8580340
7575	8581340
7576	8582336
7577	8583340
7578	8584340
7579	8585340
7580	8586336
7581	8587340
7582	8588340
7583	8589340
7584	8590340
7585	8591340
7586	8592340
7587	8593340
7588	8594340
7589	8595340
7590	8596336
7591	8597336
7592	8598336
7593	8599336
7594	8600336
7595	8601336
7596	8602336
7597	8603336
7598	8604336
7599	8605336
7600	8606340
7601	8607340
7602	8608336
7603	8609340
7604	8610340
7605	8611340
7606	8612336
7607	8613336
7608	8614336
7609	8615336
7610	8616336
7611	8617336
7612	8618336
7613	8619336
7614	8620336
7615	8621336
7616	8622336
7617	8623340
7618	8624336
7619	8625340
7620	8626340
7621	8627336
7622	8628336
7623	8629340
7624	8630336
7625	8631336
7626	8632336
7627	8633340
7628	8634336
7629	8635336
7630	8636336
7631	8637340
7632	8638336
7633	8639336
7634	8640336
7635	8641340
7636	8642340
7637	8643336
7638	8644336
7639	8645340
7640	8646340
7641	8647336
7642	8648336
7643	8649340
7644	8650336
7645	8651336
7646	8652336
7647	8653340
7648	8654336
7649	8655336
7650	8656336
7651	8657340
7652	8658336
7653	8659336
7654	8660336
7655	8661340
7656	8662336
7657	8663336
7658	8664336
7659	8665340
7660	8666336
7661	8667336
7662	8668336
7663	8669340
7664	8670336
7665	8671336
7666	8672336
7667	8673340
7668	8674336
7669	8675336
7670	8676340
7671	8677340
7672	8678336
7673	8679336
7674	8680336
7675	8681340
7676	8682336
7677	8683336
7678	8684336
7679	8685336
7680	8686340
7681	8687336
7682	8688336
7683	8689336
7684	8690336
7685	8691336
7686	8692336
7687	8693336
7688	8694336
7689	8695336
7690	8696336
7691	8697336
7692	8698336
7693	8699336
7694	8700336
7695	8701336
7696	8702336
7697	8703332
7698	8704336
7699	8705336
7700	8706336
7701	8707336
7702	8708336
7703	8709336
7704	8710336
7705	8711336
7706	8712336
7707	8713336
7708	8714336
7709	8715336
7710	8716336
7711	8717336
7712	8718336
7713	8719336
7714	8720336
7715	8721336
7716	8722336
7717	8723336
7718	8724336
7719	8725336
7720	8726336
7721	8727336
7722	8728336
7723	8729336
7724	8730336
7725	8731336
7726	8732336
7727	8733336
7728	8734336
7729	8735336
7730	8736336
7731	8737336
7732	8738336
7733	8739336
7734	8740336
7735	8741336
7736	8742336
7737	8743336
7738	8744336
7739	8745336
7740	8746336
7741	8747336
7742	8748336
7743	8749336
7744	8750336
7745	8751336
7746	8752336
7747	8753336
7748	8754336
7749	8755336
7750	8756336
7751	8757340
7752	8758336
7753	8759336
7754	8760336
7755	8761340
7756	8762336
7757	8763336
7758	8764336
7759	8765336
7760	8766336
7761	8767336
7762	8768336
7763	8769336
7764	8770336
7765	8771336
7766	8772336
7767	8773336
7768	8774336
7769	8775336
7770	8776336
7771	8777340
7772	8778336
7773	8779336
7774	8780336
7775	8781336
7776	8782336
7777	8783336
7778	8784336
7779	8785336
7780	8786336
7781	8787336
7782	8788336
7783	8789336
7784	8790336
7785	8791336
7786	8792336
7787	8793340
7788	8794336
7789	8795336
7790	8796336
7791	8797336
7792	8798336
7793	8799336
7794	8800336
7795	8801336
7796	8802336
7797	8803336
7798	8804336
7799	8805336
7800	8806336
7801	8807336
7802	8808336
7803	8809336
7804	8810336
7805	8811336
7806	8812336
7807	8813336
7808	8814336
7809	8815336
7810	8816336
7811	8817336
7812	8818336
7813	8819336
7814	8820336
7815	8821336
7816	8822336
7817	8823336
7818	8824336
7819	8825336
7820	8826336
7821	8827336
7822	8828336
7823	8829336
7824	8830336
7825	8831336
7826	8832336
7827	8833336
7828	8834336
7829	8835336
7830	8836336
7831	8837336
7832	8838336
7833	8839336
7834	8840336
7835	8841340
7836	8842340
7837	8843340
7838	8844336
7839	8845340
7840	8846340
7841	8847340
7842	8848336
7843	8849336
7844	8850336
7845	8851336
7846	8852336
7847	8853336
7848	8854336
7849	8855336
7850	8856336
7851	8857336
7852	8858340
7853	8859336
7854	8860336
7855	8861340
7856	8862340
7857	8863336
7858	8864336
7859	8865340
7860	8866336
7861	8867336
7862	8868336
7863	8869340
7864	8870336
7865	8871336
7866	8872336
7867	8873340
7868	8874340
7869	8875336
7870	8876336
7871	8877340
7872	8878340
7873	8879336
7874	8880336
7875	8881340
7876	8882340
7877	8883336
7878	8884336
7879	8885340
7880	8886336
7881	8887336
7882	8888336
7883	8889340
7884	8890336
7885	8891336
7886	8892340
7887	8893340
7888	8894336
7889	8895336
7890	8896340
7891	8897340
7892	8898336
7893	8899336
7894	8900336
7895	8901340
7896	8902336
7897	8903336
7898	8904336
7899	8905340
7900	8906336
7901	8907336
7902	8908340
7903	8909340
7904	8910336
7905	8911336
7906	8912340
7907	8913340
7908	8914336
7909	8915336
7910	8916336
7911	8917336
7912	8918336
7913	8919336
7914	8920336
7915	8921336
7916	8922336
7917	8923336
7918	8924336
7919	8925340
7920	8926336
7921	8927340
7922	8928340
7923	8929340
7924	8930336
7925	8931340
7926	8932336
7927	8933336
7928	8934336
7929	8935336
7930	8936336
7931	8937336
7932	8938336
7933	8939336
7934	8940336
7935	8941340
7936	8942340
7937	8943336
7938	8944336
7939	8945336
7940	8946336
7941	8947336
7942	8948336
7943	8949336
7944	8950336
7945	8951336
7946	8952336
7947	8953336
7948	8954336
7949	8955336
7950	8956336
7951	8957336
7952	8958336
7953	8959332
7954	8960336
7955	8961336
7956	8962336
7957	8963336
7958	8964336
7959	8965336
7960	8966336
7961	8967336
7962	8968336
7963	8969336
7964	8970336
7965	8971336
7966	8972336
7967	8973336
7968	8974336
7969	8975336
7970	8976336
7971	8977340
7972	8978336
7973	8979336
7974	8980336
7975	8981340
7976	8982336
7977	8983336
7978	8984336
7979	8985336
7980	8986336
7981	8987336
7982	8988336
7983	8989336
7984	8990336
7985	8991336
7986	8992336
7987	8993340
7988	8994336
7989	8995336
7990	8996336
7991	8997340
7992	8998336
7993	8999336
7994	9000336
7995	9001336
7996	9002336
7997	9003336
7998	9004336
7999	9005336
8000	9006336
8001	9007336
8002	9008336
8003	9009340
8004	9010336
8005	9011336
8006	9012336
8007	9013340
8008	9014336
8009	9015336
8010	9016336
8011	9017336
8012	9018336
8013	9019336
8014	9020336
8015	9021336
8016	9022336
8017	9023336
8018	9024336
8019	9025336
8020	9026336
8021	9027336
8022	9028336
8023	9029336
8024	9030336
8025	9031336
8026	9032336
8027	9033336
8028	9034336
8029	9035336
8030	9036336
8031	9037336
8032	9038336
8033	9039336
8034	9040336
8035	9041336
8036	9042336
8037	9043336
8038	9044336
8039	9045336
8040	9046336
8041	9047336
8042	9048336
8043	9049336
8044	9050336
8045	9051336
8046	9052336
8047	9053336
8048	9054336
8049	9055336
8050	9056336
8051	9057336
8052	9058336
8053	9059336
8054	9060336
8055	9061336
8056	9062336
8057	9063336
8058	9064336
8059	9065336
8060	9066336
8061	9067336
8062	9068336
8063	9069336
8064	9070336
8065	9071336
8066	9072336
8067	9073336
8068	9074336
8069	9075336
8070	9076336
8071	9077336
8072	9078336
8073	9079336
8074	9080336
8075	9081336
8076	9082336
8077	9083336
8078	9084336
8079	9085336
8080	9086336
8081	9087336
8082	9088336
8083	9089340
8084	9090336
8085	9091336
8086	9092336
8087	9093340
8088	9094340
8089	9095336
8090	9096336
8091	9097340
8092	9098340
8093	9099336
8094	9100336
8095	9101340
8096	9102336
8097	9103336
8098	9104336
8099	9105340
8100	9106336
8101	9107336
8102	9108336
8103	9109340
8104	9110336
8105	9111336
8106	9112336
8107	9113340
8108	9114336
8109	9115336
8110	9116340
8111	9117340
8112	9118336
8113	9119336
8114	9120336
8115	9121340
8116	9122336
8117	9123336
8118	9124336
8119	9125340
8120	9126336
8121	9127336
8122	9128340
8123	9129340
8124	9130336
8125	9131336
8126	9132340
8127	9133340
8128	9134336
8129	9135336
8130	9136336
8131	9137336
8132	9138340
8133	9139336
8134	9140336
8135	9141336
8136	9142336
8137	9143336
8138	9144340
8139	9145340
8140	9146336
8141	9147340
8142	9148340
8143	9149340
8144	9150336
8145	9151336
8146	9152336
8147	9153336
8148	9154336
8149	9155336
8150	9156336
8151	9157336
8152	9158336
8153	9159336
8154	9160340
8155	9161340
8156	9162336
8157	9163340
8158	9164340
8159	9165340
8160	9166336
8161	9167336
8162	9168336
8163	9169336
8164	9170336
8165	9171336
8166	9172336
8167	9173336
8168	9174336
8169	9175336
8170	9176336
8171	9177340
8172	9178340
8173	9179340
8174	9180336
8175	9181340
8176	9182340
8177	9183340
8178	9184336
8179	9185336
8180	9186336
8181	9187336
8182	9188336
8183	9189336
8184	9190336
8185	9191336
8186	9192336
8187	9193340
8188	9194340
8189	9195336
8190	9196336
8191	9197340
8192	9198340
8193	9199336
8194	9200336
8195	9201336
8196	9202336
8197	9203336
8198	9204336
8199	9205336
8200	9206336
8201	9207336
8202	9208336
8203	9209336
8204	9210336
8205	9211336
8206	9212336
8207	9213340
8208	9214336
8209	9215332
8210	9216336
8211	9217336
8212	9218336
8213	9219336
8214	9220336
8215	9221336
8216	9222336
8217	9223336
8218	9224336
8219	9225336
8220	9226336
8221	9227336
8222	9228336
8223	9229340
8224	9230336
8225	9231336
8226	9232336
8227	9233340
8228	9234336
8229	9235336
8230	9236336
8231	9237336
8232	9238336
8233	9239336
8234	9240336
8235	9241336
8236	9242336
8237	9243336
8238	9244336
8239	9245340
8240	9246336
8241	9247336
8242	9248336
8243	9249340
8244	9250336
8245	9251336
8246	9252336
8247	9253336
8248	9254336
8249	9255336
8250	9256336
8251	9257336
8252	9258336
8253	9259336
8254	9260336
8255	9261336
8256	9262336
8257	9263336
8258	9264336
8259	9265336
8260	9266336
8261	9267336
8262	9268336
8263	9269336
8264	9270336
8265	9271336
8266	9272336
8267	9273336
8268	9274336
8269	9275336
8270	9276336
8271	9277336
8272	9278336
8273	9279336
8274	9280336
8275	9281336
8276	9282336
8277	9283336
8278	9284336
8279	9285336
8280	9286336
8281	9287336
8282	9288336
8283	9289336
8284	9290336
8285	9291336
8286	9292336
8287	9293336
8288	9294336
8289	9295336
8290	9296336
8291	9297336
8292	9298336
8293	9299336
8294	9300336
8295	9301336
8296	9302336
8297	9303336
8298	9304336
8299	9305336
8300	9306336
8301	9307336
8302	9308336
8303	9309336
8304	9310336
8305	9311336
8306	9312336
8307	9313336
8308	9314336
8309	9315336
8310	9316336
8311	9317340
8312	9318336
8313	9319336
8314	9320336
8315	9321336
8316	9322336
8317	9323336
8318	9324336
8319	9325336
8320	9326336
8321	9327336
8322	9328336
8323	9329340
8324	9330336
8325	9331336
8326	9332336
8327	9333340
8328	9334336
8329	9335336
8330	9336336
8331	9337336
8332	9338336
8333	9339336
8334	9340336
8335	9341336
8336	9342336
8337	9343336
8338	9344340
8339	9345340
8340	9346336
8341	9347336
8342	9348340
8343	9349340
8344	9350336
8345	9351336
8346	9352336
8347	9353340
8348	9354336
8349	9355336
8350	9356336
8351	9357340
8352	9358336
8353	9359336
8354	9360336
8355	9361340
8356	9362336
8357	9363336
8358	9364340
8359	9365340
8360	9366336
8361	9367336
8362	9368336
8363	9369336
8364	9370336
8365	9371336
8366	9372336
8367	9373336
8368	9374336
8369	9375336
8370	9376336
8371	9377336
8372	9378336
8373	9379340
8374	9380340
8375	9381340
8376	9382336
8377	9383340
8378	9384340
8379	9385336
8380	9386336
8381	9387336
8382	9388336
8383	9389336
8384	9390336
8385	9391336
8386	9392336
8387	9393336
8388	9394340
8389	9395340
8390	9396336
8391	9397340
8392	9398336
8393	9399340
8394	9400336
8395	9401340
8396	9402336
8397	9403336
8398	9404336
8399	9405336
8400	9406336
8401	9407336
8402	9408336
8403	9409336
8404	9410336
8405	9411340
8406	9412336
8407	9413340
8408	9414340
8409	9415340
8410	9416336
8411	9417340
8412	9418340
8413	9419336
8414	9420336
8415	9421336
8416	9422336
8417	9423336
8418	9424336
8419	9425336
8420	9426336
8421	9427336
8422	9428336
8423	9429340
8424	9430340
8425	9431336
8426	9432336
8427	9433340
8428	9434340
8429	9435336
8430	9436336
8431	9437340
8432	9438336
8433	9439336
8434	9440336
8435	9441340
8436	9442336
8437	9443336
8438	9444336
8439	9445340
8440	9446340
8441	9447336
8442	9448336
8443	9449340
8444	9450336
8445	9451336
8446	9452336
8447	9453340
8448	9454340
8449	9455336
8450	9456336
8451	9457336
8452	9458336
8453	9459336
8454	9460336
8455	9461336
8456	9462336
8457	9463336
8458	9464336
8459	9465340
8460	9466336
8461	9467336
8462	9468336
8463	9469336
8464	9470336
8465	9471332
8466	9472336
8467	9473336
8468	9474336
8469	9475336
8470	9476336
8471	9477336
8472	9478336
8473	9479336
8474	9480336
8475	9481336
8476	9482336
8477	9483336
8478	9484336
8479	9485336
8480	9486336
8481	9487336
8482	9488336
8483	9489336
8484	9490336
8485	9491336
8486	9492336
8487	9493336
8488	9494336
8489	9495336
8490	9496336
8491	9497336
8492	9498336
8493	9499336
8494	9500336
8495	9501336
8496	9502336
8497	9503336
8498	9504336
8499	9505336
8500	9506336
8501	9507336
8502	9508336
8503	9509336
8504	9510336
8505	9511336
8506	9512336
8507	9513336
8508	9514336
8509	9515336
8510	9516336
8511	9517336
8512	9518336
8513	9519336
8514	9520336
8515	9521336
8516	9522336
8517	9523332
8518	9524336
8519	9525336
8520	9526336
8521	9527336
8522	9528336
8523	9529336
8524	9530336
8525	9531336
8526	9532336
8527	9533336
8528	9534336
8529	9535336
8530	9536336
8531	9537336
8532	9538336
8533	9539336
8534	9540336
8535	9541336
8536	9542336
8537	9543336
8538	9544336
8539	9545340
8540	9546336
8541	9547336
8542	9548336
8543	9549340
8544	9550336
8545	9551336
8546	9552336
8547	9553336
8548	9554336
8549	9555336
8550	9556336
8551	9557336
8552	9558336
8553	9559336
8554	9560336
8555	9561336
8556	9562336
8557	9563336
8558	9564336
8559	9565340
8560	9566336
8561	9567336
8562	9568336
8563	9569340
8564	9570336
8565	9571336
8566	9572336
8567	9573336
8568	9574336
8569	9575336
8570	9576336
8571	9577336
8572	9578336
8573	9579336
8574	9580336
8575	9581340
8576	9582336
8577	9583336
8578	9584336
8579	9585340
8580	9586336
8581	9587336
8582	9588336
8583	9589336
8584	9590336
8585	9591336
8586	9592336
8587	9593336
8588	9594336
8589	9595336
8590	9596336
8591	9597336
8592	9598336
8593	9599340
8594	9600340
8595	9601340
8596	9602336
8597	9603336
8598	9604336
8599	9605336
8600	9606336
8601	9607336
8602	9608336
8603	9609336
8604	9610336
8605	9611336
8606	9612336
8607	9613340
8608	9614336
8609	9615340
8610	9616340
8611	9617340
8612	9618336
8613	9619340
8614	9620336
8615	9621336
8616	9622336
8617	9623336
8618	9624336
8619	9625336
8620	9626336
8621	9627336
8622	9628336
8623	9629340
8624	9630340
8625	9631340
8626	9632336
8627	9633340
8628	9634340
8629	9635340
8630	9636336
8631	9637336
8632	9638336
8633	9639336
8634	9640336
8635	9641336
8636	9642336
8637	9643336
8638	9644336
8639	9645336
8640	9646340
8641	9647340
8642	9648336
8643	9649340
8644	9650340
8645	9651336
8646	9652336
8647	9653336
8648	9654336
8649	9655336
8650	9656336
8651	9657340
8652	9658336
8653	9659336
8654	9660336
8655	9661340
8656	9662336
8657	9663336
8658	9664336
8659	9665340
8660	9666340
8661	9667336
8662	9668336
8663	9669340
8664	9670336
8665	9671336
8666	9672336
8667	9673340
8668	9674336
8669	9675336
8670	9676336
8671	9677340
8672	9678336
8673	9679336
8674	9680336
8675	9681340
8676	9682336
8677	9683336
8678	9684336
8679	9685340
8680	9686336
8681	9687336
8682	9688336
8683	9689340
8684	9690336
8685	9691336
8686	9692336
8687	9693340
8688	9694336
8689	9695336
8690	9696340
8691	9697340
8692	9698336
8693	9699336
8694	9700340
8695	9701340
8696	9702336
8697	9703336
8698	9704336
8699	9705340
8700	9706336
8701	9707336
8702	9708336
8703	9709336
8704	9710340
8705	9711336
8706	9712336
8707	9713336
8708	9714336
8709	9715336
8710	9716336
8711	9717336
8712	9718336
8713	9719336
8714	9720336
8715	9721336
8716	9722336
8717	9723336
8718	9724336
8719	9725336
8720	9726336
8721	9727332
8722	9728336
8723	9729336
8724	9730336
8725	9731336
8726	9732336
8727	9733336
8728	9734336
8729	9735336
8730	9736336
8731	9737336
8732	9738336
8733	9739336
8734	9740336
8735	9741336
8736	9742336
8737	9743336
8738	9744336
8739	9745336
8740	9746336
8741	9747336
8742	9748336
8743	9749336
8744	9750336
8745	9751336
8746	9752336
8747	9753336
8748	9754336
8749	9755336
8750	9756336
8751	9757336
8752	9758336
8753	9759336
8754	9760336
8755	9761336
8756	9762336
8757	9763336
8758	9764336
8759	9765336
8760	9766336
8761	9767336
8762	9768336
8763	9769336
8764	9770336
8765	9771336
8766	9772336
8767	9773336
8768	9774336
8769	9775336
8770	9776336
8771	9777336
8772	9778336
8773	9779336
8774	9780336
8775	9781340
8776	9782336
8777	9783336
8778	9784336
8779	9785340
8780	9786336
8781	9787336
8782	9788336
8783	9789336
8784	9790336
8785	9791336
8786	9792336
8787	9793336
8788	9794336
8789	9795336
8790	9796336
8791	9797340
8792	9798336
8793	9799336
8794	9800336
8795	9801340
8796	9802336
8797	9803336
8798	9804336
8799	9805336
8800	9806336
8801	9807336
8802	9808336
8803	9809336
8804	9810336
8805	9811336
8806	9812336
8807	9813336
8808	9814336
8809	9815336
8810	9816336
8811	9817340
8812	9818336
8813	9819336
8814	9820336
8815	9821336
8816	9822336
8817	9823336
8818	9824336
8819	9825336
8820	9826336
8821	9827336
8822	9828336
8823	9829336
8824	9830336
8825	9831336
8826	9832336
8827	9833336
8828	9834336
8829	9835336
8830	9836336
8831	9837336
8832	9838336
8833	9839336
8834	9840336
8835	9841336
8836	9842336
8837	9843336
8838	9844336
8839	9845336
8840	9846336
8841	9847336
8842	9848336
8843	9849336
8844	9850336
8845	9851336
8846	9852336
8847	9853336
8848	9854336
8849	9855336
8850	9856336
8851	9857336
8852	9858336
8853	9859336
8854	9860336
8855	9861336
8856	9862336
8857	9863336
8858	9864336
8859	9865340
8860	9866340
8861	9867340
8862	9868336
8863	9869340
8864	9870340
8865	9871340
8866	9872336
8867	9873336
8868	9874336
8869	9875336
8870	9876336
8871	9877336
8872	9878336
8873	9879336
8874	9880336
8875	9881340
8876	9882340
8877	9883336
8878	9884336
8879	9885340
8880	9886340
8881	9887336
8882	9888336
8883	9889340
8884	9890336
8885	9891336
8886	9892336
8887	9893340
8888	9894336
8889	9895336
8890	9896336
8891	9897340
8892	9898340
8893	9899336
8894	9900336
8895	9901340
8896	9902340
8897	9903336
8898	9904336
8899	9905340
8900	9906340
8901	9907336
8902	9908336
8903	9909340
8904	9910336
8905	9911336
8906	9912336
8907	9913340
8908	9914336
8909	9915336
8910	9916340
8911	9917340
8912	9918336
8913	9919336
8914	9920340
8915	9921340
8916	9922336
8917	9923336
8918	9924336
8919	9925340
8920	9926336
8921	9927336
8922	9928336
8923	9929340
8924	9930336
8925	9931336
8926	9932340
8927	9933340
8928	9934336
8929	9935336
8930	9936340
8931	9937340
8932	9938336
8933	9939336
8934	9940336
8935	9941336
8936	9942336
8937	9943336
8938	9944336
8939	9945336
8940	9946336
8941	9947336
8942	9948340
8943	9949340
8944	9950336
8945	9951340
8946	9952340
8947	9953340
8948	9954336
8949	9955336
8950	9956336
8951	9957336
8952	9958336
8953	9959336
8954	9960336
8955	9961336
8956	9962336
8957	9963336
8958	9964336
8959	9965340
8960	9966340
8961	9967336
8962	9968336
8963	9969336
8964	9970336
8965	9971336
8966	9972336
8967	9973336
8968	9974336
8969	9975336
8970	9976336
8971	9977336
8972	9978336
8973	9979336
8974	9980336
8975	9981336
8976	9982336
8977	9983332
8978	9984336
8979	9985336
8980	9986336
8981	9987336
8982	9988336
8983	9989336
8984	9990336
8985	9991336
8986	9992336
8987	9993336
8988	9994336
8989	9995336
8990	9996336
8991	9997336
8992	9998336
8993	9999336
8994	-1
8995	-1
8996	-1
8997	-1
8998	-1
8999	-1
9000	-1
9001	-1
9002	-1
9003	-1
9004	-1
9005	-1
9006	-1
9007	-1
9008	-1
9009	-1
9010	-1
9011	-1
9012	-1
9013	-1
9014	-1
9015	-1
9016	-1
9017	-1
9018	-1
9019	-1
9020	-1
9021	-1
9022	-1
9023	-1
9024	-1
9025	-1
9026	-1
9027	-1
9028	-1
9029	-1
9030	-1
9031	-1
9032	-1
9033	-1
9034	-1
9035	-1
9036	-1
9037	-1
9038	-1
9039	-1
9040	-1
9041	-1
9042	-1
9043	-1
9044	-1
9045	-1
9046	-1
9047	-1
9048	-1
9049	-1
9050	-1
9051	-1
9052	-1
9053	-1
9054	-1
9055	-1
9056	-1
9057	-1
9058	-1
9059	-1
9060	-1
9061	-1
9062	-1
9063	-1
9064	-1
9065	-1
9066	-1
9067	-1
9068	-1
9069	-1
9070	-1
9071	-1
9072	-1
9073	-1
9074	-1
9075	-1
9076	-1
9077	-1
9078	-1
9079	-1
9080	-1
9081	-1
9082	-1
9083	-1
9084	-1
9085	-1
9086	-1
9087	-1
9088	-1
9089	-1
9090	-1
9091	-1
9092	-1
9093	-1
9094	-1
9095	-1
9096	-1
9097	-1
9098	-1
9099	-1
9100	-1
9101	-1
9102	-1
9103	-1
9104	-1
9105	-1
9106	-1
9107	-1
9108	-1
9109	-1
9110	-1
9111	-1
9112	-1
9113	-1
9114	-1
9115	-1
9116	-1
9117	-1
9118	-1
9119	-1
9120	-1
9121	-1
9122	-1
9123	-1
9124	-1
9125	-1
9126	-1
9127	-1
9128	-1
9129	-1
9130	-1
9131	-1
9132	-1
9133	-1
9134	-1
9135	-1
9136	-1
9137	-1
9138	-1
9139	-1
9140	-1
9141	-1
9142	-1
9143	-1
9144	-1
9145	-1
9146	-1
9147	-1
9148	-1
9149	-1
9150	-1
9151	-1
9152	-1
9153	-1
9154	-1
9155	-1
9156	-1
9157	-1
9158	-1
9159	-1
9160	-1
9161	-1
9162	-1
9163	-1
9164	-1
9165	-1
9166	-1
9167	-1
9168	-1
9169	-1
9170	-1
9171	-1
9172	-1
9173	-1
9174	-1
9175	-1
9176	-1
9177	-1
9178	-1
9179	-1
9180	-1
9181	-1
9182	-1
9183	-1
9184	-1
9185	-1
9186	-1
9187	-1
9188	-1
9189	-1
9190	-1
9191	-1
9192	-1
9193	-1
9194	-1
9195	-1
9196	-1
9197	-1
9198	-1
9199	-1
9200	-1
9201	-1
9202	-1
9203	-1
9204	-1
9205	-1
9206	-1
9207	-1
9208	-1
9209	-1
9210	-1
9211	-1
9212	-1
9213	-1
9214	-1
9215	-1
9216	-1
9217	-1
9218	-1
9219	-1
9220	-1
9221	-1
9222	-1
9223	-1
9224	-1
9225	-1
9226	-1
9227	-1
9228	-1
9229	-1
9230	-1
9231	-1
9232	-1
9233	-1
9234	-1
9235	-1
9236	-1
9237	-1
9238	-1
9239	-1
9240	-1
9241	-1
9242	-1
9243	-1
9244	-1
9245	-1
9246	-1
9247	-1
9248	-1
9249	-1
9250	-1
9251	-1
9252	-1
9253	-1
9254	-1
9255	-1
9256	-1
9257	-1
9258	-1
9259	-1
9260	-1
9261	-1
9262	-1
9263	-1
9264	-1
9265	-1
9266	-1
9267	-1
9268	-1
9269	-1
9270	-1
9271	-1
9272	-1
9273	-1
9274	-1
9275	-1
9276	-1
9277	-1
9278	-1
9279	-1
9280	-1
9281	-1
9282	-1
9283	-1
9284	-1
9285	-1
9286	-1
9287	-1
9288	-1
9289	-1
9290	-1
9291	-1
9292	-1
9293	-1
9294	-1
9295	-1
9296	-1
9297	-1
9298	-1
9299	-1
9300	-1
9301	-1
9302	-1
9303	-1
9304	-1
9305	-1
9306	-1
9307	-1
9308	-1
9309	-1
9310	-1
9311	-1
9312	-1
9313	-1
9314	-1
9315	-1
9316	-1
9317	-1
9318	-1
9319	-1
9320	-1
9321	-1
9322	-1
9323	-1
9324	-1
9325	-1
9326	-1
9327	-1
9328	-1
9329	-1
9330	-1
9331	-1
9332	-1
9333	-1
9334	-1
9335	-1
9336	-1
9337	-1
9338	-1
9339	-1
9340	-1
9341	-1
9342	-1
9343	-1
9344	-1
9345	-1
9346	-1
9347	-1
9348	-1
9349	-1
9350	-1
9351	-1
9352	-1
9353	-1
9354	-1
9355	-1
9356	-1
9357	-1
9358	-1
9359	-1
9360	-1
9361	-1
9362	-1
9363	-1
9364	-1
9365	-1
9366	-1
9367	-1
9368	-1
9369	-1
9370	-1
9371	-1
9372	-1
9373	-1
9374	-1
9375	-1
9376	-1
9377	-1
9378	-1
9379	-1
9380	-1
9381	-1
9382	-1
9383	-1
9384	-1
9385	-1
9386	-1
9387	-1
9388	-1
9389	-1
9390	-1
9391	-1
9392	-1
9393	-1
9394	-1
9395	-1
9396	-1
9397	-1
9398	-1
9399	-1
9400	-1
9401	-1
9402	-1
9403	-1
9404	-1
9405	-1
9406	-1
9407	-1
9408	-1
9409	-1
9410	-1
9411	-1
9412	-1
9413	-1
9414	-1
9415	-1
9416	-1
9417	-1
9418	-1
9419	-1
9420	-1
9421	-1
9422	-1
9423	-1
9424	-1
9425	-1
9426	-1
9427	-1
9428	-1
9429	-1
9430	-1
9431	-1
9432	-1
9433	-1
9434	-1
9435	-1
9436	-1
9437	-1
9438	-1
9439	-1
9440	-1
9441	-1
9442	-1
9443	-1
9444	-1
9445	-1
9446	-1
9447	-1
9448	-1
9449	-1
9450	-1
9451	-1
9452	-1
9453	-1
9454	-1
9455	-1
9456	-1
9457	-1
9458	-1
9459	-1
9460	-1
9461	-1
9462	-1
9463	-1
9464	-1
9465	-1
9466	-1
9467	-1
9468	-1
9469	-1
9470	-1
9471	-1
9472	-1
9473	-1
9474	-1
9475	-1
9476	-1
9477	-1
9478	-1
9479	-1
9480	-1
9481	-1
9482	-1
9483	-1
9484	-1
9485	-1
9486	-1
9487	-1
9488	-1
9489	-1
9490	-1
9491	-1
9492	-1
9493	-1
9494	-1
9495	-1
9496	-1
9497	-1
9498	-1
9499	-1
9500	-1
9501	-1
9502	-1
9503	-1
9504	-1
9505	-1
9506	-1
9507	-1
9508	-1
9509	-1
9510	-1
9511	-1
9512	-1
9513	-1
9514	-1
9515	-1
9516	-1
9517	-1
9518	-1
9519	-1
9520	-1
9521	-1
9522	-1
9523	-1
9524	-1
9525	-1
9526	-1
9527	-1
9528	-1
9529	-1
9530	-1
9531	-1
9532	-1
9533	-1
9534	-1
9535	-1
9536	-1
9537	-1
9538	-1
9539	-1
9540	-1
9541	-1
9542	-1
9543	-1
9544	-1
9545	-1
9546	-1
9547	-1
9548	-1
9549	-1
9550	-1
9551	-1
9552	-1
9553	-1
9554	-1
9555	-1
9556	-1
9557	-1
9558	-1
9559	-1
9560	-1
9561	-1
9562	-1
9563	-1
9564	-1
9565	-1
9566	-1
9567	-1
9568	-1
9569	-1
9570	-1
9571	-1
9572	-1
9573	-1
9574	-1
9575	-1
9576	-1
9577	-1
9578	-1
9579	-1
9580	-1
9581	-1
9582	-1
9583	-1
9584	-1
9585	-1
9586	-1
9587	-1
9588	-1
9589	-1
9590	-1
9591	-1
9592	-1
9593	-1
9594	-1
9595	-1
9596	-1
9597	-1
9598	-1
9599	-1
9600	-1
9601	-1
9602	-1
9603	-1
9604	-1
9605	-1
9606	-1
9607	-1
9608	-1
9609	-1
9610	-1
9611	-1
9612	-1
9613	-1
9614	-1
9615	-1
9616	-1
9617	-1
9618	-1
9619	-1
9620	-1
9621	-1
9622	-1
9623	-1
9624	-1
9625	-1
9626	-1
9627	-1
9628	-1
9629	-1
9630	-1
9631	-1
9632	-1
9633	-1
9634	-1
9635	-1
9636	-1
9637	-1
9638	-1
9639	-1
9640	-1
9641	-1
9642	-1
9643	-1
9644	-1
9645	-1
9646	-1
9647	-1
9648	-1
9649	-1
9650	-1
9651	-1
9652	-1
9653	-1
9654	-1
9655	-1
9656	-1
9657	-1
9658	-1
9659	-1
9660	-1
9661	-1
9662	-1
9663	-1
9664	-1
9665	-1
9666	-1
9667	-1
9668	-1
9669	-1
9670	-1
9671	-1
9672	-1
9673	-1
9674	-1
9675	-1
9676	-1
9677	-1
9678	-1
9679	-1
9680	-1
9681	-1
9682	-1
9683	-1
9684	-1
9685	-1
9686	-1
9687	-1
9688	-1
9689	-1
9690	-1
9691	-1
9692	-1
9693	-1
9694	-1
9695	-1
9696	-1
9697	-1
9698	-1
9699	-1
9700	-1
9701	-1
9702	-1
9703	-1
9704	-1
9705	-1
9706	-1
9707	-1
9708	-1
9709	-1
9710	-1
9711	-1
9712	-1
9713	-1
9714	-1
9715	-1
9716	-1
9717	-1
9718	-1
9719	-1
9720	-1
9721	-1
9722	-1
9723	-1
9724	-1
9725	-1
9726	-1
9727	-1
9728	-1
9729	-1
9730	-1
9731	-1
9732	-1
9733	-1
9734	-1
9735	-1
9736	-1
9737	-1
9738	-1
9739	-1
9740	-1
9741	-1
9742	-1
9743	-1
9744	-1
9745	-1
9746	-1
9747	-1
9748	-1
9749	-1
9750	-1
9751	-1
9752	-1
9753	-1
9754	-1
9755	-1
9756	-1
9757	-1
9758	-1
9759	-1
9760	-1
9761	-1
9762	-1
9763	-1
9764	-1
9765	-1
9766	-1
9767	-1
9768	-1
9769	-1
9770	-1
9771	-1
9772	-1
9773	-1
9774	-1
9775	-1
9776	-1
9777	-1
9778	-1
9779	-1
9780	-1
9781	-1
9782	-1
9783	-1
9784	-1
9785	-1
9786	-1
9787	-1
9788	-1
9789	-1
9790	-1
9791	-1
9792	-1
9793	-1
9794	-1
9795	-1
9796	-1
9797	-1
9798	-1
9799	-1
9800	-1
9801	-1
9802	-1
9803	-1
9804	-1
9805	-1
9806	-1
9807	-1
9808	-1
9809	-1
9810	-1
9811	-1
9812	-1
9813	-1
9814	-1
9815	-1
9816	-1
9817	-1
9818	-1
9819	-1
9820	-1
9821	-1
9822	-1
9823	-1
9824	-1
9825	-1
9826	-1
9827	-1
9828	-1
9829	-1
9830	-1
9831	-1
9832	-1
9833	-1
9834	-1
9835	-1
9836	-1
9837	-1
9838	-1
9839	-1
9840	-1
9841	-1
9842	-1
9843	-1
9844	-1
9845	-1
9846	-1
9847	-1
9848	-1
9849	-1
9850	-1
9851	-1
9852	-1
9853	-1
9854	-1
9855	-1
9856	-1
9857	-1
9858	-1
9859	-1
9860	-1
9861	-1
9862	-1
9863	-1
9864	-1
9865	-1
9866	-1
9867	-1
9868	-1
9869	-1
9870	-1
9871	-1
9872	-1
9873	-1
9874	-1
9875	-1
9876	-1
9877	-1
9878	-1
9879	-1
9880	-1
9881	-1
9882	-1
9883	-1
9884	-1
9885	-1
9886	-1
9887	-1
9888	-1
9889	-1
9890	-1
9891	-1
9892	-1
9893	-1
9894	-1
9895	-1
9896	-1
9897	-1
9898	-1
9899	-1
9900	-1
9901	-1
9902	-1
9903	-1
9904	-1
9905	-1
9906	-1
9907	-1
9908	-1
9909	-1
9910	-1
9911	-1
9912	-1
9913	-1
9914	-1
9915	-1
9916	-1
9917	-1
9918	-1
9919	-1
9920	-1
9921	-1
9922	-1
9923	-1
9924	-1
9925	-1
9926	-1
9927	-1
9928	-1
9929	-1
9930	-1
9931	-1
9932	-1
9933	-1
9934	-1
9935	-1
9936	-1
9937	-1
9938	-1
9939	-1
9940	-1
9941	-1
9942	-1
9943	-1
9944	-1
9945	-1
9946	-1
9947	-1
9948	-1
9949	-1
9950	-1
9951	-1
9952	-1
9953	-1
9954	-1
9955	-1
9956	-1
9957	-1
9958	-1
9959	-1
9960	-1
9961	-1
9962	-1
9963	-1
9964	-1
9965	-1
9966	-1
9967	-1
9968	-1
9969	-1
9970	-1
9971	-1
9972	-1
9973	-1
9974	-1
9975	-1
9976	-1
9977	-1
9978	-1
9979	-1
9980	-1
9981	-1
9982	-1
9983	-1
9984	-1
9985	-1
9986	-1
9987	-1
9988	-1
9989	-1
9990	-1
9991	-1
9992	-1
9993	-1
9994	-1
9995	-1
9996	-1
9997	-1
9998	-1
9999	-1
