0	1006759
1	1007572
2	1008564
3	1009568
4	1010564
5	1011564
6	1012564
7	1013560
8	1014564
9	1015564
10	1016564
11	1017568
12	1018568
13	1019564
14	1020564
15	1021564
16	1022560
17	1023560
18	1024568
19	1025564
20	1026564
21	1027564
22	1028564
23	1029568
24	1030564
25	1031568
26	1032568
27	1033568
28	1034564
29	1035568
30	1036564
31	1037564
32	1038560
33	1039564
34	1040568
35	1041564
36	1042564
37	1043564
38	1044568
39	1045564
40	1046568
41	1047564
42	1048568
43	1049564
44	1050564
45	1051568
46	1052564
47	1053568
48	1054568
49	1055568
50	1056568
51	1057564
52	1058564
53	1059564
54	1060564
55	1061568
56	1062568
57	1063564
58	1064564
59	1065564
60	1066568
61	1067568
62	1068564
63	1069560
64	1070568
65	1071568
66	1072568
67	1073568
68	1074568
69	1075564
70	1076568
71	1077568
72	1078564
73	1079560
74	1080568
75	1081564
76	1082568
77	1083568
78	1084564
79	1085564
80	1086564
81	1087564
82	1088564
83	1089564
84	1090560
85	1091568
86	1092572
87	1093568
88	1094568
89	1095568
90	1096568
91	1097564
92	1098568
93	1099564
94	1100560
95	1101564
96	1102568
97	1103568
98	1104564
99	1105564
100	1106568
101	1107568
102	1108564
103	1109564
104	1110564
105	1111564
106	1112564
107	1113568
108	1114556
109	1115564
110	1116568
111	1117564
112	1118564
113	1119568
114	1120564
115	1121568
116	1122572
117	1123564
118	1124568
119	1125568
120	1126564
121	1127564
122	1128560
123	1129564
124	1130568
125	1131568
126	1132560
127	1133564
128	1134560
129	1135564
130	1136564
131	1137568
132	1138564
133	1139564
134	1140564
135	1141568
136	1142560
137	1143564
138	1144568
139	1145572
140	1146564
141	1147564
142	1148568
143	1149560
144	1150568
145	1151564
146	1152568
147	1153564
148	1154568
149	1155564
150	1156568
151	1157568
152	1158568
153	1159568
154	1160564
155	1161564
156	1162564
157	1163568
158	1164564
159	1165568
160	1166560
161	1167568
162	1168564
163	1169568
164	1170564
165	1171560
166	1172564
167	1173568
168	1174568
169	1175568
170	1176564
171	1177568
172	1178560
173	1179568
174	1180568
175	1181568
176	1182568
177	1183564
178	1184568
179	1185564
180	1186568
181	1187568
182	1188564
183	1189564
184	1190564
185	1191568
186	1192572
187	1193568
188	1194568
189	1195572
190	1196568
191	1197564
192	1198564
193	1199568
194	1200568
195	1201560
196	1202568
197	1203568
198	1204568
199	1205568
200	1206564
201	1207564
202	1208564
203	1209568
204	1210564
205	1211568
206	1212564
207	1213568
208	1214572
209	1215564
210	1216568
211	1217572
212	1218568
213	1219568
214	1220568
215	1221560
216	1222564
217	1223568
218	1224564
219	1225568
220	1226564
221	1227564
222	1228568
223	1229564
224	1230564
225	1231564
226	1232560
227	1233568
228	1234564
229	1235564
230	1236564
231	1237568
232	1238568
233	1239564
234	1240568
235	1241568
236	1242568
237	1243568
238	1244568
239	1245572
240	1246564
241	1247572
242	1248568
243	1249568
244	1250568
245	1251564
246	1252568
247	1253564
248	1254568
249	1255568
250	1256564
251	1257568
252	1258564
253	1259572
254	1260564
255	1261568
256	1262568
257	1263568
258	1264568
259	1265572
260	1266572
261	1267572
262	1268564
263	1269568
264	1270572
265	1271572
266	1272576
267	1273568
268	1274568
269	1275572
270	1276572
271	1277572
272	1278568
273	1279560
274	1280576
275	1281572
276	1282568
277	1283568
278	1284568
279	1285568
280	1286568
281	1287572
282	1288568
283	1289572
284	1290572
285	1291572
286	1292576
287	1293568
288	1294572
289	1295572
290	1296576
291	1297572
292	1298568
293	1299572
294	1300572
295	1301572
296	1302568
297	1303572
298	1304568
299	1305568
300	1306572
301	1307568
302	1308572
303	1309568
304	1310572
305	1311568
306	1312568
307	1313568
308	1314568
309	1315572
310	1316572
311	1317576
312	1318572
313	1319568
314	1320572
315	1321572
316	1322572
317	1323568
318	1324568
319	1325572
320	1326572
321	1327572
322	1328572
323	1329572
324	1330572
325	1331564
326	1332568
327	1333568
328	1334572
329	1335568
330	1336572
331	1337572
332	1338568
333	1339572
334	1340572
335	1341572
336	1342572
337	1343568
338	1344572
339	1345572
340	1346568
341	1347572
342	1348572
343	1349572
344	1350572
345	1351568
346	1352572
347	1353572
348	1354568
349	1355572
350	1356568
351	1357572
352	1358568
353	1359576
354	1360572
355	1361572
356	1362572
357	1363572
358	1364572
359	1365572
360	1366572
361	1367572
362	1368576
363	1369572
364	1370564
365	1371572
366	1372572
367	1373572
368	1374568
369	1375568
370	1376572
371	1377572
372	1378576
373	1379568
374	1380572
375	1381572
376	1382568
377	1383572
378	1384568
379	1385572
380	1386572
381	1387572
382	1388568
383	1389568
384	1390568
385	1391572
386	1392572
387	1393576
388	1394568
389	1395568
390	1396568
391	1397572
392	1398568
393	1399572
394	1400568
395	1401568
396	1402576
397	1403572
398	1404572
399	1405572
400	1406576
401	1407568
402	1408572
403	1409572
404	1410572
405	1411568
406	1412572
407	1413576
408	1414572
409	1415572
410	1416572
411	1417572
412	1418572
413	1419568
414	1420576
415	1421572
416	1422572
417	1423572
418	1424572
419	1425576
420	1426568
421	1427568
422	1428572
423	1429572
424	1430572
425	1431568
426	1432572
427	1433572
428	1434568
429	1435572
430	1436572
431	1437568
432	1438568
433	1439572
434	1440572
435	1441572
436	1442572
437	1443576
438	1444568
439	1445572
440	1446572
441	1447568
442	1448568
443	1449572
444	1450572
445	1451576
446	1452572
447	1453568
448	1454572
449	1455572
450	1456568
451	1457572
452	1458572
453	1459568
454	1460568
455	1461568
456	1462576
457	1463576
458	1464572
459	1465576
460	1466572
461	1467568
462	1468568
463	1469568
464	1470576
465	1471572
466	1472568
467	1473572
468	1474572
469	1475568
470	1476572
471	1477572
472	1478572
473	1479572
474	1480572
475	1481572
476	1482576
477	1483568
478	1484568
479	1485572
480	1486576
481	1487568
482	1488572
483	1489568
484	1490572
485	1491568
486	1492576
487	1493576
488	1494568
489	1495568
490	1496572
491	1497572
492	1498568
493	1499572
494	1500572
495	1501568
496	1502572
497	1503568
498	1504568
499	1505576
500	1506568
501	1507572
502	1508572
503	1509572
504	1510572
505	1511568
506	1512572
507	1513576
508	1514568
509	1515568
510	1516568
511	1517572
512	1518572
513	1519568
514	1520576
515	1521568
516	1522568
517	1523572
518	1524572
519	1525572
520	1526572
521	1527572
522	1528576
523	1529572
524	1530572
525	1531572
526	1532572
527	1533576
528	1534568
529	1535560
530	1536568
531	1537572
532	1538564
533	1539568
534	1540576
535	1541572
536	1542572
537	1543572
538	1544568
539	1545572
540	1546576
541	1547572
542	1548568
543	1549576
544	1550572
545	1551572
546	1552572
547	1553572
548	1554568
549	1555576
550	1556572
551	1557568
552	1558572
553	1559572
554	1560572
555	1561572
556	1562572
557	1563572
558	1564568
559	1565572
560	1566572
561	1567572
562	1568572
563	1569576
564	1570568
565	1571568
566	1572564
567	1573572
568	1574572
569	1575568
570	1576576
571	1577576
572	1578572
573	1579572
574	1580572
575	1581572
576	1582576
577	1583568
578	1584572
579	1585568
580	1586572
581	1587564
582	1588568
583	1589568
584	1590572
585	1591576
586	1592572
587	1593572
588	1594568
589	1595572
590	1596568
591	1597572
592	1598572
593	1599568
594	1600568
595	1601572
596	1602568
597	1603576
598	1604572
599	1605568
600	1606572
601	1607568
602	1608572
603	1609576
604	1610576
605	1611572
606	1612572
607	1613576
608	1614564
609	1615568
610	1616572
611	1617568
612	1618568
613	1619568
614	1620568
615	1621568
616	1622572
617	1623572
618	1624572
619	1625576
620	1626564
621	1627572
622	1628572
623	1629568
624	1630568
625	1631568
626	1632568
627	1633572
628	1634568
629	1635568
630	1636568
631	1637568
632	1638568
633	1639572
634	1640572
635	1641576
636	1642572
637	1643572
638	1644568
639	1645572
640	1646568
641	1647568
642	1648572
643	1649572
644	1650572
645	1651572
646	1652568
647	1653572
648	1654572
649	1655572
650	1656568
651	1657568
652	1658568
653	1659576
654	1660568
655	1661568
656	1662572
657	1663572
658	1664572
659	1665572
660	1666576
661	1667572
662	1668568
663	1669572
664	1670568
665	1671568
666	1672572
667	1673576
668	1674572
669	1675572
670	1676572
671	1677576
672	1678572
673	1679576
674	1680568
675	1681576
676	1682572
677	1683572
678	1684572
679	1685572
680	1686568
681	1687572
682	1688572
683	1689568
684	1690572
685	1691572
686	1692576
687	1693572
688	1694576
689	1695568
690	1696576
691	1697572
692	1698568
693	1699572
694	1700572
695	1701576
696	1702572
697	1703572
698	1704564
699	1705568
700	1706568
701	1707572
702	1708572
703	1709568
704	1710572
705	1711572
706	1712572
707	1713576
708	1714576
709	1715576
710	1716564
711	1717568
712	1718572
713	1719572
714	1720572
715	1721572
716	1722572
717	1723572
718	1724568
719	1725568
720	1726572
721	1727572
722	1728572
723	1729572
724	1730564
725	1731576
726	1732572
727	1733576
728	1734568
729	1735572
730	1736572
731	1737572
732	1738572
733	1739572
734	1740572
735	1741572
736	1742568
737	1743576
738	1744572
739	1745572
740	1746568
741	1747572
742	1748572
743	1749572
744	1750572
745	1751568
746	1752572
747	1753572
748	1754572
749	1755572
750	1756572
751	1757568
752	1758568
753	1759572
754	1760568
755	1761572
756	1762572
757	1763568
758	1764568
759	1765568
760	1766572
761	1767572
762	1768568
763	1769572
764	1770568
765	1771572
766	1772572
767	1773572
768	1774568
769	1775572
770	1776572
771	1777572
772	1778572
773	1779572
774	1780572
775	1781568
776	1782572
777	1783568
778	1784576
779	1785568
780	1786572
781	1787568
782	1788568
783	1789572
784	1790576
785	1791560
786	1792572
787	1793572
788	1794572
789	1795568
790	1796572
791	1797572
792	1798572
793	1799572
794	1800568
795	1801572
796	1802572
797	1803572
798	1804572
799	1805568
800	1806584
801	1807568
802	1808568
803	1809572
804	1810564
805	1811576
806	1812572
807	1813572
808	1814576
809	1815568
810	1816572
811	1817568
812	1818560
813	1819568
814	1820576
815	1821568
816	1822572
817	1823572
818	1824572
819	1825572
820	1826572
821	1827568
822	1828572
823	1829568
824	1830572
825	1831572
826	1832572
827	1833572
828	1834568
829	1835568
830	1836572
831	1837568
832	1838568
833	1839568
834	1840572
835	1841572
836	1842572
837	1843564
838	1844568
839	1845568
840	1846568
841	1847568
842	1848568
843	1849568
844	1850568
845	1851568
846	1852568
847	1853568
848	1854572
849	1855568
850	1856576
851	1857572
852	1858568
853	1859568
854	1860568
855	1861572
856	1862572
857	1863572
858	1864568
859	1865572
860	1866568
861	1867572
862	1868572
863	1869568
864	1870572
865	1871568
866	1872576
867	1873572
868	1874576
869	1875572
870	1876576
871	1877572
872	1878572
873	1879572
874	1880572
875	1881572
876	1882568
877	1883572
878	1884568
879	1885572
880	1886572
881	1887568
882	1888568
883	1889572
884	1890568
885	1891576
886	1892572
887	1893572
888	1894576
889	1895572
890	1896568
891	1897572
892	1898572
893	1899568
894	1900568
895	1901572
896	1902572
897	1903568
898	1904568
899	1905572
900	1906572
901	1907568
902	1908568
903	1909568
904	1910572
905	1911564
906	1912576
907	1913568
908	1914572
909	1915568
910	1916572
911	1917572
912	1918572
913	1919572
914	1920564
915	1921572
916	1922568
917	1923568
918	1924572
919	1925576
920	1926572
921	1927572
922	1928568
923	1929572
924	1930568
925	1931568
926	1932568
927	1933576
928	1934572
929	1935568
930	1936572
931	1937568
932	1938572
933	1939572
934	1940572
935	1941572
936	1942572
937	1943572
938	1944568
939	1945572
940	1946572
941	1947572
942	1948568
943	1949568
944	1950568
945	1951568
946	1952576
947	1953576
948	1954572
949	1955568
950	1956572
951	1957572
952	1958568
953	1959568
954	1960568
955	1961572
956	1962572
957	1963568
958	1964572
959	1965568
960	1966572
961	1967568
962	1968568
963	1969572
964	1970572
965	1971572
966	1972568
967	1973572
968	1974572
969	1975568
970	1976572
971	1977572
972	1978568
973	1979568
974	1980568
975	1981568
976	1982568
977	1983572
978	1984568
979	1985572
980	1986572
981	1987568
982	1988572
983	1989572
984	1990576
985	1991572
986	1992572
987	1993572
988	1994572
989	1995568
990	1996572
991	1997568
992	1998572
993	1999572
994	2000572
995	2001572
996	2002568
997	2003572
998	2004572
999	2005576
1000	2006572
1001	2007572
1002	2008568
1003	2009572
1004	2010572
1005	2011572
1006	2012572
1007	2013572
1008	2014576
1009	2015572
1010	2016568
1011	2017572
1012	2018568
1013	2019572
1014	2020572
1015	2021568
1016	2022568
1017	2023564
1018	2024572
1019	2025572
1020	2026572
1021	2027568
1022	2028572
1023	2029572
1024	2030572
1025	2031572
1026	2032568
1027	2033576
1028	2034568
1029	2035572
1030	2036568
1031	2037576
1032	2038568
1033	2039568
1034	2040576
1035	2041572
1036	2042572
1037	2043572
1038	2044572
1039	2045572
1040	2046568
1041	2047568
1042	2048572
1043	2049572
1044	2050568
1045	2051572
1046	2052568
1047	2053568
1048	2054568
1049	2055568
1050	2056572
1051	2057572
1052	2058568
1053	2059572
1054	2060572
1055	2061568
1056	2062568
1057	2063576
1058	2064576
1059	2065572
1060	2066568
1061	2067568
1062	2068572
1063	2069568
1064	2070572
1065	2071568
1066	2072572
1067	2073572
1068	2074572
1069	2075568
1070	2076568
1071	2077568
1072	2078572
1073	2079572
1074	2080572
1075	2081572
1076	2082572
1077	2083568
1078	2084568
1079	2085576
1080	2086564
1081	2087572
1082	2088572
1083	2089568
1084	2090568
1085	2091572
1086	2092572
1087	2093572
1088	2094572
1089	2095572
1090	2096568
1091	2097568
1092	2098568
1093	2099564
1094	2100572
1095	2101572
1096	2102568
1097	2103572
1098	2104572
1099	2105572
1100	2106572
1101	2107572
1102	2108568
1103	2109572
1104	2110572
1105	2111572
1106	2112576
1107	2113572
1108	2114568
1109	2115572
1110	2116576
1111	2117572
1112	2118568
1113	2119572
1114	2120568
1115	2121572
1116	2122572
1117	2123572
1118	2124576
1119	2125572
1120	2126572
1121	2127568
1122	2128568
1123	2129568
1124	2130572
1125	2131572
1126	2132572
1127	2133568
1128	2134572
1129	2135572
1130	2136572
1131	2137568
1132	2138568
1133	2139568
1134	2140568
1135	2141572
1136	2142568
1137	2143572
1138	2144572
1139	2145568
1140	2146568
1141	2147572
1142	2148572
1143	2149576
1144	2150572
1145	2151572
1146	2152572
1147	2153572
1148	2154568
1149	2155568
1150	2156568
1151	2157568
1152	2158564
1153	2159560
1154	2160568
1155	2161564
1156	2162568
1157	2163564
1158	2164568
1159	2165564
1160	2166568
1161	2167568
1162	2168564
1163	2169568
1164	2170568
1165	2171568
1166	2172576
1167	2173568
1168	2174572
1169	2175572
1170	2176568
1171	2177572
1172	2178568
1173	2179572
1174	2180572
1175	2181576
1176	2182568
1177	2183572
1178	2184572
1179	2185572
1180	2186572
1181	2187564
1182	2188568
1183	2189568
1184	2190572
1185	2191572
1186	2192572
1187	2193572
1188	2194572
1189	2195572
1190	2196572
1191	2197568
1192	2198568
1193	2199572
1194	2200572
1195	2201568
1196	2202572
1197	2203568
1198	2204572
1199	2205572
1200	2206572
1201	2207572
1202	2208572
1203	2209572
1204	2210568
1205	2211572
1206	2212572
1207	2213572
1208	2214572
1209	2215572
1210	2216572
1211	2217576
1212	2218576
1213	2219572
1214	2220572
1215	2221572
1216	2222572
1217	2223572
1218	2224576
1219	2225572
1220	2226568
1221	2227572
1222	2228568
1223	2229572
1224	2230568
1225	2231576
1226	2232576
1227	2233568
1228	2234572
1229	2235576
1230	2236568
1231	2237572
1232	2238572
1233	2239572
1234	2240572
1235	2241568
1236	2242568
1237	2243572
1238	2244572
1239	2245568
1240	2246576
1241	2247572
1242	2248572
1243	2249568
1244	2250572
1245	2251572
1246	2252572
1247	2253568
1248	2254576
1249	2255568
1250	2256572
1251	2257572
1252	2258572
1253	2259568
1254	2260572
1255	2261572
1256	2262568
1257	2263568
1258	2264572
1259	2265572
1260	2266576
1261	2267568
1262	2268572
1263	2269576
1264	2270572
1265	2271572
1266	2272568
1267	2273576
1268	2274572
1269	2275572
1270	2276576
1271	2277568
1272	2278572
1273	2279572
1274	2280568
1275	2281572
1276	2282572
1277	2283572
1278	2284572
1279	2285572
1280	2286572
1281	2287568
1282	2288568
1283	2289572
1284	2290572
1285	2291564
1286	2292568
1287	2293572
1288	2294572
1289	2295572
1290	2296572
1291	2297572
1292	2298572
1293	2299572
1294	2300568
1295	2301572
1296	2302572
1297	2303564
1298	2304568
1299	2305568
1300	2306568
1301	2307572
1302	2308568
1303	2309568
1304	2310576
1305	2311568
1306	2312572
1307	2313572
1308	2314568
1309	2315572
1310	2316572
1311	2317572
1312	2318572
1313	2319572
1314	2320576
1315	2321568
1316	2322572
1317	2323568
1318	2324568
1319	2325572
1320	2326568
1321	2327572
1322	2328572
1323	2329572
1324	2330568
1325	2331572
1326	2332572
1327	2333568
1328	2334572
1329	2335568
1330	2336576
1331	2337572
1332	2338568
1333	2339572
1334	2340568
1335	2341572
1336	2342568
1337	2343572
1338	2344568
1339	2345572
1340	2346572
1341	2347568
1342	2348572
1343	2349568
1344	2350568
1345	2351572
1346	2352572
1347	2353568
1348	2354572
1349	2355564
1350	2356572
1351	2357572
1352	2358572
1353	2359568
1354	2360572
1355	2361572
1356	2362568
1357	2363568
1358	2364568
1359	2365572
1360	2366568
1361	2367568
1362	2368572
1363	2369572
1364	2370568
1365	2371568
1366	2372568
1367	2373572
1368	2374572
1369	2375572
1370	2376568
1371	2377564
1372	2378572
1373	2379568
1374	2380572
1375	2381568
1376	2382572
1377	2383572
1378	2384568
1379	2385576
1380	2386568
1381	2387572
1382	2388576
1383	2389572
1384	2390572
1385	2391568
1386	2392576
1387	2393568
1388	2394568
1389	2395568
1390	2396572
1391	2397568
1392	2398568
1393	2399572
1394	2400572
1395	2401572
1396	2402568
1397	2403572
1398	2404572
1399	2405572
1400	2406572
1401	2407572
1402	2408568
1403	2409572
1404	2410568
1405	2411572
1406	2412572
1407	2413572
1408	2414576
1409	2415568
1410	2416568
1411	2417572
1412	2418568
1413	2419572
1414	2420572
1415	2421572
1416	2422572
1417	2423572
1418	2424572
1419	2425568
1420	2426572
1421	2427572
1422	2428572
1423	2429572
1424	2430572
1425	2431572
1426	2432572
1427	2433572
1428	2434576
1429	2435576
1430	2436568
1431	2437568
1432	2438572
1433	2439568
1434	2440576
1435	2441572
1436	2442572
1437	2443576
1438	2444572
1439	2445572
1440	2446572
1441	2447572
1442	2448568
1443	2449572
1444	2450568
1445	2451572
1446	2452576
1447	2453584
1448	2454572
1449	2455572
1450	2456568
1451	2457576
1452	2458568
1453	2459572
1454	2460576
1455	2461572
1456	2462576
1457	2463572
1458	2464568
1459	2465572
1460	2466576
1461	2467568
1462	2468572
1463	2469576
1464	2470568
1465	2471572
1466	2472572
1467	2473572
1468	2474572
1469	2475572
1470	2476572
1471	2477576
1472	2478568
1473	2479568
1474	2480568
1475	2481572
1476	2482572
1477	2483576
1478	2484576
1479	2485572
1480	2486572
1481	2487572
1482	2488568
1483	2489572
1484	2490576
1485	2491576
1486	2492572
1487	2493576
1488	2494568
1489	2495568
1490	2496568
1491	2497568
1492	2498572
1493	2499576
1494	2500572
1495	2501576
1496	2502572
1497	2503572
1498	2504572
1499	2505568
1500	2506572
1501	2507572
1502	2508572
1503	2509568
1504	2510572
1505	2511568
1506	2512568
1507	2513572
1508	2514572
1509	2515572
1510	2516568
1511	2517568
1512	2518576
1513	2519572
1514	2520576
1515	2521572
1516	2522572
1517	2523572
1518	2524572
1519	2525572
1520	2526572
1521	2527576
1522	2528572
1523	2529572
1524	2530572
1525	2531576
1526	2532572
1527	2533584
1528	2534572
1529	2535576
1530	2536576
1531	2537572
1532	2538572
1533	2539568
1534	2540576
1535	2541572
1536	2542572
1537	2543568
1538	2544572
1539	2545572
1540	2546572
1541	2547572
1542	2548568
1543	2549568
1544	2550572
1545	2551572
1546	2552576
1547	2553576
1548	2554576
1549	2555568
1550	2556576
1551	2557572
1552	2558568
1553	2559568
1554	2560572
1555	2561572
1556	2562572
1557	2563576
1558	2564568
1559	2565572
1560	2566572
1561	2567572
1562	2568572
1563	2569572
1564	2570576
1565	2571576
1566	2572572
1567	2573572
1568	2574568
1569	2575572
1570	2576572
1571	2577576
1572	2578572
1573	2579568
1574	2580572
1575	2581568
1576	2582572
1577	2583572
1578	2584572
1579	2585576
1580	2586572
1581	2587568
1582	2588568
1583	2589572
1584	2590572
1585	2591576
1586	2592572
1587	2593572
1588	2594572
1589	2595572
1590	2596572
1591	2597576
1592	2598568
1593	2599572
1594	2600568
1595	2601568
1596	2602572
1597	2603572
1598	2604568
1599	2605572
1600	2606572
1601	2607572
1602	2608572
1603	2609572
1604	2610572
1605	2611568
1606	2612568
1607	2613576
1608	2614576
1609	2615576
1610	2616572
1611	2617572
1612	2618576
1613	2619572
1614	2620568
1615	2621572
1616	2622576
1617	2623572
1618	2624572
1619	2625572
1620	2626572
1621	2627568
1622	2628572
1623	2629568
1624	2630568
1625	2631572
1626	2632572
1627	2633572
1628	2634572
1629	2635572
1630	2636572
1631	2637576
1632	2638568
1633	2639572
1634	2640572
1635	2641568
1636	2642568
1637	2643572
1638	2644576
1639	2645576
1640	2646572
1641	2647572
1642	2648572
1643	2649572
1644	2650568
1645	2651572
1646	2652576
1647	2653572
1648	2654572
1649	2655568
1650	2656572
1651	2657568
1652	2658572
1653	2659572
1654	2660572
1655	2661568
1656	2662568
1657	2663572
1658	2664572
1659	2665564
1660	2666572
1661	2667572
1662	2668572
1663	2669572
1664	2670572
1665	2671572
1666	2672572
1667	2673568
1668	2674568
1669	2675576
1670	2676568
1671	2677568
1672	2678572
1673	2679572
1674	2680568
1675	2681568
1676	2682572
1677	2683572
1678	2684568
1679	2685572
1680	2686572
1681	2687572
1682	2688568
1683	2689572
1684	2690572
1685	2691572
1686	2692572
1687	2693572
1688	2694572
1689	2695572
1690	2696568
1691	2697576
1692	2698568
1693	2699572
1694	2700572
1695	2701568
1696	2702576
1697	2703572
1698	2704568
1699	2705572
1700	2706568
1701	2707572
1702	2708572
1703	2709572
1704	2710572
1705	2711572
1706	2712568
1707	2713572
1708	2714576
1709	2715572
1710	2716568
1711	2717572
1712	2718576
1713	2719572
1714	2720576
1715	2721572
1716	2722572
1717	2723572
1718	2724568
1719	2725568
1720	2726572
1721	2727572
1722	2728572
1723	2729572
1724	2730572
1725	2731572
1726	2732572
1727	2733572
1728	2734572
1729	2735572
1730	2736572
1731	2737572
1732	2738568
1733	2739576
1734	2740572
1735	2741576
1736	2742572
1737	2743576
1738	2744568
1739	2745572
1740	2746568
1741	2747568
1742	2748564
1743	2749572
1744	2750576
1745	2751572
1746	2752568
1747	2753572
1748	2754568
1749	2755568
1750	2756572
1751	2757572
1752	2758576
1753	2759572
1754	2760572
1755	2761572
1756	2762572
1757	2763572
1758	2764568
1759	2765572
1760	2766572
1761	2767568
1762	2768572
1763	2769572
1764	2770572
1765	2771572
1766	2772572
1767	2773572
1768	2774572
1769	2775572
1770	2776572
1771	2777572
1772	2778568
1773	2779572
1774	2780576
1775	2781572
1776	2782572
1777	2783568
1778	2784568
1779	2785576
1780	2786568
1781	2787572
1782	2788572
1783	2789572
1784	2790568
1785	2791568
1786	2792568
1787	2793572
1788	2794572
1789	2795572
1790	2796572
1791	2797572
1792	2798568
1793	2799572
1794	2800572
1795	2801568
1796	2802576
1797	2803568
1798	2804572
1799	2805572
1800	2806572
1801	2807572
1802	2808568
1803	2809572
1804	2810572
1805	2811572
1806	2812572
1807	2813568
1808	2814576
1809	2815564
1810	2816572
1811	2817572
1812	2818568
1813	2819572
1814	2820572
1815	2821576
1816	2822572
1817	2823568
1818	2824572
1819	2825572
1820	2826568
1821	2827568
1822	2828568
1823	2829572
1824	2830576
1825	2831568
1826	2832572
1827	2833572
1828	2834576
1829	2835572
1830	2836572
1831	2837576
1832	2838576
1833	2839572
1834	2840572
1835	2841572
1836	2842572
1837	2843568
1838	2844572
1839	2845572
1840	2846572
1841	2847572
1842	2848572
1843	2849572
1844	2850572
1845	2851568
1846	2852572
1847	2853576
1848	2854568
1849	2855572
1850	2856572
1851	2857572
1852	2858572
1853	2859572
1854	2860568
1855	2861572
1856	2862572
1857	2863568
1858	2864572
1859	2865568
1860	2866568
1861	2867568
1862	2868572
1863	2869568
1864	2870572
1865	2871572
1866	2872576
1867	2873568
1868	2874576
1869	2875568
1870	2876572
1871	2877572
1872	2878568
1873	2879572
1874	2880568
1875	2881572
1876	2882564
1877	2883576
1878	2884568
1879	2885568
1880	2886568
1881	2887572
1882	2888572
1883	2889572
1884	2890568
1885	2891568
1886	2892568
1887	2893572
1888	2894572
1889	2895572
1890	2896572
1891	2897568
1892	2898568
1893	2899572
1894	2900572
1895	2901572
1896	2902568
1897	2903572
1898	2904576
1899	2905576
1900	2906568
1901	2907576
1902	2908576
1903	2909568
1904	2910568
1905	2911568
1906	2912572
1907	2913572
1908	2914568
1909	2915572
1910	2916576
1911	2917572
1912	2918572
1913	2919572
1914	2920568
1915	2921576
1916	2922568
1917	2923568
1918	2924572
1919	2925572
1920	2926572
1921	2927576
1922	2928568
1923	2929572
1924	2930568
1925	2931568
1926	2932568
1927	2933572
1928	2934572
1929	2935572
1930	2936572
1931	2937572
1932	2938572
1933	2939572
1934	2940572
1935	2941572
1936	2942576
1937	2943572
1938	2944568
1939	2945572
1940	2946576
1941	2947568
1942	2948572
1943	2949572
1944	2950572
1945	2951572
1946	2952572
1947	2953572
1948	2954568
1949	2955572
1950	2956572
1951	2957572
1952	2958568
1953	2959572
1954	2960572
1955	2961576
1956	2962576
1957	2963572
1958	2964568
1959	2965572
1960	2966572
1961	2967572
1962	2968568
1963	2969572
1964	2970572
1965	2971572
1966	2972572
1967	2973576
1968	2974568
1969	2975572
1970	2976572
1971	2977572
1972	2978572
1973	2979564
1974	2980572
1975	2981568
1976	2982576
1977	2983572
1978	2984568
1979	2985568
1980	2986572
1981	2987576
1982	2988572
1983	2989572
1984	2990572
1985	2991572
1986	2992572
1987	2993568
1988	2994572
1989	2995572
1990	2996572
1991	2997572
1992	2998572
1993	2999572
1994	3000572
1995	3001572
1996	3002572
1997	3003568
1998	3004568
1999	3005572
2000	3006568
2001	3007576
2002	3008572
2003	3009572
2004	3010572
2005	3011572
2006	3012568
2007	3013568
2008	3014572
2009	3015568
2010	3016572
2011	3017576
2012	3018572
2013	3019572
2014	3020572
2015	3021572
2016	3022572
2017	3023572
2018	3024568
2019	3025572
2020	3026572
2021	3027576
2022	3028568
2023	3029568
2024	3030576
2025	3031568
2026	3032568
2027	3033572
2028	3034568
2029	3035572
2030	3036572
2031	3037568
2032	3038572
2033	3039576
2034	3040572
2035	3041572
2036	3042568
2037	3043572
2038	3044572
2039	3045576
2040	3046572
2041	3047568
2042	3048572
2043	3049572
2044	3050572
2045	3051572
2046	3052572
2047	3053572
2048	3054572
2049	3055572
2050	3056572
2051	3057572
2052	3058576
2053	3059572
2054	3060572
2055	3061576
2056	3062572
2057	3063576
2058	3064568
2059	3065572
2060	3066576
2061	3067572
2062	3068576
2063	3069572
2064	3070572
2065	3071564
2066	3072576
2067	3073572
2068	3074572
2069	3075568
2070	3076572
2071	3077572
2072	3078568
2073	3079572
2074	3080572
2075	3081576
2076	3082572
2077	3083576
2078	3084572
2079	3085572
2080	3086568
2081	3087568
2082	3088576
2083	3089572
2084	3090568
2085	3091572
2086	3092572
2087	3093572
2088	3094568
2089	3095576
2090	3096572
2091	3097572
2092	3098568
2093	3099572
2094	3100576
2095	3101568
2096	3102572
2097	3103568
2098	3104572
2099	3105572
2100	3106572
2101	3107572
2102	3108572
2103	3109572
2104	3110576
2105	3111568
2106	3112572
2107	3113568
2108	3114572
2109	3115568
2110	3116576
2111	3117568
2112	3118572
2113	3119568
2114	3120572
2115	3121568
2116	3122572
2117	3123572
2118	3124576
2119	3125572
2120	3126572
2121	3127572
2122	3128572
2123	3129572
2124	3130568
2125	3131572
2126	3132576
2127	3133572
2128	3134572
2129	3135572
2130	3136576
2131	3137572
2132	3138564
2133	3139572
2134	3140572
2135	3141568
2136	3142568
2137	3143572
2138	3144568
2139	3145572
2140	3146568
2141	3147568
2142	3148572
2143	3149568
2144	3150572
2145	3151572
2146	3152568
2147	3153572
2148	3154572
2149	3155572
2150	3156576
2151	3157568
2152	3158572
2153	3159572
2154	3160572
2155	3161572
2156	3162564
2157	3163572
2158	3164568
2159	3165568
2160	3166576
2161	3167572
2162	3168568
2163	3169572
2164	3170572
2165	3171572
2166	3172568
2167	3173572
2168	3174572
2169	3175572
2170	3176576
2171	3177572
2172	3178568
2173	3179568
2174	3180572
2175	3181576
2176	3182568
2177	3183572
2178	3184572
2179	3185564
2180	3186568
2181	3187568
2182	3188572
2183	3189576
2184	3190568
2185	3191572
2186	3192568
2187	3193584
2188	3194572
2189	3195568
2190	3196572
2191	3197572
2192	3198568
2193	3199572
2194	3200572
2195	3201572
2196	3202572
2197	3203572
2198	3204572
2199	3205576
2200	3206572
2201	3207572
2202	3208568
2203	3209572
2204	3210568
2205	3211572
2206	3212572
2207	3213576
2208	3214572
2209	3215568
2210	3216572
2211	3217568
2212	3218568
2213	3219572
2214	3220572
2215	3221568
2216	3222572
2217	3223568
2218	3224572
2219	3225576
2220	3226568
2221	3227576
2222	3228572
2223	3229572
2224	3230568
2225	3231572
2226	3232572
2227	3233572
2228	3234572
2229	3235572
2230	3236568
2231	3237572
2232	3238576
2233	3239568
2234	3240572
2235	3241572
2236	3242572
2237	3243576
2238	3244576
2239	3245572
2240	3246572
2241	3247572
2242	3248572
2243	3249572
2244	3250572
2245	3251568
2246	3252568
2247	3253572
2248	3254572
2249	3255572
2250	3256572
2251	3257576
2252	3258572
2253	3259568
2254	3260572
2255	3261572
2256	3262572
2257	3263572
2258	3264572
2259	3265572
2260	3266572
2261	3267568
2262	3268572
2263	3269572
2264	3270572
2265	3271568
2266	3272568
2267	3273572
2268	3274568
2269	3275572
2270	3276572
2271	3277564
2272	3278568
2273	3279572
2274	3280568
2275	3281572
2276	3282568
2277	3283572
2278	3284572
2279	3285572
2280	3286572
2281	3287584
2282	3288572
2283	3289572
2284	3290572
2285	3291576
2286	3292564
2287	3293572
2288	3294568
2289	3295572
2290	3296568
2291	3297568
2292	3298572
2293	3299568
2294	3300568
2295	3301572
2296	3302572
2297	3303572
2298	3304572
2299	3305572
2300	3306572
2301	3307568
2302	3308568
2303	3309576
2304	3310572
2305	3311572
2306	3312568
2307	3313572
2308	3314572
2309	3315568
2310	3316572
2311	3317576
2312	3318572
2313	3319568
2314	3320576
2315	3321572
2316	3322572
2317	3323568
2318	3324568
2319	3325568
2320	3326568
2321	3327564
2322	3328568
2323	3329572
2324	3330576
2325	3331572
2326	3332572
2327	3333572
2328	3334572
2329	3335572
2330	3336568
2331	3337572
2332	3338572
2333	3339568
2334	3340572
2335	3341572
2336	3342568
2337	3343572
2338	3344572
2339	3345572
2340	3346568
2341	3347576
2342	3348568
2343	3349576
2344	3350568
2345	3351568
2346	3352572
2347	3353572
2348	3354572
2349	3355564
2350	3356576
2351	3357568
2352	3358568
2353	3359576
2354	3360572
2355	3361572
2356	3362572
2357	3363572
2358	3364572
2359	3365568
2360	3366572
2361	3367568
2362	3368568
2363	3369572
2364	3370568
2365	3371568
2366	3372576
2367	3373572
2368	3374572
2369	3375572
2370	3376572
2371	3377576
2372	3378572
2373	3379564
2374	3380572
2375	3381572
2376	3382572
2377	3383568
2378	3384576
2379	3385572
2380	3386572
2381	3387568
2382	3388572
2383	3389572
2384	3390572
2385	3391572
2386	3392572
2387	3393568
2388	3394568
2389	3395568
2390	3396572
2391	3397572
2392	3398576
2393	3399572
2394	3400572
2395	3401568
2396	3402572
2397	3403572
2398	3404568
2399	3405572
2400	3406572
2401	3407572
2402	3408572
2403	3409572
2404	3410572
2405	3411572
2406	3412572
2407	3413572
2408	3414568
2409	3415572
2410	3416572
2411	3417572
2412	3418572
2413	3419572
2414	3420572
2415	3421572
2416	3422572
2417	3423568
2418	3424572
2419	3425568
2420	3426572
2421	3427576
2422	3428568
2423	3429572
2424	3430568
2425	3431572
2426	3432564
2427	3433572
2428	3434568
2429	3435572
2430	3436576
2431	3437572
2432	3438576
2433	3439572
2434	3440576
2435	3441572
2436	3442572
2437	3443568
2438	3444568
2439	3445572
2440	3446572
2441	3447572
2442	3448572
2443	3449568
2444	3450572
2445	3451572
2446	3452572
2447	3453572
2448	3454568
2449	3455568
2450	3456576
2451	3457576
2452	3458576
2453	3459568
2454	3460572
2455	3461572
2456	3462572
2457	3463572
2458	3464572
2459	3465572
2460	3466576
2461	3467568
2462	3468572
2463	3469568
2464	3470572
2465	3471576
2466	3472576
2467	3473572
2468	3474568
2469	3475572
2470	3476572
2471	3477576
2472	3478568
2473	3479576
2474	3480568
2475	3481568
2476	3482572
2477	3483576
2478	3484568
2479	3485572
2480	3486572
2481	3487572
2482	3488572
2483	3489568
2484	3490568
2485	3491572
2486	3492572
2487	3493568
2488	3494576
2489	3495576
2490	3496568
2491	3497568
2492	3498568
2493	3499576
2494	3500572
2495	3501572
2496	3502572
2497	3503572
2498	3504568
2499	3505568
2500	3506572
2501	3507572
2502	3508572
2503	3509572
2504	3510572
2505	3511572
2506	3512576
2507	3513572
2508	3514568
2509	3515572
2510	3516572
2511	3517572
2512	3518572
2513	3519572
2514	3520572
2515	3521572
2516	3522572
2517	3523568
2518	3524564
2519	3525572
2520	3526576
2521	3527572
2522	3528568
2523	3529572
2524	3530572
2525	3531572
2526	3532576
2527	3533572
2528	3534568
2529	3535568
2530	3536568
2531	3537572
2532	3538568
2533	3539572
2534	3540572
2535	3541576
2536	3542572
2537	3543572
2538	3544576
2539	3545572
2540	3546572
2541	3547576
2542	3548572
2543	3549576
2544	3550568
2545	3551572
2546	3552568
2547	3553576
2548	3554572
2549	3555572
2550	3556572
2551	3557572
2552	3558572
2553	3559572
2554	3560572
2555	3561572
2556	3562576
2557	3563572
2558	3564572
2559	3565568
2560	3566576
2561	3567568
2562	3568568
2563	3569568
2564	3570568
2565	3571572
2566	3572576
2567	3573572
2568	3574572
2569	3575568
2570	3576568
2571	3577576
2572	3578568
2573	3579576
2574	3580572
2575	3581572
2576	3582568
2577	3583564
2578	3584568
2579	3585572
2580	3586564
2581	3587572
2582	3588572
2583	3589564
2584	3590572
2585	3591568
2586	3592572
2587	3593572
2588	3594576
2589	3595576
2590	3596572
2591	3597572
2592	3598568
2593	3599572
2594	3600576
2595	3601568
2596	3602572
2597	3603572
2598	3604572
2599	3605572
2600	3606572
2601	3607572
2602	3608576
2603	3609568
2604	3610572
2605	3611572
2606	3612576
2607	3613568
2608	3614572
2609	3615568
2610	3616568
2611	3617572
2612	3618568
2613	3619568
2614	3620572
2615	3621576
2616	3622572
2617	3623572
2618	3624576
2619	3625572
2620	3626572
2621	3627568
2622	3628572
2623	3629572
2624	3630572
2625	3631572
2626	3632568
2627	3633568
2628	3634572
2629	3635564
2630	3636568
2631	3637572
2632	3638568
2633	3639568
2634	3640572
2635	3641568
2636	3642572
2637	3643568
2638	3644572
2639	3645572
2640	3646572
2641	3647572
2642	3648568
2643	3649568
2644	3650568
2645	3651572
2646	3652568
2647	3653572
2648	3654568
2649	3655572
2650	3656572
2651	3657576
2652	3658568
2653	3659572
2654	3660572
2655	3661572
2656	3662572
2657	3663568
2658	3664572
2659	3665572
2660	3666572
2661	3667576
2662	3668572
2663	3669568
2664	3670568
2665	3671572
2666	3672568
2667	3673568
2668	3674564
2669	3675576
2670	3676572
2671	3677572
2672	3678564
2673	3679572
2674	3680572
2675	3681572
2676	3682568
2677	3683572
2678	3684572
2679	3685568
2680	3686568
2681	3687572
2682	3688572
2683	3689568
2684	3690576
2685	3691576
2686	3692572
2687	3693572
2688	3694572
2689	3695568
2690	3696572
2691	3697572
2692	3698572
2693	3699568
2694	3700576
2695	3701572
2696	3702572
2697	3703572
2698	3704572
2699	3705572
2700	3706568
2701	3707572
2702	3708568
2703	3709572
2704	3710572
2705	3711572
2706	3712572
2707	3713568
2708	3714572
2709	3715572
2710	3716576
2711	3717576
2712	3718572
2713	3719576
2714	3720572
2715	3721572
2716	3722568
2717	3723572
2718	3724576
2719	3725572
2720	3726568
2721	3727568
2722	3728572
2723	3729568
2724	3730572
2725	3731568
2726	3732568
2727	3733572
2728	3734572
2729	3735572
2730	3736572
2731	3737568
2732	3738572
2733	3739568
2734	3740572
2735	3741572
2736	3742568
2737	3743572
2738	3744576
2739	3745572
2740	3746576
2741	3747572
2742	3748572
2743	3749572
2744	3750576
2745	3751572
2746	3752572
2747	3753572
2748	3754572
2749	3755568
2750	3756564
2751	3757572
2752	3758572
2753	3759568
2754	3760572
2755	3761572
2756	3762572
2757	3763568
2758	3764576
2759	3765572
2760	3766568
2761	3767572
2762	3768568
2763	3769572
2764	3770572
2765	3771572
2766	3772572
2767	3773576
2768	3774568
2769	3775572
2770	3776572
2771	3777572
2772	3778572
2773	3779572
2774	3780568
2775	3781572
2776	3782572
2777	3783568
2778	3784572
2779	3785572
2780	3786572
2781	3787572
2782	3788568
2783	3789572
2784	3790572
2785	3791572
2786	3792576
2787	3793572
2788	3794568
2789	3795572
2790	3796568
2791	3797568
2792	3798572
2793	3799572
2794	3800568
2795	3801572
2796	3802568
2797	3803572
2798	3804572
2799	3805568
2800	3806758
2801	3807576
2802	3808572
2803	3809572
2804	3810572
2805	3811572
2806	3812572
2807	3813572
2808	3814572
2809	3815572
2810	3816572
2811	3817572
2812	3818572
2813	3819568
2814	3820572
2815	3821572
2816	3822572
2817	3823568
2818	3824568
2819	3825568
2820	3826568
2821	3827572
2822	3828572
2823	3829572
2824	3830572
2825	3831568
2826	3832568
2827	3833572
2828	3834572
2829	3835568
2830	3836568
2831	3837568
2832	3838568
2833	3839564
2834	3840572
2835	3841572
2836	3842568
2837	3843576
2838	3844568
2839	3845572
2840	3846572
2841	3847568
2842	3848572
2843	3849572
2844	3850572
2845	3851572
2846	3852572
2847	3853572
2848	3854568
2849	3855568
2850	3856572
2851	3857572
2852	3858572
2853	3859564
2854	3860572
2855	3861572
2856	3862572
2857	3863576
2858	3864572
2859	3865576
2860	3866572
2861	3867568
2862	3868572
2863	3869572
2864	3870568
2865	3871572
2866	3872572
2867	3873568
2868	3874568
2869	3875572
2870	3876572
2871	3877576
2872	3878572
2873	3879572
2874	3880572
2875	3881572
2876	3882568
2877	3883572
2878	3884572
2879	3885572
2880	3886572
2881	3887568
2882	3888568
2883	3889576
2884	3890568
2885	3891564
2886	3892572
2887	3893576
2888	3894568
2889	3895568
2890	3896572
2891	3897572
2892	3898572
2893	3899572
2894	3900572
2895	3901572
2896	3902572
2897	3903572
2898	3904568
2899	3905572
2900	3906572
2901	3907572
2902	3908572
2903	3909572
2904	3910572
2905	3911572
2906	3912572
2907	3913568
2908	3914572
2909	3915568
2910	3916572
2911	3917572
2912	3918572
2913	3919568
2914	3920572
2915	3921568
2916	3922572
2917	3923572
2918	3924576
2919	3925568
2920	3926576
2921	3927572
2922	3928572
2923	3929572
2924	3930568
2925	3931576
2926	3932572
2927	3933572
2928	3934572
2929	3935576
2930	3936568
2931	3937572
2932	3938572
2933	3939568
2934	3940572
2935	3941568
2936	3942572
2937	3943568
2938	3944572
2939	3945576
2940	3946572
2941	3947568
2942	3948568
2943	3949572
2944	3950572
2945	3951572
2946	3952568
2947	3953572
2948	3954568
2949	3955576
2950	3956572
2951	3957572
2952	3958568
2953	3959572
2954	3960568
2955	3961572
2956	3962572
2957	3963568
2958	3964572
2959	3965568
2960	3966572
2961	3967568
2962	3968572
2963	3969572
2964	3970572
2965	3971572
2966	3972568
2967	3973568
2968	3974572
2969	3975572
2970	3976572
2971	3977568
2972	3978572
2973	3979568
2974	3980568
2975	3981572
2976	3982568
2977	3983568
2978	3984576
2979	3985572
2980	3986572
2981	3987572
2982	3988572
2983	3989568
2984	3990568
2985	3991572
2986	3992572
2987	3993572
2988	3994568
2989	3995572
2990	3996576
2991	3997572
2992	3998576
2993	3999572
2994	4000572
2995	4001572
2996	4002568
2997	4003576
2998	4004572
2999	4005572
3000	4006572
3001	4007572
3002	4008568
3003	4009572
3004	4010576
3005	4011572
3006	4012572
3007	4013572
3008	4014572
3009	4015576
3010	4016576
3011	4017572
3012	4018572
3013	4019572
3014	4020568
3015	4021576
3016	4022568
3017	4023572
3018	4024572
3019	4025572
3020	4026572
3021	4027576
3022	4028572
3023	4029572
3024	4030572
3025	4031572
3026	4032572
3027	4033572
3028	4034572
3029	4035576
3030	4036568
3031	4037572
3032	4038572
3033	4039568
3034	4040576
3035	4041576
3036	4042572
3037	4043576
3038	4044572
3039	4045572
3040	4046572
3041	4047568
3042	4048572
3043	4049576
3044	4050572
3045	4051572
3046	4052568
3047	4053572
3048	4054572
3049	4055576
3050	4056572
3051	4057572
3052	4058568
3053	4059576
3054	4060572
3055	4061572
3056	4062572
3057	4063568
3058	4064584
3059	4065572
3060	4066572
3061	4067572
3062	4068576
3063	4069572
3064	4070568
3065	4071572
3066	4072572
3067	4073572
3068	4074572
3069	4075568
3070	4076568
3071	4077576
3072	4078572
3073	4079572
3074	4080572
3075	4081572
3076	4082576
3077	4083568
3078	4084572
3079	4085572
3080	4086568
3081	4087572
3082	4088568
3083	4089572
3084	4090572
3085	4091568
3086	4092572
3087	4093572
3088	4094568
3089	4095564
3090	4096572
3091	4097576
3092	4098572
3093	4099568
3094	4100572
3095	4101576
3096	4102572
3097	4103572
3098	4104568
3099	4105572
3100	4106572
3101	4107572
3102	4108572
3103	4109572
3104	4110572
3105	4111572
3106	4112576
3107	4113572
3108	4114568
3109	4115572
3110	4116572
3111	4117576
3112	4118572
3113	4119572
3114	4120576
3115	4121572
3116	4122572
3117	4123568
3118	4124572
3119	4125576
3120	4126572
3121	4127572
3122	4128576
3123	4129572
3124	4130568
3125	4131572
3126	4132572
3127	4133568
3128	4134572
3129	4135572
3130	4136572
3131	4137576
3132	4138568
3133	4139572
3134	4140572
3135	4141572
3136	4142572
3137	4143568
3138	4144572
3139	4145572
3140	4146572
3141	4147564
3142	4148568
3143	4149568
3144	4150564
3145	4151572
3146	4152568
3147	4153572
3148	4154568
3149	4155568
3150	4156572
3151	4157576
3152	4158568
3153	4159572
3154	4160568
3155	4161572
3156	4162568
3157	4163572
3158	4164572
3159	4165572
3160	4166572
3161	4167568
3162	4168572
3163	4169568
3164	4170568
3165	4171572
3166	4172572
3167	4173572
3168	4174572
3169	4175568
3170	4176568
3171	4177572
3172	4178572
3173	4179572
3174	4180572
3175	4181576
3176	4182572
3177	4183576
3178	4184568
3179	4185572
3180	4186568
3181	4187572
3182	4188572
3183	4189572
3184	4190572
3185	4191572
3186	4192568
3187	4193576
3188	4194564
3189	4195572
3190	4196576
3191	4197568
3192	4198572
3193	4199572
3194	4200568
3195	4201572
3196	4202568
3197	4203572
3198	4204568
3199	4205584
3200	4206572
3201	4207572
3202	4208572
3203	4209568
3204	4210572
3205	4211572
3206	4212568
3207	4213572
3208	4214568
3209	4215576
3210	4216568
3211	4217576
3212	4218568
3213	4219572
3214	4220568
3215	4221572
3216	4222572
3217	4223576
3218	4224572
3219	4225568
3220	4226572
3221	4227568
3222	4228568
3223	4229568
3224	4230572
3225	4231568
3226	4232572
3227	4233572
3228	4234572
3229	4235568
3230	4236572
3231	4237576
3232	4238572
3233	4239576
3234	4240568
3235	4241568
3236	4242572
3237	4243568
3238	4244568
3239	4245568
3240	4246572
3241	4247568
3242	4248572
3243	4249568
3244	4250572
3245	4251568
3246	4252572
3247	4253576
3248	4254572
3249	4255568
3250	4256572
3251	4257572
3252	4258568
3253	4259572
3254	4260572
3255	4261568
3256	4262572
3257	4263572
3258	4264572
3259	4265568
3260	4266572
3261	4267572
3262	4268568
3263	4269564
3264	4270568
3265	4271564
3266	4272568
3267	4273568
3268	4274564
3269	4275564
3270	4276568
3271	4277564
3272	4278564
3273	4279568
3274	4280564
3275	4281568
3276	4282560
3277	4283568
3278	4284564
3279	4285572
3280	4286572
3281	4287572
3282	4288576
3283	4289572
3284	4290568
3285	4291568
3286	4292572
3287	4293576
3288	4294564
3289	4295572
3290	4296584
3291	4297568
3292	4298572
3293	4299572
3294	4300572
3295	4301568
3296	4302576
3297	4303576
3298	4304572
3299	4305572
3300	4306568
3301	4307572
3302	4308572
3303	4309572
3304	4310572
3305	4311568
3306	4312576
3307	4313572
3308	4314572
3309	4315572
3310	4316568
3311	4317576
3312	4318568
3313	4319572
3314	4320568
3315	4321568
3316	4322572
3317	4323572
3318	4324568
3319	4325572
3320	4326572
3321	4327572
3322	4328568
3323	4329572
3324	4330572
3325	4331568
3326	4332576
3327	4333568
3328	4334572
3329	4335572
3330	4336568
3331	4337568
3332	4338568
3333	4339568
3334	4340572
3335	4341576
3336	4342568
3337	4343572
3338	4344572
3339	4345568
3340	4346572
3341	4347568
3342	4348572
3343	4349572
3344	4350572
3345	4351568
3346	4352572
3347	4353572
3348	4354576
3349	4355572
3350	4356572
3351	4357572
3352	4358568
3353	4359576
3354	4360568
3355	4361572
3356	4362568
3357	4363568
3358	4364572
3359	4365572
3360	4366568
3361	4367572
3362	4368568
3363	4369572
3364	4370568
3365	4371568
3366	4372568
3367	4373572
3368	4374572
3369	4375572
3370	4376572
3371	4377572
3372	4378568
3373	4379576
3374	4380564
3375	4381572
3376	4382572
3377	4383572
3378	4384568
3379	4385572
3380	4386572
3381	4387572
3382	4388568
3383	4389576
3384	4390568
3385	4391568
3386	4392572
3387	4393568
3388	4394572
3389	4395576
3390	4396572
3391	4397572
3392	4398572
3393	4399576
3394	4400568
3395	4401572
3396	4402568
3397	4403568
3398	4404572
3399	4405568
3400	4406572
3401	4407576
3402	4408568
3403	4409572
3404	4410572
3405	4411568
3406	4412568
3407	4413568
3408	4414576
3409	4415572
3410	4416576
3411	4417568
3412	4418564
3413	4419568
3414	4420568
3415	4421572
3416	4422568
3417	4423568
3418	4424572
3419	4425576
3420	4426572
3421	4427572
3422	4428572
3423	4429576
3424	4430572
3425	4431568
3426	4432568
3427	4433572
3428	4434572
3429	4435576
3430	4436568
3431	4437572
3432	4438572
3433	4439572
3434	4440572
3435	4441568
3436	4442572
3437	4443572
3438	4444568
3439	4445572
3440	4446572
3441	4447572
3442	4448572
3443	4449572
3444	4450568
3445	4451568
3446	4452572
3447	4453572
3448	4454572
3449	4455568
3450	4456572
3451	4457572
3452	4458568
3453	4459572
3454	4460568
3455	4461572
3456	4462576
3457	4463572
3458	4464572
3459	4465572
3460	4466568
3461	4467568
3462	4468564
3463	4469572
3464	4470572
3465	4471568
3466	4472576
3467	4473572
3468	4474572
3469	4475568
3470	4476572
3471	4477572
3472	4478572
3473	4479576
3474	4480568
3475	4481572
3476	4482572
3477	4483572
3478	4484576
3479	4485572
3480	4486568
3481	4487568
3482	4488568
3483	4489572
3484	4490568
3485	4491572
3486	4492568
3487	4493568
3488	4494572
3489	4495572
3490	4496572
3491	4497568
3492	4498576
3493	4499572
3494	4500572
3495	4501572
3496	4502572
3497	4503572
3498	4504576
3499	4505584
3500	4506572
3501	4507568
3502	4508572
3503	4509572
3504	4510572
3505	4511572
3506	4512576
3507	4513576
3508	4514572
3509	4515568
3510	4516576
3511	4517568
3512	4518572
3513	4519572
3514	4520572
3515	4521572
3516	4522572
3517	4523572
3518	4524572
3519	4525572
3520	4526572
3521	4527572
3522	4528572
3523	4529572
3524	4530572
3525	4531568
3526	4532572
3527	4533572
3528	4534572
3529	4535572
3530	4536572
3531	4537572
3532	4538572
3533	4539572
3534	4540568
3535	4541576
3536	4542576
3537	4543572
3538	4544572
3539	4545576
3540	4546568
3541	4547572
3542	4548572
3543	4549568
3544	4550572
3545	4551572
3546	4552572
3547	4553572
3548	4554576
3549	4555576
3550	4556572
3551	4557576
3552	4558572
3553	4559572
3554	4560572
3555	4561576
3556	4562572
3557	4563572
3558	4564572
3559	4565568
3560	4566572
3561	4567572
3562	4568576
3563	4569584
3564	4570568
3565	4571568
3566	4572572
3567	4573572
3568	4574568
3569	4575572
3570	4576572
3571	4577572
3572	4578568
3573	4579572
3574	4580572
3575	4581576
3576	4582572
3577	4583572
3578	4584568
3579	4585572
3580	4586572
3581	4587572
3582	4588576
3583	4589572
3584	4590568
3585	4591568
3586	4592568
3587	4593568
3588	4594568
3589	4595572
3590	4596576
3591	4597572
3592	4598572
3593	4599572
3594	4600572
3595	4601572
3596	4602572
3597	4603568
3598	4604568
3599	4605564
3600	4606568
3601	4607560
3602	4608572
3603	4609572
3604	4610572
3605	4611568
3606	4612572
3607	4613572
3608	4614572
3609	4615572
3610	4616568
3611	4617576
3612	4618572
3613	4619572
3614	4620568
3615	4621572
3616	4622572
3617	4623568
3618	4624564
3619	4625572
3620	4626572
3621	4627568
3622	4628576
3623	4629568
3624	4630576
3625	4631572
3626	4632568
3627	4633576
3628	4634572
3629	4635576
3630	4636572
3631	4637572
3632	4638572
3633	4639572
3634	4640572
3635	4641568
3636	4642572
3637	4643568
3638	4644568
3639	4645572
3640	4646576
3641	4647576
3642	4648572
3643	4649568
3644	4650568
3645	4651568
3646	4652576
3647	4653572
3648	4654576
3649	4655568
3650	4656572
3651	4657572
3652	4658568
3653	4659564
3654	4660572
3655	4661568
3656	4662576
3657	4663576
3658	4664572
3659	4665576
3660	4666576
3661	4667572
3662	4668568
3663	4669572
3664	4670572
3665	4671572
3666	4672572
3667	4673572
3668	4674564
3669	4675572
3670	4676568
3671	4677568
3672	4678564
3673	4679568
3674	4680572
3675	4681568
3676	4682576
3677	4683572
3678	4684572
3679	4685572
3680	4686572
3681	4687568
3682	4688572
3683	4689576
3684	4690568
3685	4691572
3686	4692572
3687	4693572
3688	4694572
3689	4695572
3690	4696564
3691	4697568
3692	4698572
3693	4699576
3694	4700572
3695	4701572
3696	4702576
3697	4703572
3698	4704572
3699	4705572
3700	4706568
3701	4707572
3702	4708568
3703	4709572
3704	4710572
3705	4711572
3706	4712572
3707	4713568
3708	4714572
3709	4715572
3710	4716572
3711	4717568
3712	4718568
3713	4719572
3714	4720568
3715	4721572
3716	4722572
3717	4723576
3718	4724568
3719	4725568
3720	4726568
3721	4727572
3722	4728572
3723	4729576
3724	4730572
3725	4731572
3726	4732576
3727	4733568
3728	4734572
3729	4735572
3730	4736572
3731	4737568
3732	4738572
3733	4739572
3734	4740576
3735	4741572
3736	4742572
3737	4743572
3738	4744572
3739	4745572
3740	4746572
3741	4747576
3742	4748572
3743	4749572
3744	4750584
3745	4751572
3746	4752572
3747	4753572
3748	4754572
3749	4755572
3750	4756572
3751	4757572
3752	4758572
3753	4759568
3754	4760572
3755	4761568
3756	4762572
3757	4763572
3758	4764576
3759	4765572
3760	4766572
3761	4767572
3762	4768568
3763	4769572
3764	4770572
3765	4771564
3766	4772572
3767	4773572
3768	4774568
3769	4775572
3770	4776572
3771	4777572
3772	4778576
3773	4779576
3774	4780568
3775	4781568
3776	4782572
3777	4783568
3778	4784572
3779	4785576
3780	4786576
3781	4787572
3782	4788572
3783	4789568
3784	4790572
3785	4791572
3786	4792572
3787	4793572
3788	4794572
3789	4795572
3790	4796572
3791	4797572
3792	4798568
3793	4799572
3794	4800572
3795	4801572
3796	4802572
3797	4803568
3798	4804572
3799	4805572
3800	4806568
3801	4807576
3802	4808572
3803	4809568
3804	4810568
3805	4811576
3806	4812572
3807	4813572
3808	4814576
3809	4815572
3810	4816572
3811	4817572
3812	4818572
3813	4819572
3814	4820576
3815	4821568
3816	4822572
3817	4823572
3818	4824572
3819	4825572
3820	4826572
3821	4827572
3822	4828572
3823	4829564
3824	4830572
3825	4831568
3826	4832572
3827	4833572
3828	4834572
3829	4835568
3830	4836568
3831	4837568
3832	4838572
3833	4839572
3834	4840572
3835	4841572
3836	4842572
3837	4843572
3838	4844572
3839	4845572
3840	4846572
3841	4847572
3842	4848572
3843	4849572
3844	4850572
3845	4851572
3846	4852572
3847	4853576
3848	4854572
3849	4855572
3850	4856572
3851	4857568
3852	4858568
3853	4859572
3854	4860568
3855	4861572
3856	4862572
3857	4863564
3858	4864572
3859	4865572
3860	4866572
3861	4867572
3862	4868568
3863	4869572
3864	4870572
3865	4871568
3866	4872572
3867	4873564
3868	4874568
3869	4875572
3870	4876572
3871	4877576
3872	4878572
3873	4879572
3874	4880568
3875	4881576
3876	4882572
3877	4883572
3878	4884568
3879	4885572
3880	4886572
3881	4887568
3882	4888572
3883	4889584
3884	4890572
3885	4891568
3886	4892568
3887	4893572
3888	4894572
3889	4895572
3890	4896568
3891	4897568
3892	4898576
3893	4899568
3894	4900576
3895	4901576
3896	4902576
3897	4903568
3898	4904572
3899	4905576
3900	4906572
3901	4907568
3902	4908572
3903	4909572
3904	4910568
3905	4911576
3906	4912568
3907	4913576
3908	4914572
3909	4915568
3910	4916572
3911	4917572
3912	4918572
3913	4919572
3914	4920568
3915	4921568
3916	4922572
3917	4923568
3918	4924568
3919	4925572
3920	4926572
3921	4927572
3922	4928572
3923	4929572
3924	4930568
3925	4931572
3926	4932572
3927	4933572
3928	4934572
3929	4935576
3930	4936572
3931	4937572
3932	4938576
3933	4939568
3934	4940576
3935	4941572
3936	4942576
3937	4943568
3938	4944572
3939	4945568
3940	4946568
3941	4947568
3942	4948572
3943	4949568
3944	4950572
3945	4951572
3946	4952572
3947	4953572
3948	4954572
3949	4955572
3950	4956572
3951	4957572
3952	4958568
3953	4959572
3954	4960572
3955	4961568
3956	4962572
3957	4963572
3958	4964572
3959	4965572
3960	4966572
3961	4967572
3962	4968572
3963	4969572
3964	4970572
3965	4971576
3966	4972572
3967	4973568
3968	4974572
3969	4975572
3970	4976576
3971	4977572
3972	4978568
3973	4979572
3974	4980568
3975	4981572
3976	4982572
3977	4983572
3978	4984572
3979	4985572
3980	4986572
3981	4987572
3982	4988568
3983	4989572
3984	4990572
3985	4991572
3986	4992576
3987	4993572
3988	4994572
3989	4995568
3990	4996572
3991	4997572
3992	4998572
3993	4999572
3994	5000568
3995	5001572
3996	5002576
3997	5003572
3998	5004572
3999	5005576
4000	5006572
4001	5007572
4002	5008568
4003	5009572
4004	5010572
4005	5011572
4006	5012572
4007	5013572
4008	5014568
4009	5015568
4010	5016576
4011	5017572
4012	5018568
4013	5019568
4014	5020572
4015	5021572
4016	5022572
4017	5023568
4018	5024572
4019	5025572
4020	5026572
4021	5027568
4022	5028572
4023	5029572
4024	5030568
4025	5031576
4026	5032572
4027	5033572
4028	5034576
4029	5035568
4030	5036572
4031	5037572
4032	5038572
4033	5039572
4034	5040568
4035	5041572
4036	5042572
4037	5043572
4038	5044564
4039	5045572
4040	5046572
4041	5047572
4042	5048572
4043	5049568
4044	5050572
4045	5051572
4046	5052572
4047	5053572
4048	5054572
4049	5055568
4050	5056572
4051	5057576
4052	5058568
4053	5059572
4054	5060572
4055	5061568
4056	5062572
4057	5063572
4058	5064568
4059	5065572
4060	5066568
4061	5067572
4062	5068572
4063	5069576
4064	5070568
4065	5071576
4066	5072572
4067	5073572
4068	5074572
4069	5075572
4070	5076568
4071	5077572
4072	5078564
4073	5079568
4074	5080572
4075	5081572
4076	5082572
4077	5083572
4078	5084572
4079	5085572
4080	5086572
4081	5087572
4082	5088576
4083	5089572
4084	5090572
4085	5091576
4086	5092572
4087	5093576
4088	5094568
4089	5095572
4090	5096568
4091	5097572
4092	5098576
4093	5099572
4094	5100572
4095	5101572
4096	5102572
4097	5103572
4098	5104572
4099	5105572
4100	5106572
4101	5107572
4102	5108576
4103	5109572
4104	5110576
4105	5111568
4106	5112568
4107	5113572
4108	5114568
4109	5115572
4110	5116568
4111	5117568
4112	5118576
4113	5119568
4114	5120572
4115	5121572
4116	5122576
4117	5123572
4118	5124572
4119	5125576
4120	5126568
4121	5127568
4122	5128568
4123	5129572
4124	5130568
4125	5131572
4126	5132568
4127	5133572
4128	5134568
4129	5135572
4130	5136576
4131	5137572
4132	5138572
4133	5139568
4134	5140576
4135	5141572
4136	5142572
4137	5143572
4138	5144572
4139	5145564
4140	5146572
4141	5147568
4142	5148576
4143	5149568
4144	5150576
4145	5151572
4146	5152576
4147	5153568
4148	5154572
4149	5155572
4150	5156568
4151	5157572
4152	5158568
4153	5159572
4154	5160572
4155	5161576
4156	5162568
4157	5163572
4158	5164572
4159	5165572
4160	5166572
4161	5167568
4162	5168568
4163	5169572
4164	5170568
4165	5171564
4166	5172572
4167	5173572
4168	5174568
4169	5175572
4170	5176568
4171	5177568
4172	5178568
4173	5179572
4174	5180576
4175	5181572
4176	5182572
4177	5183568
4178	5184572
4179	5185572
4180	5186564
4181	5187572
4182	5188576
4183	5189572
4184	5190572
4185	5191572
4186	5192568
4187	5193572
4188	5194572
4189	5195572
4190	5196568
4191	5197572
4192	5198572
4193	5199572
4194	5200568
4195	5201568
4196	5202572
4197	5203572
4198	5204572
4199	5205572
4200	5206572
4201	5207572
4202	5208576
4203	5209568
4204	5210572
4205	5211572
4206	5212564
4207	5213572
4208	5214572
4209	5215572
4210	5216568
4211	5217568
4212	5218572
4213	5219568
4214	5220576
4215	5221572
4216	5222568
4217	5223572
4218	5224576
4219	5225572
4220	5226568
4221	5227568
4222	5228568
4223	5229572
4224	5230568
4225	5231568
4226	5232572
4227	5233572
4228	5234572
4229	5235572
4230	5236576
4231	5237572
4232	5238568
4233	5239576
4234	5240572
4235	5241568
4236	5242572
4237	5243568
4238	5244572
4239	5245572
4240	5246572
4241	5247572
4242	5248568
4243	5249572
4244	5250572
4245	5251572
4246	5252576
4247	5253568
4248	5254572
4249	5255572
4250	5256568
4251	5257576
4252	5258576
4253	5259572
4254	5260576
4255	5261572
4256	5262576
4257	5263576
4258	5264572
4259	5265572
4260	5266572
4261	5267572
4262	5268572
4263	5269572
4264	5270572
4265	5271568
4266	5272572
4267	5273576
4268	5274568
4269	5275572
4270	5276572
4271	5277572
4272	5278572
4273	5279568
4274	5280572
4275	5281572
4276	5282572
4277	5283572
4278	5284572
4279	5285572
4280	5286576
4281	5287576
4282	5288576
4283	5289572
4284	5290572
4285	5291576
4286	5292572
4287	5293572
4288	5294572
4289	5295568
4290	5296568
4291	5297572
4292	5298572
4293	5299572
4294	5300568
4295	5301576
4296	5302576
4297	5303576
4298	5304568
4299	5305572
4300	5306572
4301	5307572
4302	5308568
4303	5309572
4304	5310572
4305	5311564
4306	5312572
4307	5313572
4308	5314572
4309	5315568
4310	5316572
4311	5317568
4312	5318572
4313	5319572
4314	5320568
4315	5321568
4316	5322568
4317	5323572
4318	5324572
4319	5325576
4320	5326568
4321	5327572
4322	5328572
4323	5329572
4324	5330572
4325	5331572
4326	5332572
4327	5333572
4328	5334576
4329	5335572
4330	5336576
4331	5337576
4332	5338576
4333	5339572
4334	5340572
4335	5341572
4336	5342572
4337	5343572
4338	5344572
4339	5345576
4340	5346576
4341	5347572
4342	5348572
4343	5349572
4344	5350572
4345	5351576
4346	5352572
4347	5353572
4348	5354576
4349	5355572
4350	5356572
4351	5357576
4352	5358568
4353	5359568
4354	5360568
4355	5361572
4356	5362568
4357	5363568
4358	5364572
4359	5365572
4360	5366572
4361	5367572
4362	5368576
4363	5369568
4364	5370568
4365	5371576
4366	5372576
4367	5373572
4368	5374572
4369	5375568
4370	5376568
4371	5377572
4372	5378572
4373	5379568
4374	5380572
4375	5381568
4376	5382564
4377	5383572
4378	5384572
4379	5385572
4380	5386572
4381	5387576
4382	5388576
4383	5389568
4384	5390572
4385	5391572
4386	5392568
4387	5393568
4388	5394572
4389	5395568
4390	5396568
4391	5397572
4392	5398572
4393	5399568
4394	5400572
4395	5401568
4396	5402568
4397	5403572
4398	5404576
4399	5405576
4400	5406568
4401	5407572
4402	5408572
4403	5409572
4404	5410572
4405	5411572
4406	5412572
4407	5413572
4408	5414572
4409	5415572
4410	5416576
4411	5417572
4412	5418568
4413	5419568
4414	5420572
4415	5421572
4416	5422572
4417	5423572
4418	5424568
4419	5425572
4420	5426568
4421	5427564
4422	5428572
4423	5429572
4424	5430568
4425	5431572
4426	5432572
4427	5433568
4428	5434572
4429	5435572
4430	5436568
4431	5437572
4432	5438572
4433	5439568
4434	5440568
4435	5441572
4436	5442568
4437	5443572
4438	5444564
4439	5445572
4440	5446568
4441	5447576
4442	5448568
4443	5449568
4444	5450572
4445	5451572
4446	5452568
4447	5453572
4448	5454572
4449	5455568
4450	5456572
4451	5457572
4452	5458572
4453	5459572
4454	5460572
4455	5461572
4456	5462572
4457	5463568
4458	5464572
4459	5465576
4460	5466576
4461	5467568
4462	5468572
4463	5469572
4464	5470572
4465	5471572
4466	5472572
4467	5473576
4468	5474572
4469	5475568
4470	5476572
4471	5477572
4472	5478568
4473	5479568
4474	5480572
4475	5481576
4476	5482576
4477	5483572
4478	5484572
4479	5485568
4480	5486576
4481	5487564
4482	5488568
4483	5489572
4484	5490568
4485	5491572
4486	5492568
4487	5493572
4488	5494572
4489	5495572
4490	5496568
4491	5497572
4492	5498572
4493	5499572
4494	5500568
4495	5501572
4496	5502572
4497	5503572
4498	5504572
4499	5505576
4500	5506576
4501	5507568
4502	5508568
4503	5509572
4504	5510572
4505	5511576
4506	5512564
4507	5513572
4508	5514572
4509	5515572
4510	5516568
4511	5517576
4512	5518568
4513	5519572
4514	5520572
4515	5521572
4516	5522568
4517	5523576
4518	5524568
4519	5525572
4520	5526572
4521	5527572
4522	5528568
4523	5529572
4524	5530572
4525	5531572
4526	5532568
4527	5533568
4528	5534572
4529	5535572
4530	5536576
4531	5537576
4532	5538576
4533	5539572
4534	5540564
4535	5541572
4536	5542576
4537	5543572
4538	5544572
4539	5545568
4540	5546572
4541	5547568
4542	5548572
4543	5549576
4544	5550568
4545	5551576
4546	5552572
4547	5553572
4548	5554572
4549	5555568
4550	5556564
4551	5557572
4552	5558572
4553	5559576
4554	5560568
4555	5561572
4556	5562572
4557	5563572
4558	5564572
4559	5565572
4560	5566576
4561	5567572
4562	5568572
4563	5569572
4564	5570572
4565	5571572
4566	5572568
4567	5573576
4568	5574568
4569	5575572
4570	5576572
4571	5577572
4572	5578576
4573	5579572
4574	5580572
4575	5581568
4576	5582568
4577	5583576
4578	5584572
4579	5585576
4580	5586568
4581	5587572
4582	5588576
4583	5589576
4584	5590572
4585	5591572
4586	5592572
4587	5593572
4588	5594568
4589	5595568
4590	5596576
4591	5597572
4592	5598568
4593	5599572
4594	5600568
4595	5601572
4596	5602568
4597	5603572
4598	5604568
4599	5605572
4600	5606568
4601	5607572
4602	5608572
4603	5609572
4604	5610572
4605	5611572
4606	5612572
4607	5613572
4608	5614572
4609	5615568
4610	5616568
4611	5617568
4612	5618568
4613	5619572
4614	5620572
4615	5621572
4616	5622572
4617	5623572
4618	5624568
4619	5625572
4620	5626572
4621	5627572
4622	5628572
4623	5629572
4624	5630572
4625	5631564
4626	5632572
4627	5633576
4628	5634568
4629	5635572
4630	5636572
4631	5637568
4632	5638572
4633	5639576
4634	5640572
4635	5641572
4636	5642568
4637	5643568
4638	5644568
4639	5645568
4640	5646568
4641	5647568
4642	5648572
4643	5649572
4644	5650572
4645	5651572
4646	5652572
4647	5653568
4648	5654576
4649	5655576
4650	5656568
4651	5657572
4652	5658572
4653	5659572
4654	5660572
4655	5661572
4656	5662568
4657	5663568
4658	5664576
4659	5665568
4660	5666568
4661	5667572
4662	5668572
4663	5669576
4664	5670568
4665	5671572
4666	5672576
4667	5673572
4668	5674572
4669	5675572
4670	5676576
4671	5677572
4672	5678576
4673	5679568
4674	5680568
4675	5681572
4676	5682572
4677	5683568
4678	5684576
4679	5685568
4680	5686572
4681	5687572
4682	5688576
4683	5689572
4684	5690572
4685	5691568
4686	5692572
4687	5693576
4688	5694568
4689	5695568
4690	5696568
4691	5697572
4692	5698564
4693	5699568
4694	5700572
4695	5701568
4696	5702564
4697	5703572
4698	5704572
4699	5705576
4700	5706568
4701	5707572
4702	5708576
4703	5709572
4704	5710572
4705	5711572
4706	5712568
4707	5713572
4708	5714572
4709	5715568
4710	5716572
4711	5717568
4712	5718568
4713	5719572
4714	5720572
4715	5721572
4716	5722572
4717	5723564
4718	5724572
4719	5725576
4720	5726572
4721	5727572
4722	5728572
4723	5729572
4724	5730572
4725	5731572
4726	5732568
4727	5733568
4728	5734572
4729	5735568
4730	5736572
4731	5737572
4732	5738568
4733	5739568
4734	5740568
4735	5741572
4736	5742572
4737	5743572
4738	5744572
4739	5745572
4740	5746568
4741	5747572
4742	5748568
4743	5749572
4744	5750576
4745	5751572
4746	5752568
4747	5753572
4748	5754572
4749	5755568
4750	5756572
4751	5757576
4752	5758572
4753	5759568
4754	5760568
4755	5761572
4756	5762572
4757	5763568
4758	5764568
4759	5765572
4760	5766572
4761	5767568
4762	5768568
4763	5769572
4764	5770572
4765	5771576
4766	5772576
4767	5773568
4768	5774564
4769	5775576
4770	5776572
4771	5777572
4772	5778576
4773	5779576
4774	5780572
4775	5781572
4776	5782568
4777	5783568
4778	5784576
4779	5785568
4780	5786568
4781	5787572
4782	5788576
4783	5789568
4784	5790568
4785	5791572
4786	5792568
4787	5793584
4788	5794568
4789	5795572
4790	5796568
4791	5797572
4792	5798568
4793	5799572
4794	5800572
4795	5801572
4796	5802572
4797	5803572
4798	5804572
4799	5805572
4800	5806568
4801	5807572
4802	5808572
4803	5809576
4804	5810568
4805	5811572
4806	5812572
4807	5813572
4808	5814568
4809	5815572
4810	5816572
4811	5817572
4812	5818576
4813	5819568
4814	5820572
4815	5821572
4816	5822572
4817	5823572
4818	5824572
4819	5825572
4820	5826568
4821	5827572
4822	5828568
4823	5829572
4824	5830568
4825	5831572
4826	5832568
4827	5833584
4828	5834572
4829	5835572
4830	5836568
4831	5837572
4832	5838572
4833	5839572
4834	5840576
4835	5841572
4836	5842572
4837	5843572
4838	5844572
4839	5845572
4840	5846572
4841	5847572
4842	5848572
4843	5849572
4844	5850572
4845	5851572
4846	5852572
4847	5853576
4848	5854572
4849	5855572
4850	5856572
4851	5857572
4852	5858576
4853	5859572
4854	5860572
4855	5861572
4856	5862572
4857	5863568
4858	5864572
4859	5865572
4860	5866572
4861	5867572
4862	5868572
4863	5869572
4864	5870576
4865	5871576
4866	5872572
4867	5873568
4868	5874576
4869	5875572
4870	5876572
4871	5877576
4872	5878572
4873	5879568
4874	5880572
4875	5881572
4876	5882572
4877	5883572
4878	5884568
4879	5885572
4880	5886572
4881	5887568
4882	5888568
4883	5889572
4884	5890572
4885	5891576
4886	5892568
4887	5893572
4888	5894572
4889	5895564
4890	5896568
4891	5897572
4892	5898572
4893	5899564
4894	5900576
4895	5901568
4896	5902572
4897	5903572
4898	5904568
4899	5905576
4900	5906572
4901	5907568
4902	5908568
4903	5909568
4904	5910572
4905	5911572
4906	5912568
4907	5913572
4908	5914572
4909	5915568
4910	5916568
4911	5917572
4912	5918572
4913	5919572
4914	5920568
4915	5921572
4916	5922568
4917	5923568
4918	5924576
4919	5925576
4920	5926572
4921	5927568
4922	5928572
4923	5929572
4924	5930572
4925	5931572
4926	5932572
4927	5933572
4928	5934572
4929	5935572
4930	5936572
4931	5937572
4932	5938572
4933	5939564
4934	5940572
4935	5941572
4936	5942572
4937	5943572
4938	5944572
4939	5945576
4940	5946572
4941	5947572
4942	5948568
4943	5949572
4944	5950568
4945	5951572
4946	5952568
4947	5953572
4948	5954564
4949	5955572
4950	5956572
4951	5957572
4952	5958572
4953	5959576
4954	5960572
4955	5961572
4956	5962572
4957	5963572
4958	5964568
4959	5965576
4960	5966568
4961	5967568
4962	5968572
4963	5969572
4964	5970568
4965	5971572
4966	5972572
4967	5973572
4968	5974576
4969	5975576
4970	5976572
4971	5977576
4972	5978572
4973	5979568
4974	5980568
4975	5981568
4976	5982568
4977	5983568
4978	5984572
4979	5985576
4980	5986572
4981	5987572
4982	5988572
4983	5989572
4984	5990572
4985	5991572
4986	5992568
4987	5993568
4988	5994572
4989	5995572
4990	5996576
4991	5997572
4992	5998572
4993	5999568
4994	6000572
4995	6001568
4996	6002568
4997	6003568
4998	6004572
4999	6005568
5000	6006572
5001	6007568
5002	6008568
5003	6009568
5004	6010572
5005	6011572
5006	6012572
5007	6013572
5008	6014568
5009	6015568
5010	6016572
5011	6017572
5012	6018572
5013	6019572
5014	6020568
5015	6021572
5016	6022572
5017	6023568
5018	6024576
5019	6025572
5020	6026576
5021	6027568
5022	6028568
5023	6029572
5024	6030572
5025	6031572
5026	6032568
5027	6033572
5028	6034576
5029	6035572
5030	6036572
5031	6037572
5032	6038568
5033	6039572
5034	6040576
5035	6041572
5036	6042572
5037	6043568
5038	6044572
5039	6045576
5040	6046572
5041	6047572
5042	6048572
5043	6049572
5044	6050572
5045	6051568
5046	6052568
5047	6053572
5048	6054568
5049	6055568
5050	6056568
5051	6057568
5052	6058568
5053	6059576
5054	6060572
5055	6061572
5056	6062576
5057	6063572
5058	6064572
5059	6065568
5060	6066572
5061	6067572
5062	6068576
5063	6069568
5064	6070568
5065	6071568
5066	6072568
5067	6073572
5068	6074572
5069	6075572
5070	6076572
5071	6077572
5072	6078572
5073	6079572
5074	6080572
5075	6081572
5076	6082572
5077	6083572
5078	6084564
5079	6085572
5080	6086572
5081	6087572
5082	6088572
5083	6089572
5084	6090572
5085	6091568
5086	6092572
5087	6093572
5088	6094568
5089	6095572
5090	6096576
5091	6097572
5092	6098572
5093	6099572
5094	6100568
5095	6101576
5096	6102572
5097	6103568
5098	6104572
5099	6105572
5100	6106572
5101	6107568
5102	6108568
5103	6109572
5104	6110572
5105	6111572
5106	6112572
5107	6113572
5108	6114572
5109	6115572
5110	6116568
5111	6117572
5112	6118572
5113	6119572
5114	6120572
5115	6121572
5116	6122576
5117	6123576
5118	6124572
5119	6125576
5120	6126572
5121	6127572
5122	6128572
5123	6129564
5124	6130568
5125	6131572
5126	6132572
5127	6133572
5128	6134568
5129	6135572
5130	6136572
5131	6137568
5132	6138572
5133	6139568
5134	6140572
5135	6141576
5136	6142564
5137	6143568
5138	6144564
5139	6145576
5140	6146576
5141	6147572
5142	6148568
5143	6149572
5144	6150568
5145	6151572
5146	6152568
5147	6153576
5148	6154572
5149	6155568
5150	6156572
5151	6157572
5152	6158572
5153	6159576
5154	6160568
5155	6161568
5156	6162568
5157	6163576
5158	6164572
5159	6165572
5160	6166572
5161	6167568
5162	6168572
5163	6169572
5164	6170568
5165	6171572
5166	6172572
5167	6173568
5168	6174572
5169	6175572
5170	6176572
5171	6177572
5172	6178572
5173	6179572
5174	6180572
5175	6181576
5176	6182572
5177	6183572
5178	6184576
5179	6185572
5180	6186572
5181	6187572
5182	6188576
5183	6189568
5184	6190576
5185	6191576
5186	6192572
5187	6193576
5188	6194572
5189	6195568
5190	6196572
5191	6197568
5192	6198572
5193	6199568
5194	6200568
5195	6201572
5196	6202576
5197	6203572
5198	6204572
5199	6205576
5200	6206572
5201	6207572
5202	6208572
5203	6209572
5204	6210568
5205	6211576
5206	6212572
5207	6213572
5208	6214568
5209	6215572
5210	6216572
5211	6217572
5212	6218576
5213	6219572
5214	6220572
5215	6221572
5216	6222572
5217	6223572
5218	6224568
5219	6225572
5220	6226572
5221	6227572
5222	6228572
5223	6229568
5224	6230568
5225	6231572
5226	6232568
5227	6233572
5228	6234572
5229	6235568
5230	6236576
5231	6237572
5232	6238572
5233	6239572
5234	6240576
5235	6241572
5236	6242572
5237	6243572
5238	6244572
5239	6245572
5240	6246572
5241	6247572
5242	6248572
5243	6249568
5244	6250572
5245	6251572
5246	6252572
5247	6253568
5248	6254568
5249	6255568
5250	6256572
5251	6257576
5252	6258572
5253	6259568
5254	6260576
5255	6261572
5256	6262572
5257	6263572
5258	6264572
5259	6265572
5260	6266576
5261	6267572
5262	6268568
5263	6269572
5264	6270568
5265	6271572
5266	6272568
5267	6273572
5268	6274576
5269	6275572
5270	6276572
5271	6277576
5272	6278572
5273	6279572
5274	6280572
5275	6281576
5276	6282572
5277	6283572
5278	6284568
5279	6285576
5280	6286568
5281	6287572
5282	6288568
5283	6289568
5284	6290572
5285	6291572
5286	6292572
5287	6293572
5288	6294576
5289	6295576
5290	6296572
5291	6297568
5292	6298572
5293	6299572
5294	6300572
5295	6301572
5296	6302572
5297	6303572
5298	6304572
5299	6305576
5300	6306568
5301	6307572
5302	6308572
5303	6309568
5304	6310568
5305	6311576
5306	6312572
5307	6313576
5308	6314572
5309	6315568
5310	6316568
5311	6317572
5312	6318572
5313	6319572
5314	6320576
5315	6321572
5316	6322572
5317	6323572
5318	6324568
5319	6325572
5320	6326572
5321	6327572
5322	6328572
5323	6329572
5324	6330572
5325	6331576
5326	6332568
5327	6333572
5328	6334572
5329	6335568
5330	6336572
5331	6337568
5332	6338568
5333	6339572
5334	6340572
5335	6341572
5336	6342572
5337	6343572
5338	6344568
5339	6345572
5340	6346572
5341	6347576
5342	6348572
5343	6349572
5344	6350576
5345	6351572
5346	6352572
5347	6353572
5348	6354568
5349	6355572
5350	6356568
5351	6357568
5352	6358572
5353	6359568
5354	6360576
5355	6361572
5356	6362568
5357	6363568
5358	6364572
5359	6365576
5360	6366568
5361	6367568
5362	6368572
5363	6369568
5364	6370572
5365	6371576
5366	6372568
5367	6373568
5368	6374572
5369	6375576
5370	6376572
5371	6377572
5372	6378572
5373	6379576
5374	6380572
5375	6381568
5376	6382576
5377	6383572
5378	6384572
5379	6385572
5380	6386572
5381	6387576
5382	6388572
5383	6389572
5384	6390572
5385	6391568
5386	6392568
5387	6393568
5388	6394568
5389	6395568
5390	6396572
5391	6397572
5392	6398572
5393	6399568
5394	6400568
5395	6401568
5396	6402572
5397	6403572
5398	6404572
5399	6405572
5400	6406568
5401	6407572
5402	6408576
5403	6409568
5404	6410572
5405	6411568
5406	6412572
5407	6413572
5408	6414568
5409	6415568
5410	6416568
5411	6417572
5412	6418572
5413	6419568
5414	6420572
5415	6421568
5416	6422572
5417	6423572
5418	6424572
5419	6425568
5420	6426568
5421	6427572
5422	6428572
5423	6429572
5424	6430572
5425	6431572
5426	6432576
5427	6433572
5428	6434568
5429	6435576
5430	6436572
5431	6437568
5432	6438568
5433	6439572
5434	6440568
5435	6441572
5436	6442576
5437	6443568
5438	6444568
5439	6445576
5440	6446568
5441	6447572
5442	6448572
5443	6449568
5444	6450572
5445	6451564
5446	6452568
5447	6453572
5448	6454568
5449	6455568
5450	6456568
5451	6457572
5452	6458572
5453	6459568
5454	6460568
5455	6461576
5456	6462572
5457	6463572
5458	6464572
5459	6465572
5460	6466568
5461	6467572
5462	6468568
5463	6469572
5464	6470576
5465	6471572
5466	6472576
5467	6473568
5468	6474572
5469	6475568
5470	6476572
5471	6477572
5472	6478568
5473	6479568
5474	6480572
5475	6481572
5476	6482572
5477	6483572
5478	6484572
5479	6485568
5480	6486568
5481	6487576
5482	6488568
5483	6489576
5484	6490572
5485	6491568
5486	6492572
5487	6493576
5488	6494572
5489	6495572
5490	6496568
5491	6497576
5492	6498568
5493	6499576
5494	6500572
5495	6501572
5496	6502564
5497	6503572
5498	6504572
5499	6505568
5500	6506568
5501	6507572
5502	6508568
5503	6509572
5504	6510572
5505	6511568
5506	6512572
5507	6513572
5508	6514572
5509	6515568
5510	6516576
5511	6517564
5512	6518572
5513	6519568
5514	6520572
5515	6521572
5516	6522568
5517	6523568
5518	6524568
5519	6525568
5520	6526572
5521	6527572
5522	6528572
5523	6529576
5524	6530572
5525	6531568
5526	6532572
5527	6533572
5528	6534572
5529	6535572
5530	6536572
5531	6537572
5532	6538572
5533	6539568
5534	6540572
5535	6541568
5536	6542572
5537	6543568
5538	6544576
5539	6545572
5540	6546568
5541	6547572
5542	6548576
5543	6549572
5544	6550572
5545	6551572
5546	6552572
5547	6553576
5548	6554572
5549	6555572
5550	6556572
5551	6557572
5552	6558572
5553	6559572
5554	6560572
5555	6561572
5556	6562572
5557	6563572
5558	6564572
5559	6565576
5560	6566572
5561	6567572
5562	6568572
5563	6569576
5564	6570572
5565	6571572
5566	6572564
5567	6573572
5568	6574572
5569	6575572
5570	6576572
5571	6577576
5572	6578572
5573	6579576
5574	6580572
5575	6581572
5576	6582572
5577	6583568
5578	6584568
5579	6585572
5580	6586572
5581	6587572
5582	6588576
5583	6589576
5584	6590576
5585	6591572
5586	6592572
5587	6593572
5588	6594576
5589	6595568
5590	6596572
5591	6597572
5592	6598568
5593	6599572
5594	6600572
5595	6601568
5596	6602572
5597	6603572
5598	6604568
5599	6605572
5600	6606572
5601	6607568
5602	6608572
5603	6609568
5604	6610572
5605	6611572
5606	6612572
5607	6613568
5608	6614568
5609	6615572
5610	6616572
5611	6617572
5612	6618564
5613	6619572
5614	6620572
5615	6621572
5616	6622572
5617	6623572
5618	6624568
5619	6625572
5620	6626568
5621	6627572
5622	6628568
5623	6629568
5624	6630572
5625	6631576
5626	6632572
5627	6633576
5628	6634572
5629	6635572
5630	6636572
5631	6637572
5632	6638572
5633	6639568
5634	6640576
5635	6641568
5636	6642572
5637	6643572
5638	6644572
5639	6645572
5640	6646572
5641	6647572
5642	6648572
5643	6649568
5644	6650568
5645	6651572
5646	6652568
5647	6653576
5648	6654568
5649	6655564
5650	6656572
5651	6657572
5652	6658572
5653	6659568
5654	6660572
5655	6661568
5656	6662572
5657	6663572
5658	6664576
5659	6665572
5660	6666572
5661	6667572
5662	6668572
5663	6669572
5664	6670572
5665	6671576
5666	6672572
5667	6673568
5668	6674568
5669	6675572
5670	6676572
5671	6677576
5672	6678572
5673	6679568
5674	6680572
5675	6681568
5676	6682572
5677	6683572
5678	6684568
5679	6685572
5680	6686564
5681	6687572
5682	6688572
5683	6689572
5684	6690568
5685	6691576
5686	6692568
5687	6693568
5688	6694572
5689	6695572
5690	6696572
5691	6697572
5692	6698568
5693	6699572
5694	6700568
5695	6701572
5696	6702568
5697	6703576
5698	6704572
5699	6705568
5700	6706568
5701	6707568
5702	6708568
5703	6709572
5704	6710576
5705	6711568
5706	6712568
5707	6713572
5708	6714572
5709	6715568
5710	6716572
5711	6717576
5712	6718568
5713	6719568
5714	6720576
5715	6721576
5716	6722568
5717	6723572
5718	6724572
5719	6725568
5720	6726568
5721	6727572
5722	6728576
5723	6729568
5724	6730568
5725	6731568
5726	6732572
5727	6733572
5728	6734572
5729	6735572
5730	6736572
5731	6737572
5732	6738572
5733	6739576
5734	6740572
5735	6741572
5736	6742572
5737	6743572
5738	6744572
5739	6745572
5740	6746572
5741	6747576
5742	6748572
5743	6749572
5744	6750572
5745	6751576
5746	6752572
5747	6753576
5748	6754568
5749	6755568
5750	6756572
5751	6757568
5752	6758568
5753	6759572
5754	6760572
5755	6761572
5756	6762572
5757	6763572
5758	6764576
5759	6765572
5760	6766572
5761	6767568
5762	6768572
5763	6769568
5764	6770572
5765	6771572
5766	6772572
5767	6773572
5768	6774572
5769	6775572
5770	6776572
5771	6777572
5772	6778572
5773	6779572
5774	6780568
5775	6781572
5776	6782572
5777	6783572
5778	6784572
5779	6785572
5780	6786568
5781	6787576
5782	6788572
5783	6789572
5784	6790572
5785	6791572
5786	6792572
5787	6793576
5788	6794572
5789	6795572
5790	6796572
5791	6797576
5792	6798572
5793	6799572
5794	6800576
5795	6801572
5796	6802568
5797	6803576
5798	6804572
5799	6805572
5800	6806572
5801	6807572
5802	6808572
5803	6809572
5804	6810572
5805	6811572
5806	6812572
5807	6813568
5808	6814572
5809	6815572
5810	6816572
5811	6817576
5812	6818576
5813	6819576
5814	6820572
5815	6821572
5816	6822576
5817	6823576
5818	6824576
5819	6825572
5820	6826568
5821	6827572
5822	6828572
5823	6829572
5824	6830572
5825	6831568
5826	6832568
5827	6833576
5828	6834572
5829	6835572
5830	6836572
5831	6837568
5832	6838576
5833	6839568
5834	6840572
5835	6841576
5836	6842572
5837	6843576
5838	6844572
5839	6845572
5840	6846572
5841	6847576
5842	6848572
5843	6849576
5844	6850572
5845	6851576
5846	6852572
5847	6853576
5848	6854572
5849	6855568
5850	6856572
5851	6857576
5852	6858568
5853	6859572
5854	6860572
5855	6861572
5856	6862572
5857	6863572
5858	6864572
5859	6865576
5860	6866576
5861	6867576
5862	6868568
5863	6869572
5864	6870568
5865	6871576
5866	6872568
5867	6873572
5868	6874572
5869	6875572
5870	6876572
5871	6877576
5872	6878572
5873	6879576
5874	6880572
5875	6881576
5876	6882576
5877	6883576
5878	6884572
5879	6885572
5880	6886572
5881	6887568
5882	6888568
5883	6889572
5884	6890576
5885	6891572
5886	6892572
5887	6893568
5888	6894572
5889	6895572
5890	6896576
5891	6897568
5892	6898572
5893	6899576
5894	6900572
5895	6901576
5896	6902576
5897	6903568
5898	6904572
5899	6905572
5900	6906572
5901	6907576
5902	6908564
5903	6909576
5904	6910572
5905	6911568
5906	6912572
5907	6913568
5908	6914572
5909	6915576
5910	6916572
5911	6917572
5912	6918576
5913	6919576
5914	6920576
5915	6921572
5916	6922572
5917	6923572
5918	6924576
5919	6925572
5920	6926572
5921	6927572
5922	6928568
5923	6929572
5924	6930572
5925	6931568
5926	6932572
5927	6933576
5928	6934572
5929	6935572
5930	6936572
5931	6937572
5932	6938572
5933	6939568
5934	6940568
5935	6941576
5936	6942568
5937	6943572
5938	6944572
5939	6945576
5940	6946564
5941	6947572
5942	6948568
5943	6949576
5944	6950572
5945	6951572
5946	6952576
5947	6953572
5948	6954568
5949	6955572
5950	6956572
5951	6957572
5952	6958572
5953	6959572
5954	6960572
5955	6961572
5956	6962568
5957	6963568
5958	6964568
5959	6965572
5960	6966572
5961	6967572
5962	6968572
5963	6969572
5964	6970568
5965	6971572
5966	6972572
5967	6973572
5968	6974568
5969	6975572
5970	6976572
5971	6977572
5972	6978568
5973	6979568
5974	6980576
5975	6981572
5976	6982572
5977	6983572
5978	6984572
5979	6985572
5980	6986576
5981	6987568
5982	6988568
5983	6989576
5984	6990568
5985	6991572
5986	6992568
5987	6993568
5988	6994572
5989	6995568
5990	6996572
5991	6997572
5992	6998568
5993	6999576
5994	7000572
5995	7001572
5996	7002572
5997	7003572
5998	7004568
5999	7005576
6000	7006572
6001	7007572
6002	7008572
6003	7009568
6004	7010572
6005	7011576
6006	7012568
6007	7013572
6008	7014572
6009	7015572
6010	7016568
6011	7017572
6012	7018572
6013	7019572
6014	7020568
6015	7021572
6016	7022568
6017	7023564
6018	7024572
6019	7025572
6020	7026572
6021	7027568
6022	7028572
6023	7029572
6024	7030572
6025	7031568
6026	7032568
6027	7033576
6028	7034572
6029	7035572
6030	7036576
6031	7037572
6032	7038572
6033	7039568
6034	7040576
6035	7041584
6036	7042572
6037	7043576
6038	7044576
6039	7045568
6040	7046572
6041	7047572
6042	7048572
6043	7049584
6044	7050568
6045	7051568
6046	7052572
6047	7053572
6048	7054568
6049	7055572
6050	7056568
6051	7057572
6052	7058572
6053	7059572
6054	7060568
6055	7061572
6056	7062572
6057	7063572
6058	7064576
6059	7065576
6060	7066572
6061	7067572
6062	7068572
6063	7069572
6064	7070568
6065	7071572
6066	7072572
6067	7073572
6068	7074572
6069	7075572
6070	7076572
6071	7077572
6072	7078572
6073	7079572
6074	7080576
6075	7081572
6076	7082568
6077	7083572
6078	7084576
6079	7085576
6080	7086568
6081	7087572
6082	7088568
6083	7089572
6084	7090572
6085	7091568
6086	7092576
6087	7093572
6088	7094572
6089	7095572
6090	7096572
6091	7097576
6092	7098576
6093	7099572
6094	7100572
6095	7101568
6096	7102568
6097	7103572
6098	7104572
6099	7105576
6100	7106568
6101	7107572
6102	7108572
6103	7109568
6104	7110576
6105	7111568
6106	7112572
6107	7113572
6108	7114572
6109	7115572
6110	7116576
6111	7117572
6112	7118572
6113	7119576
6114	7120572
6115	7121572
6116	7122568
6117	7123572
6118	7124572
6119	7125572
6120	7126572
6121	7127572
6122	7128568
6123	7129572
6124	7130572
6125	7131568
6126	7132576
6127	7133572
6128	7134576
6129	7135572
6130	7136572
6131	7137576
6132	7138572
6133	7139572
6134	7140572
6135	7141572
6136	7142568
6137	7143572
6138	7144572
6139	7145572
6140	7146572
6141	7147572
6142	7148572
6143	7149576
6144	7150568
6145	7151568
6146	7152572
6147	7153572
6148	7154568
6149	7155568
6150	7156568
6151	7157568
6152	7158568
6153	7159572
6154	7160572
6155	7161572
6156	7162576
6157	7163572
6158	7164572
6159	7165572
6160	7166568
6161	7167564
6162	7168576
6163	7169572
6164	7170572
6165	7171568
6166	7172572
6167	7173572
6168	7174576
6169	7175572
6170	7176568
6171	7177572
6172	7178568
6173	7179568
6174	7180576
6175	7181572
6176	7182572
6177	7183568
6178	7184572
6179	7185572
6180	7186568
6181	7187568
6182	7188572
6183	7189576
6184	7190572
6185	7191568
6186	7192572
6187	7193568
6188	7194572
6189	7195572
6190	7196572
6191	7197576
6192	7198572
6193	7199572
6194	7200572
6195	7201572
6196	7202572
6197	7203572
6198	7204572
6199	7205568
6200	7206572
6201	7207572
6202	7208568
6203	7209568
6204	7210572
6205	7211576
6206	7212572
6207	7213572
6208	7214572
6209	7215572
6210	7216576
6211	7217568
6212	7218568
6213	7219568
6214	7220572
6215	7221572
6216	7222572
6217	7223572
6218	7224572
6219	7225572
6220	7226572
6221	7227572
6222	7228568
6223	7229572
6224	7230572
6225	7231572
6226	7232572
6227	7233572
6228	7234564
6229	7235576
6230	7236568
6231	7237576
6232	7238576
6233	7239572
6234	7240572
6235	7241572
6236	7242572
6237	7243568
6238	7244572
6239	7245568
6240	7246572
6241	7247564
6242	7248572
6243	7249572
6244	7250572
6245	7251568
6246	7252572
6247	7253576
6248	7254572
6249	7255568
6250	7256576
6251	7257568
6252	7258576
6253	7259568
6254	7260572
6255	7261576
6256	7262576
6257	7263568
6258	7264576
6259	7265572
6260	7266576
6261	7267572
6262	7268572
6263	7269584
6264	7270572
6265	7271572
6266	7272572
6267	7273572
6268	7274572
6269	7275572
6270	7276572
6271	7277568
6272	7278568
6273	7279568
6274	7280572
6275	7281572
6276	7282572
6277	7283572
6278	7284576
6279	7285572
6280	7286572
6281	7287572
6282	7288564
6283	7289572
6284	7290572
6285	7291572
6286	7292568
6287	7293572
6288	7294568
6289	7295572
6290	7296572
6291	7297576
6292	7298572
6293	7299572
6294	7300572
6295	7301572
6296	7302568
6297	7303572
6298	7304572
6299	7305572
6300	7306568
6301	7307568
6302	7308572
6303	7309576
6304	7310568
6305	7311572
6306	7312572
6307	7313568
6308	7314584
6309	7315576
6310	7316576
6311	7317576
6312	7318572
6313	7319572
6314	7320576
6315	7321572
6316	7322572
6317	7323572
6318	7324572
6319	7325568
6320	7326572
6321	7327572
6322	7328572
6323	7329572
6324	7330572
6325	7331572
6326	7332576
6327	7333572
6328	7334576
6329	7335572
6330	7336576
6331	7337572
6332	7338572
6333	7339572
6334	7340564
6335	7341572
6336	7342572
6337	7343576
6338	7344568
6339	7345572
6340	7346572
6341	7347572
6342	7348576
6343	7349572
6344	7350572
6345	7351572
6346	7352576
6347	7353572
6348	7354576
6349	7355576
6350	7356572
6351	7357572
6352	7358568
6353	7359572
6354	7360572
6355	7361572
6356	7362572
6357	7363572
6358	7364572
6359	7365572
6360	7366572
6361	7367576
6362	7368572
6363	7369572
6364	7370572
6365	7371568
6366	7372572
6367	7373572
6368	7374568
6369	7375568
6370	7376572
6371	7377572
6372	7378572
6373	7379572
6374	7380572
6375	7381584
6376	7382568
6377	7383572
6378	7384572
6379	7385568
6380	7386572
6381	7387572
6382	7388568
6383	7389576
6384	7390576
6385	7391572
6386	7392572
6387	7393572
6388	7394572
6389	7395572
6390	7396572
6391	7397572
6392	7398568
6393	7399572
6394	7400576
6395	7401576
6396	7402572
6397	7403572
6398	7404572
6399	7405576
6400	7406576
6401	7407572
6402	7408568
6403	7409572
6404	7410572
6405	7411572
6406	7412572
6407	7413572
6408	7414564
6409	7415572
6410	7416568
6411	7417572
6412	7418572
6413	7419576
6414	7420576
6415	7421568
6416	7422572
6417	7423564
6418	7424572
6419	7425572
6420	7426572
6421	7427572
6422	7428572
6423	7429572
6424	7430568
6425	7431576
6426	7432576
6427	7433572
6428	7434572
6429	7435568
6430	7436572
6431	7437572
6432	7438572
6433	7439576
6434	7440572
6435	7441576
6436	7442568
6437	7443572
6438	7444572
6439	7445572
6440	7446572
6441	7447568
6442	7448568
6443	7449576
6444	7450572
6445	7451572
6446	7452572
6447	7453572
6448	7454576
6449	7455576
6450	7456572
6451	7457572
6452	7458572
6453	7459572
6454	7460572
6455	7461572
6456	7462568
6457	7463572
6458	7464572
6459	7465584
6460	7466572
6461	7467568
6462	7468568
6463	7469572
6464	7470576
6465	7471572
6466	7472572
6467	7473568
6468	7474568
6469	7475572
6470	7476576
6471	7477572
6472	7478572
6473	7479572
6474	7480572
6475	7481572
6476	7482572
6477	7483576
6478	7484572
6479	7485568
6480	7486572
6481	7487576
6482	7488576
6483	7489572
6484	7490564
6485	7491572
6486	7492572
6487	7493572
6488	7494572
6489	7495568
6490	7496572
6491	7497576
6492	7498568
6493	7499568
6494	7500572
6495	7501568
6496	7502572
6497	7503568
6498	7504576
6499	7505576
6500	7506572
6501	7507568
6502	7508568
6503	7509572
6504	7510572
6505	7511576
6506	7512572
6507	7513572
6508	7514572
6509	7515572
6510	7516568
6511	7517576
6512	7518584
6513	7519568
6514	7520576
6515	7521572
6516	7522572
6517	7523572
6518	7524576
6519	7525576
6520	7526572
6521	7527572
6522	7528568
6523	7529572
6524	7530572
6525	7531576
6526	7532572
6527	7533568
6528	7534568
6529	7535576
6530	7536572
6531	7537572
6532	7538572
6533	7539568
6534	7540572
6535	7541572
6536	7542572
6537	7543572
6538	7544576
6539	7545572
6540	7546572
6541	7547576
6542	7548572
6543	7549568
6544	7550568
6545	7551572
6546	7552576
6547	7553576
6548	7554572
6549	7555576
6550	7556572
6551	7557572
6552	7558572
6553	7559572
6554	7560568
6555	7561572
6556	7562572
6557	7563576
6558	7564572
6559	7565572
6560	7566572
6561	7567572
6562	7568576
6563	7569576
6564	7570572
6565	7571572
6566	7572572
6567	7573576
6568	7574568
6569	7575568
6570	7576572
6571	7577572
6572	7578572
6573	7579572
6574	7580568
6575	7581576
6576	7582572
6577	7583572
6578	7584576
6579	7585572
6580	7586572
6581	7587572
6582	7588572
6583	7589572
6584	7590568
6585	7591572
6586	7592572
6587	7593576
6588	7594572
6589	7595572
6590	7596572
6591	7597572
6592	7598572
6593	7599576
6594	7600572
6595	7601572
6596	7602572
6597	7603572
6598	7604576
6599	7605572
6600	7606572
6601	7607568
6602	7608572
6603	7609576
6604	7610568
6605	7611568
6606	7612576
6607	7613584
6608	7614572
6609	7615572
6610	7616572
6611	7617576
6612	7618572
6613	7619572
6614	7620572
6615	7621576
6616	7622572
6617	7623572
6618	7624576
6619	7625572
6620	7626572
6621	7627572
6622	7628576
6623	7629572
6624	7630572
6625	7631572
6626	7632572
6627	7633572
6628	7634572
6629	7635572
6630	7636572
6631	7637572
6632	7638572
6633	7639568
6634	7640568
6635	7641572
6636	7642572
6637	7643572
6638	7644576
6639	7645572
6640	7646568
6641	7647576
6642	7648572
6643	7649572
6644	7650576
6645	7651576
6646	7652572
6647	7653572
6648	7654568
6649	7655572
6650	7656572
6651	7657568
6652	7658568
6653	7659568
6654	7660572
6655	7661572
6656	7662568
6657	7663572
6658	7664568
6659	7665572
6660	7666568
6661	7667572
6662	7668572
6663	7669576
6664	7670572
6665	7671568
6666	7672572
6667	7673572
6668	7674572
6669	7675572
6670	7676572
6671	7677576
6672	7678568
6673	7679568
6674	7680572
6675	7681576
6676	7682572
6677	7683576
6678	7684572
6679	7685568
6680	7686572
6681	7687572
6682	7688572
6683	7689572
6684	7690572
6685	7691572
6686	7692572
6687	7693576
6688	7694572
6689	7695564
6690	7696572
6691	7697572
6692	7698568
6693	7699568
6694	7700572
6695	7701572
6696	7702572
6697	7703568
6698	7704572
6699	7705572
6700	7706572
6701	7707572
6702	7708576
6703	7709568
6704	7710572
6705	7711572
6706	7712572
6707	7713572
6708	7714572
6709	7715572
6710	7716572
6711	7717568
6712	7718572
6713	7719572
6714	7720576
6715	7721568
6716	7722568
6717	7723568
6718	7724568
6719	7725572
6720	7726572
6721	7727572
6722	7728572
6723	7729572
6724	7730572
6725	7731568
6726	7732572
6727	7733572
6728	7734576
6729	7735576
6730	7736572
6731	7737572
6732	7738568
6733	7739572
6734	7740568
6735	7741572
6736	7742572
6737	7743572
6738	7744572
6739	7745576
6740	7746568
6741	7747572
6742	7748572
6743	7749572
6744	7750568
6745	7751576
6746	7752572
6747	7753572
6748	7754572
6749	7755572
6750	7756572
6751	7757572
6752	7758568
6753	7759576
6754	7760572
6755	7761572
6756	7762572
6757	7763568
6758	7764572
6759	7765572
6760	7766568
6761	7767572
6762	7768568
6763	7769572
6764	7770572
6765	7771568
6766	7772572
6767	7773576
6768	7774568
6769	7775572
6770	7776572
6771	7777572
6772	7778572
6773	7779576
6774	7780572
6775	7781568
6776	7782572
6777	7783576
6778	7784572
6779	7785576
6780	7786568
6781	7787568
6782	7788572
6783	7789568
6784	7790572
6785	7791572
6786	7792572
6787	7793572
6788	7794576
6789	7795576
6790	7796572
6791	7797572
6792	7798572
6793	7799572
6794	7800572
6795	7801576
6796	7802572
6797	7803568
6798	7804572
6799	7805568
6800	7806568
6801	7807572
6802	7808572
6803	7809572
6804	7810572
6805	7811572
6806	7812572
6807	7813576
6808	7814572
6809	7815564
6810	7816572
6811	7817572
6812	7818572
6813	7819576
6814	7820572
6815	7821572
6816	7822572
6817	7823572
6818	7824572
6819	7825568
6820	7826576
6821	7827572
6822	7828572
6823	7829568
6824	7830568
6825	7831572
6826	7832568
6827	7833572
6828	7834568
6829	7835572
6830	7836576
6831	7837572
6832	7838572
6833	7839572
6834	7840572
6835	7841572
6836	7842572
6837	7843572
6838	7844572
6839	7845576
6840	7846576
6841	7847568
6842	7848576
6843	7849572
6844	7850568
6845	7851572
6846	7852576
6847	7853568
6848	7854572
6849	7855572
6850	7856572
6851	7857572
6852	7858568
6853	7859568
6854	7860572
6855	7861576
6856	7862568
6857	7863572
6858	7864572
6859	7865572
6860	7866568
6861	7867564
6862	7868576
6863	7869576
6864	7870572
6865	7871572
6866	7872568
6867	7873576
6868	7874576
6869	7875572
6870	7876572
6871	7877572
6872	7878576
6873	7879572
6874	7880568
6875	7881572
6876	7882572
6877	7883572
6878	7884572
6879	7885572
6880	7886572
6881	7887572
6882	7888572
6883	7889572
6884	7890572
6885	7891576
6886	7892572
6887	7893572
6888	7894576
6889	7895576
6890	7896572
6891	7897572
6892	7898568
6893	7899572
6894	7900568
6895	7901576
6896	7902568
6897	7903572
6898	7904576
6899	7905572
6900	7906572
6901	7907576
6902	7908576
6903	7909572
6904	7910572
6905	7911572
6906	7912572
6907	7913572
6908	7914572
6909	7915572
6910	7916572
6911	7917572
6912	7918572
6913	7919572
6914	7920572
6915	7921572
6916	7922576
6917	7923568
6918	7924572
6919	7925572
6920	7926572
6921	7927568
6922	7928568
6923	7929568
6924	7930576
6925	7931572
6926	7932572
6927	7933568
6928	7934572
6929	7935564
6930	7936564
6931	7937568
6932	7938572
6933	7939568
6934	7940568
6935	7941572
6936	7942572
6937	7943572
6938	7944572
6939	7945572
6940	7946576
6941	7947572
6942	7948576
6943	7949572
6944	7950576
6945	7951572
6946	7952572
6947	7953572
6948	7954576
6949	7955572
6950	7956568
6951	7957576
6952	7958568
6953	7959572
6954	7960572
6955	7961572
6956	7962572
6957	7963572
6958	7964568
6959	7965572
6960	7966568
6961	7967572
6962	7968572
6963	7969568
6964	7970572
6965	7971572
6966	7972572
6967	7973572
6968	7974576
6969	7975568
6970	7976576
6971	7977568
6972	7978576
6973	7979572
6974	7980572
6975	7981572
6976	7982568
6977	7983572
6978	7984576
6979	7985576
6980	7986572
6981	7987564
6982	7988572
6983	7989572
6984	7990568
6985	7991576
6986	7992572
6987	7993568
6988	7994568
6989	7995576
6990	7996568
6991	7997572
6992	7998572
6993	7999572
6994	8000572
6995	8001568
6996	8002568
6997	8003576
6998	8004572
6999	8005572
7000	8006572
7001	8007572
7002	8008572
7003	8009576
7004	8010576
7005	8011576
7006	8012568
7007	8013572
7008	8014568
7009	8015568
7010	8016572
7011	8017572
7012	8018568
7013	8019572
7014	8020572
7015	8021576
7016	8022572
7017	8023572
7018	8024572
7019	8025576
7020	8026572
7021	8027572
7022	8028572
7023	8029572
7024	8030564
7025	8031568
7026	8032572
7027	8033568
7028	8034572
7029	8035572
7030	8036568
7031	8037572
7032	8038572
7033	8039568
7034	8040572
7035	8041572
7036	8042572
7037	8043572
7038	8044572
7039	8045572
7040	8046572
7041	8047572
7042	8048572
7043	8049568
7044	8050572
7045	8051568
7046	8052568
7047	8053576
7048	8054572
7049	8055572
7050	8056572
7051	8057572
7052	8058576
7053	8059572
7054	8060572
7055	8061576
7056	8062572
7057	8063572
7058	8064572
7059	8065572
7060	8066572
7061	8067568
7062	8068572
7063	8069576
7064	8070568
7065	8071572
7066	8072572
7067	8073572
7068	8074568
7069	8075572
7070	8076572
7071	8077568
7072	8078572
7073	8079576
7074	8080572
7075	8081568
7076	8082576
7077	8083572
7078	8084572
7079	8085576
7080	8086572
7081	8087572
7082	8088576
7083	8089572
7084	8090572
7085	8091572
7086	8092568
7087	8093572
7088	8094572
7089	8095572
7090	8096572
7091	8097572
7092	8098572
7093	8099576
7094	8100572
7095	8101572
7096	8102572
7097	8103572
7098	8104576
7099	8105572
7100	8106568
7101	8107568
7102	8108568
7103	8109576
7104	8110576
7105	8111576
7106	8112572
7107	8113572
7108	8114568
7109	8115576
7110	8116572
7111	8117572
7112	8118568
7113	8119572
7114	8120572
7115	8121572
7116	8122572
7117	8123576
7118	8124576
7119	8125568
7120	8126568
7121	8127576
7122	8128572
7123	8129576
7124	8130572
7125	8131572
7126	8132572
7127	8133572
7128	8134572
7129	8135568
7130	8136572
7131	8137572
7132	8138568
7133	8139572
7134	8140572
7135	8141568
7136	8142572
7137	8143568
7138	8144572
7139	8145572
7140	8146576
7141	8147568
7142	8148572
7143	8149572
7144	8150572
7145	8151572
7146	8152572
7147	8153572
7148	8154572
7149	8155576
7150	8156572
7151	8157572
7152	8158572
7153	8159572
7154	8160568
7155	8161572
7156	8162572
7157	8163572
7158	8164572
7159	8165568
7160	8166572
7161	8167568
7162	8168572
7163	8169572
7164	8170572
7165	8171576
7166	8172564
7167	8173576
7168	8174572
7169	8175576
7170	8176572
7171	8177572
7172	8178576
7173	8179576
7174	8180572
7175	8181572
7176	8182572
7177	8183572
7178	8184576
7179	8185572
7180	8186572
7181	8187572
7182	8188568
7183	8189572
7184	8190572
7185	8191564
7186	8192572
7187	8193568
7188	8194572
7189	8195568
7190	8196568
7191	8197572
7192	8198568
7193	8199572
7194	8200576
7195	8201576
7196	8202568
7197	8203572
7198	8204572
7199	8205576
7200	8206568
7201	8207572
7202	8208572
7203	8209572
7204	8210572
7205	8211568
7206	8212572
7207	8213572
7208	8214568
7209	8215572
7210	8216572
7211	8217572
7212	8218564
7213	8219568
7214	8220568
7215	8221572
7216	8222572
7217	8223568
7218	8224572
7219	8225576
7220	8226572
7221	8227572
7222	8228576
7223	8229572
7224	8230572
7225	8231568
7226	8232568
7227	8233572
7228	8234572
7229	8235572
7230	8236572
7231	8237572
7232	8238572
7233	8239572
7234	8240572
7235	8241576
7236	8242572
7237	8243564
7238	8244572
7239	8245572
7240	8246568
7241	8247564
7242	8248568
7243	8249572
7244	8250572
7245	8251572
7246	8252572
7247	8253568
7248	8254572
7249	8255572
7250	8256568
7251	8257572
7252	8258568
7253	8259572
7254	8260572
7255	8261572
7256	8262572
7257	8263576
7258	8264568
7259	8265572
7260	8266572
7261	8267572
7262	8268572
7263	8269572
7264	8270568
7265	8271576
7266	8272572
7267	8273568
7268	8274572
7269	8275572
7270	8276572
7271	8277572
7272	8278576
7273	8279572
7274	8280572
7275	8281572
7276	8282572
7277	8283568
7278	8284572
7279	8285572
7280	8286568
7281	8287572
7282	8288576
7283	8289568
7284	8290572
7285	8291572
7286	8292572
7287	8293572
7288	8294572
7289	8295576
7290	8296576
7291	8297568
7292	8298572
7293	8299576
7294	8300572
7295	8301572
7296	8302572
7297	8303568
7298	8304572
7299	8305576
7300	8306572
7301	8307576
7302	8308568
7303	8309568
7304	8310568
7305	8311576
7306	8312564
7307	8313576
7308	8314576
7309	8315572
7310	8316568
7311	8317572
7312	8318572
7313	8319572
7314	8320572
7315	8321576
7316	8322572
7317	8323576
7318	8324576
7319	8325572
7320	8326576
7321	8327572
7322	8328572
7323	8329572
7324	8330568
7325	8331572
7326	8332576
7327	8333572
7328	8334564
7329	8335572
7330	8336572
7331	8337572
7332	8338572
7333	8339576
7334	8340572
7335	8341572
7336	8342572
7337	8343572
7338	8344576
7339	8345572
7340	8346572
7341	8347568
7342	8348572
7343	8349572
7344	8350568
7345	8351576
7346	8352572
7347	8353572
7348	8354576
7349	8355572
7350	8356572
7351	8357572
7352	8358576
7353	8359576
7354	8360576
7355	8361568
7356	8362572
7357	8363572
7358	8364568
7359	8365568
7360	8366572
7361	8367572
7362	8368572
7363	8369572
7364	8370572
7365	8371572
7366	8372572
7367	8373576
7368	8374572
7369	8375572
7370	8376568
7371	8377576
7372	8378568
7373	8379572
7374	8380572
7375	8381572
7376	8382572
7377	8383572
7378	8384568
7379	8385568
7380	8386572
7381	8387572
7382	8388572
7383	8389572
7384	8390576
7385	8391572
7386	8392576
7387	8393572
7388	8394576
7389	8395572
7390	8396572
7391	8397572
7392	8398576
7393	8399572
7394	8400572
7395	8401576
7396	8402576
7397	8403572
7398	8404572
7399	8405572
7400	8406572
7401	8407572
7402	8408572
7403	8409568
7404	8410572
7405	8411576
7406	8412568
7407	8413572
7408	8414572
7409	8415576
7410	8416572
7411	8417572
7412	8418572
7413	8419572
7414	8420568
7415	8421572
7416	8422572
7417	8423572
7418	8424572
7419	8425568
7420	8426572
7421	8427568
7422	8428576
7423	8429572
7424	8430572
7425	8431568
7426	8432572
7427	8433572
7428	8434572
7429	8435576
7430	8436572
7431	8437572
7432	8438572
7433	8439576
7434	8440576
7435	8441576
7436	8442572
7437	8443572
7438	8444572
7439	8445576
7440	8446576
7441	8447564
7442	8448576
7443	8449572
7444	8450572
7445	8451572
7446	8452572
7447	8453572
7448	8454576
7449	8455576
7450	8456572
7451	8457572
7452	8458568
7453	8459572
7454	8460572
7455	8461568
7456	8462572
7457	8463568
7458	8464568
7459	8465568
7460	8466568
7461	8467572
7462	8468572
7463	8469576
7464	8470572
7465	8471564
7466	8472572
7467	8473576
7468	8474572
7469	8475572
7470	8476572
7471	8477576
7472	8478572
7473	8479568
7474	8480572
7475	8481572
7476	8482572
7477	8483572
7478	8484572
7479	8485572
7480	8486572
7481	8487572
7482	8488572
7483	8489568
7484	8490572
7485	8491572
7486	8492572
7487	8493576
7488	8494572
7489	8495572
7490	8496572
7491	8497572
7492	8498572
7493	8499568
7494	8500572
7495	8501572
7496	8502572
7497	8503572
7498	8504568
7499	8505572
7500	8506572
7501	8507576
7502	8508572
7503	8509572
7504	8510572
7505	8511576
7506	8512568
7507	8513572
7508	8514564
7509	8515572
7510	8516572
7511	8517572
7512	8518572
7513	8519572
7514	8520572
7515	8521568
7516	8522576
7517	8523568
7518	8524568
7519	8525572
7520	8526572
7521	8527576
7522	8528572
7523	8529572
7524	8530572
7525	8531572
7526	8532572
7527	8533568
7528	8534572
7529	8535572
7530	8536572
7531	8537572
7532	8538572
7533	8539572
7534	8540572
7535	8541572
7536	8542572
7537	8543572
7538	8544568
7539	8545572
7540	8546572
7541	8547568
7542	8548568
7543	8549576
7544	8550572
7545	8551564
7546	8552572
7547	8553572
7548	8554572
7549	8555576
7550	8556568
7551	8557572
7552	8558572
7553	8559568
7554	8560568
7555	8561572
7556	8562572
7557	8563572
7558	8564568
7559	8565568
7560	8566572
7561	8567572
7562	8568572
7563	8569572
7564	8570572
7565	8571572
7566	8572572
7567	8573572
7568	8574572
7569	8575576
7570	8576576
7571	8577572
7572	8578572
7573	8579584
7574	8580576
7575	8581572
7576	8582576
7577	8583576
7578	8584576
7579	8585576
7580	8586576
7581	8587572
7582	8588572
7583	8589572
7584	8590576
7585	8591572
7586	8592576
7587	8593568
7588	8594568
7589	8595584
7590	8596568
7591	8597572
7592	8598572
7593	8599576
7594	8600572
7595	8601568
7596	8602572
7597	8603568
7598	8604568
7599	8605572
7600	8606572
7601	8607572
7602	8608572
7603	8609572
7604	8610572
7605	8611572
7606	8612576
7607	8613572
7608	8614568
7609	8615572
7610	8616568
7611	8617576
7612	8618572
7613	8619572
7614	8620572
7615	8621572
7616	8622568
7617	8623572
7618	8624576
7619	8625572
7620	8626572
7621	8627568
7622	8628568
7623	8629572
7624	8630572
7625	8631568
7626	8632568
7627	8633572
7628	8634572
7629	8635572
7630	8636568
7631	8637572
7632	8638576
7633	8639572
7634	8640572
7635	8641572
7636	8642568
7637	8643572
7638	8644576
7639	8645572
7640	8646572
7641	8647568
7642	8648568
7643	8649572
7644	8650568
7645	8651572
7646	8652572
7647	8653572
7648	8654572
7649	8655572
7650	8656576
7651	8657572
7652	8658576
7653	8659572
7654	8660576
7655	8661568
7656	8662572
7657	8663564
7658	8664572
7659	8665572
7660	8666568
7661	8667572
7662	8668576
7663	8669572
7664	8670572
7665	8671572
7666	8672576
7667	8673572
7668	8674572
7669	8675572
7670	8676572
7671	8677572
7672	8678572
7673	8679572
7674	8680572
7675	8681568
7676	8682572
7677	8683572
7678	8684568
7679	8685572
7680	8686568
7681	8687568
7682	8688568
7683	8689568
7684	8690572
7685	8691568
7686	8692572
7687	8693572
7688	8694572
7689	8695576
7690	8696572
7691	8697572
7692	8698568
7693	8699568
7694	8700576
7695	8701572
7696	8702572
7697	8703564
7698	8704572
7699	8705572
7700	8706568
7701	8707572
7702	8708572
7703	8709572
7704	8710572
7705	8711568
7706	8712572
7707	8713572
7708	8714572
7709	8715568
7710	8716572
7711	8717572
7712	8718576
7713	8719572
7714	8720572
7715	8721572
7716	8722572
7717	8723572
7718	8724572
7719	8725572
7720	8726572
7721	8727572
7722	8728568
7723	8729568
7724	8730572
7725	8731568
7726	8732568
7727	8733572
7728	8734568
7729	8735568
7730	8736572
7731	8737568
7732	8738572
7733	8739576
7734	8740572
7735	8741576
7736	8742576
7737	8743572
7738	8744568
7739	8745572
7740	8746572
7741	8747572
7742	8748568
7743	8749572
7744	8750572
7745	8751568
7746	8752572
7747	8753568
7748	8754568
7749	8755568
7750	8756572
7751	8757572
7752	8758572
7753	8759568
7754	8760568
7755	8761564
7756	8762572
7757	8763572
7758	8764568
7759	8765576
7760	8766572
7761	8767572
7762	8768572
7763	8769576
7764	8770568
7765	8771568
7766	8772572
7767	8773572
7768	8774568
7769	8775572
7770	8776572
7771	8777568
7772	8778572
7773	8779568
7774	8780576
7775	8781572
7776	8782568
7777	8783572
7778	8784568
7779	8785568
7780	8786568
7781	8787572
7782	8788572
7783	8789572
7784	8790568
7785	8791572
7786	8792572
7787	8793576
7788	8794572
7789	8795572
7790	8796576
7791	8797572
7792	8798572
7793	8799568
7794	8800568
7795	8801572
7796	8802572
7797	8803572
7798	8804572
7799	8805572
7800	8806568
7801	8807572
7802	8808572
7803	8809568
7804	8810572
7805	8811572
7806	8812572
7807	8813572
7808	8814572
7809	8815572
7810	8816568
7811	8817568
7812	8818568
7813	8819572
7814	8820572
7815	8821576
7816	8822568
7817	8823568
7818	8824572
7819	8825572
7820	8826568
7821	8827572
7822	8828568
7823	8829572
7824	8830572
7825	8831568
7826	8832572
7827	8833572
7828	8834572
7829	8835572
7830	8836572
7831	8837572
7832	8838572
7833	8839572
7834	8840572
7835	8841564
7836	8842576
7837	8843572
7838	8844572
7839	8845572
7840	8846568
7841	8847572
7842	8848576
7843	8849576
7844	8850572
7845	8851568
7846	8852568
7847	8853572
7848	8854576
7849	8855564
7850	8856572
7851	8857568
7852	8858572
7853	8859572
7854	8860572
7855	8861572
7856	8862568
7857	8863572
7858	8864568
7859	8865572
7860	8866576
7861	8867572
7862	8868572
7863	8869572
7864	8870572
7865	8871572
7866	8872576
7867	8873568
7868	8874572
7869	8875572
7870	8876572
7871	8877572
7872	8878568
7873	8879572
7874	8880572
7875	8881572
7876	8882572
7877	8883576
7878	8884572
7879	8885568
7880	8886568
7881	8887568
7882	8888568
7883	8889568
7884	8890572
7885	8891572
7886	8892568
7887	8893568
7888	8894572
7889	8895568
7890	8896568
7891	8897568
7892	8898572
7893	8899568
7894	8900568
7895	8901576
7896	8902576
7897	8903572
7898	8904572
7899	8905572
7900	8906572
7901	8907568
7902	8908576
7903	8909572
7904	8910576
7905	8911568
7906	8912576
7907	8913572
7908	8914572
7909	8915572
7910	8916568
7911	8917572
7912	8918572
7913	8919576
7914	8920572
7915	8921572
7916	8922572
7917	8923572
7918	8924576
7919	8925576
7920	8926572
7921	8927576
7922	8928572
7923	8929572
7924	8930572
7925	8931572
7926	8932572
7927	8933568
7928	8934572
7929	8935572
7930	8936572
7931	8937572
7932	8938572
7933	8939576
7934	8940572
7935	8941572
7936	8942572
7937	8943568
7938	8944572
7939	8945572
7940	8946572
7941	8947572
7942	8948568
7943	8949572
7944	8950572
7945	8951572
7946	8952572
7947	8953572
7948	8954572
7949	8955572
7950	8956572
7951	8957576
7952	8958568
7953	8959564
7954	8960568
7955	8961572
7956	8962564
7957	8963568
7958	8964572
7959	8965576
7960	8966572
7961	8967572
7962	8968568
7963	8969572
7964	8970572
7965	8971572
7966	8972572
7967	8973572
7968	8974572
7969	8975572
7970	8976572
7971	8977572
7972	8978572
7973	8979568
7974	8980568
7975	8981572
7976	8982572
7977	8983572
7978	8984572
7979	8985572
7980	8986568
7981	8987576
7982	8988568
7983	8989576
7984	8990572
7985	8991572
7986	8992572
7987	8993572
7988	8994576
7989	8995568
7990	8996572
7991	8997572
7992	8998572
7993	8999576
7994	9000572
7995	9001576
7996	9002568
7997	9003572
7998	9004568
7999	9005576
8000	9006568
8001	9007572
8002	9008568
8003	9009576
8004	9010572
8005	9011568
8006	9012572
8007	9013576
8008	9014572
8009	9015568
8010	9016568
8011	9017572
8012	9018568
8013	9019572
8014	9020568
8015	9021572
8016	9022572
8017	9023568
8018	9024568
8019	9025572
8020	9026568
8021	9027572
8022	9028572
8023	9029572
8024	9030572
8025	9031568
8026	9032572
8027	9033568
8028	9034568
8029	9035572
8030	9036568
8031	9037576
8032	9038564
8033	9039572
8034	9040572
8035	9041576
8036	9042572
8037	9043576
8038	9044572
8039	9045568
8040	9046568
8041	9047572
8042	9048568
8043	9049572
8044	9050568
8045	9051576
8046	9052572
8047	9053576
8048	9054576
8049	9055572
8050	9056576
8051	9057572
8052	9058572
8053	9059568
8054	9060572
8055	9061572
8056	9062572
8057	9063572
8058	9064568
8059	9065568
8060	9066568
8061	9067572
8062	9068568
8063	9069572
8064	9070572
8065	9071572
8066	9072568
8067	9073576
8068	9074572
8069	9075572
8070	9076572
8071	9077572
8072	9078568
8073	9079572
8074	9080568
8075	9081572
8076	9082572
8077	9083572
8078	9084568
8079	9085572
8080	9086572
8081	9087568
8082	9088568
8083	9089572
8084	9090572
8085	9091572
8086	9092572
8087	9093572
8088	9094572
8089	9095576
8090	9096568
8091	9097572
8092	9098572
8093	9099576
8094	9100572
8095	9101568
8096	9102572
8097	9103572
8098	9104572
8099	9105572
8100	9106572
8101	9107572
8102	9108572
8103	9109572
8104	9110572
8105	9111576
8106	9112572
8107	9113572
8108	9114572
8109	9115572
8110	9116572
8111	9117572
8112	9118572
8113	9119572
8114	9120572
8115	9121572
8116	9122568
8117	9123568
8118	9124568
8119	9125572
8120	9126572
8121	9127572
8122	9128568
8123	9129572
8124	9130568
8125	9131568
8126	9132584
8127	9133572
8128	9134576
8129	9135568
8130	9136572
8131	9137568
8132	9138568
8133	9139568
8134	9140568
8135	9141576
8136	9142568
8137	9143572
8138	9144576
8139	9145572
8140	9146572
8141	9147568
8142	9148576
8143	9149568
8144	9150572
8145	9151572
8146	9152572
8147	9153572
8148	9154568
8149	9155572
8150	9156568
8151	9157572
8152	9158572
8153	9159576
8154	9160572
8155	9161572
8156	9162568
8157	9163576
8158	9164572
8159	9165576
8160	9166572
8161	9167572
8162	9168572
8163	9169572
8164	9170568
8165	9171572
8166	9172572
8167	9173568
8168	9174572
8169	9175572
8170	9176568
8171	9177572
8172	9178572
8173	9179572
8174	9180576
8175	9181576
8176	9182572
8177	9183572
8178	9184568
8179	9185572
8180	9186568
8181	9187576
8182	9188568
8183	9189572
8184	9190572
8185	9191564
8186	9192568
8187	9193572
8188	9194572
8189	9195568
8190	9196576
8191	9197572
8192	9198568
8193	9199572
8194	9200572
8195	9201572
8196	9202568
8197	9203572
8198	9204572
8199	9205568
8200	9206572
8201	9207568
8202	9208572
8203	9209568
8204	9210576
8205	9211572
8206	9212576
8207	9213572
8208	9214576
8209	9215564
8210	9216576
8211	9217576
8212	9218572
8213	9219572
8214	9220568
8215	9221568
8216	9222564
8217	9223568
8218	9224572
8219	9225572
8220	9226572
8221	9227568
8222	9228568
8223	9229572
8224	9230572
8225	9231572
8226	9232572
8227	9233576
8228	9234572
8229	9235568
8230	9236572
8231	9237576
8232	9238572
8233	9239572
8234	9240572
8235	9241572
8236	9242572
8237	9243576
8238	9244568
8239	9245572
8240	9246568
8241	9247568
8242	9248576
8243	9249576
8244	9250568
8245	9251568
8246	9252572
8247	9253568
8248	9254568
8249	9255572
8250	9256568
8251	9257568
8252	9258568
8253	9259568
8254	9260576
8255	9261572
8256	9262568
8257	9263572
8258	9264576
8259	9265572
8260	9266568
8261	9267568
8262	9268572
8263	9269568
8264	9270572
8265	9271572
8266	9272572
8267	9273572
8268	9274568
8269	9275576
8270	9276572
8271	9277572
8272	9278568
8273	9279572
8274	9280568
8275	9281568
8276	9282564
8277	9283572
8278	9284564
8279	9285576
8280	9286572
8281	9287572
8282	9288568
8283	9289568
8284	9290568
8285	9291572
8286	9292572
8287	9293572
8288	9294576
8289	9295576
8290	9296572
8291	9297568
8292	9298572
8293	9299572
8294	9300572
8295	9301568
8296	9302572
8297	9303568
8298	9304576
8299	9305572
8300	9306576
8301	9307572
8302	9308572
8303	9309572
8304	9310576
8305	9311572
8306	9312572
8307	9313576
8308	9314568
8309	9315568
8310	9316572
8311	9317568
8312	9318568
8313	9319568
8314	9320568
8315	9321576
8316	9322572
8317	9323572
8318	9324572
8319	9325572
8320	9326576
8321	9327568
8322	9328572
8323	9329576
8324	9330572
8325	9331572
8326	9332568
8327	9333572
8328	9334572
8329	9335572
8330	9336568
8331	9337572
8332	9338572
8333	9339572
8334	9340572
8335	9341572
8336	9342572
8337	9343572
8338	9344572
8339	9345572
8340	9346572
8341	9347572
8342	9348572
8343	9349572
8344	9350576
8345	9351572
8346	9352576
8347	9353576
8348	9354572
8349	9355568
8350	9356572
8351	9357576
8352	9358572
8353	9359576
8354	9360572
8355	9361572
8356	9362568
8357	9363576
8358	9364572
8359	9365572
8360	9366572
8361	9367572
8362	9368572
8363	9369572
8364	9370572
8365	9371572
8366	9372572
8367	9373568
8368	9374568
8369	9375576
8370	9376572
8371	9377576
8372	9378572
8373	9379576
8374	9380584
8375	9381572
8376	9382568
8377	9383572
8378	9384568
8379	9385572
8380	9386572
8381	9387572
8382	9388568
8383	9389576
8384	9390568
8385	9391572
8386	9392572
8387	9393572
8388	9394572
8389	9395572
8390	9396572
8391	9397572
8392	9398572
8393	9399572
8394	9400572
8395	9401572
8396	9402576
8397	9403568
8398	9404568
8399	9405572
8400	9406572
8401	9407572
8402	9408572
8403	9409572
8404	9410572
8405	9411572
8406	9412572
8407	9413572
8408	9414576
8409	9415568
8410	9416572
8411	9417572
8412	9418576
8413	9419572
8414	9420572
8415	9421576
8416	9422568
8417	9423568
8418	9424568
8419	9425568
8420	9426572
8421	9427572
8422	9428564
8423	9429572
8424	9430572
8425	9431572
8426	9432572
8427	9433572
8428	9434572
8429	9435568
8430	9436568
8431	9437572
8432	9438568
8433	9439572
8434	9440572
8435	9441572
8436	9442576
8437	9443568
8438	9444572
8439	9445572
8440	9446572
8441	9447572
8442	9448572
8443	9449572
8444	9450572
8445	9451572
8446	9452572
8447	9453572
8448	9454572
8449	9455572
8450	9456572
8451	9457572
8452	9458572
8453	9459568
8454	9460572
8455	9461572
8456	9462568
8457	9463572
8458	9464576
8459	9465572
8460	9466572
8461	9467572
8462	9468568
8463	9469576
8464	9470572
8465	9471564
8466	9472572
8467	9473568
8468	9474564
8469	9475572
8470	9476572
8471	9477572
8472	9478572
8473	9479572
8474	9480572
8475	9481572
8476	9482568
8477	9483572
8478	9484572
8479	9485572
8480	9486572
8481	9487568
8482	9488568
8483	9489572
8484	9490572
8485	9491572
8486	9492572
8487	9493568
8488	9494568
8489	9495572
8490	9496576
8491	9497572
8492	9498572
8493	9499572
8494	9500572
8495	9501576
8496	9502572
8497	9503572
8498	9504572
8499	9505568
8500	9506572
8501	9507572
8502	9508564
8503	9509572
8504	9510572
8505	9511568
8506	9512576
8507	9513572
8508	9514572
8509	9515572
8510	9516572
8511	9517576
8512	9518576
8513	9519576
8514	9520572
8515	9521568
8516	9522572
8517	9523560
8518	9524572
8519	9525572
8520	9526572
8521	9527572
8522	9528572
8523	9529572
8524	9530572
8525	9531572
8526	9532572
8527	9533572
8528	9534568
8529	9535572
8530	9536568
8531	9537576
8532	9538568
8533	9539572
8534	9540572
8535	9541572
8536	9542572
8537	9543572
8538	9544572
8539	9545572
8540	9546568
8541	9547572
8542	9548572
8543	9549572
8544	9550572
8545	9551572
8546	9552568
8547	9553568
8548	9554572
8549	9555568
8550	9556572
8551	9557572
8552	9558568
8553	9559572
8554	9560572
8555	9561568
8556	9562576
8557	9563572
8558	9564568
8559	9565572
8560	9566572
8561	9567576
8562	9568572
8563	9569572
8564	9570568
8565	9571568
8566	9572568
8567	9573572
8568	9574572
8569	9575572
8570	9576564
8571	9577568
8572	9578572
8573	9579568
8574	9580568
8575	9581568
8576	9582568
8577	9583568
8578	9584568
8579	9585572
8580	9586576
8581	9587572
8582	9588568
8583	9589584
8584	9590568
8585	9591572
8586	9592568
8587	9593572
8588	9594568
8589	9595568
8590	9596572
8591	9597572
8592	9598572
8593	9599572
8594	9600576
8595	9601576
8596	9602568
8597	9603572
8598	9604568
8599	9605572
8600	9606572
8601	9607572
8602	9608568
8603	9609576
8604	9610572
8605	9611572
8606	9612572
8607	9613572
8608	9614568
8609	9615572
8610	9616572
8611	9617576
8612	9618572
8613	9619564
8614	9620576
8615	9621572
8616	9622572
8617	9623572
8618	9624572
8619	9625568
8620	9626568
8621	9627568
8622	9628572
8623	9629568
8624	9630572
8625	9631568
8626	9632572
8627	9633576
8628	9634572
8629	9635572
8630	9636572
8631	9637572
8632	9638572
8633	9639572
8634	9640572
8635	9641572
8636	9642572
8637	9643576
8638	9644568
8639	9645572
8640	9646568
8641	9647572
8642	9648572
8643	9649572
8644	9650572
8645	9651572
8646	9652568
8647	9653572
8648	9654572
8649	9655576
8650	9656572
8651	9657572
8652	9658568
8653	9659568
8654	9660572
8655	9661576
8656	9662572
8657	9663572
8658	9664568
8659	9665572
8660	9666572
8661	9667568
8662	9668568
8663	9669568
8664	9670576
8665	9671568
8666	9672576
8667	9673572
8668	9674572
8669	9675568
8670	9676568
8671	9677572
8672	9678572
8673	9679572
8674	9680572
8675	9681572
8676	9682572
8677	9683576
8678	9684572
8679	9685572
8680	9686572
8681	9687572
8682	9688568
8683	9689572
8684	9690568
8685	9691568
8686	9692572
8687	9693572
8688	9694572
8689	9695576
8690	9696572
8691	9697572
8692	9698572
8693	9699568
8694	9700568
8695	9701576
8696	9702572
8697	9703572
8698	9704564
8699	9705572
8700	9706568
8701	9707568
8702	9708572
8703	9709576
8704	9710568
8705	9711568
8706	9712568
8707	9713576
8708	9714572
8709	9715568
8710	9716568
8711	9717572
8712	9718572
8713	9719576
8714	9720572
8715	9721572
8716	9722572
8717	9723576
8718	9724572
8719	9725564
8720	9726568
8721	9727572
8722	9728576
8723	9729568
8724	9730568
8725	9731568
8726	9732572
8727	9733572
8728	9734572
8729	9735572
8730	9736568
8731	9737572
8732	9738568
8733	9739568
8734	9740572
8735	9741572
8736	9742572
8737	9743576
8738	9744568
8739	9745564
8740	9746564
8741	9747572
8742	9748572
8743	9749568
8744	9750572
8745	9751572
8746	9752572
8747	9753572
8748	9754572
8749	9755576
8750	9756568
8751	9757572
8752	9758572
8753	9759572
8754	9760572
8755	9761568
8756	9762572
8757	9763572
8758	9764572
8759	9765568
8760	9766572
8761	9767576
8762	9768568
8763	9769568
8764	9770576
8765	9771564
8766	9772564
8767	9773572
8768	9774572
8769	9775572
8770	9776568
8771	9777568
8772	9778572
8773	9779568
8774	9780568
8775	9781572
8776	9782572
8777	9783572
8778	9784576
8779	9785568
8780	9786572
8781	9787568
8782	9788568
8783	9789572
8784	9790572
8785	9791568
8786	9792576
8787	9793568
8788	9794568
8789	9795568
8790	9796568
8791	9797576
8792	9798572
8793	9799576
8794	9800572
8795	9801576
8796	9802568
8797	9803572
8798	9804572
8799	9805572
8800	9806568
8801	9807572
8802	9808572
8803	9809572
8804	9810568
8805	9811568
8806	9812572
8807	9813572
8808	9814572
8809	9815568
8810	9816576
8811	9817568
8812	9818572
8813	9819568
8814	9820576
8815	9821564
8816	9822568
8817	9823568
8818	9824568
8819	9825572
8820	9826568
8821	9827572
8822	9828572
8823	9829568
8824	9830572
8825	9831568
8826	9832576
8827	9833572
8828	9834572
8829	9835568
8830	9836572
8831	9837572
8832	9838568
8833	9839568
8834	9840572
8835	9841568
8836	9842568
8837	9843572
8838	9844572
8839	9845568
8840	9846572
8841	9847572
8842	9848572
8843	9849572
8844	9850572
8845	9851572
8846	9852572
8847	9853572
8848	9854572
8849	9855568
8850	9856572
8851	9857568
8852	9858568
8853	9859572
8854	9860568
8855	9861572
8856	9862572
8857	9863568
8858	9864572
8859	9865572
8860	9866576
8861	9867572
8862	9868568
8863	9869572
8864	9870572
8865	9871568
8866	9872572
8867	9873572
8868	9874576
8869	9875568
8870	9876572
8871	9877576
8872	9878572
8873	9879568
8874	9880572
8875	9881568
8876	9882572
8877	9883568
8878	9884568
8879	9885576
8880	9886572
8881	9887572
8882	9888572
8883	9889572
8884	9890572
8885	9891572
8886	9892572
8887	9893572
8888	9894572
8889	9895572
8890	9896568
8891	9897576
8892	9898572
8893	9899568
8894	9900572
8895	9901576
8896	9902572
8897	9903572
8898	9904572
8899	9905572
8900	9906572
8901	9907576
8902	9908568
8903	9909576
8904	9910568
8905	9911572
8906	9912576
8907	9913572
8908	9914572
8909	9915572
8910	9916572
8911	9917572
8912	9918576
8913	9919572
8914	9920568
8915	9921576
8916	9922568
8917	9923572
8918	9924572
8919	9925572
8920	9926568
8921	9927572
8922	9928568
8923	9929576
8924	9930572
8925	9931568
8926	9932572
8927	9933572
8928	9934572
8929	9935568
8930	9936572
8931	9937568
8932	9938572
8933	9939572
8934	9940576
8935	9941572
8936	9942572
8937	9943572
8938	9944572
8939	9945572
8940	9946572
8941	9947572
8942	9948572
8943	9949576
8944	9950572
8945	9951576
8946	9952572
8947	9953576
8948	9954572
8949	9955572
8950	9956572
8951	9957572
8952	9958572
8953	9959568
8954	9960572
8955	9961572
8956	9962572
8957	9963572
8958	9964572
8959	9965572
8960	9966572
8961	9967572
8962	9968568
8963	9969568
8964	9970572
8965	9971572
8966	9972572
8967	9973568
8968	9974572
8969	9975568
8970	9976572
8971	9977572
8972	9978572
8973	9979568
8974	9980572
8975	9981572
8976	9982572
8977	9983568
8978	9984572
8979	9985572
8980	9986576
8981	9987572
8982	9988572
8983	9989572
8984	9990572
8985	9991572
8986	9992572
8987	9993568
8988	9994572
8989	9995568
8990	9996568
8991	9997572
8992	9998572
8993	9999572
8994	-1
8995	-1
8996	-1
8997	-1
8998	-1
8999	-1
9000	-1
9001	-1
9002	-1
9003	-1
9004	-1
9005	-1
9006	-1
9007	-1
9008	-1
9009	-1
9010	-1
9011	-1
9012	-1
9013	-1
9014	-1
9015	-1
9016	-1
9017	-1
9018	-1
9019	-1
9020	-1
9021	-1
9022	-1
9023	-1
9024	-1
9025	-1
9026	-1
9027	-1
9028	-1
9029	-1
9030	-1
9031	-1
9032	-1
9033	-1
9034	-1
9035	-1
9036	-1
9037	-1
9038	-1
9039	-1
9040	-1
9041	-1
9042	-1
9043	-1
9044	-1
9045	-1
9046	-1
9047	-1
9048	-1
9049	-1
9050	-1
9051	-1
9052	-1
9053	-1
9054	-1
9055	-1
9056	-1
9057	-1
9058	-1
9059	-1
9060	-1
9061	-1
9062	-1
9063	-1
9064	-1
9065	-1
9066	-1
9067	-1
9068	-1
9069	-1
9070	-1
9071	-1
9072	-1
9073	-1
9074	-1
9075	-1
9076	-1
9077	-1
9078	-1
9079	-1
9080	-1
9081	-1
9082	-1
9083	-1
9084	-1
9085	-1
9086	-1
9087	-1
9088	-1
9089	-1
9090	-1
9091	-1
9092	-1
9093	-1
9094	-1
9095	-1
9096	-1
9097	-1
9098	-1
9099	-1
9100	-1
9101	-1
9102	-1
9103	-1
9104	-1
9105	-1
9106	-1
9107	-1
9108	-1
9109	-1
9110	-1
9111	-1
9112	-1
9113	-1
9114	-1
9115	-1
9116	-1
9117	-1
9118	-1
9119	-1
9120	-1
9121	-1
9122	-1
9123	-1
9124	-1
9125	-1
9126	-1
9127	-1
9128	-1
9129	-1
9130	-1
9131	-1
9132	-1
9133	-1
9134	-1
9135	-1
9136	-1
9137	-1
9138	-1
9139	-1
9140	-1
9141	-1
9142	-1
9143	-1
9144	-1
9145	-1
9146	-1
9147	-1
9148	-1
9149	-1
9150	-1
9151	-1
9152	-1
9153	-1
9154	-1
9155	-1
9156	-1
9157	-1
9158	-1
9159	-1
9160	-1
9161	-1
9162	-1
9163	-1
9164	-1
9165	-1
9166	-1
9167	-1
9168	-1
9169	-1
9170	-1
9171	-1
9172	-1
9173	-1
9174	-1
9175	-1
9176	-1
9177	-1
9178	-1
9179	-1
9180	-1
9181	-1
9182	-1
9183	-1
9184	-1
9185	-1
9186	-1
9187	-1
9188	-1
9189	-1
9190	-1
9191	-1
9192	-1
9193	-1
9194	-1
9195	-1
9196	-1
9197	-1
9198	-1
9199	-1
9200	-1
9201	-1
9202	-1
9203	-1
9204	-1
9205	-1
9206	-1
9207	-1
9208	-1
9209	-1
9210	-1
9211	-1
9212	-1
9213	-1
9214	-1
9215	-1
9216	-1
9217	-1
9218	-1
9219	-1
9220	-1
9221	-1
9222	-1
9223	-1
9224	-1
9225	-1
9226	-1
9227	-1
9228	-1
9229	-1
9230	-1
9231	-1
9232	-1
9233	-1
9234	-1
9235	-1
9236	-1
9237	-1
9238	-1
9239	-1
9240	-1
9241	-1
9242	-1
9243	-1
9244	-1
9245	-1
9246	-1
9247	-1
9248	-1
9249	-1
9250	-1
9251	-1
9252	-1
9253	-1
9254	-1
9255	-1
9256	-1
9257	-1
9258	-1
9259	-1
9260	-1
9261	-1
9262	-1
9263	-1
9264	-1
9265	-1
9266	-1
9267	-1
9268	-1
9269	-1
9270	-1
9271	-1
9272	-1
9273	-1
9274	-1
9275	-1
9276	-1
9277	-1
9278	-1
9279	-1
9280	-1
9281	-1
9282	-1
9283	-1
9284	-1
9285	-1
9286	-1
9287	-1
9288	-1
9289	-1
9290	-1
9291	-1
9292	-1
9293	-1
9294	-1
9295	-1
9296	-1
9297	-1
9298	-1
9299	-1
9300	-1
9301	-1
9302	-1
9303	-1
9304	-1
9305	-1
9306	-1
9307	-1
9308	-1
9309	-1
9310	-1
9311	-1
9312	-1
9313	-1
9314	-1
9315	-1
9316	-1
9317	-1
9318	-1
9319	-1
9320	-1
9321	-1
9322	-1
9323	-1
9324	-1
9325	-1
9326	-1
9327	-1
9328	-1
9329	-1
9330	-1
9331	-1
9332	-1
9333	-1
9334	-1
9335	-1
9336	-1
9337	-1
9338	-1
9339	-1
9340	-1
9341	-1
9342	-1
9343	-1
9344	-1
9345	-1
9346	-1
9347	-1
9348	-1
9349	-1
9350	-1
9351	-1
9352	-1
9353	-1
9354	-1
9355	-1
9356	-1
9357	-1
9358	-1
9359	-1
9360	-1
9361	-1
9362	-1
9363	-1
9364	-1
9365	-1
9366	-1
9367	-1
9368	-1
9369	-1
9370	-1
9371	-1
9372	-1
9373	-1
9374	-1
9375	-1
9376	-1
9377	-1
9378	-1
9379	-1
9380	-1
9381	-1
9382	-1
9383	-1
9384	-1
9385	-1
9386	-1
9387	-1
9388	-1
9389	-1
9390	-1
9391	-1
9392	-1
9393	-1
9394	-1
9395	-1
9396	-1
9397	-1
9398	-1
9399	-1
9400	-1
9401	-1
9402	-1
9403	-1
9404	-1
9405	-1
9406	-1
9407	-1
9408	-1
9409	-1
9410	-1
9411	-1
9412	-1
9413	-1
9414	-1
9415	-1
9416	-1
9417	-1
9418	-1
9419	-1
9420	-1
9421	-1
9422	-1
9423	-1
9424	-1
9425	-1
9426	-1
9427	-1
9428	-1
9429	-1
9430	-1
9431	-1
9432	-1
9433	-1
9434	-1
9435	-1
9436	-1
9437	-1
9438	-1
9439	-1
9440	-1
9441	-1
9442	-1
9443	-1
9444	-1
9445	-1
9446	-1
9447	-1
9448	-1
9449	-1
9450	-1
9451	-1
9452	-1
9453	-1
9454	-1
9455	-1
9456	-1
9457	-1
9458	-1
9459	-1
9460	-1
9461	-1
9462	-1
9463	-1
9464	-1
9465	-1
9466	-1
9467	-1
9468	-1
9469	-1
9470	-1
9471	-1
9472	-1
9473	-1
9474	-1
9475	-1
9476	-1
9477	-1
9478	-1
9479	-1
9480	-1
9481	-1
9482	-1
9483	-1
9484	-1
9485	-1
9486	-1
9487	-1
9488	-1
9489	-1
9490	-1
9491	-1
9492	-1
9493	-1
9494	-1
9495	-1
9496	-1
9497	-1
9498	-1
9499	-1
9500	-1
9501	-1
9502	-1
9503	-1
9504	-1
9505	-1
9506	-1
9507	-1
9508	-1
9509	-1
9510	-1
9511	-1
9512	-1
9513	-1
9514	-1
9515	-1
9516	-1
9517	-1
9518	-1
9519	-1
9520	-1
9521	-1
9522	-1
9523	-1
9524	-1
9525	-1
9526	-1
9527	-1
9528	-1
9529	-1
9530	-1
9531	-1
9532	-1
9533	-1
9534	-1
9535	-1
9536	-1
9537	-1
9538	-1
9539	-1
9540	-1
9541	-1
9542	-1
9543	-1
9544	-1
9545	-1
9546	-1
9547	-1
9548	-1
9549	-1
9550	-1
9551	-1
9552	-1
9553	-1
9554	-1
9555	-1
9556	-1
9557	-1
9558	-1
9559	-1
9560	-1
9561	-1
9562	-1
9563	-1
9564	-1
9565	-1
9566	-1
9567	-1
9568	-1
9569	-1
9570	-1
9571	-1
9572	-1
9573	-1
9574	-1
9575	-1
9576	-1
9577	-1
9578	-1
9579	-1
9580	-1
9581	-1
9582	-1
9583	-1
9584	-1
9585	-1
9586	-1
9587	-1
9588	-1
9589	-1
9590	-1
9591	-1
9592	-1
9593	-1
9594	-1
9595	-1
9596	-1
9597	-1
9598	-1
9599	-1
9600	-1
9601	-1
9602	-1
9603	-1
9604	-1
9605	-1
9606	-1
9607	-1
9608	-1
9609	-1
9610	-1
9611	-1
9612	-1
9613	-1
9614	-1
9615	-1
9616	-1
9617	-1
9618	-1
9619	-1
9620	-1
9621	-1
9622	-1
9623	-1
9624	-1
9625	-1
9626	-1
9627	-1
9628	-1
9629	-1
9630	-1
9631	-1
9632	-1
9633	-1
9634	-1
9635	-1
9636	-1
9637	-1
9638	-1
9639	-1
9640	-1
9641	-1
9642	-1
9643	-1
9644	-1
9645	-1
9646	-1
9647	-1
9648	-1
9649	-1
9650	-1
9651	-1
9652	-1
9653	-1
9654	-1
9655	-1
9656	-1
9657	-1
9658	-1
9659	-1
9660	-1
9661	-1
9662	-1
9663	-1
9664	-1
9665	-1
9666	-1
9667	-1
9668	-1
9669	-1
9670	-1
9671	-1
9672	-1
9673	-1
9674	-1
9675	-1
9676	-1
9677	-1
9678	-1
9679	-1
9680	-1
9681	-1
9682	-1
9683	-1
9684	-1
9685	-1
9686	-1
9687	-1
9688	-1
9689	-1
9690	-1
9691	-1
9692	-1
9693	-1
9694	-1
9695	-1
9696	-1
9697	-1
9698	-1
9699	-1
9700	-1
9701	-1
9702	-1
9703	-1
9704	-1
9705	-1
9706	-1
9707	-1
9708	-1
9709	-1
9710	-1
9711	-1
9712	-1
9713	-1
9714	-1
9715	-1
9716	-1
9717	-1
9718	-1
9719	-1
9720	-1
9721	-1
9722	-1
9723	-1
9724	-1
9725	-1
9726	-1
9727	-1
9728	-1
9729	-1
9730	-1
9731	-1
9732	-1
9733	-1
9734	-1
9735	-1
9736	-1
9737	-1
9738	-1
9739	-1
9740	-1
9741	-1
9742	-1
9743	-1
9744	-1
9745	-1
9746	-1
9747	-1
9748	-1
9749	-1
9750	-1
9751	-1
9752	-1
9753	-1
9754	-1
9755	-1
9756	-1
9757	-1
9758	-1
9759	-1
9760	-1
9761	-1
9762	-1
9763	-1
9764	-1
9765	-1
9766	-1
9767	-1
9768	-1
9769	-1
9770	-1
9771	-1
9772	-1
9773	-1
9774	-1
9775	-1
9776	-1
9777	-1
9778	-1
9779	-1
9780	-1
9781	-1
9782	-1
9783	-1
9784	-1
9785	-1
9786	-1
9787	-1
9788	-1
9789	-1
9790	-1
9791	-1
9792	-1
9793	-1
9794	-1
9795	-1
9796	-1
9797	-1
9798	-1
9799	-1
9800	-1
9801	-1
9802	-1
9803	-1
9804	-1
9805	-1
9806	-1
9807	-1
9808	-1
9809	-1
9810	-1
9811	-1
9812	-1
9813	-1
9814	-1
9815	-1
9816	-1
9817	-1
9818	-1
9819	-1
9820	-1
9821	-1
9822	-1
9823	-1
9824	-1
9825	-1
9826	-1
9827	-1
9828	-1
9829	-1
9830	-1
9831	-1
9832	-1
9833	-1
9834	-1
9835	-1
9836	-1
9837	-1
9838	-1
9839	-1
9840	-1
9841	-1
9842	-1
9843	-1
9844	-1
9845	-1
9846	-1
9847	-1
9848	-1
9849	-1
9850	-1
9851	-1
9852	-1
9853	-1
9854	-1
9855	-1
9856	-1
9857	-1
9858	-1
9859	-1
9860	-1
9861	-1
9862	-1
9863	-1
9864	-1
9865	-1
9866	-1
9867	-1
9868	-1
9869	-1
9870	-1
9871	-1
9872	-1
9873	-1
9874	-1
9875	-1
9876	-1
9877	-1
9878	-1
9879	-1
9880	-1
9881	-1
9882	-1
9883	-1
9884	-1
9885	-1
9886	-1
9887	-1
9888	-1
9889	-1
9890	-1
9891	-1
9892	-1
9893	-1
9894	-1
9895	-1
9896	-1
9897	-1
9898	-1
9899	-1
9900	-1
9901	-1
9902	-1
9903	-1
9904	-1
9905	-1
9906	-1
9907	-1
9908	-1
9909	-1
9910	-1
9911	-1
9912	-1
9913	-1
9914	-1
9915	-1
9916	-1
9917	-1
9918	-1
9919	-1
9920	-1
9921	-1
9922	-1
9923	-1
9924	-1
9925	-1
9926	-1
9927	-1
9928	-1
9929	-1
9930	-1
9931	-1
9932	-1
9933	-1
9934	-1
9935	-1
9936	-1
9937	-1
9938	-1
9939	-1
9940	-1
9941	-1
9942	-1
9943	-1
9944	-1
9945	-1
9946	-1
9947	-1
9948	-1
9949	-1
9950	-1
9951	-1
9952	-1
9953	-1
9954	-1
9955	-1
9956	-1
9957	-1
9958	-1
9959	-1
9960	-1
9961	-1
9962	-1
9963	-1
9964	-1
9965	-1
9966	-1
9967	-1
9968	-1
9969	-1
9970	-1
9971	-1
9972	-1
9973	-1
9974	-1
9975	-1
9976	-1
9977	-1
9978	-1
9979	-1
9980	-1
9981	-1
9982	-1
9983	-1
9984	-1
9985	-1
9986	-1
9987	-1
9988	-1
9989	-1
9990	-1
9991	-1
9992	-1
9993	-1
9994	-1
9995	-1
9996	-1
9997	-1
9998	-1
9999	-1
