0	1006415
1	1007216
2	1008216
3	1009216
4	1010216
5	1011216
6	1012216
7	1013216
8	1014216
9	1015216
10	1016216
11	1017216
12	1018216
13	1019216
14	1020216
15	1021216
16	1022216
17	1023212
18	1024216
19	1025216
20	1026216
21	1027216
22	1028216
23	1029216
24	1030216
25	1031216
26	1032216
27	1033216
28	1034216
29	1035216
30	1036216
31	1037216
32	1038216
33	1039216
34	1040216
35	1041216
36	1042216
37	1043216
38	1044216
39	1045216
40	1046216
41	1047216
42	1048216
43	1049216
44	1050216
45	1051216
46	1052216
47	1053216
48	1054216
49	1055216
50	1056216
51	1057216
52	1058216
53	1059216
54	1060216
55	1061216
56	1062216
57	1063216
58	1064216
59	1065216
60	1066216
61	1067216
62	1068216
63	1069212
64	1070216
65	1071216
66	1072216
67	1073216
68	1074216
69	1075212
70	1076216
71	1077216
72	1078216
73	1079216
74	1080216
75	1081216
76	1082216
77	1083216
78	1084216
79	1085216
80	1086216
81	1087216
82	1088216
83	1089216
84	1090212
85	1091216
86	1092216
87	1093216
88	1094216
89	1095216
90	1096216
91	1097216
92	1098216
93	1099216
94	1100216
95	1101216
96	1102216
97	1103216
98	1104216
99	1105216
100	1106216
101	1107216
102	1108216
103	1109216
104	1110216
105	1111216
106	1112216
107	1113216
108	1114208
109	1115216
110	1116216
111	1117216
112	1118216
113	1119216
114	1120216
115	1121216
116	1122216
117	1123216
118	1124216
119	1125216
120	1126216
121	1127216
122	1128216
123	1129216
124	1130216
125	1131216
126	1132216
127	1133216
128	1134212
129	1135216
130	1136216
131	1137216
132	1138216
133	1139216
134	1140216
135	1141216
136	1142216
137	1143216
138	1144216
139	1145216
140	1146216
141	1147216
142	1148216
143	1149216
144	1150216
145	1151216
146	1152216
147	1153220
148	1154216
149	1155216
150	1156216
151	1157220
152	1158216
153	1159216
154	1160220
155	1161220
156	1162216
157	1163216
158	1164216
159	1165220
160	1166216
161	1167216
162	1168216
163	1169220
164	1170216
165	1171216
166	1172216
167	1173216
168	1174216
169	1175216
170	1176220
171	1177220
172	1178216
173	1179216
174	1180220
175	1181216
176	1182216
177	1183216
178	1184216
179	1185216
180	1186216
181	1187216
182	1188216
183	1189216
184	1190216
185	1191220
186	1192220
187	1193220
188	1194216
189	1195220
190	1196220
191	1197220
192	1198216
193	1199216
194	1200216
195	1201216
196	1202216
197	1203216
198	1204216
199	1205216
200	1206216
201	1207220
202	1208216
203	1209220
204	1210220
205	1211220
206	1212216
207	1213220
208	1214216
209	1215216
210	1216216
211	1217216
212	1218216
213	1219216
214	1220216
215	1221216
216	1222216
217	1223216
218	1224216
219	1225220
220	1226220
221	1227220
222	1228216
223	1229220
224	1230220
225	1231216
226	1232216
227	1233216
228	1234216
229	1235216
230	1236216
231	1237220
232	1238216
233	1239216
234	1240216
235	1241220
236	1242220
237	1243216
238	1244216
239	1245220
240	1246220
241	1247216
242	1248216
243	1249220
244	1250216
245	1251216
246	1252216
247	1253220
248	1254216
249	1255216
250	1256216
251	1257220
252	1258216
253	1259216
254	1260216
255	1261220
256	1262224
257	1263220
258	1264220
259	1265224
260	1266220
261	1267220
262	1268220
263	1269224
264	1270220
265	1271220
266	1272220
267	1273224
268	1274220
269	1275220
270	1276224
271	1277224
272	1278220
273	1279216
274	1280224
275	1281224
276	1282220
277	1283220
278	1284220
279	1285224
280	1286220
281	1287220
282	1288220
283	1289220
284	1290220
285	1291220
286	1292224
287	1293224
288	1294220
289	1295224
290	1296224
291	1297224
292	1298220
293	1299220
294	1300220
295	1301220
296	1302220
297	1303220
298	1304220
299	1305220
300	1306220
301	1307220
302	1308224
303	1309224
304	1310220
305	1311224
306	1312224
307	1313224
308	1314220
309	1315220
310	1316220
311	1317220
312	1318220
313	1319220
314	1320220
315	1321220
316	1322220
317	1323220
318	1324220
319	1325224
320	1326224
321	1327224
322	1328220
323	1329224
324	1330224
325	1331216
326	1332220
327	1333220
328	1334220
329	1335220
330	1336220
331	1337220
332	1338220
333	1339220
334	1340220
335	1341224
336	1342224
337	1343220
338	1344220
339	1345224
340	1346220
341	1347220
342	1348220
343	1349220
344	1350220
345	1351220
346	1352220
347	1353224
348	1354220
349	1355220
350	1356220
351	1357224
352	1358224
353	1359220
354	1360220
355	1361224
356	1362224
357	1363220
358	1364220
359	1365224
360	1366220
361	1367220
362	1368220
363	1369224
364	1370220
365	1371220
366	1372220
367	1373224
368	1374220
369	1375220
370	1376220
371	1377224
372	1378220
373	1379220
374	1380224
375	1381224
376	1382220
377	1383220
378	1384220
379	1385224
380	1386220
381	1387220
382	1388220
383	1389224
384	1390220
385	1391220
386	1392224
387	1393224
388	1394220
389	1395220
390	1396224
391	1397224
392	1398220
393	1399220
394	1400220
395	1401220
396	1402220
397	1403220
398	1404220
399	1405220
400	1406220
401	1407224
402	1408224
403	1409224
404	1410224
405	1411224
406	1412224
407	1413224
408	1414224
409	1415224
410	1416224
411	1417224
412	1418220
413	1419224
414	1420224
415	1421224
416	1422220
417	1423224
418	1424224
419	1425224
420	1426224
421	1427224
422	1428224
423	1429224
424	1430224
425	1431224
426	1432224
427	1433224
428	1434220
429	1435224
430	1436220
431	1437224
432	1438224
433	1439224
434	1440220
435	1441224
436	1442224
437	1443224
438	1444224
439	1445224
440	1446224
441	1447224
442	1448224
443	1449224
444	1450224
445	1451224
446	1452220
447	1453224
448	1454224
449	1455224
450	1456220
451	1457224
452	1458224
453	1459224
454	1460224
455	1461224
456	1462224
457	1463224
458	1464224
459	1465224
460	1466224
461	1467220
462	1468220
463	1469224
464	1470224
465	1471220
466	1472220
467	1473224
468	1474224
469	1475220
470	1476224
471	1477224
472	1478224
473	1479224
474	1480224
475	1481224
476	1482224
477	1483220
478	1484220
479	1485224
480	1486220
481	1487220
482	1488220
483	1489224
484	1490220
485	1491220
486	1492224
487	1493224
488	1494224
489	1495224
490	1496224
491	1497224
492	1498224
493	1499224
494	1500224
495	1501224
496	1502220
497	1503220
498	1504224
499	1505224
500	1506220
501	1507220
502	1508224
503	1509224
504	1510224
505	1511224
506	1512224
507	1513224
508	1514224
509	1515224
510	1516224
511	1517224
512	1518224
513	1519220
514	1520220
515	1521220
516	1522220
517	1523220
518	1524220
519	1525220
520	1526220
521	1527224
522	1528224
523	1529224
524	1530220
525	1531224
526	1532224
527	1533220
528	1534220
529	1535216
530	1536220
531	1537220
532	1538220
533	1539220
534	1540220
535	1541220
536	1542220
537	1543224
538	1544220
539	1545224
540	1546220
541	1547224
542	1548220
543	1549224
544	1550220
545	1551220
546	1552220
547	1553220
548	1554220
549	1555220
550	1556220
551	1557220
552	1558220
553	1559224
554	1560220
555	1561224
556	1562224
557	1563224
558	1564220
559	1565224
560	1566224
561	1567220
562	1568220
563	1569220
564	1570220
565	1571220
566	1572220
567	1573220
568	1574220
569	1575220
570	1576220
571	1577224
572	1578224
573	1579220
574	1580220
575	1581224
576	1582224
577	1583220
578	1584220
579	1585224
580	1586220
581	1587216
582	1588220
583	1589224
584	1590220
585	1591220
586	1592220
587	1593224
588	1594224
589	1595220
590	1596220
591	1597224
592	1598224
593	1599220
594	1600220
595	1601224
596	1602220
597	1603220
598	1604220
599	1605224
600	1606220
601	1607220
602	1608220
603	1609224
604	1610220
605	1611220
606	1612224
607	1613224
608	1614220
609	1615220
610	1616224
611	1617224
612	1618220
613	1619220
614	1620220
615	1621224
616	1622220
617	1623220
618	1624220
619	1625224
620	1626216
621	1627220
622	1628224
623	1629224
624	1630220
625	1631220
626	1632224
627	1633224
628	1634220
629	1635220
630	1636220
631	1637220
632	1638220
633	1639220
634	1640220
635	1641220
636	1642220
637	1643224
638	1644224
639	1645224
640	1646220
641	1647224
642	1648224
643	1649224
644	1650220
645	1651220
646	1652220
647	1653220
648	1654220
649	1655220
650	1656220
651	1657220
652	1658220
653	1659220
654	1660220
655	1661224
656	1662224
657	1663224
658	1664224
659	1665224
660	1666224
661	1667224
662	1668220
663	1669224
664	1670224
665	1671224
666	1672220
667	1673224
668	1674224
669	1675224
670	1676220
671	1677224
672	1678224
673	1679224
674	1680224
675	1681224
676	1682224
677	1683224
678	1684220
679	1685224
680	1686224
681	1687220
682	1688220
683	1689224
684	1690224
685	1691220
686	1692220
687	1693224
688	1694224
689	1695224
690	1696224
691	1697224
692	1698224
693	1699224
694	1700224
695	1701224
696	1702224
697	1703220
698	1704220
699	1705224
700	1706224
701	1707220
702	1708220
703	1709224
704	1710224
705	1711224
706	1712224
707	1713224
708	1714224
709	1715224
710	1716224
711	1717224
712	1718220
713	1719220
714	1720224
715	1721224
716	1722220
717	1723220
718	1724224
719	1725224
720	1726220
721	1727224
722	1728224
723	1729224
724	1730224
725	1731224
726	1732224
727	1733224
728	1734224
729	1735220
730	1736224
731	1737224
732	1738220
733	1739220
734	1740224
735	1741224
736	1742220
737	1743220
738	1744224
739	1745224
740	1746224
741	1747224
742	1748224
743	1749224
744	1750224
745	1751224
746	1752224
747	1753224
748	1754220
749	1755224
750	1756224
751	1757224
752	1758220
753	1759224
754	1760224
755	1761224
756	1762224
757	1763224
758	1764224
759	1765224
760	1766224
761	1767224
762	1768224
763	1769224
764	1770220
765	1771224
766	1772220
767	1773224
768	1774224
769	1775220
770	1776220
771	1777220
772	1778224
773	1779224
774	1780220
775	1781224
776	1782224
777	1783224
778	1784220
779	1785220
780	1786220
781	1787220
782	1788220
783	1789220
784	1790220
785	1791216
786	1792220
787	1793220
788	1794224
789	1795224
790	1796220
791	1797224
792	1798224
793	1799220
794	1800220
795	1801224
796	1802220
797	1803220
798	1804220
799	1805220
800	1806220
801	1807220
802	1808220
803	1809224
804	1810220
805	1811220
806	1812220
807	1813224
808	1814224
809	1815220
810	1816220
811	1817224
812	1818216
813	1819220
814	1820220
815	1821224
816	1822220
817	1823220
818	1824220
819	1825224
820	1826220
821	1827220
822	1828220
823	1829224
824	1830220
825	1831220
826	1832220
827	1833224
828	1834220
829	1835220
830	1836220
831	1837224
832	1838220
833	1839220
834	1840220
835	1841224
836	1842220
837	1843216
838	1844220
839	1845224
840	1846220
841	1847220
842	1848224
843	1849224
844	1850220
845	1851220
846	1852220
847	1853224
848	1854220
849	1855220
850	1856220
851	1857220
852	1858220
853	1859220
854	1860220
855	1861224
856	1862220
857	1863224
858	1864224
859	1865224
860	1866220
861	1867224
862	1868224
863	1869220
864	1870220
865	1871220
866	1872220
867	1873220
868	1874220
869	1875220
870	1876220
871	1877220
872	1878220
873	1879224
874	1880224
875	1881224
876	1882220
877	1883224
878	1884220
879	1885224
880	1886220
881	1887220
882	1888220
883	1889220
884	1890220
885	1891220
886	1892220
887	1893220
888	1894220
889	1895224
890	1896220
891	1897224
892	1898224
893	1899224
894	1900220
895	1901224
896	1902220
897	1903220
898	1904220
899	1905220
900	1906220
901	1907220
902	1908220
903	1909220
904	1910220
905	1911220
906	1912220
907	1913224
908	1914224
909	1915220
910	1916220
911	1917224
912	1918224
913	1919220
914	1920220
915	1921224
916	1922224
917	1923220
918	1924220
919	1925224
920	1926224
921	1927220
922	1928220
923	1929224
924	1930224
925	1931224
926	1932224
927	1933224
928	1934224
929	1935224
930	1936220
931	1937224
932	1938224
933	1939220
934	1940220
935	1941224
936	1942220
937	1943220
938	1944220
939	1945224
940	1946224
941	1947224
942	1948224
943	1949224
944	1950224
945	1951224
946	1952224
947	1953224
948	1954220
949	1955220
950	1956224
951	1957224
952	1958220
953	1959220
954	1960224
955	1961224
956	1962224
957	1963224
958	1964224
959	1965224
960	1966224
961	1967224
962	1968224
963	1969224
964	1970220
965	1971220
966	1972224
967	1973224
968	1974220
969	1975220
970	1976224
971	1977224
972	1978220
973	1979224
974	1980224
975	1981224
976	1982224
977	1983224
978	1984224
979	1985224
980	1986220
981	1987224
982	1988224
983	1989224
984	1990220
985	1991224
986	1992224
987	1993224
988	1994220
989	1995224
990	1996224
991	1997224
992	1998224
993	1999224
994	2000224
995	2001224
996	2002224
997	2003224
998	2004220
999	2005224
1000	2006224
1001	2007224
1002	2008220
1003	2009224
1004	2010224
1005	2011224
1006	2012224
1007	2013224
1008	2014224
1009	2015224
1010	2016224
1011	2017224
1012	2018224
1013	2019224
1014	2020220
1015	2021224
1016	2022224
1017	2023224
1018	2024220
1019	2025224
1020	2026224
1021	2027220
1022	2028220
1023	2029224
1024	2030224
1025	2031220
1026	2032220
1027	2033224
1028	2034224
1029	2035220
1030	2036220
1031	2037224
1032	2038220
1033	2039220
1034	2040220
1035	2041224
1036	2042220
1037	2043220
1038	2044220
1039	2045224
1040	2046224
1041	2047216
1042	2048220
1043	2049224
1044	2050224
1045	2051220
1046	2052220
1047	2053224
1048	2054220
1049	2055220
1050	2056220
1051	2057224
1052	2058220
1053	2059220
1054	2060220
1055	2061224
1056	2062220
1057	2063220
1058	2064224
1059	2065224
1060	2066220
1061	2067220
1062	2068224
1063	2069224
1064	2070220
1065	2071220
1066	2072220
1067	2073224
1068	2074220
1069	2075220
1070	2076220
1071	2077224
1072	2078220
1073	2079220
1074	2080224
1075	2081224
1076	2082220
1077	2083220
1078	2084224
1079	2085224
1080	2086220
1081	2087220
1082	2088220
1083	2089220
1084	2090220
1085	2091220
1086	2092220
1087	2093220
1088	2094220
1089	2095220
1090	2096224
1091	2097224
1092	2098220
1093	2099216
1094	2100224
1095	2101224
1096	2102220
1097	2103224
1098	2104220
1099	2105220
1100	2106220
1101	2107220
1102	2108220
1103	2109220
1104	2110220
1105	2111220
1106	2112220
1107	2113224
1108	2114220
1109	2115224
1110	2116220
1111	2117224
1112	2118224
1113	2119224
1114	2120220
1115	2121220
1116	2122220
1117	2123220
1118	2124220
1119	2125220
1120	2126220
1121	2127220
1122	2128220
1123	2129220
1124	2130224
1125	2131224
1126	2132220
1127	2133224
1128	2134224
1129	2135224
1130	2136220
1131	2137220
1132	2138220
1133	2139220
1134	2140220
1135	2141220
1136	2142220
1137	2143220
1138	2144220
1139	2145220
1140	2146220
1141	2147220
1142	2148220
1143	2149224
1144	2150224
1145	2151220
1146	2152220
1147	2153224
1148	2154216
1149	2155216
1150	2156216
1151	2157220
1152	2158216
1153	2159216
1154	2160216
1155	2161220
1156	2162216
1157	2163216
1158	2164216
1159	2165220
1160	2166220
1161	2167216
1162	2168216
1163	2169220
1164	2170216
1165	2171220
1166	2172220
1167	2173224
1168	2174220
1169	2175220
1170	2176224
1171	2177224
1172	2178220
1173	2179220
1174	2180224
1175	2181224
1176	2182224
1177	2183224
1178	2184224
1179	2185224
1180	2186224
1181	2187224
1182	2188224
1183	2189224
1184	2190220
1185	2191220
1186	2192224
1187	2193224
1188	2194220
1189	2195220
1190	2196224
1191	2197224
1192	2198224
1193	2199224
1194	2200224
1195	2201224
1196	2202224
1197	2203224
1198	2204224
1199	2205224
1200	2206220
1201	2207224
1202	2208224
1203	2209224
1204	2210220
1205	2211224
1206	2212224
1207	2213224
1208	2214224
1209	2215224
1210	2216224
1211	2217224
1212	2218224
1213	2219224
1214	2220224
1215	2221224
1216	2222220
1217	2223224
1218	2224224
1219	2225224
1220	2226220
1221	2227224
1222	2228220
1223	2229224
1224	2230220
1225	2231224
1226	2232224
1227	2233224
1228	2234224
1229	2235224
1230	2236224
1231	2237224
1232	2238224
1233	2239224
1234	2240220
1235	2241224
1236	2242224
1237	2243224
1238	2244220
1239	2245224
1240	2246224
1241	2247224
1242	2248224
1243	2249224
1244	2250224
1245	2251224
1246	2252224
1247	2253224
1248	2254224
1249	2255220
1250	2256220
1251	2257224
1252	2258224
1253	2259220
1254	2260220
1255	2261224
1256	2262224
1257	2263220
1258	2264224
1259	2265224
1260	2266224
1261	2267224
1262	2268224
1263	2269224
1264	2270224
1265	2271220
1266	2272220
1267	2273224
1268	2274224
1269	2275220
1270	2276220
1271	2277224
1272	2278224
1273	2279220
1274	2280220
1275	2281224
1276	2282224
1277	2283224
1278	2284224
1279	2285224
1280	2286224
1281	2287220
1282	2288220
1283	2289224
1284	2290220
1285	2291220
1286	2292220
1287	2293224
1288	2294220
1289	2295220
1290	2296220
1291	2297224
1292	2298220
1293	2299220
1294	2300224
1295	2301224
1296	2302220
1297	2303216
1298	2304224
1299	2305224
1300	2306220
1301	2307220
1302	2308220
1303	2309224
1304	2310220
1305	2311220
1306	2312220
1307	2313220
1308	2314220
1309	2315220
1310	2316224
1311	2317224
1312	2318220
1313	2319224
1314	2320224
1315	2321224
1316	2322220
1317	2323220
1318	2324220
1319	2325220
1320	2326220
1321	2327220
1322	2328220
1323	2329220
1324	2330220
1325	2331224
1326	2332224
1327	2333224
1328	2334220
1329	2335224
1330	2336224
1331	2337224
1332	2338220
1333	2339220
1334	2340220
1335	2341220
1336	2342220
1337	2343220
1338	2344220
1339	2345220
1340	2346220
1341	2347220
1342	2348220
1343	2349224
1344	2350224
1345	2351224
1346	2352220
1347	2353224
1348	2354224
1349	2355216
1350	2356220
1351	2357220
1352	2358220
1353	2359220
1354	2360220
1355	2361220
1356	2362220
1357	2363220
1358	2364220
1359	2365224
1360	2366224
1361	2367220
1362	2368220
1363	2369224
1364	2370220
1365	2371220
1366	2372220
1367	2373220
1368	2374220
1369	2375220
1370	2376220
1371	2377224
1372	2378220
1373	2379220
1374	2380220
1375	2381224
1376	2382224
1377	2383220
1378	2384220
1379	2385224
1380	2386224
1381	2387220
1382	2388220
1383	2389224
1384	2390220
1385	2391220
1386	2392220
1387	2393224
1388	2394220
1389	2395220
1390	2396220
1391	2397224
1392	2398220
1393	2399220
1394	2400220
1395	2401224
1396	2402220
1397	2403220
1398	2404224
1399	2405224
1400	2406220
1401	2407220
1402	2408220
1403	2409224
1404	2410220
1405	2411220
1406	2412220
1407	2413224
1408	2414220
1409	2415220
1410	2416224
1411	2417224
1412	2418220
1413	2419220
1414	2420224
1415	2421224
1416	2422220
1417	2423220
1418	2424224
1419	2425224
1420	2426220
1421	2427220
1422	2428224
1423	2429224
1424	2430224
1425	2431224
1426	2432224
1427	2433224
1428	2434224
1429	2435224
1430	2436224
1431	2437224
1432	2438224
1433	2439224
1434	2440224
1435	2441224
1436	2442224
1437	2443224
1438	2444224
1439	2445224
1440	2446224
1441	2447224
1442	2448224
1443	2449224
1444	2450224
1445	2451224
1446	2452224
1447	2453224
1448	2454224
1449	2455224
1450	2456224
1451	2457224
1452	2458224
1453	2459224
1454	2460224
1455	2461224
1456	2462224
1457	2463224
1458	2464224
1459	2465224
1460	2466224
1461	2467224
1462	2468224
1463	2469224
1464	2470224
1465	2471224
1466	2472224
1467	2473224
1468	2474224
1469	2475224
1470	2476224
1471	2477224
1472	2478224
1473	2479224
1474	2480224
1475	2481224
1476	2482224
1477	2483224
1478	2484224
1479	2485224
1480	2486224
1481	2487224
1482	2488224
1483	2489224
1484	2490224
1485	2491224
1486	2492224
1487	2493224
1488	2494224
1489	2495224
1490	2496224
1491	2497224
1492	2498224
1493	2499224
1494	2500224
1495	2501224
1496	2502224
1497	2503224
1498	2504224
1499	2505224
1500	2506224
1501	2507224
1502	2508224
1503	2509224
1504	2510224
1505	2511224
1506	2512224
1507	2513224
1508	2514224
1509	2515224
1510	2516224
1511	2517224
1512	2518224
1513	2519224
1514	2520224
1515	2521224
1516	2522224
1517	2523224
1518	2524224
1519	2525224
1520	2526224
1521	2527224
1522	2528224
1523	2529224
1524	2530224
1525	2531224
1526	2532224
1527	2533224
1528	2534224
1529	2535224
1530	2536224
1531	2537224
1532	2538224
1533	2539224
1534	2540224
1535	2541224
1536	2542224
1537	2543220
1538	2544224
1539	2545224
1540	2546220
1541	2547224
1542	2548224
1543	2549224
1544	2550224
1545	2551224
1546	2552224
1547	2553224
1548	2554224
1549	2555224
1550	2556224
1551	2557224
1552	2558220
1553	2559216
1554	2560224
1555	2561224
1556	2562220
1557	2563224
1558	2564224
1559	2565224
1560	2566224
1561	2567224
1562	2568224
1563	2569224
1564	2570224
1565	2571224
1566	2572224
1567	2573224
1568	2574224
1569	2575224
1570	2576220
1571	2577224
1572	2578224
1573	2579224
1574	2580220
1575	2581224
1576	2582224
1577	2583224
1578	2584224
1579	2585224
1580	2586224
1581	2587224
1582	2588224
1583	2589224
1584	2590224
1585	2591224
1586	2592220
1587	2593224
1588	2594224
1589	2595220
1590	2596220
1591	2597224
1592	2598224
1593	2599220
1594	2600224
1595	2601224
1596	2602224
1597	2603224
1598	2604224
1599	2605224
1600	2606224
1601	2607220
1602	2608220
1603	2609224
1604	2610224
1605	2611216
1606	2612220
1607	2613224
1608	2614224
1609	2615220
1610	2616224
1611	2617224
1612	2618224
1613	2619224
1614	2620224
1615	2621224
1616	2622224
1617	2623224
1618	2624220
1619	2625224
1620	2626220
1621	2627220
1622	2628220
1623	2629224
1624	2630220
1625	2631220
1626	2632224
1627	2633224
1628	2634224
1629	2635224
1630	2636224
1631	2637224
1632	2638224
1633	2639224
1634	2640224
1635	2641224
1636	2642220
1637	2643220
1638	2644224
1639	2645224
1640	2646220
1641	2647220
1642	2648224
1643	2649224
1644	2650220
1645	2651224
1646	2652224
1647	2653224
1648	2654224
1649	2655224
1650	2656224
1651	2657224
1652	2658220
1653	2659224
1654	2660224
1655	2661224
1656	2662220
1657	2663224
1658	2664224
1659	2665224
1660	2666220
1661	2667224
1662	2668224
1663	2669224
1664	2670224
1665	2671224
1666	2672224
1667	2673224
1668	2674220
1669	2675224
1670	2676224
1671	2677224
1672	2678220
1673	2679224
1674	2680220
1675	2681224
1676	2682220
1677	2683224
1678	2684224
1679	2685224
1680	2686224
1681	2687224
1682	2688224
1683	2689224
1684	2690224
1685	2691224
1686	2692224
1687	2693224
1688	2694224
1689	2695224
1690	2696224
1691	2697224
1692	2698224
1693	2699224
1694	2700224
1695	2701224
1696	2702224
1697	2703224
1698	2704224
1699	2705224
1700	2706224
1701	2707224
1702	2708224
1703	2709224
1704	2710224
1705	2711224
1706	2712224
1707	2713224
1708	2714224
1709	2715224
1710	2716224
1711	2717224
1712	2718224
1713	2719224
1714	2720224
1715	2721224
1716	2722224
1717	2723224
1718	2724224
1719	2725224
1720	2726224
1721	2727224
1722	2728224
1723	2729224
1724	2730224
1725	2731224
1726	2732224
1727	2733224
1728	2734224
1729	2735224
1730	2736224
1731	2737224
1732	2738224
1733	2739224
1734	2740224
1735	2741224
1736	2742224
1737	2743224
1738	2744224
1739	2745224
1740	2746224
1741	2747224
1742	2748224
1743	2749224
1744	2750224
1745	2751224
1746	2752224
1747	2753224
1748	2754224
1749	2755224
1750	2756224
1751	2757224
1752	2758224
1753	2759224
1754	2760224
1755	2761224
1756	2762224
1757	2763224
1758	2764224
1759	2765224
1760	2766224
1761	2767224
1762	2768224
1763	2769224
1764	2770224
1765	2771224
1766	2772224
1767	2773224
1768	2774224
1769	2775224
1770	2776224
1771	2777224
1772	2778224
1773	2779224
1774	2780224
1775	2781224
1776	2782224
1777	2783224
1778	2784224
1779	2785224
1780	2786224
1781	2787224
1782	2788224
1783	2789224
1784	2790224
1785	2791224
1786	2792224
1787	2793224
1788	2794224
1789	2795224
1790	2796224
1791	2797224
1792	2798224
1793	2799224
1794	2800220
1795	2801224
1796	2802224
1797	2803224
1798	2804224
1799	2805224
1800	2806224
1801	2807224
1802	2808220
1803	2809224
1804	2810224
1805	2811224
1806	2812220
1807	2813224
1808	2814224
1809	2815216
1810	2816220
1811	2817224
1812	2818224
1813	2819224
1814	2820224
1815	2821224
1816	2822224
1817	2823224
1818	2824224
1819	2825224
1820	2826224
1821	2827220
1822	2828220
1823	2829224
1824	2830224
1825	2831220
1826	2832220
1827	2833224
1828	2834224
1829	2835224
1830	2836224
1831	2837224
1832	2838224
1833	2839224
1834	2840224
1835	2841224
1836	2842224
1837	2843220
1838	2844220
1839	2845224
1840	2846224
1841	2847220
1842	2848220
1843	2849224
1844	2850224
1845	2851224
1846	2852224
1847	2853224
1848	2854224
1849	2855224
1850	2856224
1851	2857224
1852	2858216
1853	2859220
1854	2860224
1855	2861224
1856	2862220
1857	2863220
1858	2864224
1859	2865224
1860	2866220
1861	2867216
1862	2868224
1863	2869224
1864	2870224
1865	2871224
1866	2872224
1867	2873224
1868	2874224
1869	2875220
1870	2876224
1871	2877224
1872	2878220
1873	2879220
1874	2880224
1875	2881224
1876	2882220
1877	2883220
1878	2884224
1879	2885224
1880	2886224
1881	2887224
1882	2888224
1883	2889224
1884	2890224
1885	2891224
1886	2892224
1887	2893224
1888	2894220
1889	2895224
1890	2896224
1891	2897224
1892	2898220
1893	2899224
1894	2900224
1895	2901224
1896	2902224
1897	2903224
1898	2904224
1899	2905224
1900	2906220
1901	2907224
1902	2908224
1903	2909224
1904	2910220
1905	2911224
1906	2912220
1907	2913224
1908	2914220
1909	2915224
1910	2916220
1911	2917224
1912	2918224
1913	2919224
1914	2920224
1915	2921224
1916	2922224
1917	2923224
1918	2924224
1919	2925224
1920	2926224
1921	2927224
1922	2928220
1923	2929224
1924	2930224
1925	2931224
1926	2932220
1927	2933224
1928	2934224
1929	2935224
1930	2936224
1931	2937224
1932	2938224
1933	2939224
1934	2940224
1935	2941224
1936	2942224
1937	2943224
1938	2944224
1939	2945224
1940	2946224
1941	2947224
1942	2948224
1943	2949224
1944	2950224
1945	2951224
1946	2952224
1947	2953224
1948	2954224
1949	2955224
1950	2956224
1951	2957224
1952	2958224
1953	2959224
1954	2960224
1955	2961224
1956	2962224
1957	2963224
1958	2964224
1959	2965224
1960	2966224
1961	2967224
1962	2968224
1963	2969224
1964	2970224
1965	2971224
1966	2972224
1967	2973224
1968	2974224
1969	2975224
1970	2976224
1971	2977224
1972	2978224
1973	2979224
1974	2980224
1975	2981224
1976	2982224
1977	2983224
1978	2984224
1979	2985224
1980	2986224
1981	2987224
1982	2988224
1983	2989224
1984	2990224
1985	2991224
1986	2992224
1987	2993224
1988	2994224
1989	2995224
1990	2996224
1991	2997224
1992	2998224
1993	2999224
1994	3000224
1995	3001224
1996	3002224
1997	3003224
1998	3004224
1999	3005224
2000	3006224
2001	3007224
2002	3008224
2003	3009224
2004	3010224
2005	3011224
2006	3012224
2007	3013224
2008	3014224
2009	3015224
2010	3016224
2011	3017224
2012	3018224
2013	3019224
2014	3020224
2015	3021224
2016	3022224
2017	3023224
2018	3024224
2019	3025224
2020	3026224
2021	3027224
2022	3028224
2023	3029224
2024	3030224
2025	3031224
2026	3032224
2027	3033224
2028	3034224
2029	3035224
2030	3036224
2031	3037224
2032	3038224
2033	3039224
2034	3040224
2035	3041224
2036	3042224
2037	3043224
2038	3044224
2039	3045224
2040	3046224
2041	3047224
2042	3048224
2043	3049224
2044	3050224
2045	3051224
2046	3052224
2047	3053224
2048	3054224
2049	3055224
2050	3056224
2051	3057224
2052	3058224
2053	3059224
2054	3060220
2055	3061224
2056	3062224
2057	3063220
2058	3064220
2059	3065224
2060	3066224
2061	3067220
2062	3068220
2063	3069224
2064	3070224
2065	3071216
2066	3072224
2067	3073224
2068	3074224
2069	3075224
2070	3076224
2071	3077224
2072	3078220
2073	3079220
2074	3080220
2075	3081224
2076	3082220
2077	3083220
2078	3084220
2079	3085224
2080	3086224
2081	3087224
2082	3088224
2083	3089224
2084	3090224
2085	3091224
2086	3092224
2087	3093224
2088	3094220
2089	3095220
2090	3096224
2091	3097224
2092	3098220
2093	3099220
2094	3100224
2095	3101224
2096	3102220
2097	3103224
2098	3104224
2099	3105224
2100	3106224
2101	3107224
2102	3108224
2103	3109224
2104	3110220
2105	3111220
2106	3112224
2107	3113224
2108	3114220
2109	3115224
2110	3116224
2111	3117224
2112	3118220
2113	3119224
2114	3120224
2115	3121224
2116	3122224
2117	3123216
2118	3124224
2119	3125224
2120	3126224
2121	3127224
2122	3128224
2123	3129224
2124	3130220
2125	3131224
2126	3132224
2127	3133224
2128	3134220
2129	3135224
2130	3136224
2131	3137224
2132	3138220
2133	3139224
2134	3140224
2135	3141224
2136	3142224
2137	3143224
2138	3144220
2139	3145224
2140	3146224
2141	3147224
2142	3148220
2143	3149224
2144	3150224
2145	3151224
2146	3152220
2147	3153224
2148	3154224
2149	3155224
2150	3156224
2151	3157224
2152	3158224
2153	3159224
2154	3160224
2155	3161224
2156	3162220
2157	3163224
2158	3164220
2159	3165224
2160	3166224
2161	3167220
2162	3168220
2163	3169224
2164	3170224
2165	3171224
2166	3172224
2167	3173224
2168	3174224
2169	3175224
2170	3176224
2171	3177224
2172	3178224
2173	3179220
2174	3180220
2175	3181224
2176	3182224
2177	3183220
2178	3184220
2179	3185224
2180	3186224
2181	3187224
2182	3188224
2183	3189224
2184	3190224
2185	3191224
2186	3192224
2187	3193224
2188	3194220
2189	3195220
2190	3196220
2191	3197224
2192	3198224
2193	3199224
2194	3200224
2195	3201224
2196	3202224
2197	3203224
2198	3204224
2199	3205224
2200	3206224
2201	3207224
2202	3208224
2203	3209224
2204	3210224
2205	3211224
2206	3212224
2207	3213224
2208	3214224
2209	3215224
2210	3216224
2211	3217224
2212	3218224
2213	3219224
2214	3220224
2215	3221224
2216	3222224
2217	3223224
2218	3224224
2219	3225224
2220	3226224
2221	3227224
2222	3228224
2223	3229224
2224	3230224
2225	3231224
2226	3232224
2227	3233224
2228	3234224
2229	3235224
2230	3236224
2231	3237224
2232	3238224
2233	3239224
2234	3240224
2235	3241224
2236	3242224
2237	3243224
2238	3244224
2239	3245224
2240	3246224
2241	3247224
2242	3248224
2243	3249224
2244	3250224
2245	3251224
2246	3252224
2247	3253224
2248	3254224
2249	3255224
2250	3256224
2251	3257224
2252	3258224
2253	3259224
2254	3260224
2255	3261224
2256	3262224
2257	3263224
2258	3264224
2259	3265224
2260	3266224
2261	3267224
2262	3268224
2263	3269224
2264	3270224
2265	3271224
2266	3272224
2267	3273224
2268	3274224
2269	3275224
2270	3276224
2271	3277224
2272	3278224
2273	3279224
2274	3280224
2275	3281224
2276	3282224
2277	3283224
2278	3284224
2279	3285224
2280	3286224
2281	3287224
2282	3288224
2283	3289224
2284	3290224
2285	3291224
2286	3292224
2287	3293224
2288	3294224
2289	3295224
2290	3296224
2291	3297224
2292	3298224
2293	3299224
2294	3300224
2295	3301224
2296	3302224
2297	3303224
2298	3304224
2299	3305224
2300	3306224
2301	3307224
2302	3308224
2303	3309224
2304	3310224
2305	3311224
2306	3312220
2307	3313224
2308	3314220
2309	3315220
2310	3316224
2311	3317224
2312	3318220
2313	3319220
2314	3320224
2315	3321224
2316	3322224
2317	3323224
2318	3324224
2319	3325224
2320	3326224
2321	3327216
2322	3328224
2323	3329224
2324	3330220
2325	3331220
2326	3332224
2327	3333224
2328	3334220
2329	3335220
2330	3336224
2331	3337224
2332	3338224
2333	3339224
2334	3340224
2335	3341224
2336	3342224
2337	3343224
2338	3344224
2339	3345224
2340	3346220
2341	3347224
2342	3348224
2343	3349224
2344	3350220
2345	3351224
2346	3352224
2347	3353224
2348	3354220
2349	3355224
2350	3356224
2351	3357224
2352	3358224
2353	3359224
2354	3360224
2355	3361224
2356	3362220
2357	3363224
2358	3364220
2359	3365224
2360	3366220
2361	3367224
2362	3368220
2363	3369224
2364	3370224
2365	3371224
2366	3372224
2367	3373224
2368	3374224
2369	3375224
2370	3376224
2371	3377224
2372	3378224
2373	3379216
2374	3380220
2375	3381224
2376	3382224
2377	3383224
2378	3384220
2379	3385224
2380	3386224
2381	3387224
2382	3388224
2383	3389224
2384	3390224
2385	3391224
2386	3392224
2387	3393224
2388	3394220
2389	3395220
2390	3396220
2391	3397224
2392	3398224
2393	3399220
2394	3400220
2395	3401224
2396	3402224
2397	3403220
2398	3404220
2399	3405224
2400	3406224
2401	3407224
2402	3408224
2403	3409224
2404	3410224
2405	3411224
2406	3412220
2407	3413224
2408	3414224
2409	3415220
2410	3416220
2411	3417224
2412	3418220
2413	3419220
2414	3420220
2415	3421224
2416	3422224
2417	3423224
2418	3424224
2419	3425224
2420	3426224
2421	3427224
2422	3428224
2423	3429224
2424	3430220
2425	3431220
2426	3432224
2427	3433224
2428	3434220
2429	3435220
2430	3436224
2431	3437224
2432	3438224
2433	3439224
2434	3440224
2435	3441224
2436	3442224
2437	3443224
2438	3444224
2439	3445224
2440	3446220
2441	3447220
2442	3448224
2443	3449224
2444	3450220
2445	3451220
2446	3452224
2447	3453224
2448	3454224
2449	3455224
2450	3456224
2451	3457224
2452	3458224
2453	3459224
2454	3460224
2455	3461224
2456	3462224
2457	3463224
2458	3464224
2459	3465224
2460	3466224
2461	3467224
2462	3468224
2463	3469224
2464	3470224
2465	3471224
2466	3472224
2467	3473224
2468	3474224
2469	3475224
2470	3476224
2471	3477224
2472	3478224
2473	3479224
2474	3480224
2475	3481224
2476	3482224
2477	3483224
2478	3484224
2479	3485224
2480	3486224
2481	3487224
2482	3488224
2483	3489224
2484	3490224
2485	3491224
2486	3492224
2487	3493224
2488	3494224
2489	3495224
2490	3496224
2491	3497224
2492	3498224
2493	3499224
2494	3500224
2495	3501224
2496	3502224
2497	3503224
2498	3504224
2499	3505224
2500	3506224
2501	3507224
2502	3508224
2503	3509224
2504	3510224
2505	3511224
2506	3512224
2507	3513224
2508	3514224
2509	3515224
2510	3516224
2511	3517224
2512	3518224
2513	3519224
2514	3520224
2515	3521224
2516	3522224
2517	3523224
2518	3524224
2519	3525224
2520	3526224
2521	3527224
2522	3528224
2523	3529224
2524	3530224
2525	3531224
2526	3532224
2527	3533224
2528	3534224
2529	3535224
2530	3536224
2531	3537224
2532	3538224
2533	3539224
2534	3540224
2535	3541224
2536	3542224
2537	3543224
2538	3544224
2539	3545224
2540	3546224
2541	3547224
2542	3548224
2543	3549224
2544	3550224
2545	3551224
2546	3552224
2547	3553224
2548	3554224
2549	3555224
2550	3556224
2551	3557224
2552	3558224
2553	3559224
2554	3560224
2555	3561224
2556	3562224
2557	3563224
2558	3564224
2559	3565224
2560	3566224
2561	3567220
2562	3568224
2563	3569224
2564	3570220
2565	3571224
2566	3572224
2567	3573224
2568	3574224
2569	3575224
2570	3576224
2571	3577224
2572	3578224
2573	3579224
2574	3580224
2575	3581224
2576	3582220
2577	3583216
2578	3584224
2579	3585224
2580	3586220
2581	3587224
2582	3588224
2583	3589224
2584	3590224
2585	3591224
2586	3592224
2587	3593224
2588	3594224
2589	3595224
2590	3596224
2591	3597224
2592	3598224
2593	3599224
2594	3600220
2595	3601224
2596	3602224
2597	3603224
2598	3604220
2599	3605224
2600	3606224
2601	3607224
2602	3608224
2603	3609224
2604	3610224
2605	3611224
2606	3612224
2607	3613224
2608	3614224
2609	3615224
2610	3616220
2611	3617224
2612	3618224
2613	3619220
2614	3620220
2615	3621224
2616	3622224
2617	3623224
2618	3624224
2619	3625224
2620	3626224
2621	3627224
2622	3628224
2623	3629224
2624	3630224
2625	3631220
2626	3632220
2627	3633224
2628	3634224
2629	3635216
2630	3636220
2631	3637224
2632	3638224
2633	3639220
2634	3640224
2635	3641224
2636	3642224
2637	3643224
2638	3644224
2639	3645224
2640	3646224
2641	3647220
2642	3648220
2643	3649224
2644	3650220
2645	3651220
2646	3652220
2647	3653224
2648	3654220
2649	3655220
2650	3656224
2651	3657224
2652	3658224
2653	3659224
2654	3660224
2655	3661224
2656	3662224
2657	3663224
2658	3664224
2659	3665224
2660	3666220
2661	3667220
2662	3668224
2663	3669224
2664	3670220
2665	3671220
2666	3672224
2667	3673224
2668	3674216
2669	3675224
2670	3676224
2671	3677224
2672	3678224
2673	3679224
2674	3680224
2675	3681224
2676	3682220
2677	3683224
2678	3684224
2679	3685224
2680	3686220
2681	3687224
2682	3688224
2683	3689224
2684	3690224
2685	3691224
2686	3692224
2687	3693224
2688	3694224
2689	3695224
2690	3696224
2691	3697224
2692	3698220
2693	3699224
2694	3700224
2695	3701224
2696	3702220
2697	3703224
2698	3704220
2699	3705224
2700	3706220
2701	3707224
2702	3708224
2703	3709224
2704	3710224
2705	3711224
2706	3712224
2707	3713224
2708	3714224
2709	3715224
2710	3716224
2711	3717224
2712	3718224
2713	3719224
2714	3720224
2715	3721224
2716	3722224
2717	3723224
2718	3724224
2719	3725224
2720	3726224
2721	3727224
2722	3728224
2723	3729224
2724	3730224
2725	3731224
2726	3732224
2727	3733224
2728	3734224
2729	3735224
2730	3736224
2731	3737224
2732	3738224
2733	3739224
2734	3740224
2735	3741224
2736	3742224
2737	3743224
2738	3744224
2739	3745224
2740	3746224
2741	3747224
2742	3748224
2743	3749224
2744	3750224
2745	3751224
2746	3752224
2747	3753224
2748	3754224
2749	3755224
2750	3756224
2751	3757224
2752	3758224
2753	3759224
2754	3760224
2755	3761224
2756	3762224
2757	3763224
2758	3764224
2759	3765224
2760	3766224
2761	3767224
2762	3768224
2763	3769224
2764	3770224
2765	3771224
2766	3772224
2767	3773224
2768	3774224
2769	3775224
2770	3776224
2771	3777224
2772	3778224
2773	3779224
2774	3780224
2775	3781224
2776	3782224
2777	3783224
2778	3784224
2779	3785224
2780	3786224
2781	3787224
2782	3788224
2783	3789224
2784	3790224
2785	3791224
2786	3792224
2787	3793224
2788	3794224
2789	3795224
2790	3796224
2791	3797224
2792	3798224
2793	3799224
2794	3800224
2795	3801224
2796	3802224
2797	3803224
2798	3804224
2799	3805224
2800	3806414
2801	3807224
2802	3808224
2803	3809224
2804	3810224
2805	3811224
2806	3812224
2807	3813224
2808	3814224
2809	3815224
2810	3816224
2811	3817224
2812	3818224
2813	3819224
2814	3820224
2815	3821224
2816	3822224
2817	3823224
2818	3824224
2819	3825224
2820	3826224
2821	3827224
2822	3828224
2823	3829224
2824	3830224
2825	3831224
2826	3832220
2827	3833224
2828	3834224
2829	3835224
2830	3836220
2831	3837224
2832	3838224
2833	3839216
2834	3840220
2835	3841224
2836	3842224
2837	3843224
2838	3844224
2839	3845224
2840	3846224
2841	3847224
2842	3848220
2843	3849224
2844	3850224
2845	3851220
2846	3852220
2847	3853224
2848	3854224
2849	3855220
2850	3856220
2851	3857224
2852	3858224
2853	3859224
2854	3860224
2855	3861224
2856	3862224
2857	3863224
2858	3864224
2859	3865224
2860	3866224
2861	3867220
2862	3868220
2863	3869224
2864	3870224
2865	3871220
2866	3872220
2867	3873224
2868	3874224
2869	3875224
2870	3876224
2871	3877224
2872	3878224
2873	3879224
2874	3880224
2875	3881224
2876	3882220
2877	3883220
2878	3884224
2879	3885224
2880	3886220
2881	3887220
2882	3888224
2883	3889224
2884	3890220
2885	3891216
2886	3892224
2887	3893224
2888	3894224
2889	3895224
2890	3896224
2891	3897224
2892	3898224
2893	3899220
2894	3900224
2895	3901224
2896	3902220
2897	3903220
2898	3904224
2899	3905224
2900	3906220
2901	3907220
2902	3908224
2903	3909224
2904	3910224
2905	3911224
2906	3912224
2907	3913224
2908	3914224
2909	3915224
2910	3916224
2911	3917224
2912	3918220
2913	3919224
2914	3920224
2915	3921224
2916	3922220
2917	3923224
2918	3924224
2919	3925224
2920	3926224
2921	3927224
2922	3928224
2923	3929224
2924	3930220
2925	3931224
2926	3932220
2927	3933224
2928	3934220
2929	3935224
2930	3936220
2931	3937224
2932	3938220
2933	3939224
2934	3940220
2935	3941224
2936	3942224
2937	3943224
2938	3944224
2939	3945224
2940	3946224
2941	3947224
2942	3948224
2943	3949224
2944	3950224
2945	3951224
2946	3952220
2947	3953224
2948	3954224
2949	3955224
2950	3956220
2951	3957224
2952	3958224
2953	3959224
2954	3960224
2955	3961224
2956	3962224
2957	3963224
2958	3964224
2959	3965224
2960	3966224
2961	3967224
2962	3968224
2963	3969224
2964	3970224
2965	3971224
2966	3972224
2967	3973224
2968	3974224
2969	3975224
2970	3976224
2971	3977224
2972	3978224
2973	3979224
2974	3980224
2975	3981224
2976	3982224
2977	3983224
2978	3984224
2979	3985224
2980	3986224
2981	3987224
2982	3988224
2983	3989224
2984	3990224
2985	3991224
2986	3992224
2987	3993224
2988	3994224
2989	3995224
2990	3996224
2991	3997224
2992	3998224
2993	3999224
2994	4000224
2995	4001224
2996	4002224
2997	4003224
2998	4004224
2999	4005224
3000	4006224
3001	4007224
3002	4008224
3003	4009224
3004	4010224
3005	4011224
3006	4012224
3007	4013224
3008	4014224
3009	4015224
3010	4016224
3011	4017224
3012	4018224
3013	4019224
3014	4020224
3015	4021224
3016	4022224
3017	4023224
3018	4024224
3019	4025224
3020	4026224
3021	4027224
3022	4028224
3023	4029224
3024	4030224
3025	4031224
3026	4032224
3027	4033224
3028	4034224
3029	4035224
3030	4036224
3031	4037224
3032	4038224
3033	4039224
3034	4040224
3035	4041224
3036	4042224
3037	4043224
3038	4044224
3039	4045224
3040	4046224
3041	4047224
3042	4048224
3043	4049224
3044	4050224
3045	4051224
3046	4052224
3047	4053224
3048	4054224
3049	4055224
3050	4056224
3051	4057224
3052	4058224
3053	4059224
3054	4060224
3055	4061224
3056	4062224
3057	4063224
3058	4064224
3059	4065224
3060	4066224
3061	4067224
3062	4068224
3063	4069224
3064	4070224
3065	4071224
3066	4072224
3067	4073224
3068	4074224
3069	4075224
3070	4076224
3071	4077224
3072	4078224
3073	4079224
3074	4080224
3075	4081224
3076	4082224
3077	4083220
3078	4084220
3079	4085224
3080	4086224
3081	4087220
3082	4088220
3083	4089224
3084	4090224
3085	4091220
3086	4092220
3087	4093224
3088	4094224
3089	4095216
3090	4096224
3091	4097224
3092	4098224
3093	4099224
3094	4100220
3095	4101224
3096	4102220
3097	4103220
3098	4104220
3099	4105224
3100	4106220
3101	4107220
3102	4108220
3103	4109224
3104	4110224
3105	4111224
3106	4112224
3107	4113224
3108	4114224
3109	4115224
3110	4116224
3111	4117224
3112	4118220
3113	4119220
3114	4120224
3115	4121224
3116	4122220
3117	4123220
3118	4124224
3119	4125224
3120	4126224
3121	4127224
3122	4128224
3123	4129224
3124	4130224
3125	4131224
3126	4132224
3127	4133224
3128	4134220
3129	4135220
3130	4136224
3131	4137224
3132	4138220
3133	4139224
3134	4140224
3135	4141224
3136	4142220
3137	4143224
3138	4144224
3139	4145224
3140	4146224
3141	4147216
3142	4148224
3143	4149224
3144	4150216
3145	4151224
3146	4152224
3147	4153224
3148	4154220
3149	4155224
3150	4156224
3151	4157224
3152	4158220
3153	4159224
3154	4160224
3155	4161224
3156	4162220
3157	4163224
3158	4164224
3159	4165224
3160	4166224
3161	4167224
3162	4168220
3163	4169224
3164	4170224
3165	4171224
3166	4172220
3167	4173224
3168	4174224
3169	4175224
3170	4176220
3171	4177224
3172	4178224
3173	4179224
3174	4180224
3175	4181224
3176	4182224
3177	4183224
3178	4184220
3179	4185224
3180	4186220
3181	4187224
3182	4188220
3183	4189224
3184	4190224
3185	4191220
3186	4192220
3187	4193224
3188	4194224
3189	4195224
3190	4196224
3191	4197224
3192	4198224
3193	4199224
3194	4200224
3195	4201224
3196	4202224
3197	4203220
3198	4204220
3199	4205224
3200	4206224
3201	4207220
3202	4208220
3203	4209224
3204	4210224
3205	4211224
3206	4212224
3207	4213224
3208	4214224
3209	4215224
3210	4216224
3211	4217224
3212	4218220
3213	4219220
3214	4220220
3215	4221224
3216	4222224
3217	4223224
3218	4224224
3219	4225224
3220	4226224
3221	4227224
3222	4228224
3223	4229224
3224	4230224
3225	4231224
3226	4232224
3227	4233224
3228	4234224
3229	4235224
3230	4236224
3231	4237224
3232	4238224
3233	4239224
3234	4240224
3235	4241224
3236	4242224
3237	4243224
3238	4244224
3239	4245224
3240	4246224
3241	4247224
3242	4248224
3243	4249224
3244	4250224
3245	4251224
3246	4252224
3247	4253224
3248	4254224
3249	4255224
3250	4256224
3251	4257224
3252	4258224
3253	4259224
3254	4260224
3255	4261224
3256	4262224
3257	4263224
3258	4264224
3259	4265224
3260	4266224
3261	4267224
3262	4268216
3263	4269216
3264	4270216
3265	4271216
3266	4272216
3267	4273216
3268	4274216
3269	4275216
3270	4276216
3271	4277220
3272	4278216
3273	4279220
3274	4280216
3275	4281220
3276	4282220
3277	4283220
3278	4284216
3279	4285224
3280	4286224
3281	4287224
3282	4288224
3283	4289224
3284	4290224
3285	4291224
3286	4292224
3287	4293224
3288	4294224
3289	4295224
3290	4296224
3291	4297224
3292	4298224
3293	4299224
3294	4300224
3295	4301224
3296	4302224
3297	4303220
3298	4304220
3299	4305224
3300	4306224
3301	4307220
3302	4308220
3303	4309224
3304	4310224
3305	4311224
3306	4312224
3307	4313224
3308	4314224
3309	4315224
3310	4316224
3311	4317224
3312	4318224
3313	4319220
3314	4320220
3315	4321224
3316	4322224
3317	4323220
3318	4324220
3319	4325224
3320	4326224
3321	4327220
3322	4328224
3323	4329224
3324	4330224
3325	4331224
3326	4332224
3327	4333224
3328	4334224
3329	4335220
3330	4336220
3331	4337224
3332	4338220
3333	4339220
3334	4340220
3335	4341224
3336	4342220
3337	4343220
3338	4344224
3339	4345224
3340	4346220
3341	4347220
3342	4348224
3343	4349224
3344	4350220
3345	4351216
3346	4352220
3347	4353224
3348	4354220
3349	4355220
3350	4356220
3351	4357224
3352	4358220
3353	4359220
3354	4360220
3355	4361224
3356	4362220
3357	4363220
3358	4364224
3359	4365224
3360	4366220
3361	4367224
3362	4368224
3363	4369220
3364	4370220
3365	4371220
3366	4372220
3367	4373220
3368	4374220
3369	4375220
3370	4376220
3371	4377220
3372	4378220
3373	4379224
3374	4380224
3375	4381224
3376	4382220
3377	4383224
3378	4384224
3379	4385220
3380	4386220
3381	4387220
3382	4388220
3383	4389220
3384	4390220
3385	4391220
3386	4392220
3387	4393220
3388	4394220
3389	4395224
3390	4396220
3391	4397224
3392	4398224
3393	4399224
3394	4400220
3395	4401224
3396	4402220
3397	4403216
3398	4404220
3399	4405220
3400	4406220
3401	4407220
3402	4408220
3403	4409220
3404	4410220
3405	4411220
3406	4412220
3407	4413224
3408	4414224
3409	4415220
3410	4416220
3411	4417224
3412	4418220
3413	4419220
3414	4420220
3415	4421220
3416	4422220
3417	4423220
3418	4424220
3419	4425224
3420	4426220
3421	4427220
3422	4428220
3423	4429224
3424	4430224
3425	4431220
3426	4432220
3427	4433224
3428	4434224
3429	4435220
3430	4436220
3431	4437224
3432	4438220
3433	4439220
3434	4440220
3435	4441224
3436	4442224
3437	4443220
3438	4444220
3439	4445224
3440	4446220
3441	4447220
3442	4448220
3443	4449224
3444	4450220
3445	4451220
3446	4452220
3447	4453224
3448	4454220
3449	4455220
3450	4456220
3451	4457224
3452	4458220
3453	4459220
3454	4460220
3455	4461224
3456	4462220
3457	4463220
3458	4464224
3459	4465224
3460	4466220
3461	4467220
3462	4468224
3463	4469224
3464	4470220
3465	4471220
3466	4472220
3467	4473220
3468	4474220
3469	4475220
3470	4476220
3471	4477220
3472	4478220
3473	4479224
3474	4480224
3475	4481224
3476	4482224
3477	4483224
3478	4484224
3479	4485224
3480	4486220
3481	4487224
3482	4488224
3483	4489224
3484	4490220
3485	4491224
3486	4492224
3487	4493224
3488	4494220
3489	4495224
3490	4496224
3491	4497224
3492	4498224
3493	4499224
3494	4500224
3495	4501224
3496	4502224
3497	4503224
3498	4504220
3499	4505224
3500	4506220
3501	4507224
3502	4508220
3503	4509224
3504	4510224
3505	4511224
3506	4512224
3507	4513224
3508	4514224
3509	4515224
3510	4516224
3511	4517224
3512	4518224
3513	4519224
3514	4520220
3515	4521224
3516	4522224
3517	4523224
3518	4524220
3519	4525224
3520	4526224
3521	4527224
3522	4528220
3523	4529224
3524	4530224
3525	4531224
3526	4532224
3527	4533224
3528	4534224
3529	4535224
3530	4536220
3531	4537224
3532	4538224
3533	4539220
3534	4540220
3535	4541224
3536	4542224
3537	4543220
3538	4544220
3539	4545224
3540	4546224
3541	4547224
3542	4548224
3543	4549224
3544	4550224
3545	4551224
3546	4552224
3547	4553224
3548	4554224
3549	4555220
3550	4556220
3551	4557224
3552	4558220
3553	4559220
3554	4560220
3555	4561224
3556	4562220
3557	4563224
3558	4564224
3559	4565224
3560	4566224
3561	4567224
3562	4568224
3563	4569224
3564	4570220
3565	4571220
3566	4572224
3567	4573224
3568	4574220
3569	4575220
3570	4576224
3571	4577224
3572	4578220
3573	4579224
3574	4580224
3575	4581224
3576	4582224
3577	4583224
3578	4584224
3579	4585224
3580	4586224
3581	4587220
3582	4588224
3583	4589224
3584	4590224
3585	4591220
3586	4592220
3587	4593220
3588	4594220
3589	4595220
3590	4596224
3591	4597224
3592	4598220
3593	4599224
3594	4600224
3595	4601224
3596	4602220
3597	4603220
3598	4604220
3599	4605220
3600	4606220
3601	4607216
3602	4608220
3603	4609220
3604	4610220
3605	4611220
3606	4612220
3607	4613224
3608	4614220
3609	4615224
3610	4616220
3611	4617224
3612	4618220
3613	4619224
3614	4620220
3615	4621220
3616	4622220
3617	4623220
3618	4624220
3619	4625220
3620	4626220
3621	4627220
3622	4628220
3623	4629220
3624	4630224
3625	4631224
3626	4632220
3627	4633224
3628	4634224
3629	4635224
3630	4636220
3631	4637220
3632	4638220
3633	4639220
3634	4640220
3635	4641220
3636	4642220
3637	4643220
3638	4644220
3639	4645220
3640	4646224
3641	4647220
3642	4648220
3643	4649224
3644	4650224
3645	4651220
3646	4652220
3647	4653224
3648	4654220
3649	4655220
3650	4656220
3651	4657224
3652	4658220
3653	4659216
3654	4660220
3655	4661224
3656	4662220
3657	4663220
3658	4664220
3659	4665224
3660	4666224
3661	4667220
3662	4668220
3663	4669224
3664	4670224
3665	4671220
3666	4672220
3667	4673224
3668	4674220
3669	4675220
3670	4676220
3671	4677224
3672	4678220
3673	4679220
3674	4680224
3675	4681224
3676	4682220
3677	4683220
3678	4684224
3679	4685224
3680	4686220
3681	4687220
3682	4688220
3683	4689224
3684	4690220
3685	4691220
3686	4692220
3687	4693224
3688	4694220
3689	4695220
3690	4696220
3691	4697224
3692	4698224
3693	4699220
3694	4700224
3695	4701224
3696	4702220
3697	4703220
3698	4704220
3699	4705220
3700	4706220
3701	4707220
3702	4708220
3703	4709220
3704	4710220
3705	4711220
3706	4712220
3707	4713220
3708	4714220
3709	4715224
3710	4716224
3711	4717224
3712	4718220
3713	4719224
3714	4720224
3715	4721220
3716	4722220
3717	4723220
3718	4724220
3719	4725220
3720	4726220
3721	4727220
3722	4728220
3723	4729220
3724	4730220
3725	4731224
3726	4732220
3727	4733224
3728	4734224
3729	4735224
3730	4736224
3731	4737224
3732	4738224
3733	4739224
3734	4740220
3735	4741224
3736	4742224
3737	4743224
3738	4744220
3739	4745224
3740	4746224
3741	4747224
3742	4748224
3743	4749224
3744	4750224
3745	4751224
3746	4752224
3747	4753224
3748	4754224
3749	4755224
3750	4756220
3751	4757224
3752	4758224
3753	4759220
3754	4760220
3755	4761224
3756	4762224
3757	4763220
3758	4764224
3759	4765224
3760	4766224
3761	4767224
3762	4768224
3763	4769224
3764	4770224
3765	4771220
3766	4772220
3767	4773224
3768	4774224
3769	4775220
3770	4776220
3771	4777224
3772	4778224
3773	4779220
3774	4780220
3775	4781224
3776	4782224
3777	4783224
3778	4784224
3779	4785224
3780	4786224
3781	4787224
3782	4788220
3783	4789224
3784	4790220
3785	4791220
3786	4792224
3787	4793224
3788	4794220
3789	4795220
3790	4796224
3791	4797224
3792	4798224
3793	4799224
3794	4800224
3795	4801224
3796	4802224
3797	4803224
3798	4804224
3799	4805224
3800	4806220
3801	4807220
3802	4808224
3803	4809224
3804	4810220
3805	4811220
3806	4812224
3807	4813224
3808	4814224
3809	4815224
3810	4816224
3811	4817224
3812	4818224
3813	4819224
3814	4820224
3815	4821224
3816	4822220
3817	4823224
3818	4824224
3819	4825224
3820	4826220
3821	4827224
3822	4828224
3823	4829224
3824	4830220
3825	4831224
3826	4832224
3827	4833224
3828	4834224
3829	4835224
3830	4836224
3831	4837224
3832	4838220
3833	4839224
3834	4840224
3835	4841224
3836	4842220
3837	4843224
3838	4844220
3839	4845224
3840	4846224
3841	4847220
3842	4848220
3843	4849224
3844	4850224
3845	4851224
3846	4852220
3847	4853224
3848	4854224
3849	4855220
3850	4856220
3851	4857220
3852	4858220
3853	4859220
3854	4860220
3855	4861220
3856	4862220
3857	4863216
3858	4864220
3859	4865224
3860	4866224
3861	4867224
3862	4868220
3863	4869224
3864	4870224
3865	4871220
3866	4872220
3867	4873220
3868	4874220
3869	4875220
3870	4876220
3871	4877220
3872	4878220
3873	4879220
3874	4880220
3875	4881224
3876	4882224
3877	4883220
3878	4884220
3879	4885224
3880	4886224
3881	4887220
3882	4888220
3883	4889224
3884	4890220
3885	4891220
3886	4892220
3887	4893224
3888	4894220
3889	4895220
3890	4896220
3891	4897224
3892	4898224
3893	4899220
3894	4900220
3895	4901224
3896	4902220
3897	4903220
3898	4904220
3899	4905224
3900	4906220
3901	4907220
3902	4908220
3903	4909224
3904	4910220
3905	4911220
3906	4912220
3907	4913224
3908	4914220
3909	4915216
3910	4916224
3911	4917224
3912	4918220
3913	4919220
3914	4920224
3915	4921224
3916	4922220
3917	4923220
3918	4924220
3919	4925224
3920	4926220
3921	4927220
3922	4928220
3923	4929220
3924	4930220
3925	4931220
3926	4932224
3927	4933224
3928	4934220
3929	4935224
3930	4936224
3931	4937224
3932	4938220
3933	4939220
3934	4940220
3935	4941220
3936	4942220
3937	4943220
3938	4944220
3939	4945220
3940	4946220
3941	4947220
3942	4948224
3943	4949224
3944	4950220
3945	4951224
3946	4952224
3947	4953224
3948	4954224
3949	4955224
3950	4956220
3951	4957220
3952	4958220
3953	4959220
3954	4960220
3955	4961220
3956	4962220
3957	4963220
3958	4964220
3959	4965224
3960	4966224
3961	4967224
3962	4968220
3963	4969224
3964	4970224
3965	4971224
3966	4972220
3967	4973220
3968	4974220
3969	4975220
3970	4976220
3971	4977220
3972	4978220
3973	4979220
3974	4980220
3975	4981220
3976	4982224
3977	4983224
3978	4984220
3979	4985224
3980	4986224
3981	4987220
3982	4988220
3983	4989220
3984	4990224
3985	4991220
3986	4992220
3987	4993224
3988	4994224
3989	4995220
3990	4996220
3991	4997224
3992	4998224
3993	4999224
3994	5000224
3995	5001224
3996	5002224
3997	5003224
3998	5004224
3999	5005224
4000	5006224
4001	5007220
4002	5008220
4003	5009224
4004	5010224
4005	5011220
4006	5012220
4007	5013224
4008	5014220
4009	5015220
4010	5016224
4011	5017224
4012	5018224
4013	5019224
4014	5020224
4015	5021224
4016	5022224
4017	5023220
4018	5024224
4019	5025224
4020	5026220
4021	5027220
4022	5028224
4023	5029224
4024	5030220
4025	5031220
4026	5032224
4027	5033224
4028	5034224
4029	5035224
4030	5036224
4031	5037224
4032	5038224
4033	5039224
4034	5040224
4035	5041224
4036	5042220
4037	5043220
4038	5044224
4039	5045224
4040	5046220
4041	5047220
4042	5048224
4043	5049224
4044	5050224
4045	5051224
4046	5052224
4047	5053224
4048	5054224
4049	5055224
4050	5056224
4051	5057224
4052	5058220
4053	5059224
4054	5060224
4055	5061224
4056	5062220
4057	5063224
4058	5064224
4059	5065224
4060	5066224
4061	5067224
4062	5068224
4063	5069224
4064	5070224
4065	5071224
4066	5072224
4067	5073224
4068	5074220
4069	5075224
4070	5076220
4071	5077224
4072	5078224
4073	5079224
4074	5080220
4075	5081224
4076	5082224
4077	5083224
4078	5084224
4079	5085224
4080	5086224
4081	5087224
4082	5088224
4083	5089224
4084	5090224
4085	5091224
4086	5092220
4087	5093224
4088	5094224
4089	5095224
4090	5096220
4091	5097224
4092	5098224
4093	5099224
4094	5100224
4095	5101224
4096	5102224
4097	5103220
4098	5104220
4099	5105224
4100	5106224
4101	5107220
4102	5108220
4103	5109224
4104	5110220
4105	5111220
4106	5112220
4107	5113224
4108	5114220
4109	5115220
4110	5116220
4111	5117224
4112	5118224
4113	5119216
4114	5120220
4115	5121224
4116	5122224
4117	5123220
4118	5124220
4119	5125224
4120	5126220
4121	5127220
4122	5128220
4123	5129224
4124	5130220
4125	5131220
4126	5132220
4127	5133224
4128	5134220
4129	5135220
4130	5136224
4131	5137224
4132	5138220
4133	5139220
4134	5140220
4135	5141224
4136	5142220
4137	5143220
4138	5144220
4139	5145224
4140	5146220
4141	5147220
4142	5148220
4143	5149224
4144	5150220
4145	5151220
4146	5152224
4147	5153224
4148	5154220
4149	5155220
4150	5156224
4151	5157220
4152	5158220
4153	5159220
4154	5160220
4155	5161220
4156	5162220
4157	5163220
4158	5164220
4159	5165220
4160	5166220
4161	5167224
4162	5168224
4163	5169224
4164	5170220
4165	5171216
4166	5172224
4167	5173224
4168	5174220
4169	5175220
4170	5176220
4171	5177220
4172	5178220
4173	5179220
4174	5180220
4175	5181220
4176	5182220
4177	5183224
4178	5184220
4179	5185224
4180	5186220
4181	5187224
4182	5188220
4183	5189224
4184	5190224
4185	5191220
4186	5192220
4187	5193220
4188	5194220
4189	5195220
4190	5196220
4191	5197220
4192	5198220
4193	5199220
4194	5200220
4195	5201224
4196	5202224
4197	5203224
4198	5204220
4199	5205224
4200	5206224
4201	5207220
4202	5208220
4203	5209220
4204	5210224
4205	5211220
4206	5212220
4207	5213220
4208	5214220
4209	5215220
4210	5216220
4211	5217224
4212	5218224
4213	5219220
4214	5220220
4215	5221224
4216	5222224
4217	5223220
4218	5224220
4219	5225224
4220	5226220
4221	5227220
4222	5228220
4223	5229224
4224	5230220
4225	5231220
4226	5232220
4227	5233224
4228	5234224
4229	5235220
4230	5236220
4231	5237224
4232	5238224
4233	5239220
4234	5240220
4235	5241224
4236	5242220
4237	5243220
4238	5244220
4239	5245224
4240	5246220
4241	5247220
4242	5248224
4243	5249224
4244	5250224
4245	5251224
4246	5252224
4247	5253224
4248	5254224
4249	5255224
4250	5256224
4251	5257224
4252	5258220
4253	5259220
4254	5260224
4255	5261224
4256	5262220
4257	5263220
4258	5264224
4259	5265224
4260	5266220
4261	5267224
4262	5268224
4263	5269224
4264	5270224
4265	5271224
4266	5272224
4267	5273224
4268	5274224
4269	5275220
4270	5276224
4271	5277224
4272	5278220
4273	5279224
4274	5280224
4275	5281224
4276	5282220
4277	5283224
4278	5284224
4279	5285224
4280	5286224
4281	5287224
4282	5288224
4283	5289224
4284	5290224
4285	5291224
4286	5292224
4287	5293224
4288	5294220
4289	5295224
4290	5296224
4291	5297224
4292	5298220
4293	5299224
4294	5300220
4295	5301224
4296	5302224
4297	5303224
4298	5304224
4299	5305224
4300	5306224
4301	5307224
4302	5308220
4303	5309224
4304	5310224
4305	5311224
4306	5312220
4307	5313224
4308	5314224
4309	5315224
4310	5316220
4311	5317224
4312	5318224
4313	5319224
4314	5320224
4315	5321224
4316	5322224
4317	5323224
4318	5324224
4319	5325224
4320	5326224
4321	5327220
4322	5328220
4323	5329224
4324	5330224
4325	5331220
4326	5332220
4327	5333224
4328	5334224
4329	5335224
4330	5336224
4331	5337224
4332	5338224
4333	5339224
4334	5340224
4335	5341224
4336	5342224
4337	5343220
4338	5344220
4339	5345224
4340	5346224
4341	5347220
4342	5348220
4343	5349224
4344	5350224
4345	5351224
4346	5352224
4347	5353224
4348	5354224
4349	5355224
4350	5356224
4351	5357224
4352	5358216
4353	5359220
4354	5360220
4355	5361224
4356	5362220
4357	5363220
4358	5364220
4359	5365224
4360	5366220
4361	5367220
4362	5368224
4363	5369224
4364	5370220
4365	5371220
4366	5372224
4367	5373224
4368	5374220
4369	5375216
4370	5376220
4371	5377224
4372	5378220
4373	5379220
4374	5380220
4375	5381224
4376	5382220
4377	5383220
4378	5384220
4379	5385224
4380	5386220
4381	5387220
4382	5388224
4383	5389224
4384	5390220
4385	5391224
4386	5392220
4387	5393220
4388	5394220
4389	5395220
4390	5396220
4391	5397220
4392	5398220
4393	5399220
4394	5400220
4395	5401224
4396	5402220
4397	5403224
4398	5404224
4399	5405224
4400	5406220
4401	5407224
4402	5408224
4403	5409220
4404	5410220
4405	5411220
4406	5412220
4407	5413220
4408	5414220
4409	5415220
4410	5416220
4411	5417220
4412	5418224
4413	5419224
4414	5420220
4415	5421224
4416	5422224
4417	5423224
4418	5424220
4419	5425224
4420	5426220
4421	5427216
4422	5428220
4423	5429220
4424	5430220
4425	5431220
4426	5432220
4427	5433220
4428	5434220
4429	5435224
4430	5436220
4431	5437224
4432	5438224
4433	5439220
4434	5440220
4435	5441224
4436	5442220
4437	5443220
4438	5444220
4439	5445220
4440	5446220
4441	5447220
4442	5448220
4443	5449224
4444	5450220
4445	5451220
4446	5452220
4447	5453224
4448	5454224
4449	5455220
4450	5456220
4451	5457224
4452	5458224
4453	5459220
4454	5460220
4455	5461224
4456	5462220
4457	5463220
4458	5464220
4459	5465224
4460	5466224
4461	5467220
4462	5468220
4463	5469224
4464	5470220
4465	5471220
4466	5472220
4467	5473224
4468	5474220
4469	5475220
4470	5476220
4471	5477224
4472	5478220
4473	5479220
4474	5480220
4475	5481224
4476	5482220
4477	5483220
4478	5484220
4479	5485224
4480	5486220
4481	5487220
4482	5488224
4483	5489224
4484	5490220
4485	5491220
4486	5492224
4487	5493224
4488	5494220
4489	5495220
4490	5496220
4491	5497220
4492	5498220
4493	5499220
4494	5500220
4495	5501220
4496	5502224
4497	5503224
4498	5504224
4499	5505224
4500	5506224
4501	5507224
4502	5508224
4503	5509224
4504	5510220
4505	5511224
4506	5512224
4507	5513224
4508	5514220
4509	5515224
4510	5516224
4511	5517224
4512	5518220
4513	5519224
4514	5520224
4515	5521224
4516	5522224
4517	5523224
4518	5524224
4519	5525224
4520	5526220
4521	5527224
4522	5528220
4523	5529224
4524	5530220
4525	5531224
4526	5532220
4527	5533224
4528	5534224
4529	5535224
4530	5536224
4531	5537224
4532	5538224
4533	5539224
4534	5540224
4535	5541224
4536	5542224
4537	5543224
4538	5544220
4539	5545224
4540	5546224
4541	5547224
4542	5548220
4543	5549224
4544	5550224
4545	5551224
4546	5552224
4547	5553224
4548	5554224
4549	5555224
4550	5556224
4551	5557224
4552	5558224
4553	5559224
4554	5560220
4555	5561224
4556	5562224
4557	5563220
4558	5564220
4559	5565224
4560	5566224
4561	5567220
4562	5568220
4563	5569224
4564	5570224
4565	5571224
4566	5572224
4567	5573224
4568	5574224
4569	5575224
4570	5576224
4571	5577224
4572	5578224
4573	5579220
4574	5580220
4575	5581224
4576	5582220
4577	5583220
4578	5584220
4579	5585224
4580	5586224
4581	5587224
4582	5588224
4583	5589224
4584	5590224
4585	5591224
4586	5592224
4587	5593224
4588	5594220
4589	5595220
4590	5596224
4591	5597224
4592	5598220
4593	5599220
4594	5600224
4595	5601224
4596	5602220
4597	5603224
4598	5604224
4599	5605224
4600	5606224
4601	5607224
4602	5608224
4603	5609224
4604	5610220
4605	5611220
4606	5612224
4607	5613224
4608	5614224
4609	5615220
4610	5616220
4611	5617220
4612	5618220
4613	5619220
4614	5620224
4615	5621224
4616	5622220
4617	5623224
4618	5624224
4619	5625224
4620	5626220
4621	5627220
4622	5628220
4623	5629220
4624	5630220
4625	5631216
4626	5632220
4627	5633220
4628	5634220
4629	5635220
4630	5636224
4631	5637224
4632	5638220
4633	5639224
4634	5640220
4635	5641224
4636	5642220
4637	5643224
4638	5644220
4639	5645220
4640	5646220
4641	5647220
4642	5648220
4643	5649220
4644	5650220
4645	5651220
4646	5652220
4647	5653224
4648	5654224
4649	5655224
4650	5656220
4651	5657224
4652	5658224
4653	5659224
4654	5660220
4655	5661220
4656	5662220
4657	5663220
4658	5664220
4659	5665220
4660	5666220
4661	5667220
4662	5668220
4663	5669220
4664	5670224
4665	5671220
4666	5672220
4667	5673224
4668	5674224
4669	5675220
4670	5676220
4671	5677224
4672	5678220
4673	5679220
4674	5680220
4675	5681224
4676	5682220
4677	5683216
4678	5684220
4679	5685224
4680	5686220
4681	5687220
4682	5688220
4683	5689224
4684	5690224
4685	5691220
4686	5692220
4687	5693224
4688	5694220
4689	5695220
4690	5696220
4691	5697224
4692	5698220
4693	5699220
4694	5700220
4695	5701224
4696	5702220
4697	5703220
4698	5704224
4699	5705224
4700	5706220
4701	5707220
4702	5708224
4703	5709224
4704	5710220
4705	5711220
4706	5712220
4707	5713224
4708	5714220
4709	5715220
4710	5716220
4711	5717224
4712	5718220
4713	5719220
4714	5720224
4715	5721224
4716	5722224
4717	5723220
4718	5724224
4719	5725224
4720	5726220
4721	5727220
4722	5728220
4723	5729220
4724	5730220
4725	5731220
4726	5732220
4727	5733220
4728	5734220
4729	5735220
4730	5736220
4731	5737224
4732	5738220
4733	5739224
4734	5740224
4735	5741224
4736	5742220
4737	5743224
4738	5744220
4739	5745220
4740	5746220
4741	5747220
4742	5748220
4743	5749220
4744	5750220
4745	5751220
4746	5752220
4747	5753220
4748	5754220
4749	5755224
4750	5756220
4751	5757224
4752	5758224
4753	5759224
4754	5760224
4755	5761224
4756	5762224
4757	5763224
4758	5764220
4759	5765224
4760	5766224
4761	5767224
4762	5768220
4763	5769224
4764	5770224
4765	5771224
4766	5772224
4767	5773224
4768	5774224
4769	5775224
4770	5776224
4771	5777224
4772	5778224
4773	5779224
4774	5780220
4775	5781224
4776	5782224
4777	5783220
4778	5784220
4779	5785224
4780	5786224
4781	5787224
4782	5788224
4783	5789224
4784	5790224
4785	5791224
4786	5792224
4787	5793224
4788	5794224
4789	5795220
4790	5796220
4791	5797224
4792	5798224
4793	5799220
4794	5800220
4795	5801224
4796	5802224
4797	5803220
4798	5804224
4799	5805224
4800	5806224
4801	5807224
4802	5808224
4803	5809224
4804	5810224
4805	5811220
4806	5812220
4807	5813224
4808	5814220
4809	5815220
4810	5816224
4811	5817224
4812	5818220
4813	5819220
4814	5820224
4815	5821224
4816	5822224
4817	5823224
4818	5824224
4819	5825224
4820	5826224
4821	5827224
4822	5828224
4823	5829224
4824	5830220
4825	5831220
4826	5832224
4827	5833224
4828	5834220
4829	5835220
4830	5836224
4831	5837224
4832	5838224
4833	5839224
4834	5840224
4835	5841224
4836	5842224
4837	5843224
4838	5844224
4839	5845224
4840	5846220
4841	5847224
4842	5848224
4843	5849224
4844	5850220
4845	5851224
4846	5852224
4847	5853224
4848	5854224
4849	5855224
4850	5856224
4851	5857224
4852	5858224
4853	5859224
4854	5860224
4855	5861224
4856	5862220
4857	5863224
4858	5864224
4859	5865224
4860	5866220
4861	5867224
4862	5868220
4863	5869224
4864	5870224
4865	5871224
4866	5872220
4867	5873224
4868	5874224
4869	5875224
4870	5876220
4871	5877224
4872	5878224
4873	5879220
4874	5880220
4875	5881220
4876	5882220
4877	5883220
4878	5884220
4879	5885220
4880	5886220
4881	5887216
4882	5888220
4883	5889224
4884	5890224
4885	5891224
4886	5892220
4887	5893224
4888	5894224
4889	5895220
4890	5896220
4891	5897220
4892	5898220
4893	5899220
4894	5900220
4895	5901220
4896	5902220
4897	5903220
4898	5904220
4899	5905224
4900	5906224
4901	5907220
4902	5908220
4903	5909224
4904	5910224
4905	5911220
4906	5912220
4907	5913224
4908	5914220
4909	5915220
4910	5916220
4911	5917224
4912	5918220
4913	5919220
4914	5920220
4915	5921224
4916	5922224
4917	5923220
4918	5924220
4919	5925224
4920	5926220
4921	5927220
4922	5928220
4923	5929224
4924	5930220
4925	5931220
4926	5932220
4927	5933224
4928	5934220
4929	5935220
4930	5936220
4931	5937224
4932	5938220
4933	5939216
4934	5940224
4935	5941224
4936	5942220
4937	5943220
4938	5944224
4939	5945224
4940	5946220
4941	5947220
4942	5948220
4943	5949224
4944	5950220
4945	5951220
4946	5952220
4947	5953220
4948	5954220
4949	5955220
4950	5956224
4951	5957224
4952	5958220
4953	5959224
4954	5960224
4955	5961224
4956	5962220
4957	5963220
4958	5964220
4959	5965220
4960	5966220
4961	5967220
4962	5968220
4963	5969220
4964	5970220
4965	5971220
4966	5972224
4967	5973224
4968	5974220
4969	5975224
4970	5976224
4971	5977224
4972	5978224
4973	5979220
4974	5980220
4975	5981220
4976	5982220
4977	5983220
4978	5984220
4979	5985220
4980	5986220
4981	5987220
4982	5988220
4983	5989224
4984	5990224
4985	5991224
4986	5992220
4987	5993224
4988	5994224
4989	5995224
4990	5996220
4991	5997220
4992	5998220
4993	5999220
4994	6000220
4995	6001220
4996	6002220
4997	6003220
4998	6004220
4999	6005224
5000	6006224
5001	6007224
5002	6008220
5003	6009224
5004	6010224
5005	6011220
5006	6012220
5007	6013220
5008	6014224
5009	6015220
5010	6016220
5011	6017224
5012	6018224
5013	6019220
5014	6020220
5015	6021224
5016	6022224
5017	6023224
5018	6024224
5019	6025224
5020	6026224
5021	6027224
5022	6028224
5023	6029224
5024	6030224
5025	6031220
5026	6032220
5027	6033224
5028	6034224
5029	6035220
5030	6036220
5031	6037224
5032	6038220
5033	6039224
5034	6040224
5035	6041224
5036	6042224
5037	6043224
5038	6044224
5039	6045224
5040	6046220
5041	6047220
5042	6048224
5043	6049224
5044	6050220
5045	6051220
5046	6052224
5047	6053224
5048	6054220
5049	6055220
5050	6056224
5051	6057224
5052	6058224
5053	6059224
5054	6060224
5055	6061224
5056	6062224
5057	6063220
5058	6064224
5059	6065224
5060	6066220
5061	6067220
5062	6068224
5063	6069224
5064	6070220
5065	6071220
5066	6072224
5067	6073224
5068	6074224
5069	6075224
5070	6076224
5071	6077224
5072	6078224
5073	6079224
5074	6080224
5075	6081224
5076	6082220
5077	6083224
5078	6084224
5079	6085224
5080	6086220
5081	6087224
5082	6088224
5083	6089224
5084	6090224
5085	6091224
5086	6092224
5087	6093224
5088	6094224
5089	6095224
5090	6096224
5091	6097224
5092	6098220
5093	6099224
5094	6100220
5095	6101224
5096	6102224
5097	6103224
5098	6104220
5099	6105224
5100	6106224
5101	6107224
5102	6108224
5103	6109224
5104	6110224
5105	6111224
5106	6112224
5107	6113224
5108	6114224
5109	6115224
5110	6116220
5111	6117224
5112	6118224
5113	6119224
5114	6120220
5115	6121224
5116	6122224
5117	6123224
5118	6124224
5119	6125224
5120	6126224
5121	6127220
5122	6128220
5123	6129224
5124	6130220
5125	6131220
5126	6132220
5127	6133224
5128	6134220
5129	6135220
5130	6136220
5131	6137224
5132	6138220
5133	6139220
5134	6140220
5135	6141224
5136	6142224
5137	6143216
5138	6144220
5139	6145224
5140	6146224
5141	6147220
5142	6148220
5143	6149224
5144	6150220
5145	6151220
5146	6152220
5147	6153224
5148	6154220
5149	6155220
5150	6156220
5151	6157224
5152	6158220
5153	6159220
5154	6160224
5155	6161224
5156	6162220
5157	6163220
5158	6164220
5159	6165224
5160	6166220
5161	6167220
5162	6168220
5163	6169224
5164	6170220
5165	6171220
5166	6172220
5167	6173224
5168	6174220
5169	6175220
5170	6176224
5171	6177224
5172	6178220
5173	6179220
5174	6180224
5175	6181220
5176	6182220
5177	6183220
5178	6184220
5179	6185220
5180	6186220
5181	6187220
5182	6188220
5183	6189220
5184	6190220
5185	6191224
5186	6192224
5187	6193224
5188	6194220
5189	6195216
5190	6196224
5191	6197220
5192	6198220
5193	6199220
5194	6200220
5195	6201220
5196	6202220
5197	6203220
5198	6204220
5199	6205220
5200	6206220
5201	6207224
5202	6208220
5203	6209224
5204	6210220
5205	6211224
5206	6212220
5207	6213224
5208	6214220
5209	6215220
5210	6216220
5211	6217220
5212	6218220
5213	6219220
5214	6220220
5215	6221220
5216	6222220
5217	6223220
5218	6224220
5219	6225224
5220	6226224
5221	6227224
5222	6228220
5223	6229224
5224	6230224
5225	6231220
5226	6232220
5227	6233220
5228	6234224
5229	6235220
5230	6236220
5231	6237220
5232	6238220
5233	6239220
5234	6240220
5235	6241224
5236	6242224
5237	6243220
5238	6244220
5239	6245224
5240	6246224
5241	6247220
5242	6248220
5243	6249224
5244	6250220
5245	6251220
5246	6252220
5247	6253224
5248	6254220
5249	6255220
5250	6256220
5251	6257224
5252	6258224
5253	6259220
5254	6260220
5255	6261224
5256	6262224
5257	6263220
5258	6264220
5259	6265224
5260	6266220
5261	6267220
5262	6268220
5263	6269224
5264	6270220
5265	6271220
5266	6272224
5267	6273224
5268	6274224
5269	6275224
5270	6276224
5271	6277224
5272	6278224
5273	6279224
5274	6280224
5275	6281224
5276	6282220
5277	6283220
5278	6284224
5279	6285224
5280	6286220
5281	6287220
5282	6288224
5283	6289224
5284	6290220
5285	6291224
5286	6292224
5287	6293224
5288	6294224
5289	6295224
5290	6296224
5291	6297224
5292	6298220
5293	6299220
5294	6300224
5295	6301224
5296	6302220
5297	6303224
5298	6304224
5299	6305224
5300	6306220
5301	6307224
5302	6308224
5303	6309224
5304	6310224
5305	6311224
5306	6312224
5307	6313224
5308	6314224
5309	6315224
5310	6316224
5311	6317224
5312	6318220
5313	6319224
5314	6320224
5315	6321224
5316	6322220
5317	6323224
5318	6324224
5319	6325224
5320	6326224
5321	6327224
5322	6328224
5323	6329224
5324	6330224
5325	6331224
5326	6332220
5327	6333224
5328	6334224
5329	6335224
5330	6336220
5331	6337224
5332	6338224
5333	6339224
5334	6340220
5335	6341224
5336	6342224
5337	6343224
5338	6344224
5339	6345224
5340	6346224
5341	6347224
5342	6348220
5343	6349224
5344	6350224
5345	6351220
5346	6352220
5347	6353224
5348	6354224
5349	6355220
5350	6356220
5351	6357224
5352	6358224
5353	6359224
5354	6360224
5355	6361224
5356	6362224
5357	6363224
5358	6364224
5359	6365224
5360	6366224
5361	6367220
5362	6368220
5363	6369224
5364	6370224
5365	6371220
5366	6372220
5367	6373224
5368	6374224
5369	6375224
5370	6376224
5371	6377224
5372	6378224
5373	6379224
5374	6380224
5375	6381224
5376	6382224
5377	6383220
5378	6384220
5379	6385224
5380	6386220
5381	6387220
5382	6388220
5383	6389224
5384	6390220
5385	6391220
5386	6392224
5387	6393224
5388	6394220
5389	6395220
5390	6396224
5391	6397224
5392	6398220
5393	6399216
5394	6400220
5395	6401224
5396	6402220
5397	6403220
5398	6404220
5399	6405224
5400	6406220
5401	6407220
5402	6408224
5403	6409224
5404	6410220
5405	6411220
5406	6412224
5407	6413224
5408	6414220
5409	6415220
5410	6416220
5411	6417220
5412	6418220
5413	6419220
5414	6420220
5415	6421220
5416	6422220
5417	6423220
5418	6424220
5419	6425224
5420	6426220
5421	6427224
5422	6428224
5423	6429224
5424	6430220
5425	6431224
5426	6432220
5427	6433220
5428	6434220
5429	6435220
5430	6436220
5431	6437220
5432	6438220
5433	6439220
5434	6440220
5435	6441220
5436	6442224
5437	6443224
5438	6444220
5439	6445224
5440	6446224
5441	6447224
5442	6448220
5443	6449220
5444	6450220
5445	6451216
5446	6452220
5447	6453220
5448	6454220
5449	6455220
5450	6456220
5451	6457220
5452	6458224
5453	6459224
5454	6460220
5455	6461224
5456	6462224
5457	6463220
5458	6464220
5459	6465224
5460	6466220
5461	6467220
5462	6468220
5463	6469220
5464	6470220
5465	6471220
5466	6472220
5467	6473224
5468	6474220
5469	6475220
5470	6476220
5471	6477224
5472	6478224
5473	6479220
5474	6480220
5475	6481224
5476	6482224
5477	6483220
5478	6484220
5479	6485224
5480	6486220
5481	6487220
5482	6488220
5483	6489224
5484	6490224
5485	6491220
5486	6492220
5487	6493224
5488	6494220
5489	6495220
5490	6496220
5491	6497224
5492	6498220
5493	6499220
5494	6500220
5495	6501224
5496	6502220
5497	6503220
5498	6504220
5499	6505224
5500	6506220
5501	6507220
5502	6508220
5503	6509224
5504	6510220
5505	6511220
5506	6512224
5507	6513224
5508	6514220
5509	6515220
5510	6516220
5511	6517224
5512	6518220
5513	6519220
5514	6520220
5515	6521220
5516	6522220
5517	6523220
5518	6524220
5519	6525224
5520	6526224
5521	6527224
5522	6528224
5523	6529224
5524	6530224
5525	6531224
5526	6532224
5527	6533224
5528	6534220
5529	6535224
5530	6536224
5531	6537224
5532	6538220
5533	6539224
5534	6540224
5535	6541224
5536	6542224
5537	6543224
5538	6544224
5539	6545224
5540	6546224
5541	6547224
5542	6548224
5543	6549224
5544	6550220
5545	6551224
5546	6552220
5547	6553224
5548	6554220
5549	6555224
5550	6556220
5551	6557224
5552	6558224
5553	6559224
5554	6560224
5555	6561224
5556	6562224
5557	6563224
5558	6564224
5559	6565224
5560	6566224
5561	6567224
5562	6568220
5563	6569224
5564	6570224
5565	6571224
5566	6572220
5567	6573224
5568	6574224
5569	6575224
5570	6576224
5571	6577224
5572	6578224
5573	6579224
5574	6580224
5575	6581224
5576	6582224
5577	6583220
5578	6584220
5579	6585224
5580	6586224
5581	6587220
5582	6588220
5583	6589224
5584	6590224
5585	6591220
5586	6592220
5587	6593224
5588	6594224
5589	6595224
5590	6596224
5591	6597224
5592	6598224
5593	6599224
5594	6600220
5595	6601224
5596	6602224
5597	6603220
5598	6604220
5599	6605224
5600	6606220
5601	6607220
5602	6608220
5603	6609224
5604	6610224
5605	6611224
5606	6612224
5607	6613224
5608	6614224
5609	6615224
5610	6616224
5611	6617224
5612	6618220
5613	6619220
5614	6620224
5615	6621224
5616	6622220
5617	6623220
5618	6624224
5619	6625224
5620	6626224
5621	6627224
5622	6628224
5623	6629224
5624	6630224
5625	6631224
5626	6632224
5627	6633224
5628	6634220
5629	6635220
5630	6636224
5631	6637224
5632	6638224
5633	6639220
5634	6640220
5635	6641220
5636	6642220
5637	6643224
5638	6644224
5639	6645224
5640	6646220
5641	6647224
5642	6648224
5643	6649224
5644	6650220
5645	6651220
5646	6652220
5647	6653220
5648	6654220
5649	6655216
5650	6656220
5651	6657220
5652	6658220
5653	6659220
5654	6660224
5655	6661224
5656	6662220
5657	6663224
5658	6664220
5659	6665224
5660	6666220
5661	6667220
5662	6668220
5663	6669220
5664	6670220
5665	6671220
5666	6672220
5667	6673220
5668	6674220
5669	6675220
5670	6676220
5671	6677224
5672	6678224
5673	6679224
5674	6680220
5675	6681224
5676	6682224
5677	6683224
5678	6684220
5679	6685220
5680	6686220
5681	6687220
5682	6688220
5683	6689220
5684	6690220
5685	6691220
5686	6692220
5687	6693224
5688	6694224
5689	6695220
5690	6696220
5691	6697224
5692	6698224
5693	6699220
5694	6700220
5695	6701224
5696	6702220
5697	6703220
5698	6704220
5699	6705224
5700	6706220
5701	6707216
5702	6708220
5703	6709224
5704	6710224
5705	6711220
5706	6712220
5707	6713224
5708	6714224
5709	6715220
5710	6716220
5711	6717224
5712	6718224
5713	6719220
5714	6720220
5715	6721224
5716	6722220
5717	6723220
5718	6724220
5719	6725224
5720	6726220
5721	6727224
5722	6728224
5723	6729224
5724	6730224
5725	6731224
5726	6732224
5727	6733224
5728	6734220
5729	6735220
5730	6736224
5731	6737224
5732	6738220
5733	6739220
5734	6740224
5735	6741224
5736	6742220
5737	6743220
5738	6744224
5739	6745224
5740	6746224
5741	6747224
5742	6748224
5743	6749224
5744	6750224
5745	6751220
5746	6752224
5747	6753224
5748	6754220
5749	6755224
5750	6756224
5751	6757224
5752	6758220
5753	6759224
5754	6760224
5755	6761224
5756	6762224
5757	6763224
5758	6764224
5759	6765224
5760	6766224
5761	6767224
5762	6768224
5763	6769224
5764	6770220
5765	6771224
5766	6772224
5767	6773224
5768	6774220
5769	6775224
5770	6776220
5771	6777224
5772	6778224
5773	6779224
5774	6780224
5775	6781224
5776	6782224
5777	6783224
5778	6784224
5779	6785224
5780	6786224
5781	6787224
5782	6788224
5783	6789224
5784	6790224
5785	6791224
5786	6792224
5787	6793224
5788	6794224
5789	6795224
5790	6796224
5791	6797224
5792	6798224
5793	6799224
5794	6800224
5795	6801224
5796	6802224
5797	6803224
5798	6804224
5799	6805224
5800	6806224
5801	6807224
5802	6808224
5803	6809224
5804	6810224
5805	6811224
5806	6812224
5807	6813224
5808	6814224
5809	6815224
5810	6816224
5811	6817224
5812	6818224
5813	6819224
5814	6820224
5815	6821224
5816	6822224
5817	6823224
5818	6824224
5819	6825224
5820	6826224
5821	6827224
5822	6828224
5823	6829224
5824	6830224
5825	6831224
5826	6832224
5827	6833224
5828	6834224
5829	6835224
5830	6836224
5831	6837224
5832	6838224
5833	6839224
5834	6840224
5835	6841224
5836	6842224
5837	6843224
5838	6844224
5839	6845224
5840	6846224
5841	6847224
5842	6848224
5843	6849224
5844	6850224
5845	6851224
5846	6852224
5847	6853224
5848	6854224
5849	6855224
5850	6856224
5851	6857224
5852	6858224
5853	6859224
5854	6860224
5855	6861224
5856	6862224
5857	6863224
5858	6864224
5859	6865224
5860	6866224
5861	6867224
5862	6868224
5863	6869224
5864	6870224
5865	6871224
5866	6872224
5867	6873224
5868	6874224
5869	6875224
5870	6876224
5871	6877224
5872	6878224
5873	6879224
5874	6880224
5875	6881224
5876	6882224
5877	6883224
5878	6884224
5879	6885224
5880	6886224
5881	6887224
5882	6888224
5883	6889224
5884	6890224
5885	6891224
5886	6892224
5887	6893224
5888	6894224
5889	6895224
5890	6896224
5891	6897224
5892	6898224
5893	6899224
5894	6900224
5895	6901224
5896	6902224
5897	6903224
5898	6904220
5899	6905224
5900	6906224
5901	6907224
5902	6908220
5903	6909224
5904	6910224
5905	6911216
5906	6912224
5907	6913224
5908	6914224
5909	6915224
5910	6916224
5911	6917224
5912	6918224
5913	6919220
5914	6920220
5915	6921224
5916	6922224
5917	6923220
5918	6924220
5919	6925224
5920	6926224
5921	6927220
5922	6928224
5923	6929224
5924	6930224
5925	6931224
5926	6932224
5927	6933224
5928	6934224
5929	6935220
5930	6936220
5931	6937224
5932	6938224
5933	6939220
5934	6940220
5935	6941224
5936	6942224
5937	6943220
5938	6944220
5939	6945224
5940	6946224
5941	6947224
5942	6948224
5943	6949224
5944	6950224
5945	6951224
5946	6952220
5947	6953224
5948	6954220
5949	6955220
5950	6956224
5951	6957224
5952	6958220
5953	6959220
5954	6960224
5955	6961224
5956	6962224
5957	6963216
5958	6964224
5959	6965224
5960	6966224
5961	6967224
5962	6968224
5963	6969224
5964	6970220
5965	6971220
5966	6972224
5967	6973224
5968	6974220
5969	6975220
5970	6976224
5971	6977224
5972	6978220
5973	6979224
5974	6980224
5975	6981224
5976	6982224
5977	6983224
5978	6984224
5979	6985224
5980	6986220
5981	6987224
5982	6988224
5983	6989224
5984	6990220
5985	6991224
5986	6992224
5987	6993224
5988	6994220
5989	6995224
5990	6996224
5991	6997224
5992	6998224
5993	6999224
5994	7000224
5995	7001224
5996	7002224
5997	7003224
5998	7004220
5999	7005224
6000	7006220
6001	7007224
6002	7008220
6003	7009224
6004	7010220
6005	7011224
6006	7012224
6007	7013224
6008	7014224
6009	7015224
6010	7016224
6011	7017224
6012	7018224
6013	7019224
6014	7020220
6015	7021224
6016	7022224
6017	7023224
6018	7024220
6019	7025224
6020	7026224
6021	7027224
6022	7028220
6023	7029224
6024	7030224
6025	7031224
6026	7032224
6027	7033224
6028	7034224
6029	7035224
6030	7036220
6031	7037224
6032	7038224
6033	7039224
6034	7040224
6035	7041224
6036	7042224
6037	7043224
6038	7044224
6039	7045224
6040	7046224
6041	7047224
6042	7048224
6043	7049224
6044	7050224
6045	7051224
6046	7052224
6047	7053224
6048	7054224
6049	7055224
6050	7056224
6051	7057224
6052	7058224
6053	7059224
6054	7060224
6055	7061224
6056	7062224
6057	7063224
6058	7064224
6059	7065224
6060	7066224
6061	7067224
6062	7068224
6063	7069224
6064	7070224
6065	7071224
6066	7072224
6067	7073224
6068	7074224
6069	7075224
6070	7076224
6071	7077224
6072	7078224
6073	7079224
6074	7080224
6075	7081224
6076	7082224
6077	7083224
6078	7084224
6079	7085224
6080	7086224
6081	7087224
6082	7088224
6083	7089224
6084	7090224
6085	7091224
6086	7092224
6087	7093224
6088	7094224
6089	7095224
6090	7096224
6091	7097224
6092	7098224
6093	7099224
6094	7100224
6095	7101224
6096	7102224
6097	7103224
6098	7104224
6099	7105224
6100	7106224
6101	7107224
6102	7108224
6103	7109224
6104	7110224
6105	7111224
6106	7112224
6107	7113224
6108	7114224
6109	7115224
6110	7116224
6111	7117224
6112	7118224
6113	7119224
6114	7120224
6115	7121224
6116	7122224
6117	7123224
6118	7124224
6119	7125224
6120	7126224
6121	7127224
6122	7128224
6123	7129224
6124	7130224
6125	7131224
6126	7132224
6127	7133224
6128	7134224
6129	7135224
6130	7136224
6131	7137224
6132	7138224
6133	7139224
6134	7140224
6135	7141224
6136	7142224
6137	7143224
6138	7144224
6139	7145224
6140	7146224
6141	7147224
6142	7148224
6143	7149224
6144	7150224
6145	7151224
6146	7152224
6147	7153224
6148	7154224
6149	7155220
6150	7156220
6151	7157224
6152	7158224
6153	7159220
6154	7160220
6155	7161224
6156	7162224
6157	7163224
6158	7164224
6159	7165224
6160	7166224
6161	7167216
6162	7168224
6163	7169224
6164	7170224
6165	7171220
6166	7172220
6167	7173224
6168	7174220
6169	7175220
6170	7176220
6171	7177224
6172	7178220
6173	7179220
6174	7180224
6175	7181224
6176	7182224
6177	7183224
6178	7184224
6179	7185224
6180	7186224
6181	7187220
6182	7188224
6183	7189224
6184	7190220
6185	7191220
6186	7192224
6187	7193224
6188	7194220
6189	7195220
6190	7196224
6191	7197224
6192	7198224
6193	7199224
6194	7200224
6195	7201224
6196	7202224
6197	7203224
6198	7204224
6199	7205224
6200	7206220
6201	7207220
6202	7208224
6203	7209224
6204	7210220
6205	7211224
6206	7212224
6207	7213224
6208	7214224
6209	7215224
6210	7216224
6211	7217224
6212	7218224
6213	7219216
6214	7220224
6215	7221224
6216	7222220
6217	7223224
6218	7224224
6219	7225224
6220	7226220
6221	7227224
6222	7228224
6223	7229224
6224	7230224
6225	7231224
6226	7232224
6227	7233224
6228	7234220
6229	7235224
6230	7236224
6231	7237224
6232	7238224
6233	7239224
6234	7240220
6235	7241224
6236	7242224
6237	7243224
6238	7244220
6239	7245224
6240	7246224
6241	7247224
6242	7248224
6243	7249224
6244	7250224
6245	7251224
6246	7252224
6247	7253224
6248	7254224
6249	7255224
6250	7256220
6251	7257224
6252	7258224
6253	7259224
6254	7260220
6255	7261224
6256	7262224
6257	7263220
6258	7264224
6259	7265224
6260	7266224
6261	7267224
6262	7268224
6263	7269224
6264	7270224
6265	7271220
6266	7272220
6267	7273224
6268	7274224
6269	7275220
6270	7276220
6271	7277224
6272	7278224
6273	7279220
6274	7280224
6275	7281224
6276	7282224
6277	7283224
6278	7284224
6279	7285224
6280	7286224
6281	7287224
6282	7288220
6283	7289224
6284	7290220
6285	7291220
6286	7292220
6287	7293224
6288	7294224
6289	7295224
6290	7296224
6291	7297224
6292	7298224
6293	7299224
6294	7300224
6295	7301224
6296	7302224
6297	7303224
6298	7304224
6299	7305224
6300	7306224
6301	7307224
6302	7308224
6303	7309224
6304	7310224
6305	7311224
6306	7312224
6307	7313224
6308	7314224
6309	7315224
6310	7316224
6311	7317224
6312	7318224
6313	7319224
6314	7320224
6315	7321224
6316	7322224
6317	7323224
6318	7324224
6319	7325224
6320	7326224
6321	7327224
6322	7328224
6323	7329224
6324	7330224
6325	7331224
6326	7332224
6327	7333224
6328	7334224
6329	7335224
6330	7336224
6331	7337224
6332	7338224
6333	7339224
6334	7340224
6335	7341224
6336	7342224
6337	7343224
6338	7344224
6339	7345224
6340	7346224
6341	7347224
6342	7348224
6343	7349224
6344	7350224
6345	7351224
6346	7352224
6347	7353224
6348	7354224
6349	7355224
6350	7356224
6351	7357224
6352	7358224
6353	7359224
6354	7360224
6355	7361224
6356	7362224
6357	7363224
6358	7364224
6359	7365224
6360	7366224
6361	7367224
6362	7368224
6363	7369224
6364	7370224
6365	7371224
6366	7372224
6367	7373224
6368	7374224
6369	7375224
6370	7376224
6371	7377224
6372	7378224
6373	7379224
6374	7380224
6375	7381224
6376	7382224
6377	7383224
6378	7384224
6379	7385224
6380	7386224
6381	7387224
6382	7388224
6383	7389224
6384	7390224
6385	7391224
6386	7392224
6387	7393224
6388	7394224
6389	7395224
6390	7396224
6391	7397224
6392	7398224
6393	7399224
6394	7400224
6395	7401224
6396	7402224
6397	7403224
6398	7404224
6399	7405224
6400	7406224
6401	7407220
6402	7408220
6403	7409224
6404	7410220
6405	7411220
6406	7412224
6407	7413224
6408	7414220
6409	7415224
6410	7416224
6411	7417224
6412	7418224
6413	7419224
6414	7420224
6415	7421224
6416	7422220
6417	7423216
6418	7424224
6419	7425224
6420	7426220
6421	7427220
6422	7428224
6423	7429224
6424	7430220
6425	7431224
6426	7432224
6427	7433224
6428	7434224
6429	7435224
6430	7436224
6431	7437224
6432	7438224
6433	7439224
6434	7440224
6435	7441224
6436	7442220
6437	7443224
6438	7444224
6439	7445224
6440	7446220
6441	7447224
6442	7448224
6443	7449224
6444	7450224
6445	7451224
6446	7452224
6447	7453224
6448	7454224
6449	7455224
6450	7456224
6451	7457224
6452	7458220
6453	7459224
6454	7460220
6455	7461224
6456	7462220
6457	7463224
6458	7464220
6459	7465224
6460	7466224
6461	7467224
6462	7468224
6463	7469224
6464	7470224
6465	7471224
6466	7472220
6467	7473224
6468	7474224
6469	7475216
6470	7476220
6471	7477224
6472	7478224
6473	7479224
6474	7480220
6475	7481224
6476	7482224
6477	7483224
6478	7484224
6479	7485224
6480	7486224
6481	7487224
6482	7488224
6483	7489224
6484	7490220
6485	7491220
6486	7492220
6487	7493224
6488	7494224
6489	7495220
6490	7496220
6491	7497224
6492	7498224
6493	7499224
6494	7500224
6495	7501224
6496	7502224
6497	7503224
6498	7504224
6499	7505224
6500	7506224
6501	7507220
6502	7508220
6503	7509224
6504	7510224
6505	7511220
6506	7512220
6507	7513224
6508	7514224
6509	7515224
6510	7516224
6511	7517224
6512	7518224
6513	7519224
6514	7520224
6515	7521224
6516	7522224
6517	7523220
6518	7524224
6519	7525224
6520	7526220
6521	7527220
6522	7528224
6523	7529224
6524	7530220
6525	7531220
6526	7532224
6527	7533224
6528	7534224
6529	7535224
6530	7536224
6531	7537224
6532	7538224
6533	7539220
6534	7540224
6535	7541224
6536	7542220
6537	7543220
6538	7544224
6539	7545224
6540	7546220
6541	7547220
6542	7548224
6543	7549224
6544	7550224
6545	7551224
6546	7552224
6547	7553224
6548	7554224
6549	7555224
6550	7556224
6551	7557224
6552	7558224
6553	7559224
6554	7560224
6555	7561224
6556	7562224
6557	7563224
6558	7564224
6559	7565224
6560	7566224
6561	7567224
6562	7568224
6563	7569224
6564	7570224
6565	7571224
6566	7572224
6567	7573224
6568	7574224
6569	7575224
6570	7576224
6571	7577224
6572	7578224
6573	7579224
6574	7580224
6575	7581224
6576	7582224
6577	7583224
6578	7584224
6579	7585224
6580	7586224
6581	7587224
6582	7588224
6583	7589224
6584	7590224
6585	7591224
6586	7592224
6587	7593224
6588	7594224
6589	7595224
6590	7596224
6591	7597224
6592	7598224
6593	7599224
6594	7600224
6595	7601224
6596	7602224
6597	7603224
6598	7604224
6599	7605224
6600	7606224
6601	7607224
6602	7608224
6603	7609224
6604	7610224
6605	7611224
6606	7612224
6607	7613224
6608	7614224
6609	7615224
6610	7616224
6611	7617224
6612	7618224
6613	7619224
6614	7620224
6615	7621224
6616	7622224
6617	7623224
6618	7624224
6619	7625224
6620	7626224
6621	7627224
6622	7628224
6623	7629224
6624	7630224
6625	7631224
6626	7632224
6627	7633224
6628	7634224
6629	7635224
6630	7636224
6631	7637224
6632	7638224
6633	7639224
6634	7640224
6635	7641224
6636	7642224
6637	7643224
6638	7644224
6639	7645224
6640	7646224
6641	7647224
6642	7648224
6643	7649224
6644	7650224
6645	7651224
6646	7652224
6647	7653224
6648	7654224
6649	7655224
6650	7656224
6651	7657224
6652	7658224
6653	7659224
6654	7660224
6655	7661224
6656	7662224
6657	7663220
6658	7664224
6659	7665224
6660	7666224
6661	7667224
6662	7668224
6663	7669224
6664	7670224
6665	7671224
6666	7672224
6667	7673224
6668	7674220
6669	7675224
6670	7676224
6671	7677224
6672	7678220
6673	7679216
6674	7680224
6675	7681224
6676	7682220
6677	7683224
6678	7684224
6679	7685224
6680	7686224
6681	7687224
6682	7688224
6683	7689224
6684	7690220
6685	7691224
6686	7692220
6687	7693224
6688	7694224
6689	7695224
6690	7696220
6691	7697224
6692	7698224
6693	7699224
6694	7700224
6695	7701224
6696	7702224
6697	7703224
6698	7704224
6699	7705224
6700	7706224
6701	7707224
6702	7708220
6703	7709224
6704	7710224
6705	7711224
6706	7712220
6707	7713224
6708	7714224
6709	7715220
6710	7716220
6711	7717224
6712	7718224
6713	7719224
6714	7720224
6715	7721224
6716	7722224
6717	7723224
6718	7724220
6719	7725224
6720	7726224
6721	7727220
6722	7728220
6723	7729224
6724	7730224
6725	7731216
6726	7732220
6727	7733224
6728	7734224
6729	7735224
6730	7736224
6731	7737224
6732	7738224
6733	7739224
6734	7740224
6735	7741224
6736	7742224
6737	7743220
6738	7744220
6739	7745224
6740	7746220
6741	7747220
6742	7748220
6743	7749224
6744	7750224
6745	7751224
6746	7752224
6747	7753224
6748	7754224
6749	7755224
6750	7756224
6751	7757224
6752	7758220
6753	7759220
6754	7760224
6755	7761224
6756	7762220
6757	7763220
6758	7764224
6759	7765224
6760	7766220
6761	7767224
6762	7768224
6763	7769224
6764	7770224
6765	7771224
6766	7772224
6767	7773224
6768	7774220
6769	7775220
6770	7776224
6771	7777224
6772	7778220
6773	7779224
6774	7780224
6775	7781224
6776	7782220
6777	7783224
6778	7784224
6779	7785224
6780	7786224
6781	7787224
6782	7788224
6783	7789224
6784	7790224
6785	7791224
6786	7792224
6787	7793224
6788	7794220
6789	7795224
6790	7796224
6791	7797224
6792	7798220
6793	7799224
6794	7800220
6795	7801224
6796	7802224
6797	7803224
6798	7804224
6799	7805224
6800	7806224
6801	7807224
6802	7808224
6803	7809224
6804	7810224
6805	7811224
6806	7812224
6807	7813224
6808	7814224
6809	7815224
6810	7816224
6811	7817224
6812	7818224
6813	7819224
6814	7820224
6815	7821224
6816	7822224
6817	7823224
6818	7824224
6819	7825224
6820	7826224
6821	7827224
6822	7828224
6823	7829224
6824	7830224
6825	7831224
6826	7832224
6827	7833224
6828	7834224
6829	7835224
6830	7836224
6831	7837224
6832	7838224
6833	7839224
6834	7840224
6835	7841224
6836	7842224
6837	7843224
6838	7844224
6839	7845224
6840	7846224
6841	7847224
6842	7848224
6843	7849224
6844	7850224
6845	7851224
6846	7852224
6847	7853224
6848	7854224
6849	7855224
6850	7856224
6851	7857224
6852	7858224
6853	7859224
6854	7860224
6855	7861224
6856	7862224
6857	7863224
6858	7864224
6859	7865224
6860	7866224
6861	7867224
6862	7868224
6863	7869224
6864	7870224
6865	7871224
6866	7872224
6867	7873224
6868	7874224
6869	7875224
6870	7876224
6871	7877224
6872	7878224
6873	7879224
6874	7880224
6875	7881224
6876	7882224
6877	7883224
6878	7884224
6879	7885224
6880	7886224
6881	7887224
6882	7888224
6883	7889224
6884	7890224
6885	7891224
6886	7892224
6887	7893224
6888	7894224
6889	7895224
6890	7896224
6891	7897224
6892	7898224
6893	7899224
6894	7900224
6895	7901224
6896	7902224
6897	7903224
6898	7904224
6899	7905224
6900	7906224
6901	7907224
6902	7908224
6903	7909224
6904	7910224
6905	7911224
6906	7912224
6907	7913224
6908	7914224
6909	7915224
6910	7916224
6911	7917224
6912	7918224
6913	7919224
6914	7920224
6915	7921224
6916	7922224
6917	7923224
6918	7924224
6919	7925224
6920	7926224
6921	7927224
6922	7928220
6923	7929224
6924	7930224
6925	7931224
6926	7932220
6927	7933224
6928	7934224
6929	7935216
6930	7936224
6931	7937224
6932	7938224
6933	7939224
6934	7940224
6935	7941224
6936	7942224
6937	7943220
6938	7944220
6939	7945224
6940	7946224
6941	7947220
6942	7948220
6943	7949224
6944	7950224
6945	7951220
6946	7952224
6947	7953224
6948	7954224
6949	7955224
6950	7956224
6951	7957224
6952	7958224
6953	7959220
6954	7960220
6955	7961224
6956	7962224
6957	7963220
6958	7964220
6959	7965224
6960	7966224
6961	7967220
6962	7968224
6963	7969224
6964	7970224
6965	7971224
6966	7972224
6967	7973224
6968	7974224
6969	7975224
6970	7976220
6971	7977224
6972	7978220
6973	7979220
6974	7980224
6975	7981224
6976	7982220
6977	7983220
6978	7984224
6979	7985224
6980	7986224
6981	7987216
6982	7988224
6983	7989224
6984	7990224
6985	7991224
6986	7992224
6987	7993224
6988	7994220
6989	7995220
6990	7996224
6991	7997224
6992	7998220
6993	7999220
6994	8000224
6995	8001224
6996	8002220
6997	8003224
6998	8004224
6999	8005224
7000	8006224
7001	8007224
7002	8008224
7003	8009224
7004	8010220
7005	8011224
7006	8012224
7007	8013224
7008	8014220
7009	8015224
7010	8016224
7011	8017224
7012	8018220
7013	8019224
7014	8020224
7015	8021224
7016	8022224
7017	8023224
7018	8024224
7019	8025224
7020	8026224
7021	8027224
7022	8028220
7023	8029224
7024	8030220
7025	8031224
7026	8032220
7027	8033224
7028	8034220
7029	8035224
7030	8036224
7031	8037224
7032	8038224
7033	8039224
7034	8040224
7035	8041224
7036	8042224
7037	8043224
7038	8044220
7039	8045224
7040	8046224
7041	8047224
7042	8048220
7043	8049224
7044	8050224
7045	8051224
7046	8052224
7047	8053224
7048	8054224
7049	8055224
7050	8056224
7051	8057224
7052	8058224
7053	8059224
7054	8060220
7055	8061224
7056	8062224
7057	8063224
7058	8064224
7059	8065224
7060	8066224
7061	8067224
7062	8068224
7063	8069224
7064	8070224
7065	8071224
7066	8072224
7067	8073224
7068	8074224
7069	8075224
7070	8076224
7071	8077224
7072	8078224
7073	8079224
7074	8080224
7075	8081224
7076	8082224
7077	8083224
7078	8084224
7079	8085224
7080	8086224
7081	8087224
7082	8088224
7083	8089224
7084	8090224
7085	8091224
7086	8092224
7087	8093224
7088	8094224
7089	8095224
7090	8096224
7091	8097224
7092	8098224
7093	8099224
7094	8100224
7095	8101224
7096	8102224
7097	8103224
7098	8104224
7099	8105224
7100	8106224
7101	8107224
7102	8108224
7103	8109224
7104	8110224
7105	8111224
7106	8112224
7107	8113224
7108	8114224
7109	8115224
7110	8116224
7111	8117224
7112	8118224
7113	8119224
7114	8120224
7115	8121224
7116	8122224
7117	8123224
7118	8124224
7119	8125224
7120	8126224
7121	8127224
7122	8128224
7123	8129224
7124	8130224
7125	8131224
7126	8132224
7127	8133224
7128	8134224
7129	8135224
7130	8136224
7131	8137224
7132	8138224
7133	8139224
7134	8140224
7135	8141224
7136	8142224
7137	8143224
7138	8144224
7139	8145224
7140	8146224
7141	8147224
7142	8148224
7143	8149224
7144	8150224
7145	8151224
7146	8152224
7147	8153224
7148	8154224
7149	8155224
7150	8156224
7151	8157224
7152	8158224
7153	8159224
7154	8160224
7155	8161224
7156	8162224
7157	8163224
7158	8164224
7159	8165224
7160	8166224
7161	8167224
7162	8168224
7163	8169224
7164	8170224
7165	8171224
7166	8172224
7167	8173224
7168	8174224
7169	8175224
7170	8176224
7171	8177224
7172	8178224
7173	8179220
7174	8180220
7175	8181224
7176	8182224
7177	8183220
7178	8184220
7179	8185224
7180	8186224
7181	8187224
7182	8188224
7183	8189224
7184	8190224
7185	8191216
7186	8192224
7187	8193224
7188	8194224
7189	8195220
7190	8196220
7191	8197224
7192	8198220
7193	8199220
7194	8200220
7195	8201224
7196	8202220
7197	8203224
7198	8204224
7199	8205224
7200	8206224
7201	8207224
7202	8208224
7203	8209224
7204	8210224
7205	8211220
7206	8212224
7207	8213224
7208	8214220
7209	8215220
7210	8216224
7211	8217224
7212	8218220
7213	8219220
7214	8220224
7215	8221224
7216	8222224
7217	8223224
7218	8224224
7219	8225224
7220	8226224
7221	8227220
7222	8228224
7223	8229224
7224	8230220
7225	8231220
7226	8232224
7227	8233224
7228	8234220
7229	8235224
7230	8236224
7231	8237224
7232	8238224
7233	8239224
7234	8240224
7235	8241224
7236	8242224
7237	8243216
7238	8244224
7239	8245224
7240	8246220
7241	8247224
7242	8248224
7243	8249224
7244	8250220
7245	8251224
7246	8252224
7247	8253224
7248	8254224
7249	8255224
7250	8256224
7251	8257224
7252	8258220
7253	8259224
7254	8260224
7255	8261224
7256	8262224
7257	8263224
7258	8264220
7259	8265224
7260	8266224
7261	8267224
7262	8268220
7263	8269224
7264	8270224
7265	8271224
7266	8272224
7267	8273224
7268	8274224
7269	8275224
7270	8276224
7271	8277224
7272	8278224
7273	8279224
7274	8280220
7275	8281224
7276	8282224
7277	8283224
7278	8284220
7279	8285224
7280	8286224
7281	8287224
7282	8288224
7283	8289224
7284	8290224
7285	8291224
7286	8292224
7287	8293224
7288	8294224
7289	8295220
7290	8296220
7291	8297224
7292	8298224
7293	8299220
7294	8300220
7295	8301224
7296	8302224
7297	8303220
7298	8304224
7299	8305224
7300	8306224
7301	8307224
7302	8308224
7303	8309224
7304	8310224
7305	8311220
7306	8312220
7307	8313224
7308	8314220
7309	8315220
7310	8316220
7311	8317224
7312	8318224
7313	8319224
7314	8320224
7315	8321224
7316	8322224
7317	8323224
7318	8324224
7319	8325224
7320	8326224
7321	8327224
7322	8328224
7323	8329224
7324	8330224
7325	8331224
7326	8332224
7327	8333224
7328	8334224
7329	8335224
7330	8336224
7331	8337224
7332	8338224
7333	8339224
7334	8340224
7335	8341224
7336	8342224
7337	8343224
7338	8344224
7339	8345224
7340	8346224
7341	8347224
7342	8348224
7343	8349224
7344	8350224
7345	8351224
7346	8352224
7347	8353224
7348	8354224
7349	8355224
7350	8356224
7351	8357224
7352	8358224
7353	8359224
7354	8360224
7355	8361224
7356	8362224
7357	8363224
7358	8364224
7359	8365224
7360	8366224
7361	8367224
7362	8368224
7363	8369224
7364	8370224
7365	8371224
7366	8372224
7367	8373224
7368	8374224
7369	8375224
7370	8376224
7371	8377224
7372	8378224
7373	8379224
7374	8380224
7375	8381224
7376	8382224
7377	8383224
7378	8384224
7379	8385224
7380	8386224
7381	8387224
7382	8388224
7383	8389224
7384	8390224
7385	8391224
7386	8392224
7387	8393224
7388	8394224
7389	8395224
7390	8396224
7391	8397224
7392	8398224
7393	8399224
7394	8400224
7395	8401224
7396	8402224
7397	8403224
7398	8404224
7399	8405224
7400	8406224
7401	8407224
7402	8408224
7403	8409224
7404	8410224
7405	8411224
7406	8412224
7407	8413224
7408	8414224
7409	8415224
7410	8416224
7411	8417224
7412	8418224
7413	8419224
7414	8420224
7415	8421224
7416	8422224
7417	8423224
7418	8424224
7419	8425224
7420	8426224
7421	8427224
7422	8428224
7423	8429224
7424	8430224
7425	8431220
7426	8432220
7427	8433224
7428	8434220
7429	8435220
7430	8436224
7431	8437224
7432	8438224
7433	8439224
7434	8440224
7435	8441224
7436	8442224
7437	8443224
7438	8444224
7439	8445224
7440	8446220
7441	8447216
7442	8448224
7443	8449224
7444	8450220
7445	8451220
7446	8452224
7447	8453224
7448	8454220
7449	8455224
7450	8456224
7451	8457224
7452	8458224
7453	8459224
7454	8460224
7455	8461224
7456	8462220
7457	8463224
7458	8464224
7459	8465224
7460	8466220
7461	8467224
7462	8468224
7463	8469224
7464	8470220
7465	8471224
7466	8472224
7467	8473224
7468	8474224
7469	8475224
7470	8476224
7471	8477224
7472	8478224
7473	8479224
7474	8480224
7475	8481224
7476	8482220
7477	8483224
7478	8484220
7479	8485224
7480	8486220
7481	8487224
7482	8488224
7483	8489224
7484	8490224
7485	8491224
7486	8492224
7487	8493224
7488	8494224
7489	8495224
7490	8496220
7491	8497224
7492	8498224
7493	8499216
7494	8500220
7495	8501224
7496	8502224
7497	8503224
7498	8504220
7499	8505224
7500	8506224
7501	8507224
7502	8508224
7503	8509224
7504	8510224
7505	8511224
7506	8512224
7507	8513224
7508	8514220
7509	8515220
7510	8516220
7511	8517224
7512	8518224
7513	8519220
7514	8520220
7515	8521224
7516	8522224
7517	8523224
7518	8524224
7519	8525224
7520	8526224
7521	8527224
7522	8528224
7523	8529224
7524	8530224
7525	8531220
7526	8532220
7527	8533224
7528	8534224
7529	8535220
7530	8536220
7531	8537224
7532	8538224
7533	8539224
7534	8540224
7535	8541224
7536	8542224
7537	8543224
7538	8544224
7539	8545224
7540	8546220
7541	8547220
7542	8548224
7543	8549224
7544	8550220
7545	8551220
7546	8552224
7547	8553224
7548	8554220
7549	8555220
7550	8556224
7551	8557224
7552	8558224
7553	8559224
7554	8560224
7555	8561224
7556	8562224
7557	8563220
7558	8564224
7559	8565224
7560	8566220
7561	8567220
7562	8568224
7563	8569224
7564	8570220
7565	8571220
7566	8572224
7567	8573224
7568	8574224
7569	8575224
7570	8576224
7571	8577224
7572	8578224
7573	8579224
7574	8580224
7575	8581224
7576	8582224
7577	8583224
7578	8584224
7579	8585224
7580	8586224
7581	8587224
7582	8588224
7583	8589224
7584	8590224
7585	8591224
7586	8592224
7587	8593224
7588	8594224
7589	8595224
7590	8596224
7591	8597224
7592	8598220
7593	8599224
7594	8600220
7595	8601224
7596	8602220
7597	8603224
7598	8604220
7599	8605224
7600	8606224
7601	8607224
7602	8608224
7603	8609224
7604	8610224
7605	8611224
7606	8612224
7607	8613224
7608	8614224
7609	8615224
7610	8616220
7611	8617224
7612	8618224
7613	8619224
7614	8620220
7615	8621224
7616	8622224
7617	8623224
7618	8624224
7619	8625224
7620	8626224
7621	8627224
7622	8628224
7623	8629224
7624	8630224
7625	8631220
7626	8632220
7627	8633224
7628	8634224
7629	8635220
7630	8636220
7631	8637224
7632	8638224
7633	8639224
7634	8640224
7635	8641224
7636	8642224
7637	8643224
7638	8644224
7639	8645224
7640	8646224
7641	8647220
7642	8648220
7643	8649224
7644	8650224
7645	8651220
7646	8652220
7647	8653224
7648	8654220
7649	8655220
7650	8656224
7651	8657224
7652	8658224
7653	8659224
7654	8660224
7655	8661224
7656	8662224
7657	8663224
7658	8664224
7659	8665224
7660	8666220
7661	8667220
7662	8668224
7663	8669224
7664	8670220
7665	8671220
7666	8672224
7667	8673224
7668	8674224
7669	8675224
7670	8676224
7671	8677224
7672	8678224
7673	8679224
7674	8680224
7675	8681224
7676	8682220
7677	8683220
7678	8684224
7679	8685224
7680	8686224
7681	8687220
7682	8688220
7683	8689220
7684	8690220
7685	8691224
7686	8692224
7687	8693224
7688	8694220
7689	8695224
7690	8696224
7691	8697220
7692	8698220
7693	8699220
7694	8700220
7695	8701220
7696	8702220
7697	8703216
7698	8704220
7699	8705220
7700	8706220
7701	8707224
7702	8708224
7703	8709224
7704	8710220
7705	8711224
7706	8712220
7707	8713224
7708	8714220
7709	8715220
7710	8716220
7711	8717220
7712	8718220
7713	8719220
7714	8720220
7715	8721220
7716	8722220
7717	8723224
7718	8724220
7719	8725224
7720	8726224
7721	8727224
7722	8728220
7723	8729224
7724	8730224
7725	8731220
7726	8732220
7727	8733220
7728	8734220
7729	8735220
7730	8736220
7731	8737220
7732	8738220
7733	8739220
7734	8740220
7735	8741224
7736	8742224
7737	8743220
7738	8744220
7739	8745224
7740	8746224
7741	8747220
7742	8748220
7743	8749224
7744	8750220
7745	8751220
7746	8752220
7747	8753224
7748	8754220
7749	8755216
7750	8756220
7751	8757224
7752	8758224
7753	8759220
7754	8760220
7755	8761224
7756	8762224
7757	8763220
7758	8764220
7759	8765224
7760	8766220
7761	8767220
7762	8768220
7763	8769224
7764	8770220
7765	8771220
7766	8772220
7767	8773224
7768	8774220
7769	8775220
7770	8776224
7771	8777224
7772	8778220
7773	8779220
7774	8780224
7775	8781224
7776	8782220
7777	8783220
7778	8784220
7779	8785224
7780	8786220
7781	8787220
7782	8788220
7783	8789224
7784	8790220
7785	8791220
7786	8792224
7787	8793224
7788	8794224
7789	8795220
7790	8796224
7791	8797224
7792	8798220
7793	8799220
7794	8800220
7795	8801220
7796	8802220
7797	8803220
7798	8804220
7799	8805220
7800	8806220
7801	8807224
7802	8808224
7803	8809224
7804	8810220
7805	8811224
7806	8812224
7807	8813224
7808	8814220
7809	8815220
7810	8816220
7811	8817220
7812	8818220
7813	8819220
7814	8820220
7815	8821220
7816	8822220
7817	8823220
7818	8824220
7819	8825224
7820	8826220
7821	8827224
7822	8828220
7823	8829224
7824	8830224
7825	8831224
7826	8832220
7827	8833224
7828	8834224
7829	8835224
7830	8836220
7831	8837224
7832	8838224
7833	8839224
7834	8840220
7835	8841224
7836	8842224
7837	8843224
7838	8844224
7839	8845224
7840	8846224
7841	8847224
7842	8848220
7843	8849224
7844	8850224
7845	8851224
7846	8852220
7847	8853224
7848	8854224
7849	8855220
7850	8856220
7851	8857224
7852	8858224
7853	8859224
7854	8860224
7855	8861224
7856	8862224
7857	8863224
7858	8864224
7859	8865224
7860	8866224
7861	8867220
7862	8868220
7863	8869224
7864	8870224
7865	8871220
7866	8872220
7867	8873224
7868	8874224
7869	8875224
7870	8876224
7871	8877224
7872	8878224
7873	8879224
7874	8880224
7875	8881224
7876	8882220
7877	8883220
7878	8884220
7879	8885224
7880	8886220
7881	8887220
7882	8888224
7883	8889224
7884	8890220
7885	8891224
7886	8892224
7887	8893224
7888	8894224
7889	8895224
7890	8896224
7891	8897224
7892	8898220
7893	8899220
7894	8900224
7895	8901224
7896	8902220
7897	8903220
7898	8904224
7899	8905224
7900	8906220
7901	8907220
7902	8908224
7903	8909224
7904	8910224
7905	8911224
7906	8912224
7907	8913224
7908	8914224
7909	8915220
7910	8916224
7911	8917224
7912	8918220
7913	8919224
7914	8920224
7915	8921224
7916	8922220
7917	8923224
7918	8924224
7919	8925224
7920	8926224
7921	8927224
7922	8928224
7923	8929224
7924	8930224
7925	8931224
7926	8932224
7927	8933224
7928	8934220
7929	8935224
7930	8936224
7931	8937224
7932	8938220
7933	8939224
7934	8940220
7935	8941224
7936	8942224
7937	8943224
7938	8944220
7939	8945224
7940	8946224
7941	8947224
7942	8948220
7943	8949220
7944	8950220
7945	8951220
7946	8952220
7947	8953220
7948	8954220
7949	8955220
7950	8956220
7951	8957220
7952	8958224
7953	8959216
7954	8960220
7955	8961224
7956	8962224
7957	8963224
7958	8964220
7959	8965224
7960	8966220
7961	8967220
7962	8968220
7963	8969220
7964	8970220
7965	8971220
7966	8972220
7967	8973220
7968	8974220
7969	8975220
7970	8976220
7971	8977224
7972	8978224
7973	8979220
7974	8980220
7975	8981224
7976	8982220
7977	8983220
7978	8984220
7979	8985224
7980	8986220
7981	8987220
7982	8988220
7983	8989224
7984	8990220
7985	8991220
7986	8992220
7987	8993224
7988	8994224
7989	8995220
7990	8996220
7991	8997224
7992	8998220
7993	8999220
7994	9000220
7995	9001224
7996	9002220
7997	9003220
7998	9004220
7999	9005224
8000	9006220
8001	9007220
8002	9008220
8003	9009224
8004	9010220
8005	9011216
8006	9012224
8007	9013224
8008	9014220
8009	9015220
8010	9016220
8011	9017224
8012	9018220
8013	9019220
8014	9020220
8015	9021224
8016	9022220
8017	9023220
8018	9024220
8019	9025224
8020	9026220
8021	9027220
8022	9028224
8023	9029224
8024	9030220
8025	9031224
8026	9032224
8027	9033220
8028	9034220
8029	9035220
8030	9036220
8031	9037220
8032	9038220
8033	9039220
8034	9040220
8035	9041220
8036	9042220
8037	9043224
8038	9044224
8039	9045224
8040	9046220
8041	9047224
8042	9048224
8043	9049220
8044	9050224
8045	9051220
8046	9052220
8047	9053220
8048	9054220
8049	9055220
8050	9056220
8051	9057220
8052	9058220
8053	9059224
8054	9060220
8055	9061224
8056	9062224
8057	9063224
8058	9064220
8059	9065224
8060	9066220
8061	9067220
8062	9068220
8063	9069220
8064	9070220
8065	9071220
8066	9072220
8067	9073220
8068	9074220
8069	9075220
8070	9076220
8071	9077224
8072	9078224
8073	9079224
8074	9080220
8075	9081224
8076	9082224
8077	9083220
8078	9084220
8079	9085220
8080	9086224
8081	9087220
8082	9088220
8083	9089224
8084	9090224
8085	9091220
8086	9092224
8087	9093224
8088	9094224
8089	9095224
8090	9096224
8091	9097224
8092	9098224
8093	9099224
8094	9100220
8095	9101224
8096	9102224
8097	9103220
8098	9104220
8099	9105224
8100	9106224
8101	9107220
8102	9108220
8103	9109224
8104	9110224
8105	9111224
8106	9112224
8107	9113224
8108	9114224
8109	9115224
8110	9116224
8111	9117224
8112	9118220
8113	9119220
8114	9120224
8115	9121224
8116	9122220
8117	9123220
8118	9124224
8119	9125224
8120	9126224
8121	9127224
8122	9128224
8123	9129224
8124	9130224
8125	9131224
8126	9132224
8127	9133224
8128	9134220
8129	9135220
8130	9136224
8131	9137224
8132	9138220
8133	9139220
8134	9140224
8135	9141224
8136	9142220
8137	9143224
8138	9144224
8139	9145224
8140	9146224
8141	9147224
8142	9148224
8143	9149224
8144	9150220
8145	9151224
8146	9152224
8147	9153224
8148	9154220
8149	9155224
8150	9156224
8151	9157224
8152	9158220
8153	9159224
8154	9160224
8155	9161224
8156	9162224
8157	9163224
8158	9164224
8159	9165224
8160	9166224
8161	9167224
8162	9168220
8163	9169224
8164	9170220
8165	9171224
8166	9172220
8167	9173224
8168	9174224
8169	9175224
8170	9176224
8171	9177224
8172	9178224
8173	9179224
8174	9180224
8175	9181224
8176	9182224
8177	9183224
8178	9184220
8179	9185224
8180	9186224
8181	9187224
8182	9188220
8183	9189224
8184	9190224
8185	9191224
8186	9192220
8187	9193224
8188	9194224
8189	9195224
8190	9196224
8191	9197224
8192	9198224
8193	9199220
8194	9200220
8195	9201224
8196	9202220
8197	9203220
8198	9204220
8199	9205224
8200	9206220
8201	9207220
8202	9208220
8203	9209224
8204	9210224
8205	9211220
8206	9212220
8207	9213224
8208	9214224
8209	9215216
8210	9216220
8211	9217224
8212	9218220
8213	9219220
8214	9220220
8215	9221224
8216	9222220
8217	9223220
8218	9224220
8219	9225224
8220	9226220
8221	9227220
8222	9228220
8223	9229224
8224	9230220
8225	9231220
8226	9232224
8227	9233224
8228	9234220
8229	9235220
8230	9236220
8231	9237224
8232	9238220
8233	9239220
8234	9240220
8235	9241224
8236	9242220
8237	9243220
8238	9244224
8239	9245224
8240	9246220
8241	9247220
8242	9248224
8243	9249224
8244	9250220
8245	9251220
8246	9252220
8247	9253220
8248	9254220
8249	9255220
8250	9256220
8251	9257220
8252	9258220
8253	9259220
8254	9260224
8255	9261224
8256	9262220
8257	9263224
8258	9264224
8259	9265224
8260	9266220
8261	9267216
8262	9268220
8263	9269220
8264	9270220
8265	9271220
8266	9272220
8267	9273220
8268	9274220
8269	9275220
8270	9276220
8271	9277224
8272	9278220
8273	9279224
8274	9280220
8275	9281224
8276	9282220
8277	9283224
8278	9284220
8279	9285220
8280	9286220
8281	9287220
8282	9288220
8283	9289220
8284	9290220
8285	9291220
8286	9292220
8287	9293220
8288	9294224
8289	9295224
8290	9296220
8291	9297224
8292	9298224
8293	9299224
8294	9300220
8295	9301220
8296	9302220
8297	9303220
8298	9304220
8299	9305220
8300	9306224
8301	9307220
8302	9308220
8303	9309220
8304	9310220
8305	9311220
8306	9312220
8307	9313224
8308	9314224
8309	9315220
8310	9316220
8311	9317224
8312	9318220
8313	9319220
8314	9320220
8315	9321224
8316	9322220
8317	9323220
8318	9324220
8319	9325224
8320	9326220
8321	9327220
8322	9328220
8323	9329224
8324	9330224
8325	9331220
8326	9332220
8327	9333224
8328	9334224
8329	9335220
8330	9336220
8331	9337224
8332	9338220
8333	9339220
8334	9340220
8335	9341224
8336	9342220
8337	9343220
8338	9344224
8339	9345224
8340	9346224
8341	9347224
8342	9348224
8343	9349224
8344	9350224
8345	9351220
8346	9352224
8347	9353224
8348	9354220
8349	9355220
8350	9356224
8351	9357224
8352	9358220
8353	9359220
8354	9360224
8355	9361224
8356	9362224
8357	9363224
8358	9364224
8359	9365224
8360	9366224
8361	9367224
8362	9368224
8363	9369224
8364	9370220
8365	9371220
8366	9372224
8367	9373224
8368	9374220
8369	9375224
8370	9376224
8371	9377224
8372	9378224
8373	9379224
8374	9380224
8375	9381224
8376	9382224
8377	9383224
8378	9384224
8379	9385224
8380	9386220
8381	9387224
8382	9388224
8383	9389224
8384	9390220
8385	9391224
8386	9392224
8387	9393224
8388	9394224
8389	9395224
8390	9396224
8391	9397224
8392	9398224
8393	9399224
8394	9400224
8395	9401224
8396	9402224
8397	9403224
8398	9404220
8399	9405224
8400	9406224
8401	9407224
8402	9408220
8403	9409224
8404	9410224
8405	9411224
8406	9412224
8407	9413224
8408	9414224
8409	9415224
8410	9416224
8411	9417224
8412	9418224
8413	9419224
8414	9420220
8415	9421224
8416	9422224
8417	9423220
8418	9424220
8419	9425224
8420	9426224
8421	9427220
8422	9428224
8423	9429224
8424	9430224
8425	9431224
8426	9432224
8427	9433224
8428	9434224
8429	9435220
8430	9436220
8431	9437224
8432	9438224
8433	9439220
8434	9440220
8435	9441224
8436	9442224
8437	9443220
8438	9444220
8439	9445224
8440	9446224
8441	9447224
8442	9448224
8443	9449224
8444	9450224
8445	9451224
8446	9452220
8447	9453224
8448	9454224
8449	9455220
8450	9456220
8451	9457224
8452	9458220
8453	9459220
8454	9460220
8455	9461224
8456	9462220
8457	9463220
8458	9464224
8459	9465224
8460	9466220
8461	9467220
8462	9468224
8463	9469224
8464	9470220
8465	9471216
8466	9472220
8467	9473224
8468	9474220
8469	9475220
8470	9476220
8471	9477224
8472	9478220
8473	9479220
8474	9480224
8475	9481224
8476	9482220
8477	9483220
8478	9484224
8479	9485224
8480	9486220
8481	9487220
8482	9488220
8483	9489220
8484	9490220
8485	9491220
8486	9492220
8487	9493220
8488	9494220
8489	9495224
8490	9496224
8491	9497224
8492	9498220
8493	9499224
8494	9500224
8495	9501224
8496	9502220
8497	9503220
8498	9504220
8499	9505220
8500	9506220
8501	9507220
8502	9508220
8503	9509220
8504	9510220
8505	9511220
8506	9512220
8507	9513224
8508	9514224
8509	9515224
8510	9516220
8511	9517224
8512	9518224
8513	9519220
8514	9520220
8515	9521220
8516	9522220
8517	9523212
8518	9524220
8519	9525220
8520	9526220
8521	9527220
8522	9528220
8523	9529224
8524	9530224
8525	9531224
8526	9532220
8527	9533224
8528	9534224
8529	9535220
8530	9536220
8531	9537220
8532	9538220
8533	9539220
8534	9540220
8535	9541220
8536	9542220
8537	9543220
8538	9544220
8539	9545224
8540	9546224
8541	9547220
8542	9548220
8543	9549224
8544	9550224
8545	9551220
8546	9552220
8547	9553224
8548	9554220
8549	9555220
8550	9556220
8551	9557224
8552	9558220
8553	9559220
8554	9560220
8555	9561224
8556	9562224
8557	9563220
8558	9564220
8559	9565224
8560	9566220
8561	9567220
8562	9568220
8563	9569224
8564	9570220
8565	9571220
8566	9572220
8567	9573224
8568	9574220
8569	9575220
8570	9576220
8571	9577224
8572	9578220
8573	9579220
8574	9580224
8575	9581224
8576	9582220
8577	9583220
8578	9584224
8579	9585224
8580	9586220
8581	9587220
8582	9588220
8583	9589224
8584	9590220
8585	9591220
8586	9592220
8587	9593220
8588	9594220
8589	9595220
8590	9596224
8591	9597224
8592	9598224
8593	9599224
8594	9600224
8595	9601224
8596	9602224
8597	9603224
8598	9604224
8599	9605224
8600	9606220
8601	9607224
8602	9608224
8603	9609224
8604	9610220
8605	9611224
8606	9612224
8607	9613224
8608	9614224
8609	9615224
8610	9616224
8611	9617224
8612	9618224
8613	9619224
8614	9620224
8615	9621224
8616	9622220
8617	9623224
8618	9624220
8619	9625224
8620	9626220
8621	9627224
8622	9628220
8623	9629224
8624	9630224
8625	9631224
8626	9632224
8627	9633224
8628	9634224
8629	9635224
8630	9636224
8631	9637224
8632	9638224
8633	9639224
8634	9640220
8635	9641224
8636	9642224
8637	9643224
8638	9644220
8639	9645224
8640	9646224
8641	9647224
8642	9648224
8643	9649224
8644	9650224
8645	9651224
8646	9652224
8647	9653224
8648	9654224
8649	9655220
8650	9656220
8651	9657224
8652	9658224
8653	9659220
8654	9660220
8655	9661224
8656	9662224
8657	9663224
8658	9664224
8659	9665224
8660	9666224
8661	9667224
8662	9668224
8663	9669224
8664	9670224
8665	9671220
8666	9672220
8667	9673224
8668	9674224
8669	9675220
8670	9676220
8671	9677224
8672	9678220
8673	9679220
8674	9680224
8675	9681224
8676	9682224
8677	9683224
8678	9684224
8679	9685224
8680	9686224
8681	9687220
8682	9688224
8683	9689224
8684	9690220
8685	9691220
8686	9692224
8687	9693224
8688	9694220
8689	9695220
8690	9696224
8691	9697224
8692	9698224
8693	9699224
8694	9700224
8695	9701224
8696	9702224
8697	9703224
8698	9704224
8699	9705224
8700	9706220
8701	9707220
8702	9708224
8703	9709224
8704	9710224
8705	9711220
8706	9712220
8707	9713224
8708	9714220
8709	9715224
8710	9716224
8711	9717224
8712	9718220
8713	9719224
8714	9720224
8715	9721220
8716	9722220
8717	9723220
8718	9724220
8719	9725220
8720	9726220
8721	9727216
8722	9728220
8723	9729220
8724	9730220
8725	9731224
8726	9732224
8727	9733224
8728	9734220
8729	9735224
8730	9736220
8731	9737220
8732	9738220
8733	9739220
8734	9740220
8735	9741220
8736	9742220
8737	9743220
8738	9744220
8739	9745220
8740	9746220
8741	9747224
8742	9748220
8743	9749224
8744	9750224
8745	9751224
8746	9752220
8747	9753224
8748	9754220
8749	9755220
8750	9756220
8751	9757220
8752	9758220
8753	9759220
8754	9760220
8755	9761220
8756	9762220
8757	9763220
8758	9764220
8759	9765224
8760	9766224
8761	9767220
8762	9768220
8763	9769224
8764	9770224
8765	9771216
8766	9772220
8767	9773224
8768	9774220
8769	9775220
8770	9776220
8771	9777224
8772	9778220
8773	9779216
8774	9780220
8775	9781224
8776	9782224
8777	9783220
8778	9784220
8779	9785224
8780	9786224
8781	9787220
8782	9788220
8783	9789224
8784	9790220
8785	9791220
8786	9792220
8787	9793224
8788	9794220
8789	9795220
8790	9796220
8791	9797224
8792	9798220
8793	9799220
8794	9800224
8795	9801224
8796	9802220
8797	9803220
8798	9804220
8799	9805224
8800	9806220
8801	9807220
8802	9808220
8803	9809224
8804	9810220
8805	9811220
8806	9812220
8807	9813224
8808	9814220
8809	9815220
8810	9816224
8811	9817224
8812	9818224
8813	9819220
8814	9820224
8815	9821220
8816	9822220
8817	9823220
8818	9824220
8819	9825220
8820	9826220
8821	9827220
8822	9828220
8823	9829220
8824	9830220
8825	9831224
8826	9832224
8827	9833224
8828	9834220
8829	9835224
8830	9836224
8831	9837224
8832	9838220
8833	9839220
8834	9840220
8835	9841220
8836	9842220
8837	9843220
8838	9844220
8839	9845220
8840	9846220
8841	9847224
8842	9848220
8843	9849224
8844	9850220
8845	9851224
8846	9852220
8847	9853224
8848	9854224
8849	9855224
8850	9856220
8851	9857224
8852	9858224
8853	9859224
8854	9860220
8855	9861224
8856	9862224
8857	9863224
8858	9864224
8859	9865224
8860	9866224
8861	9867224
8862	9868224
8863	9869224
8864	9870224
8865	9871224
8866	9872220
8867	9873224
8868	9874224
8869	9875224
8870	9876220
8871	9877224
8872	9878224
8873	9879220
8874	9880220
8875	9881224
8876	9882224
8877	9883224
8878	9884224
8879	9885224
8880	9886224
8881	9887224
8882	9888220
8883	9889224
8884	9890224
8885	9891220
8886	9892220
8887	9893224
8888	9894224
8889	9895220
8890	9896220
8891	9897224
8892	9898224
8893	9899224
8894	9900224
8895	9901224
8896	9902224
8897	9903224
8898	9904224
8899	9905224
8900	9906220
8901	9907220
8902	9908220
8903	9909224
8904	9910220
8905	9911220
8906	9912224
8907	9913224
8908	9914224
8909	9915224
8910	9916224
8911	9917224
8912	9918224
8913	9919224
8914	9920224
8915	9921224
8916	9922220
8917	9923220
8918	9924224
8919	9925224
8920	9926220
8921	9927220
8922	9928224
8923	9929224
8924	9930220
8925	9931224
8926	9932224
8927	9933224
8928	9934224
8929	9935224
8930	9936224
8931	9937224
8932	9938224
8933	9939220
8934	9940224
8935	9941224
8936	9942220
8937	9943224
8938	9944224
8939	9945224
8940	9946220
8941	9947224
8942	9948224
8943	9949224
8944	9950224
8945	9951224
8946	9952224
8947	9953224
8948	9954224
8949	9955224
8950	9956224
8951	9957224
8952	9958220
8953	9959224
8954	9960224
8955	9961224
8956	9962220
8957	9963224
8958	9964220
8959	9965224
8960	9966224
8961	9967224
8962	9968220
8963	9969224
8964	9970224
8965	9971224
8966	9972220
8967	9973220
8968	9974220
8969	9975220
8970	9976220
8971	9977220
8972	9978220
8973	9979220
8974	9980220
8975	9981220
8976	9982224
8977	9983216
8978	9984220
8979	9985224
8980	9986224
8981	9987224
8982	9988220
8983	9989220
8984	9990220
8985	9991220
8986	9992220
8987	9993220
8988	9994220
8989	9995220
8990	9996220
8991	9997220
8992	9998224
8993	9999220
8994	-1
8995	-1
8996	-1
8997	-1
8998	-1
8999	-1
9000	-1
9001	-1
9002	-1
9003	-1
9004	-1
9005	-1
9006	-1
9007	-1
9008	-1
9009	-1
9010	-1
9011	-1
9012	-1
9013	-1
9014	-1
9015	-1
9016	-1
9017	-1
9018	-1
9019	-1
9020	-1
9021	-1
9022	-1
9023	-1
9024	-1
9025	-1
9026	-1
9027	-1
9028	-1
9029	-1
9030	-1
9031	-1
9032	-1
9033	-1
9034	-1
9035	-1
9036	-1
9037	-1
9038	-1
9039	-1
9040	-1
9041	-1
9042	-1
9043	-1
9044	-1
9045	-1
9046	-1
9047	-1
9048	-1
9049	-1
9050	-1
9051	-1
9052	-1
9053	-1
9054	-1
9055	-1
9056	-1
9057	-1
9058	-1
9059	-1
9060	-1
9061	-1
9062	-1
9063	-1
9064	-1
9065	-1
9066	-1
9067	-1
9068	-1
9069	-1
9070	-1
9071	-1
9072	-1
9073	-1
9074	-1
9075	-1
9076	-1
9077	-1
9078	-1
9079	-1
9080	-1
9081	-1
9082	-1
9083	-1
9084	-1
9085	-1
9086	-1
9087	-1
9088	-1
9089	-1
9090	-1
9091	-1
9092	-1
9093	-1
9094	-1
9095	-1
9096	-1
9097	-1
9098	-1
9099	-1
9100	-1
9101	-1
9102	-1
9103	-1
9104	-1
9105	-1
9106	-1
9107	-1
9108	-1
9109	-1
9110	-1
9111	-1
9112	-1
9113	-1
9114	-1
9115	-1
9116	-1
9117	-1
9118	-1
9119	-1
9120	-1
9121	-1
9122	-1
9123	-1
9124	-1
9125	-1
9126	-1
9127	-1
9128	-1
9129	-1
9130	-1
9131	-1
9132	-1
9133	-1
9134	-1
9135	-1
9136	-1
9137	-1
9138	-1
9139	-1
9140	-1
9141	-1
9142	-1
9143	-1
9144	-1
9145	-1
9146	-1
9147	-1
9148	-1
9149	-1
9150	-1
9151	-1
9152	-1
9153	-1
9154	-1
9155	-1
9156	-1
9157	-1
9158	-1
9159	-1
9160	-1
9161	-1
9162	-1
9163	-1
9164	-1
9165	-1
9166	-1
9167	-1
9168	-1
9169	-1
9170	-1
9171	-1
9172	-1
9173	-1
9174	-1
9175	-1
9176	-1
9177	-1
9178	-1
9179	-1
9180	-1
9181	-1
9182	-1
9183	-1
9184	-1
9185	-1
9186	-1
9187	-1
9188	-1
9189	-1
9190	-1
9191	-1
9192	-1
9193	-1
9194	-1
9195	-1
9196	-1
9197	-1
9198	-1
9199	-1
9200	-1
9201	-1
9202	-1
9203	-1
9204	-1
9205	-1
9206	-1
9207	-1
9208	-1
9209	-1
9210	-1
9211	-1
9212	-1
9213	-1
9214	-1
9215	-1
9216	-1
9217	-1
9218	-1
9219	-1
9220	-1
9221	-1
9222	-1
9223	-1
9224	-1
9225	-1
9226	-1
9227	-1
9228	-1
9229	-1
9230	-1
9231	-1
9232	-1
9233	-1
9234	-1
9235	-1
9236	-1
9237	-1
9238	-1
9239	-1
9240	-1
9241	-1
9242	-1
9243	-1
9244	-1
9245	-1
9246	-1
9247	-1
9248	-1
9249	-1
9250	-1
9251	-1
9252	-1
9253	-1
9254	-1
9255	-1
9256	-1
9257	-1
9258	-1
9259	-1
9260	-1
9261	-1
9262	-1
9263	-1
9264	-1
9265	-1
9266	-1
9267	-1
9268	-1
9269	-1
9270	-1
9271	-1
9272	-1
9273	-1
9274	-1
9275	-1
9276	-1
9277	-1
9278	-1
9279	-1
9280	-1
9281	-1
9282	-1
9283	-1
9284	-1
9285	-1
9286	-1
9287	-1
9288	-1
9289	-1
9290	-1
9291	-1
9292	-1
9293	-1
9294	-1
9295	-1
9296	-1
9297	-1
9298	-1
9299	-1
9300	-1
9301	-1
9302	-1
9303	-1
9304	-1
9305	-1
9306	-1
9307	-1
9308	-1
9309	-1
9310	-1
9311	-1
9312	-1
9313	-1
9314	-1
9315	-1
9316	-1
9317	-1
9318	-1
9319	-1
9320	-1
9321	-1
9322	-1
9323	-1
9324	-1
9325	-1
9326	-1
9327	-1
9328	-1
9329	-1
9330	-1
9331	-1
9332	-1
9333	-1
9334	-1
9335	-1
9336	-1
9337	-1
9338	-1
9339	-1
9340	-1
9341	-1
9342	-1
9343	-1
9344	-1
9345	-1
9346	-1
9347	-1
9348	-1
9349	-1
9350	-1
9351	-1
9352	-1
9353	-1
9354	-1
9355	-1
9356	-1
9357	-1
9358	-1
9359	-1
9360	-1
9361	-1
9362	-1
9363	-1
9364	-1
9365	-1
9366	-1
9367	-1
9368	-1
9369	-1
9370	-1
9371	-1
9372	-1
9373	-1
9374	-1
9375	-1
9376	-1
9377	-1
9378	-1
9379	-1
9380	-1
9381	-1
9382	-1
9383	-1
9384	-1
9385	-1
9386	-1
9387	-1
9388	-1
9389	-1
9390	-1
9391	-1
9392	-1
9393	-1
9394	-1
9395	-1
9396	-1
9397	-1
9398	-1
9399	-1
9400	-1
9401	-1
9402	-1
9403	-1
9404	-1
9405	-1
9406	-1
9407	-1
9408	-1
9409	-1
9410	-1
9411	-1
9412	-1
9413	-1
9414	-1
9415	-1
9416	-1
9417	-1
9418	-1
9419	-1
9420	-1
9421	-1
9422	-1
9423	-1
9424	-1
9425	-1
9426	-1
9427	-1
9428	-1
9429	-1
9430	-1
9431	-1
9432	-1
9433	-1
9434	-1
9435	-1
9436	-1
9437	-1
9438	-1
9439	-1
9440	-1
9441	-1
9442	-1
9443	-1
9444	-1
9445	-1
9446	-1
9447	-1
9448	-1
9449	-1
9450	-1
9451	-1
9452	-1
9453	-1
9454	-1
9455	-1
9456	-1
9457	-1
9458	-1
9459	-1
9460	-1
9461	-1
9462	-1
9463	-1
9464	-1
9465	-1
9466	-1
9467	-1
9468	-1
9469	-1
9470	-1
9471	-1
9472	-1
9473	-1
9474	-1
9475	-1
9476	-1
9477	-1
9478	-1
9479	-1
9480	-1
9481	-1
9482	-1
9483	-1
9484	-1
9485	-1
9486	-1
9487	-1
9488	-1
9489	-1
9490	-1
9491	-1
9492	-1
9493	-1
9494	-1
9495	-1
9496	-1
9497	-1
9498	-1
9499	-1
9500	-1
9501	-1
9502	-1
9503	-1
9504	-1
9505	-1
9506	-1
9507	-1
9508	-1
9509	-1
9510	-1
9511	-1
9512	-1
9513	-1
9514	-1
9515	-1
9516	-1
9517	-1
9518	-1
9519	-1
9520	-1
9521	-1
9522	-1
9523	-1
9524	-1
9525	-1
9526	-1
9527	-1
9528	-1
9529	-1
9530	-1
9531	-1
9532	-1
9533	-1
9534	-1
9535	-1
9536	-1
9537	-1
9538	-1
9539	-1
9540	-1
9541	-1
9542	-1
9543	-1
9544	-1
9545	-1
9546	-1
9547	-1
9548	-1
9549	-1
9550	-1
9551	-1
9552	-1
9553	-1
9554	-1
9555	-1
9556	-1
9557	-1
9558	-1
9559	-1
9560	-1
9561	-1
9562	-1
9563	-1
9564	-1
9565	-1
9566	-1
9567	-1
9568	-1
9569	-1
9570	-1
9571	-1
9572	-1
9573	-1
9574	-1
9575	-1
9576	-1
9577	-1
9578	-1
9579	-1
9580	-1
9581	-1
9582	-1
9583	-1
9584	-1
9585	-1
9586	-1
9587	-1
9588	-1
9589	-1
9590	-1
9591	-1
9592	-1
9593	-1
9594	-1
9595	-1
9596	-1
9597	-1
9598	-1
9599	-1
9600	-1
9601	-1
9602	-1
9603	-1
9604	-1
9605	-1
9606	-1
9607	-1
9608	-1
9609	-1
9610	-1
9611	-1
9612	-1
9613	-1
9614	-1
9615	-1
9616	-1
9617	-1
9618	-1
9619	-1
9620	-1
9621	-1
9622	-1
9623	-1
9624	-1
9625	-1
9626	-1
9627	-1
9628	-1
9629	-1
9630	-1
9631	-1
9632	-1
9633	-1
9634	-1
9635	-1
9636	-1
9637	-1
9638	-1
9639	-1
9640	-1
9641	-1
9642	-1
9643	-1
9644	-1
9645	-1
9646	-1
9647	-1
9648	-1
9649	-1
9650	-1
9651	-1
9652	-1
9653	-1
9654	-1
9655	-1
9656	-1
9657	-1
9658	-1
9659	-1
9660	-1
9661	-1
9662	-1
9663	-1
9664	-1
9665	-1
9666	-1
9667	-1
9668	-1
9669	-1
9670	-1
9671	-1
9672	-1
9673	-1
9674	-1
9675	-1
9676	-1
9677	-1
9678	-1
9679	-1
9680	-1
9681	-1
9682	-1
9683	-1
9684	-1
9685	-1
9686	-1
9687	-1
9688	-1
9689	-1
9690	-1
9691	-1
9692	-1
9693	-1
9694	-1
9695	-1
9696	-1
9697	-1
9698	-1
9699	-1
9700	-1
9701	-1
9702	-1
9703	-1
9704	-1
9705	-1
9706	-1
9707	-1
9708	-1
9709	-1
9710	-1
9711	-1
9712	-1
9713	-1
9714	-1
9715	-1
9716	-1
9717	-1
9718	-1
9719	-1
9720	-1
9721	-1
9722	-1
9723	-1
9724	-1
9725	-1
9726	-1
9727	-1
9728	-1
9729	-1
9730	-1
9731	-1
9732	-1
9733	-1
9734	-1
9735	-1
9736	-1
9737	-1
9738	-1
9739	-1
9740	-1
9741	-1
9742	-1
9743	-1
9744	-1
9745	-1
9746	-1
9747	-1
9748	-1
9749	-1
9750	-1
9751	-1
9752	-1
9753	-1
9754	-1
9755	-1
9756	-1
9757	-1
9758	-1
9759	-1
9760	-1
9761	-1
9762	-1
9763	-1
9764	-1
9765	-1
9766	-1
9767	-1
9768	-1
9769	-1
9770	-1
9771	-1
9772	-1
9773	-1
9774	-1
9775	-1
9776	-1
9777	-1
9778	-1
9779	-1
9780	-1
9781	-1
9782	-1
9783	-1
9784	-1
9785	-1
9786	-1
9787	-1
9788	-1
9789	-1
9790	-1
9791	-1
9792	-1
9793	-1
9794	-1
9795	-1
9796	-1
9797	-1
9798	-1
9799	-1
9800	-1
9801	-1
9802	-1
9803	-1
9804	-1
9805	-1
9806	-1
9807	-1
9808	-1
9809	-1
9810	-1
9811	-1
9812	-1
9813	-1
9814	-1
9815	-1
9816	-1
9817	-1
9818	-1
9819	-1
9820	-1
9821	-1
9822	-1
9823	-1
9824	-1
9825	-1
9826	-1
9827	-1
9828	-1
9829	-1
9830	-1
9831	-1
9832	-1
9833	-1
9834	-1
9835	-1
9836	-1
9837	-1
9838	-1
9839	-1
9840	-1
9841	-1
9842	-1
9843	-1
9844	-1
9845	-1
9846	-1
9847	-1
9848	-1
9849	-1
9850	-1
9851	-1
9852	-1
9853	-1
9854	-1
9855	-1
9856	-1
9857	-1
9858	-1
9859	-1
9860	-1
9861	-1
9862	-1
9863	-1
9864	-1
9865	-1
9866	-1
9867	-1
9868	-1
9869	-1
9870	-1
9871	-1
9872	-1
9873	-1
9874	-1
9875	-1
9876	-1
9877	-1
9878	-1
9879	-1
9880	-1
9881	-1
9882	-1
9883	-1
9884	-1
9885	-1
9886	-1
9887	-1
9888	-1
9889	-1
9890	-1
9891	-1
9892	-1
9893	-1
9894	-1
9895	-1
9896	-1
9897	-1
9898	-1
9899	-1
9900	-1
9901	-1
9902	-1
9903	-1
9904	-1
9905	-1
9906	-1
9907	-1
9908	-1
9909	-1
9910	-1
9911	-1
9912	-1
9913	-1
9914	-1
9915	-1
9916	-1
9917	-1
9918	-1
9919	-1
9920	-1
9921	-1
9922	-1
9923	-1
9924	-1
9925	-1
9926	-1
9927	-1
9928	-1
9929	-1
9930	-1
9931	-1
9932	-1
9933	-1
9934	-1
9935	-1
9936	-1
9937	-1
9938	-1
9939	-1
9940	-1
9941	-1
9942	-1
9943	-1
9944	-1
9945	-1
9946	-1
9947	-1
9948	-1
9949	-1
9950	-1
9951	-1
9952	-1
9953	-1
9954	-1
9955	-1
9956	-1
9957	-1
9958	-1
9959	-1
9960	-1
9961	-1
9962	-1
9963	-1
9964	-1
9965	-1
9966	-1
9967	-1
9968	-1
9969	-1
9970	-1
9971	-1
9972	-1
9973	-1
9974	-1
9975	-1
9976	-1
9977	-1
9978	-1
9979	-1
9980	-1
9981	-1
9982	-1
9983	-1
9984	-1
9985	-1
9986	-1
9987	-1
9988	-1
9989	-1
9990	-1
9991	-1
9992	-1
9993	-1
9994	-1
9995	-1
9996	-1
9997	-1
9998	-1
9999	-1
