0	1006503
1	1007368
2	1008368
3	1009368
4	1010368
5	1011368
6	1012368
7	1013368
8	1014368
9	1015368
10	1016368
11	1017368
12	1018368
13	1019368
14	1020368
15	1021368
16	1022368
17	1023364
18	1024368
19	1025368
20	1026368
21	1027368
22	1028368
23	1029368
24	1030368
25	1031368
26	1032368
27	1033368
28	1034368
29	1035368
30	1036368
31	1037368
32	1038368
33	1039368
34	1040368
35	1041368
36	1042368
37	1043368
38	1044368
39	1045368
40	1046368
41	1047368
42	1048368
43	1049368
44	1050368
45	1051368
46	1052368
47	1053368
48	1054368
49	1055368
50	1056368
51	1057368
52	1058368
53	1059368
54	1060368
55	1061368
56	1062368
57	1063368
58	1064368
59	1065368
60	1066368
61	1067368
62	1068368
63	1069364
64	1070368
65	1071368
66	1072368
67	1073368
68	1074368
69	1075368
70	1076368
71	1077368
72	1078368
73	1079368
74	1080368
75	1081368
76	1082368
77	1083368
78	1084368
79	1085368
80	1086368
81	1087368
82	1088368
83	1089368
84	1090368
85	1091368
86	1092368
87	1093368
88	1094368
89	1095368
90	1096368
91	1097368
92	1098368
93	1099368
94	1100368
95	1101368
96	1102368
97	1103368
98	1104368
99	1105368
100	1106368
101	1107368
102	1108368
103	1109368
104	1110368
105	1111368
106	1112368
107	1113368
108	1114368
109	1115368
110	1116368
111	1117368
112	1118368
113	1119368
114	1120368
115	1121368
116	1122368
117	1123368
118	1124368
119	1125368
120	1126368
121	1127368
122	1128368
123	1129368
124	1130368
125	1131368
126	1132368
127	1133368
128	1134368
129	1135368
130	1136368
131	1137368
132	1138368
133	1139368
134	1140368
135	1141368
136	1142368
137	1143368
138	1144368
139	1145368
140	1146364
141	1147368
142	1148368
143	1149368
144	1150368
145	1151368
146	1152368
147	1153372
148	1154368
149	1155368
150	1156368
151	1157372
152	1158368
153	1159368
154	1160372
155	1161372
156	1162368
157	1163368
158	1164368
159	1165372
160	1166368
161	1167368
162	1168368
163	1169372
164	1170368
165	1171368
166	1172368
167	1173368
168	1174368
169	1175368
170	1176372
171	1177372
172	1178368
173	1179368
174	1180372
175	1181368
176	1182368
177	1183368
178	1184368
179	1185368
180	1186368
181	1187368
182	1188368
183	1189368
184	1190368
185	1191372
186	1192372
187	1193372
188	1194368
189	1195372
190	1196372
191	1197372
192	1198368
193	1199368
194	1200368
195	1201368
196	1202368
197	1203368
198	1204368
199	1205368
200	1206368
201	1207372
202	1208368
203	1209372
204	1210372
205	1211372
206	1212368
207	1213372
208	1214368
209	1215368
210	1216368
211	1217368
212	1218368
213	1219368
214	1220368
215	1221368
216	1222368
217	1223368
218	1224368
219	1225372
220	1226372
221	1227372
222	1228368
223	1229372
224	1230372
225	1231368
226	1232368
227	1233368
228	1234368
229	1235368
230	1236368
231	1237372
232	1238368
233	1239368
234	1240368
235	1241372
236	1242372
237	1243368
238	1244368
239	1245372
240	1246372
241	1247368
242	1248368
243	1249372
244	1250368
245	1251368
246	1252368
247	1253372
248	1254368
249	1255368
250	1256368
251	1257372
252	1258368
253	1259368
254	1260368
255	1261372
256	1262376
257	1263372
258	1264372
259	1265372
260	1266372
261	1267372
262	1268372
263	1269376
264	1270372
265	1271372
266	1272372
267	1273376
268	1274372
269	1275372
270	1276376
271	1277376
272	1278372
273	1279368
274	1280376
275	1281376
276	1282372
277	1283372
278	1284372
279	1285376
280	1286372
281	1287372
282	1288372
283	1289372
284	1290372
285	1291372
286	1292376
287	1293376
288	1294372
289	1295376
290	1296376
291	1297376
292	1298372
293	1299372
294	1300372
295	1301372
296	1302372
297	1303372
298	1304372
299	1305372
300	1306372
301	1307372
302	1308376
303	1309376
304	1310372
305	1311376
306	1312376
307	1313376
308	1314372
309	1315372
310	1316372
311	1317372
312	1318372
313	1319372
314	1320372
315	1321372
316	1322372
317	1323372
318	1324372
319	1325376
320	1326376
321	1327376
322	1328372
323	1329376
324	1330376
325	1331376
326	1332372
327	1333372
328	1334372
329	1335372
330	1336372
331	1337372
332	1338372
333	1339372
334	1340372
335	1341376
336	1342376
337	1343372
338	1344372
339	1345376
340	1346376
341	1347372
342	1348372
343	1349372
344	1350372
345	1351372
346	1352372
347	1353376
348	1354372
349	1355372
350	1356372
351	1357376
352	1358376
353	1359372
354	1360372
355	1361376
356	1362376
357	1363372
358	1364372
359	1365376
360	1366372
361	1367372
362	1368372
363	1369376
364	1370372
365	1371372
366	1372372
367	1373376
368	1374372
369	1375372
370	1376372
371	1377376
372	1378372
373	1379372
374	1380376
375	1381376
376	1382372
377	1383372
378	1384372
379	1385376
380	1386372
381	1387372
382	1388372
383	1389376
384	1390372
385	1391372
386	1392376
387	1393376
388	1394372
389	1395372
390	1396376
391	1397376
392	1398372
393	1399372
394	1400372
395	1401372
396	1402368
397	1403372
398	1404372
399	1405372
400	1406372
401	1407376
402	1408376
403	1409376
404	1410376
405	1411376
406	1412376
407	1413376
408	1414376
409	1415376
410	1416376
411	1417376
412	1418372
413	1419376
414	1420376
415	1421376
416	1422372
417	1423376
418	1424376
419	1425376
420	1426376
421	1427376
422	1428376
423	1429376
424	1430376
425	1431376
426	1432376
427	1433376
428	1434372
429	1435376
430	1436372
431	1437376
432	1438376
433	1439376
434	1440372
435	1441376
436	1442376
437	1443376
438	1444376
439	1445376
440	1446376
441	1447376
442	1448376
443	1449376
444	1450376
445	1451376
446	1452372
447	1453376
448	1454376
449	1455376
450	1456372
451	1457376
452	1458376
453	1459376
454	1460376
455	1461376
456	1462376
457	1463376
458	1464376
459	1465376
460	1466376
461	1467372
462	1468372
463	1469376
464	1470376
465	1471372
466	1472372
467	1473376
468	1474376
469	1475372
470	1476376
471	1477376
472	1478376
473	1479376
474	1480376
475	1481376
476	1482376
477	1483372
478	1484372
479	1485376
480	1486372
481	1487372
482	1488372
483	1489376
484	1490372
485	1491372
486	1492376
487	1493376
488	1494376
489	1495376
490	1496376
491	1497376
492	1498376
493	1499376
494	1500376
495	1501376
496	1502372
497	1503372
498	1504376
499	1505376
500	1506372
501	1507372
502	1508376
503	1509376
504	1510376
505	1511376
506	1512376
507	1513376
508	1514376
509	1515376
510	1516376
511	1517376
512	1518376
513	1519372
514	1520372
515	1521372
516	1522372
517	1523372
518	1524372
519	1525372
520	1526372
521	1527376
522	1528376
523	1529376
524	1530372
525	1531376
526	1532376
527	1533372
528	1534372
529	1535368
530	1536372
531	1537372
532	1538372
533	1539372
534	1540372
535	1541372
536	1542372
537	1543376
538	1544372
539	1545376
540	1546372
541	1547376
542	1548372
543	1549376
544	1550372
545	1551372
546	1552372
547	1553372
548	1554372
549	1555372
550	1556372
551	1557372
552	1558372
553	1559376
554	1560372
555	1561376
556	1562376
557	1563376
558	1564372
559	1565376
560	1566376
561	1567372
562	1568372
563	1569372
564	1570372
565	1571372
566	1572372
567	1573372
568	1574372
569	1575372
570	1576372
571	1577376
572	1578376
573	1579372
574	1580372
575	1581376
576	1582376
577	1583372
578	1584372
579	1585376
580	1586372
581	1587372
582	1588372
583	1589376
584	1590372
585	1591372
586	1592372
587	1593376
588	1594376
589	1595372
590	1596372
591	1597376
592	1598376
593	1599372
594	1600372
595	1601376
596	1602372
597	1603372
598	1604372
599	1605376
600	1606372
601	1607372
602	1608372
603	1609376
604	1610372
605	1611372
606	1612376
607	1613376
608	1614372
609	1615372
610	1616376
611	1617376
612	1618372
613	1619372
614	1620372
615	1621376
616	1622372
617	1623372
618	1624372
619	1625376
620	1626372
621	1627372
622	1628376
623	1629376
624	1630372
625	1631372
626	1632376
627	1633376
628	1634372
629	1635372
630	1636372
631	1637372
632	1638372
633	1639372
634	1640372
635	1641372
636	1642372
637	1643376
638	1644376
639	1645376
640	1646372
641	1647376
642	1648376
643	1649376
644	1650372
645	1651372
646	1652372
647	1653372
648	1654372
649	1655372
650	1656372
651	1657372
652	1658368
653	1659372
654	1660372
655	1661376
656	1662376
657	1663376
658	1664376
659	1665376
660	1666376
661	1667376
662	1668372
663	1669376
664	1670376
665	1671376
666	1672372
667	1673376
668	1674376
669	1675376
670	1676372
671	1677376
672	1678376
673	1679376
674	1680376
675	1681376
676	1682376
677	1683376
678	1684372
679	1685376
680	1686376
681	1687372
682	1688372
683	1689376
684	1690376
685	1691372
686	1692372
687	1693376
688	1694376
689	1695376
690	1696376
691	1697376
692	1698376
693	1699376
694	1700376
695	1701376
696	1702376
697	1703372
698	1704372
699	1705376
700	1706376
701	1707372
702	1708372
703	1709376
704	1710376
705	1711376
706	1712376
707	1713376
708	1714376
709	1715376
710	1716376
711	1717376
712	1718372
713	1719372
714	1720376
715	1721376
716	1722372
717	1723372
718	1724376
719	1725376
720	1726372
721	1727376
722	1728376
723	1729376
724	1730376
725	1731376
726	1732376
727	1733376
728	1734376
729	1735372
730	1736376
731	1737376
732	1738372
733	1739372
734	1740376
735	1741376
736	1742372
737	1743372
738	1744376
739	1745376
740	1746376
741	1747376
742	1748376
743	1749376
744	1750376
745	1751376
746	1752376
747	1753376
748	1754372
749	1755376
750	1756376
751	1757376
752	1758372
753	1759376
754	1760376
755	1761376
756	1762376
757	1763376
758	1764376
759	1765376
760	1766376
761	1767376
762	1768376
763	1769376
764	1770372
765	1771376
766	1772372
767	1773376
768	1774372
769	1775372
770	1776372
771	1777372
772	1778376
773	1779376
774	1780372
775	1781376
776	1782376
777	1783376
778	1784372
779	1785372
780	1786372
781	1787372
782	1788372
783	1789372
784	1790372
785	1791368
786	1792372
787	1793372
788	1794376
789	1795376
790	1796372
791	1797376
792	1798376
793	1799372
794	1800372
795	1801376
796	1802372
797	1803372
798	1804372
799	1805372
800	1806372
801	1807372
802	1808372
803	1809376
804	1810372
805	1811372
806	1812372
807	1813376
808	1814376
809	1815372
810	1816372
811	1817376
812	1818372
813	1819372
814	1820372
815	1821376
816	1822372
817	1823372
818	1824372
819	1825376
820	1826372
821	1827372
822	1828372
823	1829376
824	1830372
825	1831372
826	1832372
827	1833376
828	1834372
829	1835372
830	1836372
831	1837376
832	1838372
833	1839372
834	1840372
835	1841376
836	1842372
837	1843372
838	1844372
839	1845376
840	1846372
841	1847372
842	1848376
843	1849376
844	1850372
845	1851372
846	1852372
847	1853376
848	1854372
849	1855372
850	1856372
851	1857372
852	1858372
853	1859372
854	1860372
855	1861376
856	1862372
857	1863376
858	1864376
859	1865376
860	1866372
861	1867376
862	1868376
863	1869372
864	1870372
865	1871372
866	1872372
867	1873372
868	1874372
869	1875372
870	1876372
871	1877372
872	1878372
873	1879376
874	1880376
875	1881376
876	1882372
877	1883376
878	1884372
879	1885376
880	1886372
881	1887372
882	1888372
883	1889372
884	1890372
885	1891372
886	1892372
887	1893372
888	1894372
889	1895376
890	1896372
891	1897376
892	1898376
893	1899376
894	1900372
895	1901376
896	1902372
897	1903372
898	1904372
899	1905372
900	1906372
901	1907372
902	1908372
903	1909372
904	1910372
905	1911372
906	1912372
907	1913376
908	1914364
909	1915372
910	1916372
911	1917376
912	1918376
913	1919372
914	1920372
915	1921376
916	1922376
917	1923372
918	1924372
919	1925376
920	1926376
921	1927372
922	1928372
923	1929376
924	1930376
925	1931376
926	1932376
927	1933376
928	1934376
929	1935376
930	1936372
931	1937376
932	1938376
933	1939372
934	1940372
935	1941376
936	1942372
937	1943372
938	1944372
939	1945376
940	1946376
941	1947376
942	1948376
943	1949376
944	1950376
945	1951376
946	1952376
947	1953376
948	1954372
949	1955372
950	1956376
951	1957376
952	1958372
953	1959372
954	1960376
955	1961376
956	1962376
957	1963376
958	1964376
959	1965376
960	1966376
961	1967376
962	1968376
963	1969376
964	1970372
965	1971372
966	1972376
967	1973376
968	1974372
969	1975372
970	1976376
971	1977376
972	1978372
973	1979376
974	1980376
975	1981376
976	1982376
977	1983376
978	1984376
979	1985376
980	1986372
981	1987376
982	1988376
983	1989376
984	1990372
985	1991376
986	1992376
987	1993376
988	1994372
989	1995376
990	1996376
991	1997376
992	1998376
993	1999376
994	2000376
995	2001376
996	2002376
997	2003376
998	2004372
999	2005376
1000	2006376
1001	2007376
1002	2008372
1003	2009376
1004	2010376
1005	2011376
1006	2012376
1007	2013376
1008	2014376
1009	2015376
1010	2016376
1011	2017376
1012	2018376
1013	2019376
1014	2020372
1015	2021376
1016	2022376
1017	2023376
1018	2024372
1019	2025376
1020	2026376
1021	2027372
1022	2028372
1023	2029376
1024	2030376
1025	2031372
1026	2032372
1027	2033372
1028	2034376
1029	2035372
1030	2036372
1031	2037376
1032	2038372
1033	2039372
1034	2040372
1035	2041376
1036	2042372
1037	2043372
1038	2044372
1039	2045376
1040	2046376
1041	2047368
1042	2048372
1043	2049376
1044	2050376
1045	2051372
1046	2052372
1047	2053376
1048	2054372
1049	2055372
1050	2056372
1051	2057376
1052	2058372
1053	2059372
1054	2060372
1055	2061376
1056	2062372
1057	2063372
1058	2064376
1059	2065376
1060	2066372
1061	2067372
1062	2068376
1063	2069376
1064	2070372
1065	2071372
1066	2072372
1067	2073376
1068	2074372
1069	2075372
1070	2076372
1071	2077376
1072	2078372
1073	2079372
1074	2080376
1075	2081376
1076	2082372
1077	2083372
1078	2084376
1079	2085376
1080	2086372
1081	2087372
1082	2088372
1083	2089372
1084	2090372
1085	2091372
1086	2092372
1087	2093372
1088	2094372
1089	2095372
1090	2096376
1091	2097376
1092	2098372
1093	2099376
1094	2100376
1095	2101376
1096	2102372
1097	2103376
1098	2104372
1099	2105372
1100	2106372
1101	2107372
1102	2108372
1103	2109372
1104	2110372
1105	2111372
1106	2112372
1107	2113376
1108	2114372
1109	2115376
1110	2116372
1111	2117376
1112	2118376
1113	2119376
1114	2120372
1115	2121372
1116	2122372
1117	2123372
1118	2124372
1119	2125372
1120	2126372
1121	2127372
1122	2128372
1123	2129372
1124	2130376
1125	2131376
1126	2132372
1127	2133376
1128	2134376
1129	2135376
1130	2136372
1131	2137372
1132	2138372
1133	2139372
1134	2140372
1135	2141372
1136	2142372
1137	2143372
1138	2144372
1139	2145372
1140	2146372
1141	2147372
1142	2148372
1143	2149376
1144	2150376
1145	2151372
1146	2152372
1147	2153376
1148	2154372
1149	2155372
1150	2156372
1151	2157376
1152	2158372
1153	2159372
1154	2160372
1155	2161376
1156	2162372
1157	2163372
1158	2164372
1159	2165376
1160	2166376
1161	2167372
1162	2168372
1163	2169376
1164	2170372
1165	2171372
1166	2172372
1167	2173376
1168	2174372
1169	2175372
1170	2176376
1171	2177376
1172	2178372
1173	2179372
1174	2180376
1175	2181376
1176	2182376
1177	2183376
1178	2184376
1179	2185376
1180	2186376
1181	2187376
1182	2188376
1183	2189376
1184	2190372
1185	2191372
1186	2192376
1187	2193376
1188	2194372
1189	2195372
1190	2196376
1191	2197376
1192	2198376
1193	2199376
1194	2200376
1195	2201376
1196	2202376
1197	2203376
1198	2204376
1199	2205376
1200	2206372
1201	2207376
1202	2208376
1203	2209376
1204	2210372
1205	2211376
1206	2212376
1207	2213376
1208	2214376
1209	2215376
1210	2216376
1211	2217376
1212	2218376
1213	2219376
1214	2220376
1215	2221376
1216	2222372
1217	2223376
1218	2224376
1219	2225376
1220	2226372
1221	2227376
1222	2228372
1223	2229376
1224	2230372
1225	2231376
1226	2232376
1227	2233376
1228	2234376
1229	2235376
1230	2236376
1231	2237376
1232	2238376
1233	2239376
1234	2240372
1235	2241376
1236	2242376
1237	2243376
1238	2244372
1239	2245376
1240	2246376
1241	2247376
1242	2248376
1243	2249376
1244	2250376
1245	2251376
1246	2252376
1247	2253376
1248	2254376
1249	2255372
1250	2256372
1251	2257376
1252	2258376
1253	2259372
1254	2260372
1255	2261376
1256	2262376
1257	2263372
1258	2264376
1259	2265376
1260	2266376
1261	2267376
1262	2268376
1263	2269376
1264	2270376
1265	2271372
1266	2272372
1267	2273376
1268	2274376
1269	2275372
1270	2276372
1271	2277376
1272	2278376
1273	2279372
1274	2280372
1275	2281376
1276	2282376
1277	2283376
1278	2284376
1279	2285376
1280	2286376
1281	2287372
1282	2288372
1283	2289372
1284	2290372
1285	2291372
1286	2292372
1287	2293376
1288	2294372
1289	2295372
1290	2296372
1291	2297376
1292	2298372
1293	2299372
1294	2300376
1295	2301376
1296	2302372
1297	2303368
1298	2304376
1299	2305376
1300	2306372
1301	2307372
1302	2308372
1303	2309376
1304	2310372
1305	2311372
1306	2312372
1307	2313372
1308	2314372
1309	2315372
1310	2316376
1311	2317376
1312	2318372
1313	2319376
1314	2320376
1315	2321376
1316	2322372
1317	2323372
1318	2324372
1319	2325372
1320	2326372
1321	2327372
1322	2328372
1323	2329372
1324	2330372
1325	2331376
1326	2332376
1327	2333376
1328	2334372
1329	2335376
1330	2336376
1331	2337376
1332	2338372
1333	2339372
1334	2340372
1335	2341372
1336	2342372
1337	2343372
1338	2344372
1339	2345372
1340	2346372
1341	2347372
1342	2348372
1343	2349376
1344	2350376
1345	2351376
1346	2352372
1347	2353376
1348	2354376
1349	2355372
1350	2356372
1351	2357372
1352	2358372
1353	2359372
1354	2360372
1355	2361372
1356	2362372
1357	2363372
1358	2364372
1359	2365376
1360	2366376
1361	2367372
1362	2368372
1363	2369376
1364	2370376
1365	2371372
1366	2372372
1367	2373372
1368	2374372
1369	2375372
1370	2376372
1371	2377376
1372	2378372
1373	2379372
1374	2380372
1375	2381376
1376	2382376
1377	2383372
1378	2384372
1379	2385376
1380	2386376
1381	2387372
1382	2388372
1383	2389376
1384	2390372
1385	2391372
1386	2392372
1387	2393376
1388	2394372
1389	2395372
1390	2396372
1391	2397376
1392	2398372
1393	2399372
1394	2400372
1395	2401376
1396	2402372
1397	2403372
1398	2404376
1399	2405376
1400	2406372
1401	2407372
1402	2408372
1403	2409376
1404	2410372
1405	2411372
1406	2412372
1407	2413376
1408	2414372
1409	2415372
1410	2416376
1411	2417376
1412	2418372
1413	2419372
1414	2420376
1415	2421376
1416	2422372
1417	2423372
1418	2424376
1419	2425376
1420	2426372
1421	2427372
1422	2428376
1423	2429376
1424	2430376
1425	2431376
1426	2432376
1427	2433376
1428	2434376
1429	2435376
1430	2436376
1431	2437376
1432	2438376
1433	2439376
1434	2440376
1435	2441376
1436	2442376
1437	2443376
1438	2444376
1439	2445376
1440	2446376
1441	2447376
1442	2448376
1443	2449376
1444	2450376
1445	2451376
1446	2452376
1447	2453376
1448	2454376
1449	2455376
1450	2456376
1451	2457376
1452	2458376
1453	2459376
1454	2460376
1455	2461376
1456	2462376
1457	2463376
1458	2464376
1459	2465376
1460	2466376
1461	2467376
1462	2468376
1463	2469376
1464	2470376
1465	2471376
1466	2472376
1467	2473376
1468	2474376
1469	2475376
1470	2476376
1471	2477376
1472	2478376
1473	2479376
1474	2480376
1475	2481376
1476	2482376
1477	2483376
1478	2484376
1479	2485376
1480	2486376
1481	2487376
1482	2488376
1483	2489376
1484	2490376
1485	2491376
1486	2492376
1487	2493376
1488	2494376
1489	2495376
1490	2496376
1491	2497376
1492	2498376
1493	2499376
1494	2500376
1495	2501376
1496	2502376
1497	2503376
1498	2504376
1499	2505376
1500	2506376
1501	2507376
1502	2508376
1503	2509376
1504	2510376
1505	2511376
1506	2512376
1507	2513376
1508	2514376
1509	2515376
1510	2516376
1511	2517376
1512	2518376
1513	2519376
1514	2520376
1515	2521376
1516	2522376
1517	2523376
1518	2524376
1519	2525376
1520	2526376
1521	2527376
1522	2528376
1523	2529376
1524	2530376
1525	2531376
1526	2532376
1527	2533376
1528	2534376
1529	2535376
1530	2536376
1531	2537376
1532	2538376
1533	2539376
1534	2540376
1535	2541376
1536	2542376
1537	2543372
1538	2544376
1539	2545372
1540	2546372
1541	2547376
1542	2548376
1543	2549376
1544	2550376
1545	2551376
1546	2552376
1547	2553376
1548	2554376
1549	2555376
1550	2556376
1551	2557376
1552	2558372
1553	2559368
1554	2560376
1555	2561376
1556	2562372
1557	2563376
1558	2564376
1559	2565376
1560	2566376
1561	2567376
1562	2568376
1563	2569376
1564	2570376
1565	2571376
1566	2572376
1567	2573376
1568	2574376
1569	2575376
1570	2576372
1571	2577376
1572	2578376
1573	2579376
1574	2580372
1575	2581376
1576	2582376
1577	2583376
1578	2584376
1579	2585376
1580	2586376
1581	2587376
1582	2588376
1583	2589376
1584	2590376
1585	2591376
1586	2592372
1587	2593376
1588	2594376
1589	2595372
1590	2596372
1591	2597376
1592	2598376
1593	2599372
1594	2600376
1595	2601376
1596	2602376
1597	2603376
1598	2604376
1599	2605376
1600	2606376
1601	2607372
1602	2608372
1603	2609376
1604	2610376
1605	2611372
1606	2612372
1607	2613376
1608	2614376
1609	2615372
1610	2616376
1611	2617376
1612	2618376
1613	2619376
1614	2620376
1615	2621376
1616	2622376
1617	2623376
1618	2624372
1619	2625376
1620	2626372
1621	2627372
1622	2628372
1623	2629376
1624	2630372
1625	2631372
1626	2632376
1627	2633376
1628	2634376
1629	2635376
1630	2636376
1631	2637376
1632	2638376
1633	2639376
1634	2640376
1635	2641376
1636	2642372
1637	2643372
1638	2644376
1639	2645376
1640	2646372
1641	2647372
1642	2648376
1643	2649376
1644	2650376
1645	2651376
1646	2652376
1647	2653376
1648	2654376
1649	2655376
1650	2656376
1651	2657376
1652	2658372
1653	2659376
1654	2660376
1655	2661376
1656	2662372
1657	2663376
1658	2664376
1659	2665376
1660	2666372
1661	2667376
1662	2668376
1663	2669376
1664	2670376
1665	2671376
1666	2672376
1667	2673376
1668	2674372
1669	2675376
1670	2676376
1671	2677376
1672	2678372
1673	2679376
1674	2680372
1675	2681376
1676	2682372
1677	2683376
1678	2684376
1679	2685376
1680	2686376
1681	2687376
1682	2688376
1683	2689376
1684	2690376
1685	2691376
1686	2692376
1687	2693376
1688	2694376
1689	2695376
1690	2696376
1691	2697376
1692	2698376
1693	2699376
1694	2700376
1695	2701376
1696	2702376
1697	2703376
1698	2704376
1699	2705376
1700	2706376
1701	2707376
1702	2708376
1703	2709376
1704	2710376
1705	2711376
1706	2712376
1707	2713376
1708	2714376
1709	2715376
1710	2716376
1711	2717376
1712	2718376
1713	2719376
1714	2720376
1715	2721376
1716	2722376
1717	2723376
1718	2724376
1719	2725376
1720	2726376
1721	2727376
1722	2728376
1723	2729376
1724	2730376
1725	2731376
1726	2732376
1727	2733376
1728	2734376
1729	2735376
1730	2736376
1731	2737376
1732	2738376
1733	2739376
1734	2740376
1735	2741376
1736	2742376
1737	2743376
1738	2744376
1739	2745376
1740	2746376
1741	2747376
1742	2748376
1743	2749376
1744	2750376
1745	2751376
1746	2752376
1747	2753376
1748	2754376
1749	2755376
1750	2756376
1751	2757376
1752	2758376
1753	2759376
1754	2760376
1755	2761376
1756	2762376
1757	2763376
1758	2764376
1759	2765376
1760	2766376
1761	2767376
1762	2768376
1763	2769376
1764	2770376
1765	2771376
1766	2772376
1767	2773376
1768	2774376
1769	2775376
1770	2776376
1771	2777376
1772	2778376
1773	2779376
1774	2780376
1775	2781376
1776	2782376
1777	2783376
1778	2784376
1779	2785376
1780	2786376
1781	2787376
1782	2788376
1783	2789376
1784	2790376
1785	2791376
1786	2792376
1787	2793376
1788	2794376
1789	2795376
1790	2796376
1791	2797376
1792	2798376
1793	2799376
1794	2800372
1795	2801372
1796	2802376
1797	2803376
1798	2804376
1799	2805376
1800	2806376
1801	2807376
1802	2808372
1803	2809376
1804	2810376
1805	2811376
1806	2812372
1807	2813376
1808	2814376
1809	2815368
1810	2816372
1811	2817376
1812	2818376
1813	2819376
1814	2820376
1815	2821376
1816	2822376
1817	2823376
1818	2824376
1819	2825376
1820	2826376
1821	2827372
1822	2828372
1823	2829376
1824	2830376
1825	2831372
1826	2832372
1827	2833376
1828	2834376
1829	2835376
1830	2836376
1831	2837376
1832	2838376
1833	2839376
1834	2840376
1835	2841376
1836	2842376
1837	2843372
1838	2844372
1839	2845376
1840	2846376
1841	2847372
1842	2848372
1843	2849376
1844	2850376
1845	2851376
1846	2852376
1847	2853376
1848	2854376
1849	2855376
1850	2856376
1851	2857376
1852	2858368
1853	2859372
1854	2860376
1855	2861376
1856	2862372
1857	2863372
1858	2864376
1859	2865376
1860	2866372
1861	2867372
1862	2868376
1863	2869376
1864	2870376
1865	2871376
1866	2872376
1867	2873376
1868	2874376
1869	2875372
1870	2876376
1871	2877376
1872	2878372
1873	2879372
1874	2880376
1875	2881376
1876	2882372
1877	2883372
1878	2884376
1879	2885376
1880	2886376
1881	2887376
1882	2888376
1883	2889376
1884	2890376
1885	2891376
1886	2892376
1887	2893376
1888	2894372
1889	2895376
1890	2896376
1891	2897376
1892	2898372
1893	2899376
1894	2900376
1895	2901376
1896	2902376
1897	2903376
1898	2904376
1899	2905376
1900	2906376
1901	2907376
1902	2908376
1903	2909376
1904	2910372
1905	2911376
1906	2912372
1907	2913376
1908	2914372
1909	2915376
1910	2916372
1911	2917376
1912	2918376
1913	2919376
1914	2920376
1915	2921376
1916	2922376
1917	2923376
1918	2924376
1919	2925376
1920	2926376
1921	2927376
1922	2928372
1923	2929376
1924	2930376
1925	2931376
1926	2932372
1927	2933376
1928	2934376
1929	2935376
1930	2936376
1931	2937376
1932	2938372
1933	2939376
1934	2940376
1935	2941376
1936	2942376
1937	2943376
1938	2944376
1939	2945376
1940	2946376
1941	2947376
1942	2948376
1943	2949376
1944	2950376
1945	2951376
1946	2952376
1947	2953376
1948	2954376
1949	2955376
1950	2956376
1951	2957376
1952	2958376
1953	2959376
1954	2960376
1955	2961376
1956	2962376
1957	2963376
1958	2964376
1959	2965376
1960	2966376
1961	2967376
1962	2968376
1963	2969376
1964	2970376
1965	2971376
1966	2972376
1967	2973376
1968	2974376
1969	2975376
1970	2976376
1971	2977376
1972	2978376
1973	2979376
1974	2980376
1975	2981376
1976	2982376
1977	2983376
1978	2984376
1979	2985376
1980	2986376
1981	2987376
1982	2988376
1983	2989376
1984	2990376
1985	2991376
1986	2992376
1987	2993376
1988	2994376
1989	2995376
1990	2996376
1991	2997376
1992	2998376
1993	2999376
1994	3000376
1995	3001376
1996	3002376
1997	3003376
1998	3004376
1999	3005376
2000	3006376
2001	3007376
2002	3008376
2003	3009376
2004	3010376
2005	3011376
2006	3012376
2007	3013376
2008	3014376
2009	3015376
2010	3016376
2011	3017376
2012	3018376
2013	3019376
2014	3020376
2015	3021376
2016	3022376
2017	3023376
2018	3024376
2019	3025376
2020	3026376
2021	3027376
2022	3028376
2023	3029376
2024	3030376
2025	3031376
2026	3032376
2027	3033376
2028	3034376
2029	3035376
2030	3036376
2031	3037376
2032	3038376
2033	3039376
2034	3040376
2035	3041376
2036	3042376
2037	3043376
2038	3044376
2039	3045376
2040	3046376
2041	3047376
2042	3048376
2043	3049376
2044	3050376
2045	3051376
2046	3052376
2047	3053376
2048	3054376
2049	3055376
2050	3056376
2051	3057376
2052	3058376
2053	3059376
2054	3060372
2055	3061376
2056	3062376
2057	3063372
2058	3064372
2059	3065376
2060	3066376
2061	3067372
2062	3068372
2063	3069376
2064	3070376
2065	3071368
2066	3072376
2067	3073376
2068	3074376
2069	3075376
2070	3076376
2071	3077376
2072	3078372
2073	3079372
2074	3080372
2075	3081376
2076	3082372
2077	3083372
2078	3084372
2079	3085376
2080	3086376
2081	3087376
2082	3088376
2083	3089376
2084	3090376
2085	3091376
2086	3092376
2087	3093376
2088	3094372
2089	3095372
2090	3096376
2091	3097376
2092	3098372
2093	3099372
2094	3100376
2095	3101376
2096	3102372
2097	3103376
2098	3104376
2099	3105376
2100	3106376
2101	3107376
2102	3108376
2103	3109376
2104	3110372
2105	3111372
2106	3112376
2107	3113376
2108	3114372
2109	3115376
2110	3116376
2111	3117376
2112	3118372
2113	3119376
2114	3120376
2115	3121376
2116	3122376
2117	3123376
2118	3124376
2119	3125376
2120	3126376
2121	3127376
2122	3128376
2123	3129376
2124	3130372
2125	3131376
2126	3132376
2127	3133376
2128	3134372
2129	3135376
2130	3136376
2131	3137376
2132	3138376
2133	3139376
2134	3140376
2135	3141376
2136	3142376
2137	3143376
2138	3144372
2139	3145376
2140	3146376
2141	3147376
2142	3148372
2143	3149376
2144	3150376
2145	3151376
2146	3152372
2147	3153376
2148	3154376
2149	3155376
2150	3156376
2151	3157376
2152	3158376
2153	3159376
2154	3160376
2155	3161376
2156	3162376
2157	3163376
2158	3164372
2159	3165376
2160	3166376
2161	3167372
2162	3168372
2163	3169376
2164	3170376
2165	3171376
2166	3172376
2167	3173376
2168	3174376
2169	3175376
2170	3176376
2171	3177376
2172	3178376
2173	3179372
2174	3180372
2175	3181376
2176	3182376
2177	3183372
2178	3184372
2179	3185376
2180	3186376
2181	3187376
2182	3188376
2183	3189376
2184	3190376
2185	3191376
2186	3192376
2187	3193376
2188	3194372
2189	3195372
2190	3196372
2191	3197376
2192	3198376
2193	3199376
2194	3200376
2195	3201376
2196	3202376
2197	3203376
2198	3204376
2199	3205376
2200	3206376
2201	3207376
2202	3208376
2203	3209376
2204	3210376
2205	3211376
2206	3212376
2207	3213376
2208	3214376
2209	3215376
2210	3216376
2211	3217376
2212	3218376
2213	3219376
2214	3220376
2215	3221376
2216	3222376
2217	3223376
2218	3224376
2219	3225376
2220	3226376
2221	3227376
2222	3228376
2223	3229376
2224	3230376
2225	3231376
2226	3232376
2227	3233376
2228	3234376
2229	3235376
2230	3236376
2231	3237376
2232	3238376
2233	3239376
2234	3240376
2235	3241376
2236	3242376
2237	3243376
2238	3244376
2239	3245376
2240	3246376
2241	3247376
2242	3248376
2243	3249376
2244	3250376
2245	3251376
2246	3252376
2247	3253376
2248	3254376
2249	3255376
2250	3256376
2251	3257376
2252	3258376
2253	3259376
2254	3260376
2255	3261376
2256	3262376
2257	3263376
2258	3264376
2259	3265376
2260	3266376
2261	3267376
2262	3268376
2263	3269376
2264	3270376
2265	3271376
2266	3272376
2267	3273376
2268	3274376
2269	3275376
2270	3276376
2271	3277376
2272	3278376
2273	3279376
2274	3280376
2275	3281376
2276	3282376
2277	3283376
2278	3284376
2279	3285376
2280	3286376
2281	3287376
2282	3288376
2283	3289376
2284	3290376
2285	3291376
2286	3292376
2287	3293376
2288	3294376
2289	3295376
2290	3296376
2291	3297376
2292	3298376
2293	3299376
2294	3300376
2295	3301376
2296	3302376
2297	3303376
2298	3304376
2299	3305376
2300	3306376
2301	3307376
2302	3308376
2303	3309376
2304	3310376
2305	3311376
2306	3312372
2307	3313372
2308	3314372
2309	3315372
2310	3316376
2311	3317376
2312	3318372
2313	3319372
2314	3320376
2315	3321376
2316	3322376
2317	3323376
2318	3324376
2319	3325376
2320	3326376
2321	3327368
2322	3328376
2323	3329376
2324	3330372
2325	3331372
2326	3332376
2327	3333376
2328	3334372
2329	3335372
2330	3336376
2331	3337376
2332	3338376
2333	3339376
2334	3340376
2335	3341376
2336	3342376
2337	3343376
2338	3344376
2339	3345376
2340	3346372
2341	3347376
2342	3348376
2343	3349376
2344	3350372
2345	3351376
2346	3352376
2347	3353376
2348	3354372
2349	3355376
2350	3356376
2351	3357376
2352	3358376
2353	3359376
2354	3360376
2355	3361376
2356	3362372
2357	3363376
2358	3364372
2359	3365376
2360	3366372
2361	3367376
2362	3368372
2363	3369376
2364	3370376
2365	3371376
2366	3372376
2367	3373376
2368	3374376
2369	3375376
2370	3376376
2371	3377376
2372	3378376
2373	3379376
2374	3380372
2375	3381376
2376	3382376
2377	3383376
2378	3384372
2379	3385376
2380	3386376
2381	3387376
2382	3388376
2383	3389376
2384	3390376
2385	3391376
2386	3392376
2387	3393376
2388	3394376
2389	3395372
2390	3396372
2391	3397376
2392	3398376
2393	3399372
2394	3400372
2395	3401376
2396	3402376
2397	3403372
2398	3404372
2399	3405376
2400	3406376
2401	3407376
2402	3408376
2403	3409376
2404	3410376
2405	3411376
2406	3412372
2407	3413376
2408	3414376
2409	3415372
2410	3416372
2411	3417376
2412	3418376
2413	3419372
2414	3420372
2415	3421376
2416	3422376
2417	3423376
2418	3424376
2419	3425376
2420	3426376
2421	3427376
2422	3428376
2423	3429376
2424	3430372
2425	3431372
2426	3432376
2427	3433376
2428	3434372
2429	3435372
2430	3436376
2431	3437376
2432	3438376
2433	3439376
2434	3440376
2435	3441376
2436	3442376
2437	3443376
2438	3444376
2439	3445376
2440	3446372
2441	3447372
2442	3448376
2443	3449376
2444	3450372
2445	3451372
2446	3452376
2447	3453376
2448	3454376
2449	3455376
2450	3456376
2451	3457376
2452	3458376
2453	3459376
2454	3460376
2455	3461376
2456	3462376
2457	3463376
2458	3464376
2459	3465376
2460	3466376
2461	3467376
2462	3468376
2463	3469376
2464	3470376
2465	3471376
2466	3472376
2467	3473376
2468	3474376
2469	3475376
2470	3476376
2471	3477376
2472	3478376
2473	3479376
2474	3480376
2475	3481376
2476	3482376
2477	3483376
2478	3484376
2479	3485376
2480	3486376
2481	3487376
2482	3488376
2483	3489376
2484	3490376
2485	3491376
2486	3492376
2487	3493376
2488	3494376
2489	3495376
2490	3496376
2491	3497376
2492	3498376
2493	3499376
2494	3500376
2495	3501376
2496	3502376
2497	3503376
2498	3504376
2499	3505376
2500	3506376
2501	3507376
2502	3508376
2503	3509376
2504	3510376
2505	3511376
2506	3512376
2507	3513376
2508	3514376
2509	3515376
2510	3516376
2511	3517376
2512	3518376
2513	3519376
2514	3520376
2515	3521376
2516	3522376
2517	3523376
2518	3524376
2519	3525376
2520	3526376
2521	3527376
2522	3528376
2523	3529376
2524	3530376
2525	3531376
2526	3532376
2527	3533376
2528	3534376
2529	3535376
2530	3536376
2531	3537376
2532	3538376
2533	3539376
2534	3540376
2535	3541376
2536	3542376
2537	3543376
2538	3544376
2539	3545376
2540	3546376
2541	3547376
2542	3548376
2543	3549376
2544	3550376
2545	3551376
2546	3552376
2547	3553376
2548	3554376
2549	3555376
2550	3556376
2551	3557376
2552	3558376
2553	3559376
2554	3560376
2555	3561376
2556	3562376
2557	3563376
2558	3564376
2559	3565376
2560	3566376
2561	3567372
2562	3568376
2563	3569372
2564	3570372
2565	3571376
2566	3572376
2567	3573376
2568	3574376
2569	3575376
2570	3576376
2571	3577376
2572	3578376
2573	3579376
2574	3580376
2575	3581376
2576	3582372
2577	3583368
2578	3584376
2579	3585376
2580	3586372
2581	3587376
2582	3588376
2583	3589376
2584	3590376
2585	3591376
2586	3592376
2587	3593376
2588	3594376
2589	3595376
2590	3596376
2591	3597376
2592	3598376
2593	3599376
2594	3600372
2595	3601376
2596	3602376
2597	3603376
2598	3604372
2599	3605376
2600	3606376
2601	3607376
2602	3608376
2603	3609376
2604	3610376
2605	3611376
2606	3612376
2607	3613376
2608	3614376
2609	3615376
2610	3616372
2611	3617376
2612	3618376
2613	3619372
2614	3620372
2615	3621376
2616	3622376
2617	3623376
2618	3624376
2619	3625376
2620	3626376
2621	3627376
2622	3628376
2623	3629376
2624	3630376
2625	3631372
2626	3632372
2627	3633376
2628	3634376
2629	3635372
2630	3636372
2631	3637376
2632	3638376
2633	3639372
2634	3640376
2635	3641376
2636	3642376
2637	3643376
2638	3644376
2639	3645376
2640	3646376
2641	3647372
2642	3648372
2643	3649376
2644	3650372
2645	3651372
2646	3652372
2647	3653376
2648	3654372
2649	3655372
2650	3656376
2651	3657376
2652	3658376
2653	3659376
2654	3660376
2655	3661376
2656	3662376
2657	3663376
2658	3664376
2659	3665376
2660	3666372
2661	3667372
2662	3668376
2663	3669376
2664	3670372
2665	3671372
2666	3672376
2667	3673376
2668	3674376
2669	3675376
2670	3676376
2671	3677376
2672	3678376
2673	3679376
2674	3680376
2675	3681376
2676	3682372
2677	3683376
2678	3684376
2679	3685376
2680	3686372
2681	3687376
2682	3688376
2683	3689376
2684	3690376
2685	3691376
2686	3692376
2687	3693376
2688	3694376
2689	3695376
2690	3696376
2691	3697376
2692	3698372
2693	3699376
2694	3700376
2695	3701376
2696	3702372
2697	3703376
2698	3704372
2699	3705376
2700	3706364
2701	3707376
2702	3708376
2703	3709376
2704	3710376
2705	3711376
2706	3712376
2707	3713376
2708	3714376
2709	3715376
2710	3716376
2711	3717376
2712	3718376
2713	3719376
2714	3720376
2715	3721376
2716	3722376
2717	3723376
2718	3724376
2719	3725376
2720	3726376
2721	3727376
2722	3728376
2723	3729376
2724	3730376
2725	3731376
2726	3732376
2727	3733376
2728	3734376
2729	3735376
2730	3736376
2731	3737376
2732	3738376
2733	3739376
2734	3740376
2735	3741376
2736	3742376
2737	3743376
2738	3744376
2739	3745376
2740	3746376
2741	3747376
2742	3748376
2743	3749376
2744	3750376
2745	3751376
2746	3752376
2747	3753376
2748	3754376
2749	3755376
2750	3756376
2751	3757376
2752	3758376
2753	3759376
2754	3760376
2755	3761376
2756	3762376
2757	3763376
2758	3764376
2759	3765376
2760	3766376
2761	3767376
2762	3768376
2763	3769376
2764	3770376
2765	3771376
2766	3772376
2767	3773376
2768	3774376
2769	3775376
2770	3776376
2771	3777376
2772	3778376
2773	3779376
2774	3780376
2775	3781376
2776	3782376
2777	3783376
2778	3784376
2779	3785376
2780	3786376
2781	3787376
2782	3788376
2783	3789376
2784	3790376
2785	3791376
2786	3792376
2787	3793376
2788	3794376
2789	3795376
2790	3796376
2791	3797376
2792	3798376
2793	3799376
2794	3800376
2795	3801376
2796	3802376
2797	3803376
2798	3804376
2799	3805376
2800	3806502
2801	3807376
2802	3808376
2803	3809376
2804	3810376
2805	3811376
2806	3812376
2807	3813376
2808	3814376
2809	3815376
2810	3816376
2811	3817376
2812	3818376
2813	3819376
2814	3820376
2815	3821376
2816	3822376
2817	3823376
2818	3824376
2819	3825372
2820	3826376
2821	3827376
2822	3828376
2823	3829376
2824	3830376
2825	3831376
2826	3832372
2827	3833376
2828	3834376
2829	3835376
2830	3836372
2831	3837376
2832	3838376
2833	3839368
2834	3840372
2835	3841376
2836	3842376
2837	3843376
2838	3844376
2839	3845376
2840	3846376
2841	3847376
2842	3848372
2843	3849376
2844	3850376
2845	3851372
2846	3852372
2847	3853376
2848	3854376
2849	3855372
2850	3856372
2851	3857376
2852	3858376
2853	3859376
2854	3860376
2855	3861376
2856	3862376
2857	3863376
2858	3864376
2859	3865376
2860	3866376
2861	3867372
2862	3868372
2863	3869376
2864	3870376
2865	3871372
2866	3872372
2867	3873376
2868	3874376
2869	3875376
2870	3876376
2871	3877376
2872	3878376
2873	3879376
2874	3880376
2875	3881376
2876	3882372
2877	3883372
2878	3884376
2879	3885376
2880	3886372
2881	3887372
2882	3888376
2883	3889376
2884	3890372
2885	3891376
2886	3892376
2887	3893376
2888	3894376
2889	3895376
2890	3896376
2891	3897376
2892	3898376
2893	3899372
2894	3900376
2895	3901376
2896	3902372
2897	3903372
2898	3904376
2899	3905376
2900	3906372
2901	3907372
2902	3908376
2903	3909376
2904	3910376
2905	3911376
2906	3912376
2907	3913376
2908	3914376
2909	3915376
2910	3916376
2911	3917376
2912	3918372
2913	3919376
2914	3920376
2915	3921376
2916	3922372
2917	3923376
2918	3924376
2919	3925376
2920	3926376
2921	3927376
2922	3928376
2923	3929376
2924	3930376
2925	3931376
2926	3932372
2927	3933376
2928	3934372
2929	3935376
2930	3936372
2931	3937376
2932	3938372
2933	3939376
2934	3940372
2935	3941376
2936	3942376
2937	3943376
2938	3944376
2939	3945376
2940	3946376
2941	3947376
2942	3948376
2943	3949376
2944	3950376
2945	3951376
2946	3952372
2947	3953376
2948	3954376
2949	3955376
2950	3956372
2951	3957376
2952	3958376
2953	3959376
2954	3960376
2955	3961376
2956	3962372
2957	3963376
2958	3964376
2959	3965376
2960	3966376
2961	3967376
2962	3968376
2963	3969376
2964	3970376
2965	3971376
2966	3972376
2967	3973376
2968	3974376
2969	3975376
2970	3976376
2971	3977376
2972	3978376
2973	3979376
2974	3980376
2975	3981376
2976	3982376
2977	3983376
2978	3984376
2979	3985376
2980	3986376
2981	3987376
2982	3988376
2983	3989376
2984	3990376
2985	3991376
2986	3992376
2987	3993376
2988	3994376
2989	3995376
2990	3996376
2991	3997376
2992	3998376
2993	3999376
2994	4000376
2995	4001376
2996	4002376
2997	4003376
2998	4004376
2999	4005376
3000	4006376
3001	4007376
3002	4008376
3003	4009376
3004	4010376
3005	4011376
3006	4012376
3007	4013376
3008	4014376
3009	4015376
3010	4016376
3011	4017376
3012	4018376
3013	4019376
3014	4020376
3015	4021376
3016	4022376
3017	4023376
3018	4024376
3019	4025376
3020	4026376
3021	4027376
3022	4028376
3023	4029376
3024	4030376
3025	4031376
3026	4032376
3027	4033376
3028	4034376
3029	4035376
3030	4036376
3031	4037376
3032	4038376
3033	4039376
3034	4040376
3035	4041376
3036	4042376
3037	4043376
3038	4044376
3039	4045376
3040	4046376
3041	4047376
3042	4048376
3043	4049376
3044	4050376
3045	4051376
3046	4052376
3047	4053376
3048	4054376
3049	4055376
3050	4056376
3051	4057376
3052	4058376
3053	4059376
3054	4060376
3055	4061376
3056	4062376
3057	4063376
3058	4064376
3059	4065376
3060	4066376
3061	4067376
3062	4068376
3063	4069376
3064	4070376
3065	4071376
3066	4072376
3067	4073376
3068	4074376
3069	4075376
3070	4076376
3071	4077376
3072	4078376
3073	4079376
3074	4080376
3075	4081376
3076	4082376
3077	4083372
3078	4084372
3079	4085376
3080	4086376
3081	4087372
3082	4088372
3083	4089376
3084	4090376
3085	4091372
3086	4092372
3087	4093376
3088	4094376
3089	4095368
3090	4096376
3091	4097376
3092	4098376
3093	4099376
3094	4100372
3095	4101376
3096	4102372
3097	4103372
3098	4104372
3099	4105376
3100	4106372
3101	4107372
3102	4108372
3103	4109376
3104	4110376
3105	4111376
3106	4112376
3107	4113376
3108	4114376
3109	4115376
3110	4116376
3111	4117376
3112	4118372
3113	4119372
3114	4120376
3115	4121376
3116	4122372
3117	4123372
3118	4124376
3119	4125376
3120	4126376
3121	4127376
3122	4128376
3123	4129376
3124	4130376
3125	4131376
3126	4132376
3127	4133376
3128	4134372
3129	4135372
3130	4136376
3131	4137376
3132	4138372
3133	4139376
3134	4140376
3135	4141376
3136	4142372
3137	4143376
3138	4144376
3139	4145376
3140	4146376
3141	4147376
3142	4148376
3143	4149376
3144	4150372
3145	4151376
3146	4152376
3147	4153376
3148	4154372
3149	4155376
3150	4156376
3151	4157376
3152	4158372
3153	4159376
3154	4160376
3155	4161376
3156	4162376
3157	4163376
3158	4164376
3159	4165376
3160	4166376
3161	4167376
3162	4168372
3163	4169376
3164	4170376
3165	4171376
3166	4172372
3167	4173376
3168	4174376
3169	4175376
3170	4176372
3171	4177376
3172	4178376
3173	4179376
3174	4180376
3175	4181376
3176	4182376
3177	4183376
3178	4184372
3179	4185376
3180	4186376
3181	4187376
3182	4188372
3183	4189376
3184	4190376
3185	4191372
3186	4192372
3187	4193376
3188	4194376
3189	4195376
3190	4196376
3191	4197376
3192	4198376
3193	4199376
3194	4200376
3195	4201376
3196	4202376
3197	4203372
3198	4204372
3199	4205376
3200	4206376
3201	4207372
3202	4208372
3203	4209376
3204	4210376
3205	4211376
3206	4212376
3207	4213376
3208	4214376
3209	4215376
3210	4216376
3211	4217376
3212	4218372
3213	4219372
3214	4220372
3215	4221376
3216	4222376
3217	4223376
3218	4224376
3219	4225376
3220	4226376
3221	4227376
3222	4228376
3223	4229376
3224	4230376
3225	4231376
3226	4232376
3227	4233376
3228	4234376
3229	4235376
3230	4236376
3231	4237376
3232	4238376
3233	4239376
3234	4240376
3235	4241376
3236	4242376
3237	4243376
3238	4244376
3239	4245376
3240	4246376
3241	4247376
3242	4248376
3243	4249376
3244	4250376
3245	4251376
3246	4252376
3247	4253376
3248	4254376
3249	4255376
3250	4256376
3251	4257376
3252	4258376
3253	4259376
3254	4260376
3255	4261376
3256	4262376
3257	4263376
3258	4264376
3259	4265376
3260	4266376
3261	4267376
3262	4268368
3263	4269368
3264	4270368
3265	4271368
3266	4272368
3267	4273368
3268	4274368
3269	4275368
3270	4276368
3271	4277372
3272	4278368
3273	4279372
3274	4280368
3275	4281372
3276	4282372
3277	4283372
3278	4284368
3279	4285376
3280	4286376
3281	4287376
3282	4288376
3283	4289376
3284	4290376
3285	4291376
3286	4292376
3287	4293376
3288	4294376
3289	4295376
3290	4296376
3291	4297376
3292	4298376
3293	4299376
3294	4300376
3295	4301376
3296	4302376
3297	4303372
3298	4304372
3299	4305376
3300	4306376
3301	4307372
3302	4308372
3303	4309376
3304	4310376
3305	4311376
3306	4312376
3307	4313376
3308	4314376
3309	4315376
3310	4316376
3311	4317376
3312	4318376
3313	4319372
3314	4320372
3315	4321376
3316	4322376
3317	4323372
3318	4324372
3319	4325376
3320	4326376
3321	4327372
3322	4328376
3323	4329376
3324	4330376
3325	4331376
3326	4332376
3327	4333376
3328	4334376
3329	4335372
3330	4336372
3331	4337372
3332	4338372
3333	4339372
3334	4340372
3335	4341376
3336	4342372
3337	4343372
3338	4344376
3339	4345376
3340	4346372
3341	4347372
3342	4348376
3343	4349376
3344	4350372
3345	4351368
3346	4352372
3347	4353376
3348	4354372
3349	4355372
3350	4356372
3351	4357376
3352	4358372
3353	4359372
3354	4360372
3355	4361376
3356	4362372
3357	4363372
3358	4364376
3359	4365376
3360	4366372
3361	4367376
3362	4368376
3363	4369372
3364	4370372
3365	4371372
3366	4372372
3367	4373372
3368	4374372
3369	4375372
3370	4376372
3371	4377372
3372	4378372
3373	4379376
3374	4380376
3375	4381376
3376	4382372
3377	4383376
3378	4384376
3379	4385372
3380	4386372
3381	4387372
3382	4388372
3383	4389372
3384	4390372
3385	4391372
3386	4392372
3387	4393372
3388	4394372
3389	4395376
3390	4396372
3391	4397376
3392	4398376
3393	4399376
3394	4400372
3395	4401376
3396	4402372
3397	4403372
3398	4404372
3399	4405372
3400	4406372
3401	4407372
3402	4408372
3403	4409372
3404	4410372
3405	4411372
3406	4412372
3407	4413376
3408	4414376
3409	4415372
3410	4416372
3411	4417376
3412	4418376
3413	4419372
3414	4420372
3415	4421372
3416	4422372
3417	4423372
3418	4424372
3419	4425376
3420	4426372
3421	4427372
3422	4428372
3423	4429376
3424	4430376
3425	4431372
3426	4432372
3427	4433376
3428	4434376
3429	4435372
3430	4436372
3431	4437376
3432	4438372
3433	4439372
3434	4440372
3435	4441376
3436	4442372
3437	4443372
3438	4444372
3439	4445376
3440	4446372
3441	4447372
3442	4448372
3443	4449376
3444	4450372
3445	4451372
3446	4452372
3447	4453376
3448	4454372
3449	4455372
3450	4456372
3451	4457376
3452	4458372
3453	4459372
3454	4460372
3455	4461376
3456	4462372
3457	4463372
3458	4464376
3459	4465376
3460	4466372
3461	4467372
3462	4468376
3463	4469376
3464	4470372
3465	4471372
3466	4472372
3467	4473372
3468	4474376
3469	4475372
3470	4476372
3471	4477372
3472	4478372
3473	4479376
3474	4480376
3475	4481376
3476	4482376
3477	4483376
3478	4484376
3479	4485376
3480	4486372
3481	4487376
3482	4488376
3483	4489376
3484	4490372
3485	4491376
3486	4492376
3487	4493376
3488	4494372
3489	4495376
3490	4496376
3491	4497376
3492	4498376
3493	4499376
3494	4500376
3495	4501376
3496	4502376
3497	4503376
3498	4504372
3499	4505376
3500	4506372
3501	4507376
3502	4508372
3503	4509376
3504	4510376
3505	4511376
3506	4512376
3507	4513376
3508	4514376
3509	4515376
3510	4516376
3511	4517376
3512	4518376
3513	4519376
3514	4520372
3515	4521376
3516	4522376
3517	4523376
3518	4524372
3519	4525376
3520	4526376
3521	4527376
3522	4528372
3523	4529376
3524	4530376
3525	4531376
3526	4532376
3527	4533376
3528	4534376
3529	4535376
3530	4536372
3531	4537376
3532	4538376
3533	4539372
3534	4540372
3535	4541376
3536	4542376
3537	4543372
3538	4544372
3539	4545376
3540	4546376
3541	4547376
3542	4548376
3543	4549376
3544	4550376
3545	4551376
3546	4552376
3547	4553376
3548	4554376
3549	4555372
3550	4556372
3551	4557376
3552	4558372
3553	4559372
3554	4560372
3555	4561376
3556	4562372
3557	4563376
3558	4564376
3559	4565376
3560	4566376
3561	4567376
3562	4568376
3563	4569376
3564	4570372
3565	4571372
3566	4572376
3567	4573376
3568	4574372
3569	4575372
3570	4576376
3571	4577376
3572	4578372
3573	4579376
3574	4580376
3575	4581376
3576	4582376
3577	4583376
3578	4584376
3579	4585376
3580	4586376
3581	4587372
3582	4588376
3583	4589376
3584	4590376
3585	4591372
3586	4592372
3587	4593372
3588	4594372
3589	4595372
3590	4596376
3591	4597376
3592	4598372
3593	4599376
3594	4600376
3595	4601376
3596	4602372
3597	4603372
3598	4604372
3599	4605372
3600	4606372
3601	4607368
3602	4608372
3603	4609372
3604	4610372
3605	4611372
3606	4612372
3607	4613376
3608	4614372
3609	4615376
3610	4616372
3611	4617376
3612	4618372
3613	4619376
3614	4620372
3615	4621372
3616	4622372
3617	4623372
3618	4624372
3619	4625372
3620	4626372
3621	4627372
3622	4628372
3623	4629372
3624	4630376
3625	4631376
3626	4632372
3627	4633376
3628	4634376
3629	4635376
3630	4636372
3631	4637372
3632	4638372
3633	4639372
3634	4640372
3635	4641372
3636	4642372
3637	4643372
3638	4644372
3639	4645372
3640	4646376
3641	4647372
3642	4648372
3643	4649376
3644	4650376
3645	4651372
3646	4652372
3647	4653376
3648	4654372
3649	4655372
3650	4656372
3651	4657376
3652	4658372
3653	4659372
3654	4660372
3655	4661376
3656	4662372
3657	4663372
3658	4664372
3659	4665376
3660	4666376
3661	4667372
3662	4668372
3663	4669376
3664	4670376
3665	4671372
3666	4672372
3667	4673376
3668	4674372
3669	4675372
3670	4676372
3671	4677376
3672	4678372
3673	4679372
3674	4680376
3675	4681376
3676	4682372
3677	4683372
3678	4684376
3679	4685376
3680	4686372
3681	4687372
3682	4688372
3683	4689376
3684	4690372
3685	4691372
3686	4692372
3687	4693376
3688	4694372
3689	4695372
3690	4696372
3691	4697376
3692	4698372
3693	4699372
3694	4700376
3695	4701376
3696	4702372
3697	4703372
3698	4704372
3699	4705372
3700	4706372
3701	4707372
3702	4708372
3703	4709372
3704	4710372
3705	4711372
3706	4712372
3707	4713372
3708	4714372
3709	4715376
3710	4716376
3711	4717376
3712	4718372
3713	4719376
3714	4720376
3715	4721372
3716	4722372
3717	4723372
3718	4724372
3719	4725372
3720	4726372
3721	4727372
3722	4728372
3723	4729372
3724	4730376
3725	4731376
3726	4732372
3727	4733376
3728	4734376
3729	4735376
3730	4736376
3731	4737376
3732	4738376
3733	4739376
3734	4740372
3735	4741376
3736	4742376
3737	4743376
3738	4744372
3739	4745376
3740	4746376
3741	4747376
3742	4748376
3743	4749376
3744	4750376
3745	4751376
3746	4752376
3747	4753376
3748	4754376
3749	4755376
3750	4756372
3751	4757376
3752	4758376
3753	4759372
3754	4760372
3755	4761376
3756	4762376
3757	4763372
3758	4764376
3759	4765376
3760	4766376
3761	4767376
3762	4768376
3763	4769376
3764	4770376
3765	4771372
3766	4772372
3767	4773376
3768	4774376
3769	4775372
3770	4776372
3771	4777376
3772	4778376
3773	4779372
3774	4780372
3775	4781376
3776	4782376
3777	4783376
3778	4784376
3779	4785376
3780	4786376
3781	4787376
3782	4788372
3783	4789376
3784	4790372
3785	4791372
3786	4792376
3787	4793376
3788	4794372
3789	4795372
3790	4796376
3791	4797376
3792	4798376
3793	4799376
3794	4800376
3795	4801376
3796	4802376
3797	4803376
3798	4804376
3799	4805376
3800	4806372
3801	4807372
3802	4808376
3803	4809376
3804	4810372
3805	4811372
3806	4812376
3807	4813376
3808	4814376
3809	4815376
3810	4816376
3811	4817376
3812	4818376
3813	4819376
3814	4820376
3815	4821376
3816	4822372
3817	4823376
3818	4824376
3819	4825376
3820	4826372
3821	4827376
3822	4828376
3823	4829376
3824	4830372
3825	4831376
3826	4832376
3827	4833376
3828	4834376
3829	4835376
3830	4836376
3831	4837376
3832	4838372
3833	4839376
3834	4840376
3835	4841376
3836	4842372
3837	4843376
3838	4844372
3839	4845376
3840	4846376
3841	4847372
3842	4848372
3843	4849372
3844	4850376
3845	4851376
3846	4852372
3847	4853376
3848	4854376
3849	4855372
3850	4856372
3851	4857372
3852	4858372
3853	4859372
3854	4860372
3855	4861372
3856	4862372
3857	4863368
3858	4864372
3859	4865376
3860	4866376
3861	4867376
3862	4868372
3863	4869376
3864	4870376
3865	4871372
3866	4872372
3867	4873372
3868	4874372
3869	4875372
3870	4876372
3871	4877372
3872	4878372
3873	4879372
3874	4880372
3875	4881376
3876	4882376
3877	4883372
3878	4884372
3879	4885376
3880	4886376
3881	4887372
3882	4888372
3883	4889376
3884	4890372
3885	4891372
3886	4892372
3887	4893376
3888	4894372
3889	4895372
3890	4896372
3891	4897376
3892	4898376
3893	4899372
3894	4900372
3895	4901376
3896	4902372
3897	4903372
3898	4904372
3899	4905376
3900	4906372
3901	4907372
3902	4908372
3903	4909376
3904	4910372
3905	4911372
3906	4912372
3907	4913376
3908	4914372
3909	4915372
3910	4916376
3911	4917376
3912	4918372
3913	4919372
3914	4920376
3915	4921376
3916	4922372
3917	4923372
3918	4924372
3919	4925376
3920	4926372
3921	4927372
3922	4928372
3923	4929372
3924	4930372
3925	4931372
3926	4932376
3927	4933376
3928	4934372
3929	4935376
3930	4936376
3931	4937376
3932	4938372
3933	4939372
3934	4940372
3935	4941372
3936	4942372
3937	4943372
3938	4944372
3939	4945372
3940	4946372
3941	4947372
3942	4948376
3943	4949376
3944	4950372
3945	4951376
3946	4952376
3947	4953376
3948	4954372
3949	4955376
3950	4956372
3951	4957372
3952	4958372
3953	4959372
3954	4960372
3955	4961372
3956	4962372
3957	4963372
3958	4964372
3959	4965376
3960	4966376
3961	4967376
3962	4968372
3963	4969376
3964	4970376
3965	4971376
3966	4972372
3967	4973372
3968	4974372
3969	4975372
3970	4976372
3971	4977372
3972	4978372
3973	4979372
3974	4980372
3975	4981372
3976	4982376
3977	4983376
3978	4984372
3979	4985376
3980	4986376
3981	4987372
3982	4988372
3983	4989372
3984	4990376
3985	4991372
3986	4992372
3987	4993376
3988	4994376
3989	4995372
3990	4996372
3991	4997376
3992	4998376
3993	4999376
3994	5000376
3995	5001376
3996	5002376
3997	5003376
3998	5004376
3999	5005376
4000	5006376
4001	5007372
4002	5008372
4003	5009376
4004	5010376
4005	5011372
4006	5012372
4007	5013376
4008	5014372
4009	5015372
4010	5016376
4011	5017376
4012	5018376
4013	5019376
4014	5020376
4015	5021376
4016	5022376
4017	5023372
4018	5024376
4019	5025376
4020	5026372
4021	5027372
4022	5028376
4023	5029376
4024	5030372
4025	5031372
4026	5032376
4027	5033376
4028	5034376
4029	5035376
4030	5036376
4031	5037376
4032	5038376
4033	5039376
4034	5040376
4035	5041376
4036	5042372
4037	5043372
4038	5044376
4039	5045376
4040	5046372
4041	5047372
4042	5048376
4043	5049376
4044	5050376
4045	5051376
4046	5052376
4047	5053376
4048	5054376
4049	5055376
4050	5056376
4051	5057376
4052	5058372
4053	5059376
4054	5060376
4055	5061376
4056	5062372
4057	5063376
4058	5064376
4059	5065376
4060	5066376
4061	5067376
4062	5068376
4063	5069376
4064	5070376
4065	5071376
4066	5072376
4067	5073376
4068	5074372
4069	5075376
4070	5076372
4071	5077376
4072	5078376
4073	5079376
4074	5080372
4075	5081376
4076	5082376
4077	5083376
4078	5084376
4079	5085376
4080	5086376
4081	5087376
4082	5088376
4083	5089376
4084	5090376
4085	5091376
4086	5092372
4087	5093376
4088	5094376
4089	5095376
4090	5096372
4091	5097376
4092	5098376
4093	5099376
4094	5100376
4095	5101376
4096	5102376
4097	5103372
4098	5104372
4099	5105372
4100	5106376
4101	5107372
4102	5108372
4103	5109376
4104	5110372
4105	5111372
4106	5112372
4107	5113376
4108	5114372
4109	5115372
4110	5116372
4111	5117376
4112	5118376
4113	5119368
4114	5120372
4115	5121376
4116	5122376
4117	5123372
4118	5124372
4119	5125376
4120	5126372
4121	5127372
4122	5128372
4123	5129376
4124	5130372
4125	5131372
4126	5132372
4127	5133376
4128	5134372
4129	5135372
4130	5136376
4131	5137376
4132	5138372
4133	5139372
4134	5140372
4135	5141376
4136	5142372
4137	5143372
4138	5144372
4139	5145376
4140	5146372
4141	5147372
4142	5148372
4143	5149376
4144	5150372
4145	5151372
4146	5152376
4147	5153376
4148	5154372
4149	5155372
4150	5156376
4151	5157372
4152	5158372
4153	5159372
4154	5160372
4155	5161372
4156	5162372
4157	5163372
4158	5164372
4159	5165372
4160	5166372
4161	5167376
4162	5168376
4163	5169376
4164	5170372
4165	5171376
4166	5172376
4167	5173376
4168	5174372
4169	5175372
4170	5176372
4171	5177372
4172	5178372
4173	5179372
4174	5180372
4175	5181372
4176	5182372
4177	5183376
4178	5184372
4179	5185376
4180	5186372
4181	5187376
4182	5188372
4183	5189376
4184	5190376
4185	5191372
4186	5192372
4187	5193372
4188	5194372
4189	5195372
4190	5196372
4191	5197372
4192	5198372
4193	5199372
4194	5200372
4195	5201376
4196	5202376
4197	5203376
4198	5204372
4199	5205376
4200	5206376
4201	5207372
4202	5208372
4203	5209372
4204	5210372
4205	5211372
4206	5212372
4207	5213372
4208	5214372
4209	5215372
4210	5216372
4211	5217376
4212	5218376
4213	5219372
4214	5220372
4215	5221376
4216	5222376
4217	5223372
4218	5224372
4219	5225376
4220	5226372
4221	5227372
4222	5228372
4223	5229376
4224	5230372
4225	5231372
4226	5232372
4227	5233376
4228	5234376
4229	5235372
4230	5236372
4231	5237376
4232	5238376
4233	5239372
4234	5240372
4235	5241376
4236	5242376
4237	5243372
4238	5244372
4239	5245376
4240	5246372
4241	5247372
4242	5248376
4243	5249376
4244	5250376
4245	5251376
4246	5252376
4247	5253376
4248	5254376
4249	5255376
4250	5256376
4251	5257376
4252	5258372
4253	5259372
4254	5260376
4255	5261376
4256	5262372
4257	5263372
4258	5264376
4259	5265376
4260	5266372
4261	5267376
4262	5268376
4263	5269376
4264	5270376
4265	5271376
4266	5272376
4267	5273376
4268	5274376
4269	5275372
4270	5276376
4271	5277376
4272	5278372
4273	5279376
4274	5280376
4275	5281376
4276	5282372
4277	5283376
4278	5284376
4279	5285376
4280	5286376
4281	5287376
4282	5288376
4283	5289376
4284	5290376
4285	5291376
4286	5292376
4287	5293376
4288	5294372
4289	5295376
4290	5296376
4291	5297376
4292	5298372
4293	5299376
4294	5300372
4295	5301376
4296	5302376
4297	5303376
4298	5304376
4299	5305376
4300	5306376
4301	5307376
4302	5308372
4303	5309376
4304	5310376
4305	5311376
4306	5312372
4307	5313376
4308	5314376
4309	5315376
4310	5316372
4311	5317376
4312	5318376
4313	5319376
4314	5320376
4315	5321376
4316	5322376
4317	5323376
4318	5324376
4319	5325376
4320	5326376
4321	5327372
4322	5328372
4323	5329376
4324	5330376
4325	5331372
4326	5332372
4327	5333376
4328	5334376
4329	5335376
4330	5336376
4331	5337376
4332	5338376
4333	5339376
4334	5340376
4335	5341376
4336	5342376
4337	5343372
4338	5344372
4339	5345376
4340	5346376
4341	5347372
4342	5348372
4343	5349376
4344	5350376
4345	5351376
4346	5352376
4347	5353376
4348	5354376
4349	5355376
4350	5356376
4351	5357376
4352	5358368
4353	5359372
4354	5360372
4355	5361372
4356	5362372
4357	5363372
4358	5364372
4359	5365376
4360	5366372
4361	5367372
4362	5368376
4363	5369376
4364	5370372
4365	5371372
4366	5372376
4367	5373376
4368	5374372
4369	5375368
4370	5376372
4371	5377376
4372	5378372
4373	5379372
4374	5380372
4375	5381376
4376	5382372
4377	5383372
4378	5384372
4379	5385376
4380	5386372
4381	5387372
4382	5388376
4383	5389376
4384	5390372
4385	5391376
4386	5392372
4387	5393372
4388	5394372
4389	5395372
4390	5396372
4391	5397372
4392	5398372
4393	5399372
4394	5400372
4395	5401376
4396	5402372
4397	5403376
4398	5404376
4399	5405376
4400	5406372
4401	5407376
4402	5408376
4403	5409372
4404	5410372
4405	5411372
4406	5412372
4407	5413372
4408	5414372
4409	5415372
4410	5416372
4411	5417372
4412	5418376
4413	5419376
4414	5420372
4415	5421376
4416	5422376
4417	5423376
4418	5424372
4419	5425376
4420	5426372
4421	5427372
4422	5428372
4423	5429372
4424	5430372
4425	5431372
4426	5432372
4427	5433372
4428	5434372
4429	5435376
4430	5436372
4431	5437376
4432	5438376
4433	5439372
4434	5440372
4435	5441376
4436	5442372
4437	5443372
4438	5444372
4439	5445372
4440	5446372
4441	5447372
4442	5448372
4443	5449376
4444	5450372
4445	5451372
4446	5452372
4447	5453376
4448	5454376
4449	5455372
4450	5456372
4451	5457376
4452	5458376
4453	5459372
4454	5460372
4455	5461376
4456	5462372
4457	5463372
4458	5464372
4459	5465376
4460	5466372
4461	5467372
4462	5468372
4463	5469376
4464	5470372
4465	5471372
4466	5472372
4467	5473376
4468	5474372
4469	5475372
4470	5476372
4471	5477376
4472	5478372
4473	5479372
4474	5480372
4475	5481376
4476	5482372
4477	5483372
4478	5484372
4479	5485376
4480	5486372
4481	5487372
4482	5488376
4483	5489376
4484	5490372
4485	5491372
4486	5492376
4487	5493376
4488	5494372
4489	5495372
4490	5496372
4491	5497372
4492	5498376
4493	5499372
4494	5500372
4495	5501372
4496	5502376
4497	5503376
4498	5504376
4499	5505376
4500	5506376
4501	5507376
4502	5508376
4503	5509376
4504	5510372
4505	5511376
4506	5512376
4507	5513376
4508	5514372
4509	5515376
4510	5516376
4511	5517376
4512	5518372
4513	5519376
4514	5520376
4515	5521376
4516	5522376
4517	5523376
4518	5524376
4519	5525376
4520	5526372
4521	5527376
4522	5528372
4523	5529376
4524	5530372
4525	5531376
4526	5532372
4527	5533376
4528	5534376
4529	5535376
4530	5536376
4531	5537376
4532	5538376
4533	5539376
4534	5540376
4535	5541376
4536	5542376
4537	5543376
4538	5544372
4539	5545376
4540	5546376
4541	5547376
4542	5548372
4543	5549376
4544	5550376
4545	5551376
4546	5552376
4547	5553376
4548	5554376
4549	5555376
4550	5556376
4551	5557376
4552	5558376
4553	5559376
4554	5560372
4555	5561376
4556	5562376
4557	5563372
4558	5564372
4559	5565376
4560	5566376
4561	5567372
4562	5568372
4563	5569376
4564	5570376
4565	5571376
4566	5572376
4567	5573376
4568	5574376
4569	5575376
4570	5576376
4571	5577376
4572	5578376
4573	5579372
4574	5580372
4575	5581376
4576	5582372
4577	5583372
4578	5584372
4579	5585376
4580	5586376
4581	5587376
4582	5588376
4583	5589376
4584	5590376
4585	5591376
4586	5592376
4587	5593376
4588	5594372
4589	5595372
4590	5596376
4591	5597376
4592	5598372
4593	5599372
4594	5600376
4595	5601376
4596	5602372
4597	5603376
4598	5604376
4599	5605376
4600	5606376
4601	5607376
4602	5608376
4603	5609376
4604	5610372
4605	5611372
4606	5612376
4607	5613376
4608	5614376
4609	5615372
4610	5616372
4611	5617372
4612	5618372
4613	5619372
4614	5620376
4615	5621376
4616	5622372
4617	5623376
4618	5624376
4619	5625376
4620	5626372
4621	5627372
4622	5628372
4623	5629372
4624	5630372
4625	5631368
4626	5632372
4627	5633372
4628	5634372
4629	5635372
4630	5636376
4631	5637376
4632	5638372
4633	5639376
4634	5640372
4635	5641376
4636	5642372
4637	5643376
4638	5644372
4639	5645372
4640	5646372
4641	5647372
4642	5648372
4643	5649372
4644	5650372
4645	5651372
4646	5652372
4647	5653376
4648	5654376
4649	5655376
4650	5656372
4651	5657376
4652	5658376
4653	5659376
4654	5660372
4655	5661372
4656	5662372
4657	5663372
4658	5664372
4659	5665372
4660	5666372
4661	5667372
4662	5668372
4663	5669372
4664	5670376
4665	5671372
4666	5672372
4667	5673376
4668	5674376
4669	5675372
4670	5676372
4671	5677376
4672	5678372
4673	5679372
4674	5680372
4675	5681376
4676	5682372
4677	5683372
4678	5684372
4679	5685376
4680	5686372
4681	5687372
4682	5688372
4683	5689376
4684	5690376
4685	5691372
4686	5692372
4687	5693376
4688	5694372
4689	5695372
4690	5696372
4691	5697376
4692	5698372
4693	5699372
4694	5700372
4695	5701376
4696	5702372
4697	5703372
4698	5704376
4699	5705376
4700	5706372
4701	5707372
4702	5708376
4703	5709376
4704	5710372
4705	5711372
4706	5712372
4707	5713376
4708	5714372
4709	5715372
4710	5716372
4711	5717376
4712	5718372
4713	5719372
4714	5720376
4715	5721376
4716	5722372
4717	5723372
4718	5724376
4719	5725376
4720	5726372
4721	5727372
4722	5728372
4723	5729372
4724	5730372
4725	5731372
4726	5732372
4727	5733372
4728	5734372
4729	5735372
4730	5736372
4731	5737376
4732	5738372
4733	5739376
4734	5740376
4735	5741376
4736	5742372
4737	5743376
4738	5744372
4739	5745372
4740	5746372
4741	5747372
4742	5748372
4743	5749372
4744	5750372
4745	5751372
4746	5752372
4747	5753372
4748	5754376
4749	5755376
4750	5756372
4751	5757376
4752	5758376
4753	5759376
4754	5760376
4755	5761376
4756	5762376
4757	5763376
4758	5764372
4759	5765376
4760	5766376
4761	5767376
4762	5768372
4763	5769376
4764	5770376
4765	5771376
4766	5772376
4767	5773376
4768	5774376
4769	5775376
4770	5776376
4771	5777376
4772	5778376
4773	5779376
4774	5780372
4775	5781376
4776	5782376
4777	5783372
4778	5784372
4779	5785376
4780	5786376
4781	5787376
4782	5788376
4783	5789376
4784	5790376
4785	5791376
4786	5792376
4787	5793376
4788	5794376
4789	5795372
4790	5796372
4791	5797376
4792	5798376
4793	5799372
4794	5800372
4795	5801376
4796	5802376
4797	5803372
4798	5804376
4799	5805376
4800	5806376
4801	5807376
4802	5808376
4803	5809376
4804	5810376
4805	5811372
4806	5812372
4807	5813376
4808	5814372
4809	5815372
4810	5816376
4811	5817376
4812	5818372
4813	5819372
4814	5820376
4815	5821376
4816	5822376
4817	5823376
4818	5824376
4819	5825376
4820	5826376
4821	5827376
4822	5828376
4823	5829376
4824	5830372
4825	5831372
4826	5832376
4827	5833376
4828	5834372
4829	5835372
4830	5836376
4831	5837376
4832	5838376
4833	5839376
4834	5840376
4835	5841376
4836	5842376
4837	5843376
4838	5844376
4839	5845376
4840	5846372
4841	5847376
4842	5848376
4843	5849376
4844	5850372
4845	5851376
4846	5852376
4847	5853376
4848	5854376
4849	5855376
4850	5856376
4851	5857376
4852	5858376
4853	5859376
4854	5860376
4855	5861376
4856	5862372
4857	5863376
4858	5864376
4859	5865376
4860	5866372
4861	5867376
4862	5868372
4863	5869376
4864	5870376
4865	5871376
4866	5872372
4867	5873372
4868	5874376
4869	5875376
4870	5876372
4871	5877376
4872	5878376
4873	5879372
4874	5880372
4875	5881372
4876	5882372
4877	5883372
4878	5884372
4879	5885372
4880	5886372
4881	5887368
4882	5888372
4883	5889376
4884	5890376
4885	5891376
4886	5892372
4887	5893376
4888	5894376
4889	5895372
4890	5896372
4891	5897372
4892	5898372
4893	5899372
4894	5900372
4895	5901372
4896	5902372
4897	5903372
4898	5904372
4899	5905376
4900	5906376
4901	5907372
4902	5908372
4903	5909376
4904	5910376
4905	5911372
4906	5912372
4907	5913376
4908	5914372
4909	5915372
4910	5916372
4911	5917376
4912	5918372
4913	5919372
4914	5920372
4915	5921376
4916	5922376
4917	5923372
4918	5924372
4919	5925376
4920	5926372
4921	5927372
4922	5928372
4923	5929376
4924	5930372
4925	5931372
4926	5932372
4927	5933376
4928	5934372
4929	5935372
4930	5936372
4931	5937376
4932	5938372
4933	5939372
4934	5940376
4935	5941376
4936	5942372
4937	5943372
4938	5944376
4939	5945376
4940	5946372
4941	5947372
4942	5948372
4943	5949376
4944	5950372
4945	5951372
4946	5952372
4947	5953372
4948	5954372
4949	5955372
4950	5956376
4951	5957376
4952	5958372
4953	5959376
4954	5960376
4955	5961376
4956	5962372
4957	5963372
4958	5964372
4959	5965372
4960	5966372
4961	5967372
4962	5968372
4963	5969372
4964	5970372
4965	5971372
4966	5972376
4967	5973376
4968	5974372
4969	5975376
4970	5976376
4971	5977376
4972	5978372
4973	5979372
4974	5980372
4975	5981372
4976	5982372
4977	5983372
4978	5984372
4979	5985372
4980	5986372
4981	5987372
4982	5988372
4983	5989376
4984	5990376
4985	5991376
4986	5992372
4987	5993376
4988	5994376
4989	5995376
4990	5996372
4991	5997372
4992	5998372
4993	5999372
4994	6000372
4995	6001372
4996	6002372
4997	6003372
4998	6004372
4999	6005376
5000	6006376
5001	6007376
5002	6008372
5003	6009376
5004	6010376
5005	6011372
5006	6012372
5007	6013372
5008	6014376
5009	6015372
5010	6016372
5011	6017376
5012	6018376
5013	6019372
5014	6020372
5015	6021376
5016	6022376
5017	6023376
5018	6024376
5019	6025376
5020	6026376
5021	6027376
5022	6028376
5023	6029376
5024	6030376
5025	6031372
5026	6032372
5027	6033376
5028	6034376
5029	6035372
5030	6036372
5031	6037376
5032	6038372
5033	6039376
5034	6040376
5035	6041376
5036	6042376
5037	6043376
5038	6044376
5039	6045376
5040	6046372
5041	6047372
5042	6048376
5043	6049376
5044	6050372
5045	6051372
5046	6052376
5047	6053376
5048	6054372
5049	6055372
5050	6056376
5051	6057376
5052	6058376
5053	6059376
5054	6060376
5055	6061376
5056	6062376
5057	6063372
5058	6064376
5059	6065376
5060	6066372
5061	6067372
5062	6068376
5063	6069376
5064	6070372
5065	6071372
5066	6072376
5067	6073376
5068	6074376
5069	6075376
5070	6076376
5071	6077376
5072	6078376
5073	6079376
5074	6080376
5075	6081376
5076	6082372
5077	6083376
5078	6084376
5079	6085376
5080	6086372
5081	6087376
5082	6088376
5083	6089376
5084	6090376
5085	6091376
5086	6092376
5087	6093376
5088	6094376
5089	6095376
5090	6096376
5091	6097376
5092	6098372
5093	6099376
5094	6100372
5095	6101376
5096	6102376
5097	6103376
5098	6104372
5099	6105376
5100	6106376
5101	6107376
5102	6108376
5103	6109376
5104	6110376
5105	6111376
5106	6112376
5107	6113376
5108	6114376
5109	6115376
5110	6116372
5111	6117376
5112	6118376
5113	6119376
5114	6120372
5115	6121376
5116	6122376
5117	6123376
5118	6124376
5119	6125376
5120	6126376
5121	6127372
5122	6128372
5123	6129372
5124	6130372
5125	6131372
5126	6132372
5127	6133376
5128	6134372
5129	6135372
5130	6136372
5131	6137376
5132	6138372
5133	6139372
5134	6140372
5135	6141376
5136	6142376
5137	6143368
5138	6144372
5139	6145376
5140	6146376
5141	6147372
5142	6148372
5143	6149376
5144	6150372
5145	6151372
5146	6152372
5147	6153376
5148	6154372
5149	6155372
5150	6156372
5151	6157376
5152	6158372
5153	6159372
5154	6160376
5155	6161376
5156	6162372
5157	6163372
5158	6164372
5159	6165376
5160	6166372
5161	6167372
5162	6168372
5163	6169376
5164	6170372
5165	6171372
5166	6172372
5167	6173376
5168	6174372
5169	6175372
5170	6176376
5171	6177376
5172	6178372
5173	6179372
5174	6180376
5175	6181372
5176	6182372
5177	6183372
5178	6184372
5179	6185372
5180	6186372
5181	6187372
5182	6188372
5183	6189372
5184	6190372
5185	6191376
5186	6192376
5187	6193376
5188	6194372
5189	6195376
5190	6196376
5191	6197372
5192	6198372
5193	6199372
5194	6200372
5195	6201372
5196	6202372
5197	6203372
5198	6204372
5199	6205372
5200	6206372
5201	6207376
5202	6208372
5203	6209376
5204	6210372
5205	6211376
5206	6212372
5207	6213376
5208	6214372
5209	6215372
5210	6216372
5211	6217372
5212	6218372
5213	6219372
5214	6220372
5215	6221372
5216	6222372
5217	6223372
5218	6224372
5219	6225376
5220	6226376
5221	6227376
5222	6228372
5223	6229376
5224	6230376
5225	6231372
5226	6232372
5227	6233372
5228	6234372
5229	6235372
5230	6236372
5231	6237372
5232	6238372
5233	6239372
5234	6240372
5235	6241376
5236	6242376
5237	6243372
5238	6244372
5239	6245376
5240	6246376
5241	6247372
5242	6248372
5243	6249376
5244	6250372
5245	6251372
5246	6252372
5247	6253376
5248	6254372
5249	6255372
5250	6256372
5251	6257376
5252	6258376
5253	6259372
5254	6260372
5255	6261376
5256	6262376
5257	6263372
5258	6264372
5259	6265376
5260	6266376
5261	6267372
5262	6268372
5263	6269376
5264	6270372
5265	6271372
5266	6272376
5267	6273376
5268	6274376
5269	6275376
5270	6276376
5271	6277376
5272	6278376
5273	6279376
5274	6280376
5275	6281376
5276	6282372
5277	6283372
5278	6284376
5279	6285376
5280	6286372
5281	6287372
5282	6288376
5283	6289376
5284	6290372
5285	6291376
5286	6292376
5287	6293376
5288	6294376
5289	6295376
5290	6296376
5291	6297376
5292	6298372
5293	6299372
5294	6300376
5295	6301376
5296	6302372
5297	6303376
5298	6304376
5299	6305376
5300	6306372
5301	6307376
5302	6308376
5303	6309376
5304	6310376
5305	6311376
5306	6312376
5307	6313376
5308	6314376
5309	6315376
5310	6316376
5311	6317376
5312	6318372
5313	6319376
5314	6320376
5315	6321376
5316	6322372
5317	6323376
5318	6324376
5319	6325376
5320	6326376
5321	6327376
5322	6328376
5323	6329376
5324	6330376
5325	6331376
5326	6332372
5327	6333376
5328	6334376
5329	6335376
5330	6336372
5331	6337376
5332	6338376
5333	6339376
5334	6340372
5335	6341376
5336	6342376
5337	6343376
5338	6344376
5339	6345376
5340	6346376
5341	6347376
5342	6348372
5343	6349376
5344	6350376
5345	6351372
5346	6352372
5347	6353376
5348	6354376
5349	6355372
5350	6356372
5351	6357376
5352	6358376
5353	6359376
5354	6360376
5355	6361376
5356	6362376
5357	6363376
5358	6364376
5359	6365376
5360	6366376
5361	6367372
5362	6368372
5363	6369376
5364	6370376
5365	6371372
5366	6372372
5367	6373376
5368	6374376
5369	6375376
5370	6376376
5371	6377376
5372	6378376
5373	6379376
5374	6380376
5375	6381376
5376	6382376
5377	6383372
5378	6384372
5379	6385372
5380	6386372
5381	6387372
5382	6388372
5383	6389376
5384	6390372
5385	6391372
5386	6392376
5387	6393376
5388	6394372
5389	6395372
5390	6396376
5391	6397376
5392	6398372
5393	6399368
5394	6400372
5395	6401376
5396	6402372
5397	6403372
5398	6404372
5399	6405376
5400	6406372
5401	6407372
5402	6408376
5403	6409376
5404	6410372
5405	6411372
5406	6412376
5407	6413376
5408	6414372
5409	6415372
5410	6416372
5411	6417372
5412	6418372
5413	6419372
5414	6420372
5415	6421372
5416	6422372
5417	6423372
5418	6424372
5419	6425376
5420	6426372
5421	6427376
5422	6428376
5423	6429376
5424	6430372
5425	6431376
5426	6432372
5427	6433372
5428	6434372
5429	6435372
5430	6436372
5431	6437372
5432	6438372
5433	6439372
5434	6440372
5435	6441372
5436	6442376
5437	6443376
5438	6444372
5439	6445376
5440	6446376
5441	6447376
5442	6448372
5443	6449372
5444	6450372
5445	6451372
5446	6452372
5447	6453372
5448	6454372
5449	6455372
5450	6456372
5451	6457372
5452	6458376
5453	6459376
5454	6460372
5455	6461376
5456	6462376
5457	6463372
5458	6464372
5459	6465376
5460	6466372
5461	6467372
5462	6468372
5463	6469372
5464	6470372
5465	6471372
5466	6472372
5467	6473376
5468	6474372
5469	6475372
5470	6476372
5471	6477376
5472	6478376
5473	6479372
5474	6480372
5475	6481376
5476	6482376
5477	6483372
5478	6484372
5479	6485376
5480	6486372
5481	6487372
5482	6488372
5483	6489376
5484	6490372
5485	6491372
5486	6492372
5487	6493376
5488	6494372
5489	6495372
5490	6496372
5491	6497376
5492	6498372
5493	6499372
5494	6500372
5495	6501376
5496	6502372
5497	6503372
5498	6504372
5499	6505376
5500	6506372
5501	6507372
5502	6508372
5503	6509376
5504	6510372
5505	6511372
5506	6512376
5507	6513376
5508	6514372
5509	6515372
5510	6516372
5511	6517376
5512	6518372
5513	6519372
5514	6520372
5515	6521372
5516	6522376
5517	6523372
5518	6524372
5519	6525376
5520	6526376
5521	6527376
5522	6528376
5523	6529376
5524	6530376
5525	6531376
5526	6532376
5527	6533376
5528	6534372
5529	6535376
5530	6536376
5531	6537376
5532	6538372
5533	6539376
5534	6540376
5535	6541376
5536	6542376
5537	6543376
5538	6544376
5539	6545376
5540	6546376
5541	6547376
5542	6548376
5543	6549376
5544	6550372
5545	6551376
5546	6552372
5547	6553376
5548	6554372
5549	6555376
5550	6556372
5551	6557376
5552	6558376
5553	6559376
5554	6560376
5555	6561376
5556	6562376
5557	6563376
5558	6564376
5559	6565376
5560	6566376
5561	6567376
5562	6568372
5563	6569376
5564	6570376
5565	6571376
5566	6572372
5567	6573376
5568	6574376
5569	6575376
5570	6576376
5571	6577376
5572	6578376
5573	6579376
5574	6580376
5575	6581376
5576	6582376
5577	6583372
5578	6584372
5579	6585376
5580	6586376
5581	6587372
5582	6588372
5583	6589376
5584	6590376
5585	6591372
5586	6592372
5587	6593376
5588	6594376
5589	6595376
5590	6596376
5591	6597376
5592	6598376
5593	6599376
5594	6600372
5595	6601376
5596	6602376
5597	6603372
5598	6604372
5599	6605376
5600	6606372
5601	6607372
5602	6608372
5603	6609376
5604	6610376
5605	6611376
5606	6612376
5607	6613376
5608	6614376
5609	6615376
5610	6616376
5611	6617376
5612	6618372
5613	6619372
5614	6620376
5615	6621376
5616	6622372
5617	6623372
5618	6624376
5619	6625376
5620	6626376
5621	6627376
5622	6628376
5623	6629376
5624	6630376
5625	6631376
5626	6632376
5627	6633376
5628	6634372
5629	6635372
5630	6636376
5631	6637376
5632	6638376
5633	6639372
5634	6640372
5635	6641372
5636	6642372
5637	6643376
5638	6644376
5639	6645376
5640	6646372
5641	6647376
5642	6648376
5643	6649376
5644	6650372
5645	6651372
5646	6652372
5647	6653372
5648	6654372
5649	6655368
5650	6656372
5651	6657372
5652	6658372
5653	6659372
5654	6660376
5655	6661376
5656	6662372
5657	6663376
5658	6664372
5659	6665376
5660	6666372
5661	6667372
5662	6668372
5663	6669372
5664	6670372
5665	6671372
5666	6672372
5667	6673372
5668	6674372
5669	6675372
5670	6676372
5671	6677376
5672	6678376
5673	6679376
5674	6680372
5675	6681376
5676	6682376
5677	6683376
5678	6684372
5679	6685372
5680	6686372
5681	6687372
5682	6688372
5683	6689372
5684	6690372
5685	6691372
5686	6692372
5687	6693376
5688	6694376
5689	6695372
5690	6696372
5691	6697376
5692	6698376
5693	6699372
5694	6700372
5695	6701376
5696	6702372
5697	6703372
5698	6704372
5699	6705376
5700	6706372
5701	6707372
5702	6708372
5703	6709376
5704	6710376
5705	6711372
5706	6712372
5707	6713376
5708	6714376
5709	6715372
5710	6716372
5711	6717376
5712	6718376
5713	6719372
5714	6720372
5715	6721376
5716	6722372
5717	6723372
5718	6724372
5719	6725376
5720	6726372
5721	6727376
5722	6728376
5723	6729376
5724	6730376
5725	6731376
5726	6732376
5727	6733376
5728	6734372
5729	6735372
5730	6736376
5731	6737376
5732	6738372
5733	6739372
5734	6740376
5735	6741376
5736	6742372
5737	6743372
5738	6744376
5739	6745376
5740	6746376
5741	6747376
5742	6748376
5743	6749376
5744	6750376
5745	6751372
5746	6752376
5747	6753376
5748	6754372
5749	6755376
5750	6756376
5751	6757376
5752	6758372
5753	6759376
5754	6760376
5755	6761376
5756	6762376
5757	6763376
5758	6764376
5759	6765376
5760	6766376
5761	6767376
5762	6768376
5763	6769376
5764	6770372
5765	6771376
5766	6772376
5767	6773376
5768	6774372
5769	6775376
5770	6776372
5771	6777376
5772	6778376
5773	6779376
5774	6780376
5775	6781376
5776	6782376
5777	6783376
5778	6784376
5779	6785376
5780	6786376
5781	6787376
5782	6788376
5783	6789376
5784	6790376
5785	6791376
5786	6792376
5787	6793376
5788	6794376
5789	6795376
5790	6796376
5791	6797376
5792	6798376
5793	6799376
5794	6800376
5795	6801376
5796	6802376
5797	6803376
5798	6804376
5799	6805376
5800	6806376
5801	6807376
5802	6808376
5803	6809376
5804	6810376
5805	6811376
5806	6812376
5807	6813376
5808	6814376
5809	6815376
5810	6816376
5811	6817376
5812	6818376
5813	6819376
5814	6820376
5815	6821376
5816	6822376
5817	6823376
5818	6824376
5819	6825376
5820	6826376
5821	6827376
5822	6828376
5823	6829376
5824	6830376
5825	6831376
5826	6832376
5827	6833376
5828	6834376
5829	6835376
5830	6836376
5831	6837376
5832	6838376
5833	6839376
5834	6840376
5835	6841376
5836	6842376
5837	6843376
5838	6844376
5839	6845376
5840	6846376
5841	6847376
5842	6848376
5843	6849376
5844	6850376
5845	6851376
5846	6852376
5847	6853376
5848	6854376
5849	6855376
5850	6856376
5851	6857376
5852	6858376
5853	6859376
5854	6860376
5855	6861376
5856	6862376
5857	6863376
5858	6864376
5859	6865376
5860	6866376
5861	6867376
5862	6868376
5863	6869376
5864	6870376
5865	6871376
5866	6872376
5867	6873376
5868	6874376
5869	6875376
5870	6876376
5871	6877376
5872	6878376
5873	6879376
5874	6880376
5875	6881376
5876	6882376
5877	6883376
5878	6884376
5879	6885376
5880	6886376
5881	6887376
5882	6888376
5883	6889376
5884	6890376
5885	6891376
5886	6892376
5887	6893376
5888	6894376
5889	6895376
5890	6896376
5891	6897372
5892	6898376
5893	6899376
5894	6900376
5895	6901376
5896	6902376
5897	6903376
5898	6904372
5899	6905376
5900	6906376
5901	6907376
5902	6908372
5903	6909376
5904	6910376
5905	6911368
5906	6912376
5907	6913376
5908	6914376
5909	6915376
5910	6916376
5911	6917376
5912	6918376
5913	6919372
5914	6920372
5915	6921376
5916	6922376
5917	6923372
5918	6924372
5919	6925376
5920	6926376
5921	6927372
5922	6928376
5923	6929376
5924	6930376
5925	6931376
5926	6932376
5927	6933376
5928	6934376
5929	6935372
5930	6936372
5931	6937376
5932	6938376
5933	6939372
5934	6940372
5935	6941376
5936	6942376
5937	6943372
5938	6944372
5939	6945376
5940	6946376
5941	6947376
5942	6948376
5943	6949376
5944	6950376
5945	6951376
5946	6952372
5947	6953376
5948	6954372
5949	6955372
5950	6956376
5951	6957376
5952	6958372
5953	6959372
5954	6960376
5955	6961376
5956	6962376
5957	6963376
5958	6964376
5959	6965376
5960	6966376
5961	6967376
5962	6968376
5963	6969376
5964	6970372
5965	6971372
5966	6972376
5967	6973376
5968	6974372
5969	6975372
5970	6976376
5971	6977376
5972	6978376
5973	6979376
5974	6980376
5975	6981376
5976	6982376
5977	6983376
5978	6984376
5979	6985376
5980	6986372
5981	6987376
5982	6988376
5983	6989376
5984	6990372
5985	6991376
5986	6992376
5987	6993376
5988	6994372
5989	6995376
5990	6996376
5991	6997376
5992	6998376
5993	6999376
5994	7000376
5995	7001376
5996	7002376
5997	7003376
5998	7004372
5999	7005376
6000	7006372
6001	7007376
6002	7008372
6003	7009376
6004	7010372
6005	7011376
6006	7012376
6007	7013376
6008	7014376
6009	7015376
6010	7016376
6011	7017376
6012	7018376
6013	7019376
6014	7020372
6015	7021376
6016	7022376
6017	7023376
6018	7024372
6019	7025376
6020	7026376
6021	7027376
6022	7028372
6023	7029376
6024	7030376
6025	7031376
6026	7032376
6027	7033376
6028	7034376
6029	7035376
6030	7036372
6031	7037376
6032	7038376
6033	7039376
6034	7040376
6035	7041376
6036	7042376
6037	7043376
6038	7044376
6039	7045376
6040	7046376
6041	7047376
6042	7048376
6043	7049376
6044	7050376
6045	7051376
6046	7052376
6047	7053376
6048	7054376
6049	7055376
6050	7056376
6051	7057376
6052	7058376
6053	7059376
6054	7060376
6055	7061376
6056	7062376
6057	7063376
6058	7064376
6059	7065376
6060	7066376
6061	7067376
6062	7068376
6063	7069376
6064	7070376
6065	7071376
6066	7072376
6067	7073376
6068	7074376
6069	7075376
6070	7076376
6071	7077376
6072	7078376
6073	7079376
6074	7080376
6075	7081376
6076	7082376
6077	7083376
6078	7084376
6079	7085376
6080	7086376
6081	7087376
6082	7088376
6083	7089376
6084	7090376
6085	7091376
6086	7092376
6087	7093376
6088	7094376
6089	7095376
6090	7096376
6091	7097376
6092	7098376
6093	7099376
6094	7100376
6095	7101376
6096	7102376
6097	7103376
6098	7104376
6099	7105376
6100	7106376
6101	7107376
6102	7108376
6103	7109376
6104	7110376
6105	7111376
6106	7112376
6107	7113376
6108	7114376
6109	7115376
6110	7116376
6111	7117376
6112	7118376
6113	7119376
6114	7120376
6115	7121376
6116	7122376
6117	7123376
6118	7124376
6119	7125376
6120	7126376
6121	7127376
6122	7128376
6123	7129376
6124	7130376
6125	7131376
6126	7132376
6127	7133376
6128	7134376
6129	7135376
6130	7136376
6131	7137376
6132	7138376
6133	7139376
6134	7140376
6135	7141376
6136	7142376
6137	7143376
6138	7144376
6139	7145376
6140	7146376
6141	7147376
6142	7148376
6143	7149376
6144	7150376
6145	7151376
6146	7152376
6147	7153376
6148	7154376
6149	7155372
6150	7156372
6151	7157376
6152	7158376
6153	7159372
6154	7160372
6155	7161376
6156	7162376
6157	7163376
6158	7164376
6159	7165376
6160	7166376
6161	7167368
6162	7168376
6163	7169376
6164	7170376
6165	7171372
6166	7172372
6167	7173376
6168	7174372
6169	7175372
6170	7176372
6171	7177376
6172	7178372
6173	7179372
6174	7180376
6175	7181376
6176	7182376
6177	7183376
6178	7184376
6179	7185376
6180	7186376
6181	7187372
6182	7188376
6183	7189376
6184	7190372
6185	7191372
6186	7192376
6187	7193376
6188	7194372
6189	7195372
6190	7196376
6191	7197376
6192	7198376
6193	7199376
6194	7200376
6195	7201376
6196	7202376
6197	7203376
6198	7204376
6199	7205376
6200	7206372
6201	7207372
6202	7208376
6203	7209376
6204	7210372
6205	7211376
6206	7212376
6207	7213376
6208	7214376
6209	7215376
6210	7216376
6211	7217376
6212	7218376
6213	7219376
6214	7220376
6215	7221376
6216	7222372
6217	7223376
6218	7224376
6219	7225376
6220	7226372
6221	7227376
6222	7228376
6223	7229376
6224	7230376
6225	7231376
6226	7232376
6227	7233376
6228	7234376
6229	7235376
6230	7236376
6231	7237376
6232	7238376
6233	7239376
6234	7240372
6235	7241376
6236	7242376
6237	7243376
6238	7244372
6239	7245376
6240	7246376
6241	7247376
6242	7248376
6243	7249376
6244	7250376
6245	7251376
6246	7252376
6247	7253376
6248	7254376
6249	7255376
6250	7256372
6251	7257376
6252	7258376
6253	7259376
6254	7260372
6255	7261376
6256	7262376
6257	7263372
6258	7264376
6259	7265376
6260	7266376
6261	7267376
6262	7268376
6263	7269376
6264	7270376
6265	7271372
6266	7272372
6267	7273376
6268	7274376
6269	7275372
6270	7276372
6271	7277376
6272	7278376
6273	7279372
6274	7280376
6275	7281376
6276	7282376
6277	7283376
6278	7284376
6279	7285376
6280	7286376
6281	7287376
6282	7288372
6283	7289376
6284	7290376
6285	7291372
6286	7292372
6287	7293376
6288	7294376
6289	7295376
6290	7296376
6291	7297376
6292	7298376
6293	7299376
6294	7300376
6295	7301376
6296	7302376
6297	7303376
6298	7304376
6299	7305376
6300	7306376
6301	7307376
6302	7308376
6303	7309376
6304	7310376
6305	7311376
6306	7312376
6307	7313376
6308	7314376
6309	7315376
6310	7316376
6311	7317376
6312	7318376
6313	7319376
6314	7320376
6315	7321376
6316	7322376
6317	7323376
6318	7324376
6319	7325376
6320	7326376
6321	7327376
6322	7328376
6323	7329376
6324	7330376
6325	7331376
6326	7332376
6327	7333376
6328	7334376
6329	7335376
6330	7336376
6331	7337376
6332	7338376
6333	7339376
6334	7340376
6335	7341376
6336	7342376
6337	7343376
6338	7344376
6339	7345376
6340	7346376
6341	7347376
6342	7348376
6343	7349376
6344	7350376
6345	7351376
6346	7352376
6347	7353376
6348	7354376
6349	7355376
6350	7356376
6351	7357376
6352	7358376
6353	7359376
6354	7360376
6355	7361376
6356	7362376
6357	7363376
6358	7364376
6359	7365376
6360	7366376
6361	7367376
6362	7368376
6363	7369376
6364	7370376
6365	7371376
6366	7372376
6367	7373376
6368	7374376
6369	7375376
6370	7376376
6371	7377376
6372	7378376
6373	7379376
6374	7380376
6375	7381376
6376	7382376
6377	7383376
6378	7384376
6379	7385376
6380	7386376
6381	7387376
6382	7388376
6383	7389376
6384	7390376
6385	7391376
6386	7392376
6387	7393376
6388	7394376
6389	7395376
6390	7396376
6391	7397376
6392	7398376
6393	7399376
6394	7400376
6395	7401376
6396	7402376
6397	7403376
6398	7404376
6399	7405376
6400	7406376
6401	7407372
6402	7408372
6403	7409372
6404	7410372
6405	7411372
6406	7412376
6407	7413376
6408	7414372
6409	7415376
6410	7416376
6411	7417376
6412	7418376
6413	7419376
6414	7420376
6415	7421376
6416	7422372
6417	7423368
6418	7424376
6419	7425376
6420	7426372
6421	7427372
6422	7428376
6423	7429376
6424	7430372
6425	7431376
6426	7432376
6427	7433376
6428	7434376
6429	7435376
6430	7436376
6431	7437376
6432	7438376
6433	7439376
6434	7440376
6435	7441376
6436	7442372
6437	7443376
6438	7444376
6439	7445376
6440	7446372
6441	7447376
6442	7448376
6443	7449376
6444	7450376
6445	7451376
6446	7452376
6447	7453376
6448	7454376
6449	7455376
6450	7456376
6451	7457376
6452	7458372
6453	7459376
6454	7460372
6455	7461376
6456	7462372
6457	7463376
6458	7464372
6459	7465376
6460	7466376
6461	7467376
6462	7468376
6463	7469376
6464	7470376
6465	7471376
6466	7472372
6467	7473376
6468	7474376
6469	7475376
6470	7476372
6471	7477376
6472	7478376
6473	7479376
6474	7480372
6475	7481376
6476	7482376
6477	7483376
6478	7484376
6479	7485376
6480	7486376
6481	7487376
6482	7488376
6483	7489376
6484	7490376
6485	7491372
6486	7492372
6487	7493376
6488	7494376
6489	7495372
6490	7496372
6491	7497376
6492	7498376
6493	7499376
6494	7500376
6495	7501376
6496	7502376
6497	7503376
6498	7504376
6499	7505376
6500	7506376
6501	7507372
6502	7508372
6503	7509376
6504	7510376
6505	7511372
6506	7512372
6507	7513376
6508	7514376
6509	7515376
6510	7516376
6511	7517376
6512	7518376
6513	7519376
6514	7520376
6515	7521376
6516	7522376
6517	7523372
6518	7524376
6519	7525376
6520	7526372
6521	7527372
6522	7528376
6523	7529376
6524	7530372
6525	7531372
6526	7532376
6527	7533376
6528	7534376
6529	7535376
6530	7536376
6531	7537376
6532	7538376
6533	7539372
6534	7540376
6535	7541376
6536	7542372
6537	7543372
6538	7544376
6539	7545376
6540	7546376
6541	7547372
6542	7548376
6543	7549376
6544	7550376
6545	7551376
6546	7552376
6547	7553376
6548	7554376
6549	7555376
6550	7556376
6551	7557376
6552	7558376
6553	7559376
6554	7560376
6555	7561376
6556	7562376
6557	7563376
6558	7564376
6559	7565376
6560	7566376
6561	7567376
6562	7568376
6563	7569376
6564	7570376
6565	7571376
6566	7572376
6567	7573376
6568	7574376
6569	7575376
6570	7576376
6571	7577376
6572	7578376
6573	7579376
6574	7580376
6575	7581376
6576	7582376
6577	7583376
6578	7584376
6579	7585376
6580	7586376
6581	7587376
6582	7588376
6583	7589376
6584	7590376
6585	7591376
6586	7592376
6587	7593376
6588	7594376
6589	7595376
6590	7596376
6591	7597376
6592	7598376
6593	7599376
6594	7600376
6595	7601376
6596	7602376
6597	7603376
6598	7604376
6599	7605376
6600	7606376
6601	7607376
6602	7608376
6603	7609376
6604	7610376
6605	7611376
6606	7612376
6607	7613376
6608	7614376
6609	7615376
6610	7616376
6611	7617376
6612	7618376
6613	7619376
6614	7620376
6615	7621376
6616	7622376
6617	7623376
6618	7624376
6619	7625376
6620	7626376
6621	7627376
6622	7628376
6623	7629376
6624	7630376
6625	7631376
6626	7632376
6627	7633376
6628	7634376
6629	7635376
6630	7636376
6631	7637376
6632	7638376
6633	7639376
6634	7640376
6635	7641376
6636	7642376
6637	7643376
6638	7644376
6639	7645376
6640	7646376
6641	7647376
6642	7648376
6643	7649376
6644	7650376
6645	7651376
6646	7652376
6647	7653376
6648	7654376
6649	7655376
6650	7656376
6651	7657376
6652	7658376
6653	7659376
6654	7660376
6655	7661376
6656	7662376
6657	7663372
6658	7664376
6659	7665372
6660	7666376
6661	7667376
6662	7668376
6663	7669376
6664	7670376
6665	7671376
6666	7672376
6667	7673376
6668	7674372
6669	7675376
6670	7676376
6671	7677376
6672	7678372
6673	7679368
6674	7680376
6675	7681376
6676	7682372
6677	7683376
6678	7684376
6679	7685376
6680	7686376
6681	7687376
6682	7688376
6683	7689376
6684	7690372
6685	7691376
6686	7692372
6687	7693376
6688	7694376
6689	7695376
6690	7696372
6691	7697376
6692	7698376
6693	7699376
6694	7700376
6695	7701376
6696	7702376
6697	7703376
6698	7704376
6699	7705376
6700	7706376
6701	7707376
6702	7708372
6703	7709376
6704	7710376
6705	7711376
6706	7712372
6707	7713376
6708	7714376
6709	7715372
6710	7716372
6711	7717376
6712	7718376
6713	7719376
6714	7720376
6715	7721376
6716	7722376
6717	7723376
6718	7724372
6719	7725376
6720	7726376
6721	7727372
6722	7728372
6723	7729376
6724	7730376
6725	7731372
6726	7732372
6727	7733376
6728	7734376
6729	7735376
6730	7736376
6731	7737376
6732	7738376
6733	7739376
6734	7740376
6735	7741376
6736	7742376
6737	7743372
6738	7744372
6739	7745376
6740	7746372
6741	7747372
6742	7748372
6743	7749376
6744	7750376
6745	7751376
6746	7752376
6747	7753376
6748	7754376
6749	7755376
6750	7756376
6751	7757376
6752	7758372
6753	7759372
6754	7760376
6755	7761376
6756	7762372
6757	7763372
6758	7764376
6759	7765376
6760	7766372
6761	7767376
6762	7768376
6763	7769376
6764	7770376
6765	7771376
6766	7772376
6767	7773376
6768	7774372
6769	7775372
6770	7776376
6771	7777376
6772	7778372
6773	7779376
6774	7780376
6775	7781376
6776	7782372
6777	7783376
6778	7784376
6779	7785376
6780	7786376
6781	7787376
6782	7788376
6783	7789376
6784	7790376
6785	7791376
6786	7792376
6787	7793376
6788	7794372
6789	7795376
6790	7796376
6791	7797376
6792	7798372
6793	7799376
6794	7800372
6795	7801376
6796	7802376
6797	7803376
6798	7804376
6799	7805376
6800	7806376
6801	7807376
6802	7808376
6803	7809376
6804	7810376
6805	7811376
6806	7812376
6807	7813376
6808	7814376
6809	7815376
6810	7816376
6811	7817376
6812	7818376
6813	7819376
6814	7820376
6815	7821376
6816	7822376
6817	7823376
6818	7824376
6819	7825376
6820	7826376
6821	7827376
6822	7828376
6823	7829376
6824	7830376
6825	7831376
6826	7832376
6827	7833376
6828	7834376
6829	7835376
6830	7836376
6831	7837376
6832	7838376
6833	7839376
6834	7840376
6835	7841376
6836	7842376
6837	7843376
6838	7844376
6839	7845376
6840	7846376
6841	7847376
6842	7848376
6843	7849376
6844	7850376
6845	7851376
6846	7852376
6847	7853376
6848	7854376
6849	7855376
6850	7856376
6851	7857376
6852	7858376
6853	7859376
6854	7860376
6855	7861376
6856	7862376
6857	7863376
6858	7864376
6859	7865376
6860	7866376
6861	7867376
6862	7868376
6863	7869376
6864	7870376
6865	7871376
6866	7872376
6867	7873376
6868	7874376
6869	7875376
6870	7876376
6871	7877376
6872	7878376
6873	7879376
6874	7880376
6875	7881376
6876	7882376
6877	7883376
6878	7884376
6879	7885376
6880	7886376
6881	7887376
6882	7888376
6883	7889376
6884	7890376
6885	7891376
6886	7892376
6887	7893376
6888	7894376
6889	7895376
6890	7896376
6891	7897376
6892	7898376
6893	7899376
6894	7900376
6895	7901376
6896	7902376
6897	7903376
6898	7904376
6899	7905376
6900	7906376
6901	7907376
6902	7908376
6903	7909376
6904	7910376
6905	7911376
6906	7912376
6907	7913376
6908	7914376
6909	7915376
6910	7916376
6911	7917376
6912	7918376
6913	7919376
6914	7920376
6915	7921372
6916	7922376
6917	7923376
6918	7924376
6919	7925376
6920	7926376
6921	7927376
6922	7928372
6923	7929376
6924	7930376
6925	7931376
6926	7932372
6927	7933376
6928	7934376
6929	7935368
6930	7936376
6931	7937376
6932	7938376
6933	7939376
6934	7940376
6935	7941376
6936	7942376
6937	7943372
6938	7944372
6939	7945376
6940	7946376
6941	7947372
6942	7948372
6943	7949376
6944	7950376
6945	7951372
6946	7952376
6947	7953376
6948	7954376
6949	7955376
6950	7956376
6951	7957376
6952	7958376
6953	7959372
6954	7960372
6955	7961376
6956	7962376
6957	7963372
6958	7964372
6959	7965376
6960	7966376
6961	7967372
6962	7968376
6963	7969376
6964	7970376
6965	7971376
6966	7972376
6967	7973376
6968	7974376
6969	7975376
6970	7976372
6971	7977376
6972	7978372
6973	7979372
6974	7980376
6975	7981376
6976	7982372
6977	7983372
6978	7984376
6979	7985376
6980	7986376
6981	7987376
6982	7988376
6983	7989376
6984	7990376
6985	7991376
6986	7992376
6987	7993376
6988	7994372
6989	7995372
6990	7996376
6991	7997376
6992	7998372
6993	7999372
6994	8000376
6995	8001376
6996	8002376
6997	8003376
6998	8004376
6999	8005376
7000	8006376
7001	8007376
7002	8008376
7003	8009376
7004	8010372
7005	8011376
7006	8012376
7007	8013376
7008	8014372
7009	8015376
7010	8016376
7011	8017376
7012	8018372
7013	8019376
7014	8020376
7015	8021376
7016	8022376
7017	8023376
7018	8024376
7019	8025376
7020	8026372
7021	8027376
7022	8028372
7023	8029376
7024	8030372
7025	8031376
7026	8032372
7027	8033376
7028	8034372
7029	8035376
7030	8036376
7031	8037376
7032	8038376
7033	8039376
7034	8040376
7035	8041376
7036	8042376
7037	8043376
7038	8044372
7039	8045376
7040	8046376
7041	8047376
7042	8048372
7043	8049376
7044	8050376
7045	8051376
7046	8052376
7047	8053376
7048	8054376
7049	8055376
7050	8056376
7051	8057376
7052	8058376
7053	8059376
7054	8060372
7055	8061376
7056	8062376
7057	8063376
7058	8064376
7059	8065376
7060	8066376
7061	8067376
7062	8068376
7063	8069376
7064	8070376
7065	8071376
7066	8072376
7067	8073376
7068	8074376
7069	8075376
7070	8076376
7071	8077376
7072	8078376
7073	8079376
7074	8080376
7075	8081376
7076	8082376
7077	8083376
7078	8084376
7079	8085376
7080	8086376
7081	8087376
7082	8088376
7083	8089376
7084	8090376
7085	8091376
7086	8092376
7087	8093376
7088	8094376
7089	8095376
7090	8096376
7091	8097376
7092	8098376
7093	8099376
7094	8100376
7095	8101376
7096	8102376
7097	8103376
7098	8104376
7099	8105376
7100	8106376
7101	8107376
7102	8108376
7103	8109376
7104	8110376
7105	8111376
7106	8112376
7107	8113376
7108	8114376
7109	8115376
7110	8116376
7111	8117376
7112	8118376
7113	8119376
7114	8120376
7115	8121376
7116	8122376
7117	8123376
7118	8124376
7119	8125376
7120	8126376
7121	8127376
7122	8128376
7123	8129376
7124	8130376
7125	8131376
7126	8132376
7127	8133376
7128	8134376
7129	8135376
7130	8136376
7131	8137376
7132	8138376
7133	8139376
7134	8140376
7135	8141376
7136	8142376
7137	8143376
7138	8144376
7139	8145376
7140	8146376
7141	8147376
7142	8148376
7143	8149376
7144	8150376
7145	8151376
7146	8152376
7147	8153376
7148	8154376
7149	8155376
7150	8156376
7151	8157376
7152	8158376
7153	8159376
7154	8160376
7155	8161376
7156	8162376
7157	8163376
7158	8164376
7159	8165376
7160	8166376
7161	8167376
7162	8168376
7163	8169376
7164	8170376
7165	8171376
7166	8172376
7167	8173376
7168	8174376
7169	8175376
7170	8176376
7171	8177372
7172	8178376
7173	8179372
7174	8180372
7175	8181376
7176	8182376
7177	8183372
7178	8184372
7179	8185376
7180	8186376
7181	8187376
7182	8188376
7183	8189376
7184	8190376
7185	8191368
7186	8192376
7187	8193376
7188	8194376
7189	8195372
7190	8196372
7191	8197376
7192	8198372
7193	8199372
7194	8200372
7195	8201376
7196	8202372
7197	8203376
7198	8204376
7199	8205376
7200	8206376
7201	8207376
7202	8208376
7203	8209376
7204	8210376
7205	8211372
7206	8212376
7207	8213376
7208	8214372
7209	8215372
7210	8216376
7211	8217376
7212	8218372
7213	8219372
7214	8220376
7215	8221376
7216	8222376
7217	8223376
7218	8224376
7219	8225376
7220	8226376
7221	8227372
7222	8228376
7223	8229376
7224	8230372
7225	8231372
7226	8232376
7227	8233376
7228	8234372
7229	8235376
7230	8236376
7231	8237376
7232	8238376
7233	8239376
7234	8240376
7235	8241376
7236	8242376
7237	8243376
7238	8244376
7239	8245376
7240	8246372
7241	8247376
7242	8248376
7243	8249376
7244	8250372
7245	8251376
7246	8252376
7247	8253376
7248	8254376
7249	8255376
7250	8256376
7251	8257376
7252	8258376
7253	8259376
7254	8260376
7255	8261376
7256	8262376
7257	8263376
7258	8264372
7259	8265376
7260	8266376
7261	8267376
7262	8268372
7263	8269376
7264	8270376
7265	8271376
7266	8272376
7267	8273376
7268	8274376
7269	8275376
7270	8276376
7271	8277376
7272	8278376
7273	8279376
7274	8280372
7275	8281376
7276	8282376
7277	8283376
7278	8284372
7279	8285376
7280	8286376
7281	8287376
7282	8288376
7283	8289376
7284	8290376
7285	8291376
7286	8292376
7287	8293376
7288	8294376
7289	8295372
7290	8296372
7291	8297376
7292	8298376
7293	8299372
7294	8300372
7295	8301376
7296	8302376
7297	8303372
7298	8304376
7299	8305376
7300	8306376
7301	8307376
7302	8308376
7303	8309376
7304	8310376
7305	8311372
7306	8312372
7307	8313376
7308	8314376
7309	8315372
7310	8316372
7311	8317376
7312	8318376
7313	8319376
7314	8320376
7315	8321376
7316	8322376
7317	8323376
7318	8324376
7319	8325376
7320	8326376
7321	8327376
7322	8328376
7323	8329376
7324	8330376
7325	8331376
7326	8332376
7327	8333376
7328	8334376
7329	8335376
7330	8336376
7331	8337376
7332	8338376
7333	8339376
7334	8340376
7335	8341376
7336	8342376
7337	8343376
7338	8344376
7339	8345376
7340	8346376
7341	8347376
7342	8348376
7343	8349376
7344	8350376
7345	8351376
7346	8352376
7347	8353376
7348	8354376
7349	8355376
7350	8356376
7351	8357376
7352	8358376
7353	8359376
7354	8360376
7355	8361376
7356	8362376
7357	8363376
7358	8364376
7359	8365376
7360	8366376
7361	8367376
7362	8368376
7363	8369376
7364	8370376
7365	8371376
7366	8372376
7367	8373376
7368	8374376
7369	8375376
7370	8376376
7371	8377376
7372	8378376
7373	8379376
7374	8380376
7375	8381376
7376	8382376
7377	8383376
7378	8384376
7379	8385376
7380	8386376
7381	8387376
7382	8388376
7383	8389376
7384	8390376
7385	8391376
7386	8392376
7387	8393376
7388	8394376
7389	8395376
7390	8396376
7391	8397376
7392	8398376
7393	8399376
7394	8400376
7395	8401376
7396	8402376
7397	8403376
7398	8404376
7399	8405376
7400	8406376
7401	8407376
7402	8408376
7403	8409376
7404	8410376
7405	8411376
7406	8412376
7407	8413376
7408	8414376
7409	8415376
7410	8416376
7411	8417376
7412	8418376
7413	8419376
7414	8420376
7415	8421376
7416	8422376
7417	8423376
7418	8424376
7419	8425376
7420	8426376
7421	8427376
7422	8428376
7423	8429376
7424	8430376
7425	8431372
7426	8432372
7427	8433372
7428	8434372
7429	8435372
7430	8436376
7431	8437376
7432	8438376
7433	8439376
7434	8440376
7435	8441376
7436	8442376
7437	8443376
7438	8444376
7439	8445376
7440	8446372
7441	8447368
7442	8448376
7443	8449376
7444	8450372
7445	8451372
7446	8452376
7447	8453376
7448	8454372
7449	8455376
7450	8456376
7451	8457376
7452	8458376
7453	8459376
7454	8460376
7455	8461376
7456	8462372
7457	8463376
7458	8464376
7459	8465376
7460	8466372
7461	8467376
7462	8468376
7463	8469376
7464	8470372
7465	8471376
7466	8472376
7467	8473376
7468	8474376
7469	8475376
7470	8476376
7471	8477376
7472	8478376
7473	8479376
7474	8480376
7475	8481376
7476	8482372
7477	8483376
7478	8484372
7479	8485376
7480	8486372
7481	8487376
7482	8488376
7483	8489376
7484	8490376
7485	8491376
7486	8492376
7487	8493376
7488	8494376
7489	8495376
7490	8496372
7491	8497376
7492	8498376
7493	8499376
7494	8500372
7495	8501376
7496	8502376
7497	8503376
7498	8504372
7499	8505376
7500	8506376
7501	8507376
7502	8508376
7503	8509376
7504	8510376
7505	8511376
7506	8512376
7507	8513376
7508	8514376
7509	8515372
7510	8516372
7511	8517376
7512	8518376
7513	8519372
7514	8520372
7515	8521376
7516	8522376
7517	8523376
7518	8524376
7519	8525376
7520	8526376
7521	8527376
7522	8528376
7523	8529376
7524	8530376
7525	8531372
7526	8532372
7527	8533376
7528	8534376
7529	8535372
7530	8536372
7531	8537376
7532	8538376
7533	8539376
7534	8540376
7535	8541376
7536	8542376
7537	8543376
7538	8544376
7539	8545376
7540	8546372
7541	8547372
7542	8548376
7543	8549376
7544	8550372
7545	8551372
7546	8552376
7547	8553376
7548	8554372
7549	8555372
7550	8556376
7551	8557376
7552	8558376
7553	8559376
7554	8560376
7555	8561376
7556	8562376
7557	8563372
7558	8564376
7559	8565376
7560	8566372
7561	8567372
7562	8568376
7563	8569376
7564	8570376
7565	8571372
7566	8572376
7567	8573376
7568	8574376
7569	8575376
7570	8576376
7571	8577376
7572	8578376
7573	8579376
7574	8580376
7575	8581376
7576	8582376
7577	8583376
7578	8584376
7579	8585376
7580	8586376
7581	8587376
7582	8588376
7583	8589376
7584	8590376
7585	8591376
7586	8592376
7587	8593376
7588	8594376
7589	8595376
7590	8596376
7591	8597376
7592	8598372
7593	8599376
7594	8600372
7595	8601376
7596	8602372
7597	8603376
7598	8604372
7599	8605376
7600	8606376
7601	8607376
7602	8608376
7603	8609376
7604	8610376
7605	8611376
7606	8612376
7607	8613376
7608	8614376
7609	8615376
7610	8616372
7611	8617376
7612	8618376
7613	8619376
7614	8620372
7615	8621376
7616	8622376
7617	8623376
7618	8624376
7619	8625376
7620	8626376
7621	8627376
7622	8628376
7623	8629376
7624	8630376
7625	8631372
7626	8632372
7627	8633376
7628	8634376
7629	8635372
7630	8636372
7631	8637376
7632	8638376
7633	8639376
7634	8640376
7635	8641376
7636	8642376
7637	8643376
7638	8644376
7639	8645376
7640	8646376
7641	8647372
7642	8648372
7643	8649376
7644	8650376
7645	8651372
7646	8652372
7647	8653376
7648	8654372
7649	8655372
7650	8656376
7651	8657376
7652	8658376
7653	8659376
7654	8660376
7655	8661376
7656	8662376
7657	8663376
7658	8664376
7659	8665376
7660	8666372
7661	8667372
7662	8668376
7663	8669376
7664	8670372
7665	8671372
7666	8672376
7667	8673376
7668	8674376
7669	8675376
7670	8676376
7671	8677376
7672	8678376
7673	8679376
7674	8680376
7675	8681376
7676	8682372
7677	8683372
7678	8684376
7679	8685376
7680	8686376
7681	8687372
7682	8688372
7683	8689372
7684	8690372
7685	8691376
7686	8692376
7687	8693376
7688	8694372
7689	8695376
7690	8696376
7691	8697372
7692	8698372
7693	8699372
7694	8700372
7695	8701372
7696	8702372
7697	8703368
7698	8704372
7699	8705372
7700	8706372
7701	8707376
7702	8708376
7703	8709376
7704	8710372
7705	8711376
7706	8712372
7707	8713376
7708	8714372
7709	8715372
7710	8716372
7711	8717372
7712	8718372
7713	8719372
7714	8720372
7715	8721372
7716	8722372
7717	8723376
7718	8724372
7719	8725376
7720	8726376
7721	8727376
7722	8728372
7723	8729376
7724	8730376
7725	8731372
7726	8732372
7727	8733372
7728	8734372
7729	8735372
7730	8736372
7731	8737372
7732	8738372
7733	8739372
7734	8740372
7735	8741376
7736	8742376
7737	8743372
7738	8744372
7739	8745376
7740	8746376
7741	8747372
7742	8748372
7743	8749376
7744	8750372
7745	8751372
7746	8752372
7747	8753376
7748	8754372
7749	8755372
7750	8756372
7751	8757376
7752	8758376
7753	8759372
7754	8760372
7755	8761376
7756	8762376
7757	8763372
7758	8764372
7759	8765376
7760	8766372
7761	8767372
7762	8768372
7763	8769376
7764	8770372
7765	8771372
7766	8772372
7767	8773376
7768	8774372
7769	8775372
7770	8776376
7771	8777376
7772	8778372
7773	8779372
7774	8780376
7775	8781376
7776	8782372
7777	8783372
7778	8784372
7779	8785376
7780	8786372
7781	8787372
7782	8788372
7783	8789376
7784	8790372
7785	8791372
7786	8792376
7787	8793376
7788	8794372
7789	8795372
7790	8796376
7791	8797376
7792	8798372
7793	8799372
7794	8800372
7795	8801372
7796	8802372
7797	8803372
7798	8804372
7799	8805372
7800	8806372
7801	8807376
7802	8808376
7803	8809376
7804	8810372
7805	8811376
7806	8812376
7807	8813376
7808	8814372
7809	8815372
7810	8816372
7811	8817372
7812	8818372
7813	8819372
7814	8820372
7815	8821372
7816	8822372
7817	8823372
7818	8824372
7819	8825376
7820	8826376
7821	8827376
7822	8828372
7823	8829376
7824	8830376
7825	8831376
7826	8832372
7827	8833376
7828	8834376
7829	8835376
7830	8836372
7831	8837376
7832	8838376
7833	8839376
7834	8840372
7835	8841376
7836	8842376
7837	8843376
7838	8844376
7839	8845376
7840	8846376
7841	8847376
7842	8848372
7843	8849376
7844	8850376
7845	8851376
7846	8852372
7847	8853376
7848	8854376
7849	8855372
7850	8856372
7851	8857376
7852	8858376
7853	8859376
7854	8860376
7855	8861376
7856	8862376
7857	8863376
7858	8864376
7859	8865376
7860	8866376
7861	8867372
7862	8868372
7863	8869376
7864	8870376
7865	8871372
7866	8872372
7867	8873376
7868	8874376
7869	8875376
7870	8876376
7871	8877376
7872	8878376
7873	8879376
7874	8880376
7875	8881376
7876	8882372
7877	8883372
7878	8884372
7879	8885376
7880	8886372
7881	8887372
7882	8888376
7883	8889376
7884	8890372
7885	8891376
7886	8892376
7887	8893376
7888	8894376
7889	8895376
7890	8896376
7891	8897376
7892	8898372
7893	8899372
7894	8900376
7895	8901376
7896	8902372
7897	8903372
7898	8904376
7899	8905376
7900	8906372
7901	8907372
7902	8908376
7903	8909376
7904	8910376
7905	8911376
7906	8912376
7907	8913376
7908	8914376
7909	8915372
7910	8916376
7911	8917376
7912	8918372
7913	8919376
7914	8920376
7915	8921376
7916	8922372
7917	8923376
7918	8924376
7919	8925376
7920	8926376
7921	8927376
7922	8928376
7923	8929376
7924	8930376
7925	8931376
7926	8932376
7927	8933376
7928	8934372
7929	8935376
7930	8936376
7931	8937376
7932	8938372
7933	8939376
7934	8940372
7935	8941376
7936	8942376
7937	8943376
7938	8944372
7939	8945372
7940	8946376
7941	8947376
7942	8948372
7943	8949372
7944	8950372
7945	8951372
7946	8952372
7947	8953372
7948	8954372
7949	8955372
7950	8956372
7951	8957372
7952	8958376
7953	8959368
7954	8960372
7955	8961376
7956	8962376
7957	8963376
7958	8964372
7959	8965376
7960	8966372
7961	8967372
7962	8968372
7963	8969372
7964	8970372
7965	8971372
7966	8972372
7967	8973372
7968	8974372
7969	8975372
7970	8976372
7971	8977376
7972	8978376
7973	8979372
7974	8980372
7975	8981376
7976	8982372
7977	8983372
7978	8984372
7979	8985376
7980	8986372
7981	8987372
7982	8988372
7983	8989376
7984	8990372
7985	8991372
7986	8992372
7987	8993376
7988	8994376
7989	8995372
7990	8996372
7991	8997376
7992	8998372
7993	8999372
7994	9000372
7995	9001376
7996	9002372
7997	9003372
7998	9004372
7999	9005376
8000	9006372
8001	9007372
8002	9008372
8003	9009376
8004	9010372
8005	9011372
8006	9012376
8007	9013376
8008	9014372
8009	9015372
8010	9016372
8011	9017376
8012	9018372
8013	9019372
8014	9020372
8015	9021376
8016	9022372
8017	9023372
8018	9024372
8019	9025376
8020	9026372
8021	9027372
8022	9028376
8023	9029376
8024	9030372
8025	9031376
8026	9032376
8027	9033372
8028	9034372
8029	9035372
8030	9036372
8031	9037372
8032	9038372
8033	9039372
8034	9040372
8035	9041372
8036	9042372
8037	9043376
8038	9044376
8039	9045376
8040	9046372
8041	9047376
8042	9048376
8043	9049372
8044	9050372
8045	9051372
8046	9052372
8047	9053372
8048	9054372
8049	9055372
8050	9056372
8051	9057372
8052	9058372
8053	9059376
8054	9060372
8055	9061376
8056	9062376
8057	9063376
8058	9064372
8059	9065376
8060	9066372
8061	9067372
8062	9068372
8063	9069372
8064	9070372
8065	9071372
8066	9072372
8067	9073372
8068	9074372
8069	9075372
8070	9076372
8071	9077376
8072	9078376
8073	9079376
8074	9080372
8075	9081376
8076	9082376
8077	9083372
8078	9084372
8079	9085372
8080	9086376
8081	9087372
8082	9088372
8083	9089376
8084	9090376
8085	9091372
8086	9092376
8087	9093376
8088	9094376
8089	9095376
8090	9096376
8091	9097376
8092	9098376
8093	9099376
8094	9100372
8095	9101376
8096	9102376
8097	9103372
8098	9104372
8099	9105376
8100	9106376
8101	9107372
8102	9108372
8103	9109376
8104	9110376
8105	9111376
8106	9112376
8107	9113376
8108	9114376
8109	9115376
8110	9116376
8111	9117376
8112	9118372
8113	9119372
8114	9120376
8115	9121376
8116	9122372
8117	9123372
8118	9124376
8119	9125376
8120	9126376
8121	9127376
8122	9128376
8123	9129376
8124	9130376
8125	9131376
8126	9132376
8127	9133376
8128	9134372
8129	9135372
8130	9136376
8131	9137376
8132	9138372
8133	9139372
8134	9140376
8135	9141376
8136	9142372
8137	9143376
8138	9144376
8139	9145376
8140	9146376
8141	9147376
8142	9148376
8143	9149376
8144	9150372
8145	9151376
8146	9152376
8147	9153376
8148	9154372
8149	9155376
8150	9156376
8151	9157376
8152	9158372
8153	9159376
8154	9160376
8155	9161376
8156	9162376
8157	9163376
8158	9164376
8159	9165376
8160	9166376
8161	9167376
8162	9168372
8163	9169376
8164	9170372
8165	9171376
8166	9172372
8167	9173376
8168	9174376
8169	9175376
8170	9176376
8171	9177376
8172	9178376
8173	9179376
8174	9180376
8175	9181376
8176	9182376
8177	9183376
8178	9184372
8179	9185376
8180	9186376
8181	9187376
8182	9188372
8183	9189376
8184	9190376
8185	9191376
8186	9192372
8187	9193376
8188	9194376
8189	9195376
8190	9196376
8191	9197376
8192	9198376
8193	9199372
8194	9200372
8195	9201372
8196	9202372
8197	9203372
8198	9204372
8199	9205376
8200	9206372
8201	9207372
8202	9208372
8203	9209376
8204	9210376
8205	9211372
8206	9212372
8207	9213376
8208	9214376
8209	9215368
8210	9216372
8211	9217376
8212	9218372
8213	9219372
8214	9220372
8215	9221376
8216	9222372
8217	9223372
8218	9224372
8219	9225376
8220	9226372
8221	9227372
8222	9228372
8223	9229376
8224	9230372
8225	9231372
8226	9232376
8227	9233376
8228	9234372
8229	9235372
8230	9236372
8231	9237376
8232	9238372
8233	9239372
8234	9240372
8235	9241376
8236	9242372
8237	9243372
8238	9244376
8239	9245376
8240	9246372
8241	9247372
8242	9248376
8243	9249376
8244	9250372
8245	9251372
8246	9252372
8247	9253372
8248	9254372
8249	9255372
8250	9256372
8251	9257372
8252	9258372
8253	9259372
8254	9260376
8255	9261376
8256	9262372
8257	9263376
8258	9264376
8259	9265376
8260	9266372
8261	9267376
8262	9268372
8263	9269372
8264	9270372
8265	9271372
8266	9272372
8267	9273372
8268	9274372
8269	9275372
8270	9276372
8271	9277376
8272	9278372
8273	9279376
8274	9280372
8275	9281376
8276	9282372
8277	9283376
8278	9284372
8279	9285372
8280	9286372
8281	9287372
8282	9288372
8283	9289372
8284	9290372
8285	9291372
8286	9292372
8287	9293372
8288	9294376
8289	9295376
8290	9296372
8291	9297376
8292	9298376
8293	9299376
8294	9300372
8295	9301372
8296	9302372
8297	9303372
8298	9304372
8299	9305372
8300	9306372
8301	9307372
8302	9308372
8303	9309372
8304	9310372
8305	9311372
8306	9312372
8307	9313376
8308	9314376
8309	9315372
8310	9316372
8311	9317376
8312	9318372
8313	9319372
8314	9320372
8315	9321376
8316	9322372
8317	9323372
8318	9324372
8319	9325376
8320	9326372
8321	9327372
8322	9328372
8323	9329376
8324	9330376
8325	9331372
8326	9332372
8327	9333376
8328	9334376
8329	9335372
8330	9336372
8331	9337376
8332	9338376
8333	9339372
8334	9340372
8335	9341376
8336	9342372
8337	9343372
8338	9344376
8339	9345376
8340	9346376
8341	9347376
8342	9348376
8343	9349376
8344	9350376
8345	9351372
8346	9352376
8347	9353376
8348	9354372
8349	9355372
8350	9356376
8351	9357376
8352	9358372
8353	9359372
8354	9360376
8355	9361376
8356	9362376
8357	9363376
8358	9364376
8359	9365376
8360	9366376
8361	9367376
8362	9368376
8363	9369376
8364	9370372
8365	9371372
8366	9372376
8367	9373376
8368	9374372
8369	9375376
8370	9376376
8371	9377376
8372	9378376
8373	9379376
8374	9380376
8375	9381376
8376	9382376
8377	9383376
8378	9384376
8379	9385376
8380	9386372
8381	9387376
8382	9388376
8383	9389376
8384	9390372
8385	9391376
8386	9392376
8387	9393376
8388	9394376
8389	9395376
8390	9396376
8391	9397376
8392	9398376
8393	9399376
8394	9400376
8395	9401376
8396	9402376
8397	9403376
8398	9404372
8399	9405376
8400	9406376
8401	9407376
8402	9408372
8403	9409376
8404	9410376
8405	9411376
8406	9412376
8407	9413376
8408	9414376
8409	9415376
8410	9416376
8411	9417376
8412	9418376
8413	9419376
8414	9420372
8415	9421376
8416	9422376
8417	9423372
8418	9424372
8419	9425376
8420	9426376
8421	9427372
8422	9428376
8423	9429376
8424	9430376
8425	9431376
8426	9432376
8427	9433376
8428	9434376
8429	9435372
8430	9436372
8431	9437376
8432	9438376
8433	9439372
8434	9440372
8435	9441376
8436	9442376
8437	9443372
8438	9444372
8439	9445376
8440	9446376
8441	9447376
8442	9448376
8443	9449376
8444	9450376
8445	9451376
8446	9452372
8447	9453376
8448	9454376
8449	9455372
8450	9456372
8451	9457372
8452	9458372
8453	9459372
8454	9460372
8455	9461376
8456	9462372
8457	9463372
8458	9464376
8459	9465376
8460	9466372
8461	9467372
8462	9468376
8463	9469376
8464	9470372
8465	9471368
8466	9472372
8467	9473376
8468	9474372
8469	9475372
8470	9476372
8471	9477376
8472	9478372
8473	9479372
8474	9480376
8475	9481376
8476	9482372
8477	9483372
8478	9484376
8479	9485376
8480	9486372
8481	9487372
8482	9488372
8483	9489372
8484	9490372
8485	9491372
8486	9492372
8487	9493372
8488	9494372
8489	9495376
8490	9496376
8491	9497376
8492	9498372
8493	9499376
8494	9500376
8495	9501376
8496	9502372
8497	9503372
8498	9504372
8499	9505372
8500	9506372
8501	9507372
8502	9508372
8503	9509372
8504	9510372
8505	9511372
8506	9512372
8507	9513376
8508	9514376
8509	9515376
8510	9516372
8511	9517376
8512	9518376
8513	9519372
8514	9520372
8515	9521372
8516	9522372
8517	9523368
8518	9524372
8519	9525372
8520	9526372
8521	9527372
8522	9528372
8523	9529376
8524	9530376
8525	9531376
8526	9532372
8527	9533376
8528	9534376
8529	9535372
8530	9536372
8531	9537372
8532	9538372
8533	9539372
8534	9540372
8535	9541372
8536	9542372
8537	9543372
8538	9544372
8539	9545376
8540	9546376
8541	9547372
8542	9548372
8543	9549376
8544	9550376
8545	9551372
8546	9552372
8547	9553376
8548	9554372
8549	9555372
8550	9556372
8551	9557376
8552	9558372
8553	9559372
8554	9560372
8555	9561376
8556	9562376
8557	9563372
8558	9564372
8559	9565376
8560	9566372
8561	9567372
8562	9568372
8563	9569376
8564	9570372
8565	9571372
8566	9572372
8567	9573376
8568	9574372
8569	9575372
8570	9576372
8571	9577376
8572	9578372
8573	9579372
8574	9580376
8575	9581376
8576	9582372
8577	9583372
8578	9584376
8579	9585376
8580	9586372
8581	9587372
8582	9588372
8583	9589376
8584	9590372
8585	9591372
8586	9592372
8587	9593372
8588	9594376
8589	9595372
8590	9596376
8591	9597376
8592	9598376
8593	9599376
8594	9600376
8595	9601376
8596	9602376
8597	9603376
8598	9604376
8599	9605376
8600	9606372
8601	9607376
8602	9608376
8603	9609376
8604	9610372
8605	9611376
8606	9612376
8607	9613376
8608	9614376
8609	9615376
8610	9616376
8611	9617376
8612	9618376
8613	9619376
8614	9620376
8615	9621376
8616	9622372
8617	9623376
8618	9624372
8619	9625376
8620	9626372
8621	9627376
8622	9628372
8623	9629376
8624	9630376
8625	9631376
8626	9632376
8627	9633376
8628	9634376
8629	9635376
8630	9636376
8631	9637376
8632	9638376
8633	9639376
8634	9640372
8635	9641376
8636	9642376
8637	9643376
8638	9644372
8639	9645376
8640	9646376
8641	9647376
8642	9648376
8643	9649376
8644	9650376
8645	9651376
8646	9652376
8647	9653376
8648	9654376
8649	9655372
8650	9656372
8651	9657376
8652	9658376
8653	9659372
8654	9660372
8655	9661376
8656	9662376
8657	9663376
8658	9664376
8659	9665376
8660	9666376
8661	9667376
8662	9668376
8663	9669376
8664	9670376
8665	9671372
8666	9672372
8667	9673376
8668	9674376
8669	9675372
8670	9676372
8671	9677376
8672	9678372
8673	9679372
8674	9680376
8675	9681376
8676	9682376
8677	9683376
8678	9684376
8679	9685376
8680	9686376
8681	9687372
8682	9688376
8683	9689376
8684	9690372
8685	9691372
8686	9692376
8687	9693376
8688	9694372
8689	9695372
8690	9696376
8691	9697376
8692	9698376
8693	9699376
8694	9700376
8695	9701376
8696	9702376
8697	9703376
8698	9704376
8699	9705376
8700	9706372
8701	9707372
8702	9708376
8703	9709376
8704	9710376
8705	9711372
8706	9712372
8707	9713372
8708	9714372
8709	9715376
8710	9716376
8711	9717376
8712	9718372
8713	9719376
8714	9720376
8715	9721372
8716	9722372
8717	9723372
8718	9724372
8719	9725372
8720	9726372
8721	9727368
8722	9728372
8723	9729372
8724	9730372
8725	9731376
8726	9732376
8727	9733376
8728	9734372
8729	9735376
8730	9736372
8731	9737372
8732	9738372
8733	9739372
8734	9740372
8735	9741372
8736	9742372
8737	9743372
8738	9744372
8739	9745372
8740	9746372
8741	9747376
8742	9748372
8743	9749376
8744	9750376
8745	9751376
8746	9752372
8747	9753376
8748	9754372
8749	9755372
8750	9756372
8751	9757372
8752	9758372
8753	9759372
8754	9760372
8755	9761372
8756	9762372
8757	9763372
8758	9764372
8759	9765376
8760	9766376
8761	9767372
8762	9768372
8763	9769376
8764	9770376
8765	9771372
8766	9772372
8767	9773376
8768	9774372
8769	9775372
8770	9776372
8771	9777376
8772	9778372
8773	9779372
8774	9780372
8775	9781376
8776	9782376
8777	9783372
8778	9784372
8779	9785376
8780	9786376
8781	9787372
8782	9788372
8783	9789376
8784	9790372
8785	9791372
8786	9792372
8787	9793376
8788	9794372
8789	9795372
8790	9796372
8791	9797376
8792	9798372
8793	9799372
8794	9800376
8795	9801376
8796	9802372
8797	9803372
8798	9804372
8799	9805376
8800	9806372
8801	9807372
8802	9808372
8803	9809376
8804	9810372
8805	9811372
8806	9812372
8807	9813376
8808	9814372
8809	9815372
8810	9816376
8811	9817376
8812	9818372
8813	9819372
8814	9820376
8815	9821372
8816	9822372
8817	9823372
8818	9824372
8819	9825372
8820	9826372
8821	9827372
8822	9828372
8823	9829372
8824	9830372
8825	9831376
8826	9832376
8827	9833376
8828	9834372
8829	9835376
8830	9836376
8831	9837376
8832	9838372
8833	9839372
8834	9840372
8835	9841372
8836	9842372
8837	9843372
8838	9844372
8839	9845372
8840	9846372
8841	9847376
8842	9848372
8843	9849376
8844	9850376
8845	9851376
8846	9852372
8847	9853376
8848	9854376
8849	9855376
8850	9856372
8851	9857376
8852	9858376
8853	9859376
8854	9860372
8855	9861376
8856	9862376
8857	9863376
8858	9864376
8859	9865376
8860	9866376
8861	9867376
8862	9868376
8863	9869376
8864	9870376
8865	9871376
8866	9872372
8867	9873376
8868	9874376
8869	9875376
8870	9876372
8871	9877376
8872	9878376
8873	9879372
8874	9880372
8875	9881376
8876	9882376
8877	9883376
8878	9884376
8879	9885376
8880	9886376
8881	9887376
8882	9888372
8883	9889376
8884	9890376
8885	9891372
8886	9892372
8887	9893376
8888	9894376
8889	9895372
8890	9896372
8891	9897376
8892	9898376
8893	9899376
8894	9900376
8895	9901376
8896	9902376
8897	9903376
8898	9904376
8899	9905376
8900	9906372
8901	9907372
8902	9908372
8903	9909376
8904	9910372
8905	9911372
8906	9912376
8907	9913376
8908	9914376
8909	9915376
8910	9916376
8911	9917376
8912	9918376
8913	9919376
8914	9920376
8915	9921376
8916	9922372
8917	9923372
8918	9924376
8919	9925376
8920	9926372
8921	9927372
8922	9928376
8923	9929376
8924	9930372
8925	9931376
8926	9932376
8927	9933376
8928	9934376
8929	9935376
8930	9936376
8931	9937376
8932	9938376
8933	9939372
8934	9940376
8935	9941376
8936	9942372
8937	9943376
8938	9944376
8939	9945376
8940	9946372
8941	9947376
8942	9948376
8943	9949376
8944	9950376
8945	9951376
8946	9952376
8947	9953376
8948	9954376
8949	9955376
8950	9956376
8951	9957376
8952	9958372
8953	9959376
8954	9960376
8955	9961376
8956	9962372
8957	9963376
8958	9964372
8959	9965376
8960	9966376
8961	9967376
8962	9968372
8963	9969372
8964	9970376
8965	9971376
8966	9972372
8967	9973372
8968	9974372
8969	9975372
8970	9976372
8971	9977372
8972	9978372
8973	9979372
8974	9980372
8975	9981372
8976	9982376
8977	9983368
8978	9984372
8979	9985376
8980	9986376
8981	9987376
8982	9988372
8983	9989372
8984	9990372
8985	9991372
8986	9992372
8987	9993372
8988	9994372
8989	9995372
8990	9996372
8991	9997372
8992	9998376
8993	9999372
8994	-1
8995	-1
8996	-1
8997	-1
8998	-1
8999	-1
9000	-1
9001	-1
9002	-1
9003	-1
9004	-1
9005	-1
9006	-1
9007	-1
9008	-1
9009	-1
9010	-1
9011	-1
9012	-1
9013	-1
9014	-1
9015	-1
9016	-1
9017	-1
9018	-1
9019	-1
9020	-1
9021	-1
9022	-1
9023	-1
9024	-1
9025	-1
9026	-1
9027	-1
9028	-1
9029	-1
9030	-1
9031	-1
9032	-1
9033	-1
9034	-1
9035	-1
9036	-1
9037	-1
9038	-1
9039	-1
9040	-1
9041	-1
9042	-1
9043	-1
9044	-1
9045	-1
9046	-1
9047	-1
9048	-1
9049	-1
9050	-1
9051	-1
9052	-1
9053	-1
9054	-1
9055	-1
9056	-1
9057	-1
9058	-1
9059	-1
9060	-1
9061	-1
9062	-1
9063	-1
9064	-1
9065	-1
9066	-1
9067	-1
9068	-1
9069	-1
9070	-1
9071	-1
9072	-1
9073	-1
9074	-1
9075	-1
9076	-1
9077	-1
9078	-1
9079	-1
9080	-1
9081	-1
9082	-1
9083	-1
9084	-1
9085	-1
9086	-1
9087	-1
9088	-1
9089	-1
9090	-1
9091	-1
9092	-1
9093	-1
9094	-1
9095	-1
9096	-1
9097	-1
9098	-1
9099	-1
9100	-1
9101	-1
9102	-1
9103	-1
9104	-1
9105	-1
9106	-1
9107	-1
9108	-1
9109	-1
9110	-1
9111	-1
9112	-1
9113	-1
9114	-1
9115	-1
9116	-1
9117	-1
9118	-1
9119	-1
9120	-1
9121	-1
9122	-1
9123	-1
9124	-1
9125	-1
9126	-1
9127	-1
9128	-1
9129	-1
9130	-1
9131	-1
9132	-1
9133	-1
9134	-1
9135	-1
9136	-1
9137	-1
9138	-1
9139	-1
9140	-1
9141	-1
9142	-1
9143	-1
9144	-1
9145	-1
9146	-1
9147	-1
9148	-1
9149	-1
9150	-1
9151	-1
9152	-1
9153	-1
9154	-1
9155	-1
9156	-1
9157	-1
9158	-1
9159	-1
9160	-1
9161	-1
9162	-1
9163	-1
9164	-1
9165	-1
9166	-1
9167	-1
9168	-1
9169	-1
9170	-1
9171	-1
9172	-1
9173	-1
9174	-1
9175	-1
9176	-1
9177	-1
9178	-1
9179	-1
9180	-1
9181	-1
9182	-1
9183	-1
9184	-1
9185	-1
9186	-1
9187	-1
9188	-1
9189	-1
9190	-1
9191	-1
9192	-1
9193	-1
9194	-1
9195	-1
9196	-1
9197	-1
9198	-1
9199	-1
9200	-1
9201	-1
9202	-1
9203	-1
9204	-1
9205	-1
9206	-1
9207	-1
9208	-1
9209	-1
9210	-1
9211	-1
9212	-1
9213	-1
9214	-1
9215	-1
9216	-1
9217	-1
9218	-1
9219	-1
9220	-1
9221	-1
9222	-1
9223	-1
9224	-1
9225	-1
9226	-1
9227	-1
9228	-1
9229	-1
9230	-1
9231	-1
9232	-1
9233	-1
9234	-1
9235	-1
9236	-1
9237	-1
9238	-1
9239	-1
9240	-1
9241	-1
9242	-1
9243	-1
9244	-1
9245	-1
9246	-1
9247	-1
9248	-1
9249	-1
9250	-1
9251	-1
9252	-1
9253	-1
9254	-1
9255	-1
9256	-1
9257	-1
9258	-1
9259	-1
9260	-1
9261	-1
9262	-1
9263	-1
9264	-1
9265	-1
9266	-1
9267	-1
9268	-1
9269	-1
9270	-1
9271	-1
9272	-1
9273	-1
9274	-1
9275	-1
9276	-1
9277	-1
9278	-1
9279	-1
9280	-1
9281	-1
9282	-1
9283	-1
9284	-1
9285	-1
9286	-1
9287	-1
9288	-1
9289	-1
9290	-1
9291	-1
9292	-1
9293	-1
9294	-1
9295	-1
9296	-1
9297	-1
9298	-1
9299	-1
9300	-1
9301	-1
9302	-1
9303	-1
9304	-1
9305	-1
9306	-1
9307	-1
9308	-1
9309	-1
9310	-1
9311	-1
9312	-1
9313	-1
9314	-1
9315	-1
9316	-1
9317	-1
9318	-1
9319	-1
9320	-1
9321	-1
9322	-1
9323	-1
9324	-1
9325	-1
9326	-1
9327	-1
9328	-1
9329	-1
9330	-1
9331	-1
9332	-1
9333	-1
9334	-1
9335	-1
9336	-1
9337	-1
9338	-1
9339	-1
9340	-1
9341	-1
9342	-1
9343	-1
9344	-1
9345	-1
9346	-1
9347	-1
9348	-1
9349	-1
9350	-1
9351	-1
9352	-1
9353	-1
9354	-1
9355	-1
9356	-1
9357	-1
9358	-1
9359	-1
9360	-1
9361	-1
9362	-1
9363	-1
9364	-1
9365	-1
9366	-1
9367	-1
9368	-1
9369	-1
9370	-1
9371	-1
9372	-1
9373	-1
9374	-1
9375	-1
9376	-1
9377	-1
9378	-1
9379	-1
9380	-1
9381	-1
9382	-1
9383	-1
9384	-1
9385	-1
9386	-1
9387	-1
9388	-1
9389	-1
9390	-1
9391	-1
9392	-1
9393	-1
9394	-1
9395	-1
9396	-1
9397	-1
9398	-1
9399	-1
9400	-1
9401	-1
9402	-1
9403	-1
9404	-1
9405	-1
9406	-1
9407	-1
9408	-1
9409	-1
9410	-1
9411	-1
9412	-1
9413	-1
9414	-1
9415	-1
9416	-1
9417	-1
9418	-1
9419	-1
9420	-1
9421	-1
9422	-1
9423	-1
9424	-1
9425	-1
9426	-1
9427	-1
9428	-1
9429	-1
9430	-1
9431	-1
9432	-1
9433	-1
9434	-1
9435	-1
9436	-1
9437	-1
9438	-1
9439	-1
9440	-1
9441	-1
9442	-1
9443	-1
9444	-1
9445	-1
9446	-1
9447	-1
9448	-1
9449	-1
9450	-1
9451	-1
9452	-1
9453	-1
9454	-1
9455	-1
9456	-1
9457	-1
9458	-1
9459	-1
9460	-1
9461	-1
9462	-1
9463	-1
9464	-1
9465	-1
9466	-1
9467	-1
9468	-1
9469	-1
9470	-1
9471	-1
9472	-1
9473	-1
9474	-1
9475	-1
9476	-1
9477	-1
9478	-1
9479	-1
9480	-1
9481	-1
9482	-1
9483	-1
9484	-1
9485	-1
9486	-1
9487	-1
9488	-1
9489	-1
9490	-1
9491	-1
9492	-1
9493	-1
9494	-1
9495	-1
9496	-1
9497	-1
9498	-1
9499	-1
9500	-1
9501	-1
9502	-1
9503	-1
9504	-1
9505	-1
9506	-1
9507	-1
9508	-1
9509	-1
9510	-1
9511	-1
9512	-1
9513	-1
9514	-1
9515	-1
9516	-1
9517	-1
9518	-1
9519	-1
9520	-1
9521	-1
9522	-1
9523	-1
9524	-1
9525	-1
9526	-1
9527	-1
9528	-1
9529	-1
9530	-1
9531	-1
9532	-1
9533	-1
9534	-1
9535	-1
9536	-1
9537	-1
9538	-1
9539	-1
9540	-1
9541	-1
9542	-1
9543	-1
9544	-1
9545	-1
9546	-1
9547	-1
9548	-1
9549	-1
9550	-1
9551	-1
9552	-1
9553	-1
9554	-1
9555	-1
9556	-1
9557	-1
9558	-1
9559	-1
9560	-1
9561	-1
9562	-1
9563	-1
9564	-1
9565	-1
9566	-1
9567	-1
9568	-1
9569	-1
9570	-1
9571	-1
9572	-1
9573	-1
9574	-1
9575	-1
9576	-1
9577	-1
9578	-1
9579	-1
9580	-1
9581	-1
9582	-1
9583	-1
9584	-1
9585	-1
9586	-1
9587	-1
9588	-1
9589	-1
9590	-1
9591	-1
9592	-1
9593	-1
9594	-1
9595	-1
9596	-1
9597	-1
9598	-1
9599	-1
9600	-1
9601	-1
9602	-1
9603	-1
9604	-1
9605	-1
9606	-1
9607	-1
9608	-1
9609	-1
9610	-1
9611	-1
9612	-1
9613	-1
9614	-1
9615	-1
9616	-1
9617	-1
9618	-1
9619	-1
9620	-1
9621	-1
9622	-1
9623	-1
9624	-1
9625	-1
9626	-1
9627	-1
9628	-1
9629	-1
9630	-1
9631	-1
9632	-1
9633	-1
9634	-1
9635	-1
9636	-1
9637	-1
9638	-1
9639	-1
9640	-1
9641	-1
9642	-1
9643	-1
9644	-1
9645	-1
9646	-1
9647	-1
9648	-1
9649	-1
9650	-1
9651	-1
9652	-1
9653	-1
9654	-1
9655	-1
9656	-1
9657	-1
9658	-1
9659	-1
9660	-1
9661	-1
9662	-1
9663	-1
9664	-1
9665	-1
9666	-1
9667	-1
9668	-1
9669	-1
9670	-1
9671	-1
9672	-1
9673	-1
9674	-1
9675	-1
9676	-1
9677	-1
9678	-1
9679	-1
9680	-1
9681	-1
9682	-1
9683	-1
9684	-1
9685	-1
9686	-1
9687	-1
9688	-1
9689	-1
9690	-1
9691	-1
9692	-1
9693	-1
9694	-1
9695	-1
9696	-1
9697	-1
9698	-1
9699	-1
9700	-1
9701	-1
9702	-1
9703	-1
9704	-1
9705	-1
9706	-1
9707	-1
9708	-1
9709	-1
9710	-1
9711	-1
9712	-1
9713	-1
9714	-1
9715	-1
9716	-1
9717	-1
9718	-1
9719	-1
9720	-1
9721	-1
9722	-1
9723	-1
9724	-1
9725	-1
9726	-1
9727	-1
9728	-1
9729	-1
9730	-1
9731	-1
9732	-1
9733	-1
9734	-1
9735	-1
9736	-1
9737	-1
9738	-1
9739	-1
9740	-1
9741	-1
9742	-1
9743	-1
9744	-1
9745	-1
9746	-1
9747	-1
9748	-1
9749	-1
9750	-1
9751	-1
9752	-1
9753	-1
9754	-1
9755	-1
9756	-1
9757	-1
9758	-1
9759	-1
9760	-1
9761	-1
9762	-1
9763	-1
9764	-1
9765	-1
9766	-1
9767	-1
9768	-1
9769	-1
9770	-1
9771	-1
9772	-1
9773	-1
9774	-1
9775	-1
9776	-1
9777	-1
9778	-1
9779	-1
9780	-1
9781	-1
9782	-1
9783	-1
9784	-1
9785	-1
9786	-1
9787	-1
9788	-1
9789	-1
9790	-1
9791	-1
9792	-1
9793	-1
9794	-1
9795	-1
9796	-1
9797	-1
9798	-1
9799	-1
9800	-1
9801	-1
9802	-1
9803	-1
9804	-1
9805	-1
9806	-1
9807	-1
9808	-1
9809	-1
9810	-1
9811	-1
9812	-1
9813	-1
9814	-1
9815	-1
9816	-1
9817	-1
9818	-1
9819	-1
9820	-1
9821	-1
9822	-1
9823	-1
9824	-1
9825	-1
9826	-1
9827	-1
9828	-1
9829	-1
9830	-1
9831	-1
9832	-1
9833	-1
9834	-1
9835	-1
9836	-1
9837	-1
9838	-1
9839	-1
9840	-1
9841	-1
9842	-1
9843	-1
9844	-1
9845	-1
9846	-1
9847	-1
9848	-1
9849	-1
9850	-1
9851	-1
9852	-1
9853	-1
9854	-1
9855	-1
9856	-1
9857	-1
9858	-1
9859	-1
9860	-1
9861	-1
9862	-1
9863	-1
9864	-1
9865	-1
9866	-1
9867	-1
9868	-1
9869	-1
9870	-1
9871	-1
9872	-1
9873	-1
9874	-1
9875	-1
9876	-1
9877	-1
9878	-1
9879	-1
9880	-1
9881	-1
9882	-1
9883	-1
9884	-1
9885	-1
9886	-1
9887	-1
9888	-1
9889	-1
9890	-1
9891	-1
9892	-1
9893	-1
9894	-1
9895	-1
9896	-1
9897	-1
9898	-1
9899	-1
9900	-1
9901	-1
9902	-1
9903	-1
9904	-1
9905	-1
9906	-1
9907	-1
9908	-1
9909	-1
9910	-1
9911	-1
9912	-1
9913	-1
9914	-1
9915	-1
9916	-1
9917	-1
9918	-1
9919	-1
9920	-1
9921	-1
9922	-1
9923	-1
9924	-1
9925	-1
9926	-1
9927	-1
9928	-1
9929	-1
9930	-1
9931	-1
9932	-1
9933	-1
9934	-1
9935	-1
9936	-1
9937	-1
9938	-1
9939	-1
9940	-1
9941	-1
9942	-1
9943	-1
9944	-1
9945	-1
9946	-1
9947	-1
9948	-1
9949	-1
9950	-1
9951	-1
9952	-1
9953	-1
9954	-1
9955	-1
9956	-1
9957	-1
9958	-1
9959	-1
9960	-1
9961	-1
9962	-1
9963	-1
9964	-1
9965	-1
9966	-1
9967	-1
9968	-1
9969	-1
9970	-1
9971	-1
9972	-1
9973	-1
9974	-1
9975	-1
9976	-1
9977	-1
9978	-1
9979	-1
9980	-1
9981	-1
9982	-1
9983	-1
9984	-1
9985	-1
9986	-1
9987	-1
9988	-1
9989	-1
9990	-1
9991	-1
9992	-1
9993	-1
9994	-1
9995	-1
9996	-1
9997	-1
9998	-1
9999	-1
