0	1006471
1	1007312
2	1008312
3	1009316
4	1010316
5	1011312
6	1012312
7	1013316
8	1014312
9	1015312
10	1016312
11	1017316
12	1018312
13	1019312
14	1020312
15	1021316
16	1022312
17	1023308
18	1024312
19	1025316
20	1026316
21	1027312
22	1028312
23	1029316
24	1030312
25	1031312
26	1032312
27	1033316
28	1034312
29	1035312
30	1036312
31	1037316
32	1038312
33	1039312
34	1040316
35	1041316
36	1042312
37	1043312
38	1044316
39	1045316
40	1046312
41	1047312
42	1048312
43	1049316
44	1050312
45	1051312
46	1052312
47	1053316
48	1054312
49	1055312
50	1056316
51	1057316
52	1058312
53	1059312
54	1060316
55	1061316
56	1062312
57	1063312
58	1064312
59	1065312
60	1066312
61	1067312
62	1068312
63	1069308
64	1070312
65	1071312
66	1072312
67	1073316
68	1074312
69	1075316
70	1076316
71	1077316
72	1078312
73	1079316
74	1080312
75	1081312
76	1082312
77	1083312
78	1084312
79	1085312
80	1086312
81	1087312
82	1088312
83	1089312
84	1090312
85	1091316
86	1092312
87	1093316
88	1094316
89	1095316
90	1096312
91	1097312
92	1098312
93	1099312
94	1100312
95	1101312
96	1102308
97	1103312
98	1104312
99	1105312
100	1106316
101	1107316
102	1108312
103	1109316
104	1110316
105	1111316
106	1112312
107	1113316
108	1114312
109	1115312
110	1116312
111	1117312
112	1118312
113	1119312
114	1120312
115	1121312
116	1122312
117	1123312
118	1124312
119	1125316
120	1126316
121	1127312
122	1128312
123	1129316
124	1130316
125	1131312
126	1132312
127	1133316
128	1134312
129	1135312
130	1136312
131	1137316
132	1138312
133	1139312
134	1140312
135	1141316
136	1142316
137	1143312
138	1144312
139	1145316
140	1146312
141	1147312
142	1148312
143	1149316
144	1150316
145	1151316
146	1152316
147	1153316
148	1154316
149	1155316
150	1156316
151	1157316
152	1158316
153	1159316
154	1160316
155	1161316
156	1162316
157	1163316
158	1164316
159	1165316
160	1166316
161	1167316
162	1168316
163	1169316
164	1170316
165	1171316
166	1172316
167	1173316
168	1174316
169	1175316
170	1176316
171	1177316
172	1178316
173	1179316
174	1180316
175	1181316
176	1182316
177	1183316
178	1184316
179	1185316
180	1186316
181	1187316
182	1188316
183	1189316
184	1190316
185	1191316
186	1192316
187	1193316
188	1194316
189	1195316
190	1196316
191	1197316
192	1198316
193	1199316
194	1200316
195	1201316
196	1202316
197	1203316
198	1204316
199	1205316
200	1206316
201	1207316
202	1208316
203	1209316
204	1210316
205	1211316
206	1212316
207	1213316
208	1214316
209	1215316
210	1216316
211	1217316
212	1218316
213	1219316
214	1220316
215	1221316
216	1222316
217	1223316
218	1224316
219	1225316
220	1226316
221	1227316
222	1228316
223	1229316
224	1230316
225	1231316
226	1232316
227	1233316
228	1234316
229	1235316
230	1236316
231	1237316
232	1238316
233	1239316
234	1240316
235	1241316
236	1242316
237	1243316
238	1244316
239	1245316
240	1246316
241	1247316
242	1248316
243	1249316
244	1250316
245	1251316
246	1252316
247	1253316
248	1254316
249	1255316
250	1256316
251	1257316
252	1258316
253	1259316
254	1260316
255	1261316
256	1262320
257	1263320
258	1264316
259	1265320
260	1266320
261	1267320
262	1268320
263	1269320
264	1270320
265	1271320
266	1272320
267	1273320
268	1274320
269	1275320
270	1276320
271	1277320
272	1278320
273	1279312
274	1280320
275	1281320
276	1282320
277	1283320
278	1284320
279	1285320
280	1286320
281	1287320
282	1288320
283	1289320
284	1290320
285	1291320
286	1292320
287	1293320
288	1294320
289	1295320
290	1296320
291	1297320
292	1298320
293	1299320
294	1300320
295	1301320
296	1302320
297	1303320
298	1304320
299	1305320
300	1306320
301	1307320
302	1308320
303	1309320
304	1310320
305	1311320
306	1312320
307	1313320
308	1314320
309	1315320
310	1316320
311	1317320
312	1318320
313	1319320
314	1320320
315	1321320
316	1322320
317	1323320
318	1324320
319	1325320
320	1326320
321	1327320
322	1328320
323	1329320
324	1330320
325	1331320
326	1332320
327	1333320
328	1334320
329	1335320
330	1336320
331	1337320
332	1338320
333	1339320
334	1340320
335	1341320
336	1342320
337	1343320
338	1344320
339	1345320
340	1346320
341	1347320
342	1348320
343	1349320
344	1350320
345	1351320
346	1352320
347	1353320
348	1354320
349	1355320
350	1356320
351	1357320
352	1358316
353	1359320
354	1360320
355	1361320
356	1362320
357	1363320
358	1364320
359	1365320
360	1366320
361	1367320
362	1368320
363	1369320
364	1370320
365	1371320
366	1372320
367	1373320
368	1374320
369	1375320
370	1376320
371	1377320
372	1378320
373	1379320
374	1380320
375	1381320
376	1382320
377	1383320
378	1384320
379	1385320
380	1386320
381	1387320
382	1388320
383	1389320
384	1390320
385	1391320
386	1392320
387	1393320
388	1394320
389	1395320
390	1396320
391	1397320
392	1398320
393	1399320
394	1400320
395	1401320
396	1402320
397	1403320
398	1404320
399	1405320
400	1406320
401	1407320
402	1408320
403	1409320
404	1410320
405	1411320
406	1412320
407	1413320
408	1414320
409	1415320
410	1416320
411	1417320
412	1418320
413	1419320
414	1420320
415	1421320
416	1422320
417	1423320
418	1424320
419	1425320
420	1426320
421	1427320
422	1428320
423	1429320
424	1430320
425	1431320
426	1432320
427	1433320
428	1434320
429	1435320
430	1436320
431	1437320
432	1438320
433	1439320
434	1440320
435	1441320
436	1442320
437	1443320
438	1444320
439	1445320
440	1446320
441	1447320
442	1448320
443	1449320
444	1450320
445	1451320
446	1452320
447	1453320
448	1454320
449	1455320
450	1456320
451	1457320
452	1458320
453	1459320
454	1460320
455	1461320
456	1462320
457	1463320
458	1464320
459	1465320
460	1466320
461	1467320
462	1468320
463	1469320
464	1470320
465	1471320
466	1472320
467	1473320
468	1474320
469	1475320
470	1476320
471	1477320
472	1478320
473	1479320
474	1480320
475	1481320
476	1482320
477	1483320
478	1484320
479	1485320
480	1486320
481	1487320
482	1488320
483	1489320
484	1490320
485	1491320
486	1492320
487	1493320
488	1494320
489	1495320
490	1496320
491	1497320
492	1498320
493	1499320
494	1500320
495	1501320
496	1502320
497	1503320
498	1504320
499	1505320
500	1506320
501	1507320
502	1508320
503	1509320
504	1510320
505	1511320
506	1512320
507	1513320
508	1514320
509	1515320
510	1516320
511	1517320
512	1518320
513	1519320
514	1520316
515	1521320
516	1522320
517	1523320
518	1524320
519	1525320
520	1526320
521	1527320
522	1528320
523	1529320
524	1530320
525	1531320
526	1532320
527	1533320
528	1534320
529	1535312
530	1536320
531	1537320
532	1538320
533	1539320
534	1540320
535	1541320
536	1542320
537	1543320
538	1544320
539	1545320
540	1546320
541	1547320
542	1548320
543	1549320
544	1550320
545	1551320
546	1552320
547	1553320
548	1554320
549	1555320
550	1556320
551	1557320
552	1558320
553	1559320
554	1560320
555	1561320
556	1562320
557	1563320
558	1564320
559	1565320
560	1566320
561	1567320
562	1568320
563	1569320
564	1570320
565	1571320
566	1572320
567	1573320
568	1574320
569	1575320
570	1576320
571	1577320
572	1578320
573	1579320
574	1580320
575	1581320
576	1582320
577	1583320
578	1584320
579	1585320
580	1586320
581	1587320
582	1588320
583	1589320
584	1590320
585	1591320
586	1592320
587	1593320
588	1594320
589	1595320
590	1596320
591	1597320
592	1598320
593	1599320
594	1600320
595	1601320
596	1602320
597	1603320
598	1604320
599	1605320
600	1606320
601	1607320
602	1608320
603	1609320
604	1610320
605	1611320
606	1612320
607	1613320
608	1614308
609	1615320
610	1616320
611	1617320
612	1618320
613	1619320
614	1620320
615	1621320
616	1622320
617	1623320
618	1624320
619	1625320
620	1626320
621	1627320
622	1628320
623	1629320
624	1630320
625	1631320
626	1632320
627	1633320
628	1634320
629	1635320
630	1636320
631	1637320
632	1638320
633	1639320
634	1640320
635	1641320
636	1642320
637	1643320
638	1644320
639	1645320
640	1646320
641	1647320
642	1648320
643	1649320
644	1650320
645	1651320
646	1652320
647	1653320
648	1654320
649	1655320
650	1656320
651	1657320
652	1658320
653	1659320
654	1660320
655	1661320
656	1662320
657	1663320
658	1664320
659	1665320
660	1666320
661	1667320
662	1668320
663	1669320
664	1670320
665	1671320
666	1672320
667	1673320
668	1674320
669	1675320
670	1676320
671	1677320
672	1678320
673	1679320
674	1680320
675	1681320
676	1682320
677	1683320
678	1684320
679	1685320
680	1686320
681	1687320
682	1688320
683	1689320
684	1690320
685	1691320
686	1692320
687	1693320
688	1694320
689	1695320
690	1696320
691	1697320
692	1698320
693	1699320
694	1700320
695	1701320
696	1702320
697	1703320
698	1704320
699	1705320
700	1706320
701	1707320
702	1708320
703	1709320
704	1710320
705	1711320
706	1712320
707	1713320
708	1714320
709	1715320
710	1716320
711	1717320
712	1718320
713	1719320
714	1720320
715	1721320
716	1722320
717	1723320
718	1724320
719	1725320
720	1726320
721	1727320
722	1728320
723	1729320
724	1730320
725	1731320
726	1732320
727	1733320
728	1734320
729	1735320
730	1736320
731	1737320
732	1738320
733	1739320
734	1740320
735	1741320
736	1742320
737	1743320
738	1744320
739	1745320
740	1746320
741	1747320
742	1748320
743	1749320
744	1750320
745	1751320
746	1752320
747	1753320
748	1754320
749	1755320
750	1756320
751	1757320
752	1758320
753	1759320
754	1760320
755	1761320
756	1762320
757	1763320
758	1764320
759	1765320
760	1766320
761	1767320
762	1768320
763	1769320
764	1770320
765	1771320
766	1772320
767	1773320
768	1774320
769	1775320
770	1776316
771	1777320
772	1778320
773	1779320
774	1780320
775	1781320
776	1782320
777	1783320
778	1784320
779	1785320
780	1786320
781	1787320
782	1788320
783	1789320
784	1790320
785	1791312
786	1792320
787	1793320
788	1794320
789	1795320
790	1796320
791	1797320
792	1798320
793	1799320
794	1800320
795	1801320
796	1802320
797	1803320
798	1804320
799	1805320
800	1806320
801	1807320
802	1808320
803	1809320
804	1810320
805	1811320
806	1812320
807	1813320
808	1814320
809	1815320
810	1816320
811	1817320
812	1818320
813	1819320
814	1820320
815	1821320
816	1822320
817	1823320
818	1824320
819	1825320
820	1826320
821	1827320
822	1828320
823	1829320
824	1830320
825	1831320
826	1832320
827	1833320
828	1834320
829	1835320
830	1836320
831	1837320
832	1838320
833	1839320
834	1840320
835	1841320
836	1842320
837	1843320
838	1844320
839	1845320
840	1846320
841	1847320
842	1848320
843	1849320
844	1850320
845	1851320
846	1852320
847	1853320
848	1854320
849	1855320
850	1856320
851	1857320
852	1858320
853	1859320
854	1860320
855	1861320
856	1862320
857	1863320
858	1864320
859	1865320
860	1866320
861	1867320
862	1868320
863	1869320
864	1870316
865	1871320
866	1872320
867	1873320
868	1874320
869	1875320
870	1876320
871	1877320
872	1878320
873	1879320
874	1880320
875	1881320
876	1882320
877	1883320
878	1884320
879	1885320
880	1886320
881	1887320
882	1888320
883	1889320
884	1890320
885	1891320
886	1892320
887	1893320
888	1894320
889	1895320
890	1896320
891	1897320
892	1898320
893	1899320
894	1900320
895	1901320
896	1902320
897	1903320
898	1904320
899	1905320
900	1906320
901	1907320
902	1908320
903	1909320
904	1910320
905	1911320
906	1912320
907	1913320
908	1914320
909	1915320
910	1916320
911	1917320
912	1918320
913	1919320
914	1920320
915	1921320
916	1922320
917	1923320
918	1924320
919	1925320
920	1926320
921	1927320
922	1928320
923	1929320
924	1930320
925	1931320
926	1932320
927	1933320
928	1934320
929	1935320
930	1936320
931	1937320
932	1938320
933	1939320
934	1940320
935	1941320
936	1942320
937	1943320
938	1944320
939	1945320
940	1946320
941	1947320
942	1948320
943	1949320
944	1950320
945	1951320
946	1952320
947	1953320
948	1954320
949	1955320
950	1956320
951	1957320
952	1958320
953	1959320
954	1960320
955	1961320
956	1962320
957	1963320
958	1964320
959	1965320
960	1966320
961	1967320
962	1968320
963	1969320
964	1970320
965	1971320
966	1972320
967	1973320
968	1974320
969	1975320
970	1976320
971	1977320
972	1978320
973	1979320
974	1980320
975	1981320
976	1982320
977	1983320
978	1984320
979	1985320
980	1986320
981	1987320
982	1988320
983	1989320
984	1990320
985	1991320
986	1992320
987	1993320
988	1994320
989	1995320
990	1996320
991	1997320
992	1998320
993	1999320
994	2000320
995	2001320
996	2002320
997	2003320
998	2004320
999	2005320
1000	2006320
1001	2007320
1002	2008320
1003	2009320
1004	2010320
1005	2011320
1006	2012320
1007	2013320
1008	2014320
1009	2015320
1010	2016320
1011	2017320
1012	2018320
1013	2019320
1014	2020320
1015	2021320
1016	2022320
1017	2023320
1018	2024320
1019	2025320
1020	2026320
1021	2027320
1022	2028320
1023	2029320
1024	2030320
1025	2031320
1026	2032316
1027	2033320
1028	2034320
1029	2035320
1030	2036320
1031	2037320
1032	2038320
1033	2039320
1034	2040320
1035	2041320
1036	2042320
1037	2043320
1038	2044320
1039	2045320
1040	2046320
1041	2047312
1042	2048320
1043	2049320
1044	2050320
1045	2051320
1046	2052320
1047	2053320
1048	2054320
1049	2055320
1050	2056320
1051	2057320
1052	2058320
1053	2059320
1054	2060320
1055	2061320
1056	2062320
1057	2063320
1058	2064320
1059	2065320
1060	2066320
1061	2067320
1062	2068320
1063	2069320
1064	2070320
1065	2071320
1066	2072320
1067	2073320
1068	2074320
1069	2075320
1070	2076320
1071	2077320
1072	2078320
1073	2079320
1074	2080320
1075	2081320
1076	2082320
1077	2083320
1078	2084320
1079	2085320
1080	2086320
1081	2087320
1082	2088320
1083	2089320
1084	2090320
1085	2091320
1086	2092320
1087	2093320
1088	2094320
1089	2095320
1090	2096320
1091	2097320
1092	2098320
1093	2099320
1094	2100320
1095	2101320
1096	2102320
1097	2103320
1098	2104320
1099	2105320
1100	2106320
1101	2107320
1102	2108320
1103	2109320
1104	2110320
1105	2111320
1106	2112320
1107	2113320
1108	2114320
1109	2115320
1110	2116320
1111	2117320
1112	2118320
1113	2119320
1114	2120320
1115	2121320
1116	2122320
1117	2123320
1118	2124320
1119	2125320
1120	2126316
1121	2127320
1122	2128320
1123	2129320
1124	2130320
1125	2131320
1126	2132320
1127	2133320
1128	2134320
1129	2135320
1130	2136320
1131	2137320
1132	2138320
1133	2139320
1134	2140320
1135	2141320
1136	2142320
1137	2143320
1138	2144320
1139	2145320
1140	2146320
1141	2147320
1142	2148320
1143	2149320
1144	2150320
1145	2151320
1146	2152320
1147	2153320
1148	2154320
1149	2155320
1150	2156320
1151	2157320
1152	2158320
1153	2159320
1154	2160320
1155	2161320
1156	2162320
1157	2163320
1158	2164320
1159	2165320
1160	2166320
1161	2167320
1162	2168320
1163	2169320
1164	2170320
1165	2171320
1166	2172320
1167	2173320
1168	2174320
1169	2175320
1170	2176320
1171	2177320
1172	2178320
1173	2179320
1174	2180320
1175	2181320
1176	2182320
1177	2183320
1178	2184320
1179	2185320
1180	2186320
1181	2187320
1182	2188320
1183	2189320
1184	2190320
1185	2191320
1186	2192320
1187	2193320
1188	2194320
1189	2195320
1190	2196320
1191	2197320
1192	2198320
1193	2199320
1194	2200320
1195	2201320
1196	2202320
1197	2203320
1198	2204320
1199	2205320
1200	2206320
1201	2207320
1202	2208320
1203	2209320
1204	2210320
1205	2211320
1206	2212320
1207	2213320
1208	2214320
1209	2215320
1210	2216320
1211	2217320
1212	2218320
1213	2219320
1214	2220320
1215	2221320
1216	2222320
1217	2223320
1218	2224320
1219	2225320
1220	2226320
1221	2227320
1222	2228320
1223	2229320
1224	2230320
1225	2231320
1226	2232320
1227	2233320
1228	2234320
1229	2235320
1230	2236320
1231	2237320
1232	2238320
1233	2239320
1234	2240320
1235	2241320
1236	2242320
1237	2243320
1238	2244320
1239	2245320
1240	2246320
1241	2247320
1242	2248320
1243	2249320
1244	2250320
1245	2251320
1246	2252320
1247	2253320
1248	2254320
1249	2255320
1250	2256320
1251	2257320
1252	2258320
1253	2259320
1254	2260320
1255	2261320
1256	2262320
1257	2263320
1258	2264320
1259	2265320
1260	2266320
1261	2267320
1262	2268320
1263	2269320
1264	2270320
1265	2271320
1266	2272320
1267	2273320
1268	2274320
1269	2275320
1270	2276320
1271	2277320
1272	2278320
1273	2279320
1274	2280320
1275	2281320
1276	2282320
1277	2283320
1278	2284320
1279	2285320
1280	2286320
1281	2287320
1282	2288316
1283	2289320
1284	2290320
1285	2291320
1286	2292320
1287	2293320
1288	2294320
1289	2295320
1290	2296320
1291	2297320
1292	2298320
1293	2299320
1294	2300320
1295	2301320
1296	2302320
1297	2303312
1298	2304320
1299	2305320
1300	2306320
1301	2307320
1302	2308320
1303	2309320
1304	2310320
1305	2311320
1306	2312320
1307	2313320
1308	2314320
1309	2315320
1310	2316320
1311	2317320
1312	2318320
1313	2319320
1314	2320320
1315	2321320
1316	2322320
1317	2323320
1318	2324320
1319	2325320
1320	2326320
1321	2327320
1322	2328320
1323	2329320
1324	2330320
1325	2331320
1326	2332320
1327	2333320
1328	2334320
1329	2335320
1330	2336320
1331	2337320
1332	2338320
1333	2339320
1334	2340320
1335	2341320
1336	2342320
1337	2343320
1338	2344320
1339	2345320
1340	2346320
1341	2347320
1342	2348320
1343	2349320
1344	2350320
1345	2351320
1346	2352320
1347	2353320
1348	2354320
1349	2355320
1350	2356320
1351	2357320
1352	2358320
1353	2359320
1354	2360320
1355	2361320
1356	2362320
1357	2363320
1358	2364320
1359	2365320
1360	2366320
1361	2367320
1362	2368320
1363	2369320
1364	2370320
1365	2371320
1366	2372320
1367	2373320
1368	2374320
1369	2375320
1370	2376320
1371	2377320
1372	2378320
1373	2379320
1374	2380320
1375	2381320
1376	2382316
1377	2383320
1378	2384320
1379	2385320
1380	2386320
1381	2387320
1382	2388320
1383	2389320
1384	2390320
1385	2391320
1386	2392320
1387	2393320
1388	2394320
1389	2395320
1390	2396320
1391	2397320
1392	2398320
1393	2399320
1394	2400320
1395	2401320
1396	2402320
1397	2403320
1398	2404320
1399	2405320
1400	2406320
1401	2407320
1402	2408320
1403	2409320
1404	2410320
1405	2411320
1406	2412320
1407	2413320
1408	2414320
1409	2415320
1410	2416320
1411	2417320
1412	2418320
1413	2419320
1414	2420320
1415	2421320
1416	2422320
1417	2423320
1418	2424320
1419	2425320
1420	2426320
1421	2427320
1422	2428320
1423	2429320
1424	2430320
1425	2431320
1426	2432320
1427	2433320
1428	2434320
1429	2435320
1430	2436320
1431	2437320
1432	2438320
1433	2439320
1434	2440320
1435	2441320
1436	2442320
1437	2443320
1438	2444320
1439	2445320
1440	2446320
1441	2447320
1442	2448320
1443	2449320
1444	2450320
1445	2451320
1446	2452320
1447	2453320
1448	2454320
1449	2455320
1450	2456320
1451	2457320
1452	2458320
1453	2459320
1454	2460320
1455	2461320
1456	2462320
1457	2463320
1458	2464320
1459	2465320
1460	2466320
1461	2467320
1462	2468320
1463	2469320
1464	2470320
1465	2471320
1466	2472320
1467	2473320
1468	2474320
1469	2475320
1470	2476320
1471	2477320
1472	2478320
1473	2479320
1474	2480320
1475	2481320
1476	2482320
1477	2483320
1478	2484320
1479	2485320
1480	2486320
1481	2487320
1482	2488320
1483	2489320
1484	2490320
1485	2491320
1486	2492320
1487	2493320
1488	2494320
1489	2495320
1490	2496320
1491	2497320
1492	2498320
1493	2499320
1494	2500320
1495	2501320
1496	2502320
1497	2503320
1498	2504320
1499	2505320
1500	2506320
1501	2507320
1502	2508320
1503	2509320
1504	2510320
1505	2511320
1506	2512320
1507	2513320
1508	2514320
1509	2515320
1510	2516320
1511	2517320
1512	2518320
1513	2519320
1514	2520320
1515	2521320
1516	2522320
1517	2523320
1518	2524320
1519	2525320
1520	2526320
1521	2527320
1522	2528320
1523	2529320
1524	2530320
1525	2531320
1526	2532320
1527	2533320
1528	2534320
1529	2535320
1530	2536320
1531	2537320
1532	2538320
1533	2539320
1534	2540320
1535	2541320
1536	2542320
1537	2543320
1538	2544316
1539	2545320
1540	2546320
1541	2547320
1542	2548320
1543	2549320
1544	2550320
1545	2551320
1546	2552320
1547	2553320
1548	2554320
1549	2555320
1550	2556320
1551	2557320
1552	2558320
1553	2559312
1554	2560320
1555	2561320
1556	2562320
1557	2563320
1558	2564320
1559	2565320
1560	2566320
1561	2567320
1562	2568320
1563	2569320
1564	2570320
1565	2571320
1566	2572320
1567	2573320
1568	2574320
1569	2575320
1570	2576320
1571	2577320
1572	2578320
1573	2579320
1574	2580320
1575	2581320
1576	2582320
1577	2583320
1578	2584320
1579	2585320
1580	2586320
1581	2587320
1582	2588320
1583	2589320
1584	2590320
1585	2591320
1586	2592320
1587	2593320
1588	2594320
1589	2595320
1590	2596320
1591	2597320
1592	2598320
1593	2599320
1594	2600320
1595	2601320
1596	2602320
1597	2603320
1598	2604320
1599	2605320
1600	2606320
1601	2607320
1602	2608320
1603	2609320
1604	2610320
1605	2611320
1606	2612320
1607	2613320
1608	2614320
1609	2615320
1610	2616320
1611	2617320
1612	2618320
1613	2619320
1614	2620320
1615	2621320
1616	2622320
1617	2623320
1618	2624320
1619	2625320
1620	2626320
1621	2627320
1622	2628320
1623	2629320
1624	2630320
1625	2631320
1626	2632320
1627	2633320
1628	2634320
1629	2635320
1630	2636320
1631	2637320
1632	2638316
1633	2639320
1634	2640320
1635	2641320
1636	2642320
1637	2643320
1638	2644320
1639	2645320
1640	2646320
1641	2647320
1642	2648320
1643	2649320
1644	2650320
1645	2651320
1646	2652320
1647	2653320
1648	2654320
1649	2655320
1650	2656320
1651	2657320
1652	2658320
1653	2659320
1654	2660320
1655	2661320
1656	2662320
1657	2663320
1658	2664320
1659	2665320
1660	2666320
1661	2667320
1662	2668320
1663	2669320
1664	2670320
1665	2671320
1666	2672320
1667	2673320
1668	2674320
1669	2675320
1670	2676320
1671	2677320
1672	2678320
1673	2679320
1674	2680320
1675	2681320
1676	2682320
1677	2683320
1678	2684320
1679	2685320
1680	2686320
1681	2687320
1682	2688320
1683	2689320
1684	2690320
1685	2691320
1686	2692320
1687	2693320
1688	2694320
1689	2695320
1690	2696320
1691	2697320
1692	2698320
1693	2699320
1694	2700320
1695	2701320
1696	2702320
1697	2703320
1698	2704320
1699	2705320
1700	2706320
1701	2707320
1702	2708320
1703	2709320
1704	2710320
1705	2711320
1706	2712320
1707	2713320
1708	2714320
1709	2715320
1710	2716320
1711	2717320
1712	2718320
1713	2719320
1714	2720320
1715	2721320
1716	2722320
1717	2723320
1718	2724320
1719	2725320
1720	2726320
1721	2727320
1722	2728320
1723	2729320
1724	2730320
1725	2731320
1726	2732320
1727	2733320
1728	2734320
1729	2735320
1730	2736320
1731	2737320
1732	2738320
1733	2739320
1734	2740320
1735	2741320
1736	2742320
1737	2743320
1738	2744320
1739	2745320
1740	2746320
1741	2747320
1742	2748320
1743	2749320
1744	2750320
1745	2751320
1746	2752320
1747	2753320
1748	2754320
1749	2755320
1750	2756320
1751	2757320
1752	2758320
1753	2759320
1754	2760320
1755	2761320
1756	2762320
1757	2763320
1758	2764320
1759	2765320
1760	2766320
1761	2767320
1762	2768320
1763	2769320
1764	2770320
1765	2771320
1766	2772320
1767	2773320
1768	2774320
1769	2775320
1770	2776320
1771	2777320
1772	2778320
1773	2779320
1774	2780320
1775	2781320
1776	2782320
1777	2783320
1778	2784320
1779	2785320
1780	2786320
1781	2787320
1782	2788320
1783	2789320
1784	2790320
1785	2791320
1786	2792320
1787	2793320
1788	2794320
1789	2795320
1790	2796320
1791	2797320
1792	2798320
1793	2799320
1794	2800316
1795	2801320
1796	2802320
1797	2803320
1798	2804320
1799	2805320
1800	2806320
1801	2807320
1802	2808320
1803	2809320
1804	2810320
1805	2811320
1806	2812320
1807	2813320
1808	2814320
1809	2815312
1810	2816320
1811	2817320
1812	2818320
1813	2819320
1814	2820320
1815	2821320
1816	2822320
1817	2823320
1818	2824320
1819	2825320
1820	2826320
1821	2827320
1822	2828320
1823	2829320
1824	2830320
1825	2831320
1826	2832320
1827	2833320
1828	2834320
1829	2835320
1830	2836320
1831	2837320
1832	2838320
1833	2839320
1834	2840320
1835	2841320
1836	2842320
1837	2843320
1838	2844320
1839	2845320
1840	2846320
1841	2847320
1842	2848320
1843	2849320
1844	2850320
1845	2851320
1846	2852320
1847	2853320
1848	2854320
1849	2855320
1850	2856320
1851	2857320
1852	2858316
1853	2859320
1854	2860320
1855	2861320
1856	2862320
1857	2863320
1858	2864320
1859	2865320
1860	2866320
1861	2867320
1862	2868320
1863	2869320
1864	2870320
1865	2871320
1866	2872320
1867	2873320
1868	2874320
1869	2875320
1870	2876320
1871	2877320
1872	2878320
1873	2879320
1874	2880320
1875	2881320
1876	2882320
1877	2883320
1878	2884320
1879	2885320
1880	2886320
1881	2887320
1882	2888320
1883	2889320
1884	2890320
1885	2891320
1886	2892320
1887	2893320
1888	2894316
1889	2895320
1890	2896320
1891	2897320
1892	2898320
1893	2899320
1894	2900320
1895	2901320
1896	2902320
1897	2903320
1898	2904320
1899	2905320
1900	2906320
1901	2907320
1902	2908320
1903	2909320
1904	2910320
1905	2911320
1906	2912320
1907	2913320
1908	2914320
1909	2915320
1910	2916320
1911	2917320
1912	2918320
1913	2919320
1914	2920320
1915	2921320
1916	2922320
1917	2923320
1918	2924320
1919	2925320
1920	2926320
1921	2927320
1922	2928320
1923	2929320
1924	2930320
1925	2931320
1926	2932320
1927	2933320
1928	2934320
1929	2935320
1930	2936320
1931	2937320
1932	2938320
1933	2939320
1934	2940320
1935	2941320
1936	2942320
1937	2943320
1938	2944320
1939	2945320
1940	2946320
1941	2947320
1942	2948320
1943	2949320
1944	2950320
1945	2951320
1946	2952320
1947	2953320
1948	2954320
1949	2955320
1950	2956320
1951	2957320
1952	2958320
1953	2959320
1954	2960320
1955	2961320
1956	2962320
1957	2963320
1958	2964320
1959	2965320
1960	2966320
1961	2967320
1962	2968320
1963	2969320
1964	2970320
1965	2971320
1966	2972320
1967	2973320
1968	2974320
1969	2975320
1970	2976320
1971	2977320
1972	2978320
1973	2979320
1974	2980320
1975	2981320
1976	2982320
1977	2983320
1978	2984320
1979	2985320
1980	2986320
1981	2987320
1982	2988320
1983	2989320
1984	2990320
1985	2991320
1986	2992320
1987	2993320
1988	2994320
1989	2995320
1990	2996320
1991	2997320
1992	2998320
1993	2999320
1994	3000320
1995	3001320
1996	3002320
1997	3003320
1998	3004320
1999	3005320
2000	3006320
2001	3007320
2002	3008320
2003	3009320
2004	3010320
2005	3011320
2006	3012320
2007	3013320
2008	3014320
2009	3015320
2010	3016320
2011	3017320
2012	3018320
2013	3019320
2014	3020320
2015	3021320
2016	3022320
2017	3023320
2018	3024320
2019	3025320
2020	3026320
2021	3027320
2022	3028320
2023	3029320
2024	3030320
2025	3031320
2026	3032320
2027	3033320
2028	3034320
2029	3035320
2030	3036320
2031	3037320
2032	3038320
2033	3039320
2034	3040320
2035	3041320
2036	3042320
2037	3043320
2038	3044320
2039	3045320
2040	3046320
2041	3047320
2042	3048320
2043	3049320
2044	3050320
2045	3051320
2046	3052320
2047	3053320
2048	3054320
2049	3055320
2050	3056316
2051	3057320
2052	3058320
2053	3059320
2054	3060320
2055	3061320
2056	3062320
2057	3063320
2058	3064320
2059	3065320
2060	3066320
2061	3067320
2062	3068320
2063	3069320
2064	3070320
2065	3071312
2066	3072320
2067	3073320
2068	3074320
2069	3075320
2070	3076320
2071	3077320
2072	3078320
2073	3079320
2074	3080320
2075	3081320
2076	3082320
2077	3083320
2078	3084320
2079	3085320
2080	3086320
2081	3087320
2082	3088320
2083	3089320
2084	3090320
2085	3091320
2086	3092320
2087	3093320
2088	3094320
2089	3095320
2090	3096320
2091	3097320
2092	3098320
2093	3099320
2094	3100320
2095	3101320
2096	3102320
2097	3103320
2098	3104320
2099	3105320
2100	3106320
2101	3107320
2102	3108320
2103	3109320
2104	3110320
2105	3111320
2106	3112320
2107	3113320
2108	3114320
2109	3115320
2110	3116320
2111	3117320
2112	3118320
2113	3119320
2114	3120320
2115	3121320
2116	3122320
2117	3123320
2118	3124320
2119	3125320
2120	3126320
2121	3127320
2122	3128320
2123	3129320
2124	3130320
2125	3131320
2126	3132320
2127	3133320
2128	3134320
2129	3135320
2130	3136320
2131	3137320
2132	3138320
2133	3139320
2134	3140320
2135	3141320
2136	3142320
2137	3143320
2138	3144320
2139	3145320
2140	3146320
2141	3147320
2142	3148320
2143	3149320
2144	3150316
2145	3151320
2146	3152320
2147	3153320
2148	3154320
2149	3155320
2150	3156320
2151	3157320
2152	3158320
2153	3159320
2154	3160320
2155	3161320
2156	3162320
2157	3163320
2158	3164320
2159	3165320
2160	3166320
2161	3167320
2162	3168320
2163	3169320
2164	3170320
2165	3171320
2166	3172320
2167	3173320
2168	3174320
2169	3175320
2170	3176320
2171	3177320
2172	3178320
2173	3179320
2174	3180320
2175	3181320
2176	3182320
2177	3183320
2178	3184320
2179	3185320
2180	3186320
2181	3187320
2182	3188320
2183	3189320
2184	3190320
2185	3191320
2186	3192320
2187	3193320
2188	3194320
2189	3195320
2190	3196320
2191	3197320
2192	3198320
2193	3199320
2194	3200320
2195	3201320
2196	3202320
2197	3203320
2198	3204320
2199	3205320
2200	3206320
2201	3207320
2202	3208320
2203	3209320
2204	3210320
2205	3211320
2206	3212320
2207	3213320
2208	3214320
2209	3215320
2210	3216320
2211	3217320
2212	3218320
2213	3219320
2214	3220320
2215	3221320
2216	3222320
2217	3223320
2218	3224320
2219	3225320
2220	3226320
2221	3227320
2222	3228320
2223	3229320
2224	3230320
2225	3231320
2226	3232320
2227	3233320
2228	3234320
2229	3235320
2230	3236320
2231	3237320
2232	3238320
2233	3239320
2234	3240320
2235	3241320
2236	3242320
2237	3243320
2238	3244320
2239	3245320
2240	3246320
2241	3247320
2242	3248320
2243	3249320
2244	3250320
2245	3251320
2246	3252320
2247	3253320
2248	3254320
2249	3255320
2250	3256320
2251	3257320
2252	3258320
2253	3259320
2254	3260320
2255	3261320
2256	3262320
2257	3263320
2258	3264320
2259	3265320
2260	3266320
2261	3267320
2262	3268320
2263	3269320
2264	3270320
2265	3271320
2266	3272320
2267	3273320
2268	3274320
2269	3275320
2270	3276320
2271	3277320
2272	3278320
2273	3279320
2274	3280320
2275	3281320
2276	3282320
2277	3283320
2278	3284320
2279	3285320
2280	3286320
2281	3287320
2282	3288320
2283	3289320
2284	3290320
2285	3291320
2286	3292320
2287	3293320
2288	3294320
2289	3295320
2290	3296320
2291	3297320
2292	3298320
2293	3299320
2294	3300320
2295	3301320
2296	3302320
2297	3303320
2298	3304320
2299	3305320
2300	3306320
2301	3307320
2302	3308320
2303	3309320
2304	3310320
2305	3311320
2306	3312316
2307	3313320
2308	3314320
2309	3315320
2310	3316320
2311	3317320
2312	3318320
2313	3319320
2314	3320320
2315	3321320
2316	3322320
2317	3323320
2318	3324320
2319	3325320
2320	3326320
2321	3327312
2322	3328320
2323	3329320
2324	3330320
2325	3331320
2326	3332320
2327	3333320
2328	3334320
2329	3335320
2330	3336320
2331	3337320
2332	3338320
2333	3339320
2334	3340320
2335	3341320
2336	3342320
2337	3343320
2338	3344320
2339	3345320
2340	3346320
2341	3347320
2342	3348320
2343	3349320
2344	3350320
2345	3351320
2346	3352320
2347	3353320
2348	3354320
2349	3355320
2350	3356320
2351	3357320
2352	3358320
2353	3359320
2354	3360320
2355	3361320
2356	3362320
2357	3363320
2358	3364320
2359	3365320
2360	3366320
2361	3367320
2362	3368320
2363	3369320
2364	3370320
2365	3371320
2366	3372320
2367	3373320
2368	3374320
2369	3375320
2370	3376320
2371	3377320
2372	3378320
2373	3379320
2374	3380320
2375	3381320
2376	3382320
2377	3383320
2378	3384320
2379	3385320
2380	3386320
2381	3387320
2382	3388320
2383	3389320
2384	3390320
2385	3391320
2386	3392320
2387	3393320
2388	3394320
2389	3395320
2390	3396320
2391	3397320
2392	3398320
2393	3399320
2394	3400320
2395	3401320
2396	3402320
2397	3403320
2398	3404320
2399	3405320
2400	3406316
2401	3407320
2402	3408320
2403	3409320
2404	3410320
2405	3411320
2406	3412320
2407	3413320
2408	3414320
2409	3415320
2410	3416320
2411	3417320
2412	3418320
2413	3419320
2414	3420320
2415	3421320
2416	3422320
2417	3423320
2418	3424320
2419	3425320
2420	3426320
2421	3427320
2422	3428320
2423	3429320
2424	3430320
2425	3431320
2426	3432320
2427	3433320
2428	3434320
2429	3435320
2430	3436320
2431	3437320
2432	3438320
2433	3439320
2434	3440320
2435	3441320
2436	3442320
2437	3443320
2438	3444320
2439	3445320
2440	3446320
2441	3447320
2442	3448320
2443	3449320
2444	3450320
2445	3451320
2446	3452320
2447	3453320
2448	3454320
2449	3455320
2450	3456320
2451	3457320
2452	3458320
2453	3459320
2454	3460320
2455	3461320
2456	3462320
2457	3463320
2458	3464320
2459	3465320
2460	3466320
2461	3467320
2462	3468320
2463	3469320
2464	3470320
2465	3471320
2466	3472320
2467	3473320
2468	3474320
2469	3475320
2470	3476320
2471	3477320
2472	3478320
2473	3479320
2474	3480320
2475	3481320
2476	3482320
2477	3483320
2478	3484320
2479	3485320
2480	3486320
2481	3487320
2482	3488320
2483	3489320
2484	3490320
2485	3491320
2486	3492320
2487	3493320
2488	3494320
2489	3495320
2490	3496320
2491	3497320
2492	3498320
2493	3499320
2494	3500320
2495	3501320
2496	3502320
2497	3503320
2498	3504320
2499	3505320
2500	3506320
2501	3507320
2502	3508320
2503	3509320
2504	3510320
2505	3511320
2506	3512320
2507	3513320
2508	3514320
2509	3515320
2510	3516320
2511	3517320
2512	3518320
2513	3519320
2514	3520320
2515	3521320
2516	3522320
2517	3523320
2518	3524320
2519	3525320
2520	3526320
2521	3527320
2522	3528320
2523	3529320
2524	3530320
2525	3531320
2526	3532320
2527	3533320
2528	3534320
2529	3535320
2530	3536320
2531	3537320
2532	3538320
2533	3539320
2534	3540320
2535	3541320
2536	3542320
2537	3543320
2538	3544320
2539	3545320
2540	3546320
2541	3547320
2542	3548320
2543	3549320
2544	3550320
2545	3551320
2546	3552320
2547	3553320
2548	3554320
2549	3555320
2550	3556320
2551	3557320
2552	3558320
2553	3559320
2554	3560320
2555	3561320
2556	3562320
2557	3563320
2558	3564320
2559	3565320
2560	3566320
2561	3567316
2562	3568316
2563	3569320
2564	3570320
2565	3571320
2566	3572320
2567	3573320
2568	3574320
2569	3575320
2570	3576320
2571	3577320
2572	3578320
2573	3579320
2574	3580320
2575	3581320
2576	3582320
2577	3583312
2578	3584320
2579	3585320
2580	3586320
2581	3587320
2582	3588320
2583	3589320
2584	3590320
2585	3591320
2586	3592320
2587	3593320
2588	3594320
2589	3595320
2590	3596320
2591	3597320
2592	3598320
2593	3599320
2594	3600320
2595	3601320
2596	3602320
2597	3603320
2598	3604320
2599	3605320
2600	3606320
2601	3607320
2602	3608320
2603	3609320
2604	3610320
2605	3611320
2606	3612320
2607	3613320
2608	3614320
2609	3615320
2610	3616320
2611	3617320
2612	3618320
2613	3619320
2614	3620320
2615	3621320
2616	3622320
2617	3623320
2618	3624320
2619	3625320
2620	3626320
2621	3627320
2622	3628320
2623	3629320
2624	3630320
2625	3631320
2626	3632320
2627	3633320
2628	3634320
2629	3635320
2630	3636320
2631	3637320
2632	3638320
2633	3639320
2634	3640320
2635	3641320
2636	3642320
2637	3643320
2638	3644320
2639	3645320
2640	3646320
2641	3647320
2642	3648320
2643	3649320
2644	3650320
2645	3651320
2646	3652320
2647	3653320
2648	3654320
2649	3655320
2650	3656320
2651	3657320
2652	3658320
2653	3659320
2654	3660320
2655	3661320
2656	3662312
2657	3663320
2658	3664320
2659	3665320
2660	3666320
2661	3667320
2662	3668320
2663	3669320
2664	3670320
2665	3671320
2666	3672320
2667	3673320
2668	3674320
2669	3675320
2670	3676320
2671	3677320
2672	3678320
2673	3679320
2674	3680320
2675	3681320
2676	3682320
2677	3683320
2678	3684320
2679	3685320
2680	3686320
2681	3687320
2682	3688320
2683	3689320
2684	3690320
2685	3691320
2686	3692320
2687	3693320
2688	3694320
2689	3695320
2690	3696320
2691	3697320
2692	3698320
2693	3699320
2694	3700320
2695	3701320
2696	3702320
2697	3703320
2698	3704320
2699	3705320
2700	3706320
2701	3707320
2702	3708320
2703	3709320
2704	3710320
2705	3711320
2706	3712320
2707	3713320
2708	3714320
2709	3715320
2710	3716320
2711	3717320
2712	3718320
2713	3719320
2714	3720320
2715	3721320
2716	3722320
2717	3723320
2718	3724320
2719	3725320
2720	3726320
2721	3727320
2722	3728320
2723	3729320
2724	3730320
2725	3731320
2726	3732320
2727	3733320
2728	3734320
2729	3735320
2730	3736320
2731	3737320
2732	3738320
2733	3739320
2734	3740320
2735	3741320
2736	3742320
2737	3743320
2738	3744320
2739	3745320
2740	3746320
2741	3747320
2742	3748320
2743	3749320
2744	3750320
2745	3751320
2746	3752320
2747	3753320
2748	3754320
2749	3755320
2750	3756320
2751	3757320
2752	3758320
2753	3759320
2754	3760320
2755	3761320
2756	3762320
2757	3763320
2758	3764320
2759	3765320
2760	3766320
2761	3767320
2762	3768320
2763	3769320
2764	3770320
2765	3771320
2766	3772320
2767	3773320
2768	3774320
2769	3775320
2770	3776320
2771	3777320
2772	3778320
2773	3779320
2774	3780320
2775	3781320
2776	3782320
2777	3783320
2778	3784320
2779	3785320
2780	3786320
2781	3787320
2782	3788320
2783	3789320
2784	3790320
2785	3791320
2786	3792320
2787	3793320
2788	3794320
2789	3795320
2790	3796320
2791	3797320
2792	3798320
2793	3799320
2794	3800320
2795	3801320
2796	3802320
2797	3803320
2798	3804320
2799	3805320
2800	3806470
2801	3807320
2802	3808320
2803	3809320
2804	3810320
2805	3811320
2806	3812320
2807	3813320
2808	3814320
2809	3815320
2810	3816320
2811	3817320
2812	3818320
2813	3819320
2814	3820320
2815	3821320
2816	3822320
2817	3823320
2818	3824316
2819	3825320
2820	3826320
2821	3827320
2822	3828320
2823	3829320
2824	3830320
2825	3831320
2826	3832320
2827	3833320
2828	3834320
2829	3835320
2830	3836320
2831	3837320
2832	3838320
2833	3839312
2834	3840320
2835	3841320
2836	3842320
2837	3843320
2838	3844320
2839	3845320
2840	3846320
2841	3847320
2842	3848320
2843	3849320
2844	3850320
2845	3851320
2846	3852320
2847	3853320
2848	3854320
2849	3855320
2850	3856320
2851	3857320
2852	3858320
2853	3859320
2854	3860320
2855	3861320
2856	3862320
2857	3863320
2858	3864320
2859	3865320
2860	3866320
2861	3867320
2862	3868320
2863	3869320
2864	3870320
2865	3871320
2866	3872320
2867	3873320
2868	3874320
2869	3875320
2870	3876320
2871	3877320
2872	3878320
2873	3879320
2874	3880320
2875	3881320
2876	3882320
2877	3883320
2878	3884320
2879	3885320
2880	3886320
2881	3887320
2882	3888320
2883	3889320
2884	3890320
2885	3891320
2886	3892320
2887	3893320
2888	3894320
2889	3895320
2890	3896320
2891	3897320
2892	3898320
2893	3899320
2894	3900320
2895	3901320
2896	3902320
2897	3903320
2898	3904320
2899	3905320
2900	3906320
2901	3907320
2902	3908320
2903	3909320
2904	3910320
2905	3911320
2906	3912320
2907	3913320
2908	3914320
2909	3915320
2910	3916320
2911	3917320
2912	3918316
2913	3919320
2914	3920320
2915	3921320
2916	3922320
2917	3923320
2918	3924320
2919	3925320
2920	3926320
2921	3927320
2922	3928320
2923	3929320
2924	3930320
2925	3931320
2926	3932320
2927	3933320
2928	3934320
2929	3935320
2930	3936320
2931	3937320
2932	3938320
2933	3939320
2934	3940320
2935	3941320
2936	3942320
2937	3943320
2938	3944320
2939	3945320
2940	3946320
2941	3947320
2942	3948320
2943	3949320
2944	3950320
2945	3951320
2946	3952320
2947	3953320
2948	3954320
2949	3955320
2950	3956320
2951	3957320
2952	3958320
2953	3959320
2954	3960320
2955	3961320
2956	3962320
2957	3963320
2958	3964320
2959	3965320
2960	3966320
2961	3967320
2962	3968320
2963	3969320
2964	3970320
2965	3971320
2966	3972320
2967	3973320
2968	3974320
2969	3975320
2970	3976320
2971	3977320
2972	3978320
2973	3979320
2974	3980320
2975	3981320
2976	3982320
2977	3983320
2978	3984320
2979	3985320
2980	3986320
2981	3987320
2982	3988320
2983	3989320
2984	3990320
2985	3991320
2986	3992320
2987	3993320
2988	3994320
2989	3995320
2990	3996320
2991	3997320
2992	3998320
2993	3999320
2994	4000320
2995	4001320
2996	4002320
2997	4003320
2998	4004320
2999	4005320
3000	4006320
3001	4007320
3002	4008320
3003	4009320
3004	4010320
3005	4011320
3006	4012320
3007	4013320
3008	4014320
3009	4015320
3010	4016320
3011	4017320
3012	4018320
3013	4019320
3014	4020320
3015	4021320
3016	4022320
3017	4023320
3018	4024320
3019	4025320
3020	4026320
3021	4027320
3022	4028320
3023	4029320
3024	4030320
3025	4031320
3026	4032320
3027	4033320
3028	4034320
3029	4035320
3030	4036320
3031	4037320
3032	4038320
3033	4039320
3034	4040320
3035	4041320
3036	4042320
3037	4043320
3038	4044320
3039	4045320
3040	4046320
3041	4047320
3042	4048320
3043	4049320
3044	4050320
3045	4051320
3046	4052320
3047	4053320
3048	4054320
3049	4055320
3050	4056320
3051	4057320
3052	4058320
3053	4059320
3054	4060320
3055	4061320
3056	4062320
3057	4063320
3058	4064320
3059	4065320
3060	4066320
3061	4067320
3062	4068320
3063	4069320
3064	4070320
3065	4071320
3066	4072320
3067	4073320
3068	4074320
3069	4075320
3070	4076320
3071	4077320
3072	4078320
3073	4079320
3074	4080316
3075	4081320
3076	4082320
3077	4083320
3078	4084320
3079	4085320
3080	4086320
3081	4087320
3082	4088320
3083	4089320
3084	4090320
3085	4091320
3086	4092320
3087	4093320
3088	4094320
3089	4095312
3090	4096320
3091	4097320
3092	4098320
3093	4099320
3094	4100320
3095	4101320
3096	4102320
3097	4103320
3098	4104320
3099	4105320
3100	4106320
3101	4107320
3102	4108320
3103	4109320
3104	4110320
3105	4111320
3106	4112320
3107	4113320
3108	4114320
3109	4115320
3110	4116320
3111	4117320
3112	4118320
3113	4119320
3114	4120320
3115	4121320
3116	4122320
3117	4123320
3118	4124320
3119	4125320
3120	4126320
3121	4127320
3122	4128320
3123	4129320
3124	4130320
3125	4131320
3126	4132320
3127	4133320
3128	4134320
3129	4135320
3130	4136320
3131	4137320
3132	4138320
3133	4139320
3134	4140320
3135	4141320
3136	4142320
3137	4143320
3138	4144320
3139	4145320
3140	4146320
3141	4147320
3142	4148320
3143	4149320
3144	4150320
3145	4151320
3146	4152320
3147	4153320
3148	4154320
3149	4155320
3150	4156320
3151	4157320
3152	4158320
3153	4159320
3154	4160320
3155	4161320
3156	4162320
3157	4163320
3158	4164320
3159	4165320
3160	4166320
3161	4167320
3162	4168320
3163	4169320
3164	4170320
3165	4171320
3166	4172320
3167	4173320
3168	4174316
3169	4175320
3170	4176320
3171	4177320
3172	4178320
3173	4179320
3174	4180320
3175	4181320
3176	4182320
3177	4183320
3178	4184320
3179	4185320
3180	4186320
3181	4187320
3182	4188320
3183	4189320
3184	4190320
3185	4191320
3186	4192320
3187	4193320
3188	4194320
3189	4195320
3190	4196320
3191	4197320
3192	4198320
3193	4199320
3194	4200320
3195	4201320
3196	4202320
3197	4203320
3198	4204320
3199	4205320
3200	4206320
3201	4207320
3202	4208320
3203	4209320
3204	4210320
3205	4211320
3206	4212320
3207	4213320
3208	4214320
3209	4215320
3210	4216320
3211	4217320
3212	4218320
3213	4219320
3214	4220320
3215	4221320
3216	4222320
3217	4223320
3218	4224320
3219	4225320
3220	4226320
3221	4227320
3222	4228320
3223	4229320
3224	4230320
3225	4231320
3226	4232320
3227	4233320
3228	4234320
3229	4235320
3230	4236320
3231	4237320
3232	4238320
3233	4239320
3234	4240320
3235	4241320
3236	4242320
3237	4243320
3238	4244320
3239	4245320
3240	4246320
3241	4247320
3242	4248320
3243	4249320
3244	4250320
3245	4251320
3246	4252320
3247	4253320
3248	4254320
3249	4255320
3250	4256320
3251	4257320
3252	4258320
3253	4259320
3254	4260320
3255	4261320
3256	4262320
3257	4263320
3258	4264320
3259	4265320
3260	4266320
3261	4267320
3262	4268316
3263	4269316
3264	4270316
3265	4271316
3266	4272316
3267	4273316
3268	4274316
3269	4275316
3270	4276316
3271	4277316
3272	4278316
3273	4279316
3274	4280316
3275	4281316
3276	4282316
3277	4283316
3278	4284316
3279	4285320
3280	4286320
3281	4287320
3282	4288320
3283	4289320
3284	4290320
3285	4291320
3286	4292320
3287	4293320
3288	4294320
3289	4295320
3290	4296320
3291	4297320
3292	4298320
3293	4299320
3294	4300320
3295	4301320
3296	4302320
3297	4303320
3298	4304320
3299	4305320
3300	4306320
3301	4307320
3302	4308320
3303	4309320
3304	4310320
3305	4311320
3306	4312320
3307	4313320
3308	4314320
3309	4315320
3310	4316320
3311	4317320
3312	4318320
3313	4319320
3314	4320320
3315	4321320
3316	4322320
3317	4323320
3318	4324320
3319	4325320
3320	4326320
3321	4327320
3322	4328320
3323	4329320
3324	4330320
3325	4331320
3326	4332320
3327	4333320
3328	4334320
3329	4335320
3330	4336316
3331	4337320
3332	4338320
3333	4339320
3334	4340320
3335	4341320
3336	4342320
3337	4343320
3338	4344320
3339	4345320
3340	4346320
3341	4347320
3342	4348320
3343	4349320
3344	4350320
3345	4351312
3346	4352320
3347	4353320
3348	4354320
3349	4355320
3350	4356320
3351	4357320
3352	4358320
3353	4359320
3354	4360320
3355	4361320
3356	4362320
3357	4363320
3358	4364320
3359	4365320
3360	4366320
3361	4367320
3362	4368320
3363	4369320
3364	4370320
3365	4371320
3366	4372320
3367	4373320
3368	4374320
3369	4375320
3370	4376320
3371	4377320
3372	4378320
3373	4379320
3374	4380320
3375	4381320
3376	4382320
3377	4383320
3378	4384320
3379	4385320
3380	4386320
3381	4387320
3382	4388320
3383	4389320
3384	4390320
3385	4391320
3386	4392320
3387	4393320
3388	4394320
3389	4395320
3390	4396320
3391	4397320
3392	4398320
3393	4399320
3394	4400320
3395	4401320
3396	4402320
3397	4403320
3398	4404320
3399	4405320
3400	4406320
3401	4407320
3402	4408320
3403	4409320
3404	4410320
3405	4411320
3406	4412320
3407	4413320
3408	4414320
3409	4415320
3410	4416320
3411	4417320
3412	4418320
3413	4419320
3414	4420320
3415	4421320
3416	4422320
3417	4423320
3418	4424320
3419	4425320
3420	4426320
3421	4427320
3422	4428320
3423	4429320
3424	4430320
3425	4431320
3426	4432320
3427	4433320
3428	4434320
3429	4435320
3430	4436320
3431	4437320
3432	4438320
3433	4439320
3434	4440320
3435	4441320
3436	4442320
3437	4443320
3438	4444320
3439	4445320
3440	4446320
3441	4447320
3442	4448320
3443	4449320
3444	4450320
3445	4451320
3446	4452320
3447	4453320
3448	4454320
3449	4455320
3450	4456320
3451	4457320
3452	4458320
3453	4459320
3454	4460320
3455	4461320
3456	4462320
3457	4463320
3458	4464320
3459	4465320
3460	4466320
3461	4467320
3462	4468320
3463	4469320
3464	4470320
3465	4471320
3466	4472320
3467	4473320
3468	4474320
3469	4475320
3470	4476320
3471	4477320
3472	4478320
3473	4479320
3474	4480320
3475	4481320
3476	4482320
3477	4483320
3478	4484320
3479	4485320
3480	4486320
3481	4487320
3482	4488320
3483	4489320
3484	4490320
3485	4491320
3486	4492320
3487	4493320
3488	4494320
3489	4495320
3490	4496320
3491	4497320
3492	4498320
3493	4499320
3494	4500320
3495	4501320
3496	4502320
3497	4503320
3498	4504320
3499	4505320
3500	4506320
3501	4507320
3502	4508320
3503	4509320
3504	4510320
3505	4511320
3506	4512320
3507	4513320
3508	4514320
3509	4515320
3510	4516320
3511	4517320
3512	4518320
3513	4519320
3514	4520320
3515	4521320
3516	4522320
3517	4523320
3518	4524320
3519	4525320
3520	4526320
3521	4527320
3522	4528320
3523	4529320
3524	4530320
3525	4531320
3526	4532320
3527	4533320
3528	4534320
3529	4535320
3530	4536320
3531	4537320
3532	4538320
3533	4539320
3534	4540320
3535	4541320
3536	4542320
3537	4543320
3538	4544320
3539	4545320
3540	4546320
3541	4547320
3542	4548320
3543	4549320
3544	4550320
3545	4551320
3546	4552320
3547	4553320
3548	4554320
3549	4555320
3550	4556320
3551	4557320
3552	4558320
3553	4559320
3554	4560320
3555	4561320
3556	4562320
3557	4563320
3558	4564320
3559	4565320
3560	4566320
3561	4567320
3562	4568320
3563	4569320
3564	4570320
3565	4571320
3566	4572320
3567	4573320
3568	4574320
3569	4575320
3570	4576320
3571	4577320
3572	4578320
3573	4579320
3574	4580320
3575	4581320
3576	4582320
3577	4583320
3578	4584320
3579	4585320
3580	4586320
3581	4587320
3582	4588320
3583	4589320
3584	4590320
3585	4591320
3586	4592316
3587	4593320
3588	4594320
3589	4595320
3590	4596320
3591	4597320
3592	4598320
3593	4599320
3594	4600320
3595	4601320
3596	4602320
3597	4603320
3598	4604320
3599	4605320
3600	4606320
3601	4607312
3602	4608320
3603	4609320
3604	4610320
3605	4611320
3606	4612320
3607	4613320
3608	4614320
3609	4615320
3610	4616320
3611	4617320
3612	4618320
3613	4619320
3614	4620320
3615	4621320
3616	4622320
3617	4623320
3618	4624320
3619	4625320
3620	4626320
3621	4627320
3622	4628320
3623	4629320
3624	4630320
3625	4631320
3626	4632320
3627	4633320
3628	4634320
3629	4635320
3630	4636320
3631	4637320
3632	4638320
3633	4639320
3634	4640320
3635	4641320
3636	4642320
3637	4643320
3638	4644320
3639	4645320
3640	4646320
3641	4647320
3642	4648320
3643	4649320
3644	4650320
3645	4651320
3646	4652320
3647	4653320
3648	4654320
3649	4655320
3650	4656320
3651	4657320
3652	4658320
3653	4659320
3654	4660320
3655	4661320
3656	4662320
3657	4663320
3658	4664320
3659	4665320
3660	4666320
3661	4667320
3662	4668320
3663	4669320
3664	4670320
3665	4671320
3666	4672320
3667	4673320
3668	4674320
3669	4675320
3670	4676320
3671	4677320
3672	4678320
3673	4679320
3674	4680320
3675	4681320
3676	4682320
3677	4683320
3678	4684320
3679	4685320
3680	4686320
3681	4687320
3682	4688320
3683	4689320
3684	4690320
3685	4691320
3686	4692320
3687	4693320
3688	4694320
3689	4695320
3690	4696320
3691	4697320
3692	4698320
3693	4699320
3694	4700320
3695	4701320
3696	4702320
3697	4703320
3698	4704320
3699	4705320
3700	4706320
3701	4707320
3702	4708320
3703	4709320
3704	4710320
3705	4711320
3706	4712320
3707	4713320
3708	4714320
3709	4715320
3710	4716320
3711	4717320
3712	4718320
3713	4719320
3714	4720320
3715	4721320
3716	4722320
3717	4723320
3718	4724320
3719	4725320
3720	4726320
3721	4727320
3722	4728320
3723	4729320
3724	4730320
3725	4731320
3726	4732320
3727	4733320
3728	4734320
3729	4735320
3730	4736320
3731	4737320
3732	4738320
3733	4739320
3734	4740320
3735	4741320
3736	4742320
3737	4743320
3738	4744320
3739	4745320
3740	4746320
3741	4747320
3742	4748320
3743	4749320
3744	4750320
3745	4751320
3746	4752320
3747	4753320
3748	4754320
3749	4755320
3750	4756320
3751	4757320
3752	4758320
3753	4759320
3754	4760320
3755	4761320
3756	4762320
3757	4763320
3758	4764320
3759	4765320
3760	4766320
3761	4767320
3762	4768320
3763	4769320
3764	4770320
3765	4771320
3766	4772320
3767	4773320
3768	4774320
3769	4775320
3770	4776320
3771	4777320
3772	4778320
3773	4779320
3774	4780320
3775	4781320
3776	4782320
3777	4783320
3778	4784320
3779	4785320
3780	4786320
3781	4787320
3782	4788320
3783	4789320
3784	4790320
3785	4791320
3786	4792320
3787	4793320
3788	4794320
3789	4795320
3790	4796320
3791	4797320
3792	4798320
3793	4799320
3794	4800320
3795	4801320
3796	4802320
3797	4803320
3798	4804320
3799	4805320
3800	4806320
3801	4807320
3802	4808320
3803	4809320
3804	4810320
3805	4811320
3806	4812320
3807	4813320
3808	4814320
3809	4815320
3810	4816320
3811	4817320
3812	4818320
3813	4819320
3814	4820320
3815	4821320
3816	4822320
3817	4823320
3818	4824320
3819	4825320
3820	4826320
3821	4827320
3822	4828320
3823	4829320
3824	4830320
3825	4831320
3826	4832320
3827	4833320
3828	4834320
3829	4835320
3830	4836320
3831	4837320
3832	4838320
3833	4839320
3834	4840320
3835	4841320
3836	4842320
3837	4843320
3838	4844320
3839	4845320
3840	4846320
3841	4847320
3842	4848316
3843	4849320
3844	4850320
3845	4851320
3846	4852320
3847	4853320
3848	4854320
3849	4855320
3850	4856320
3851	4857320
3852	4858320
3853	4859320
3854	4860320
3855	4861320
3856	4862320
3857	4863312
3858	4864320
3859	4865320
3860	4866320
3861	4867320
3862	4868320
3863	4869320
3864	4870320
3865	4871320
3866	4872320
3867	4873320
3868	4874320
3869	4875320
3870	4876320
3871	4877320
3872	4878320
3873	4879320
3874	4880320
3875	4881320
3876	4882320
3877	4883320
3878	4884320
3879	4885320
3880	4886320
3881	4887320
3882	4888320
3883	4889320
3884	4890320
3885	4891320
3886	4892320
3887	4893320
3888	4894320
3889	4895320
3890	4896320
3891	4897320
3892	4898320
3893	4899320
3894	4900320
3895	4901320
3896	4902320
3897	4903320
3898	4904320
3899	4905320
3900	4906320
3901	4907320
3902	4908320
3903	4909320
3904	4910320
3905	4911320
3906	4912320
3907	4913320
3908	4914320
3909	4915320
3910	4916320
3911	4917320
3912	4918320
3913	4919320
3914	4920320
3915	4921320
3916	4922320
3917	4923320
3918	4924320
3919	4925320
3920	4926320
3921	4927320
3922	4928320
3923	4929320
3924	4930320
3925	4931320
3926	4932320
3927	4933320
3928	4934320
3929	4935320
3930	4936320
3931	4937320
3932	4938320
3933	4939320
3934	4940320
3935	4941320
3936	4942320
3937	4943320
3938	4944320
3939	4945320
3940	4946320
3941	4947320
3942	4948320
3943	4949320
3944	4950320
3945	4951320
3946	4952320
3947	4953320
3948	4954320
3949	4955320
3950	4956320
3951	4957320
3952	4958320
3953	4959320
3954	4960320
3955	4961320
3956	4962320
3957	4963320
3958	4964320
3959	4965320
3960	4966320
3961	4967320
3962	4968320
3963	4969320
3964	4970320
3965	4971320
3966	4972320
3967	4973320
3968	4974320
3969	4975320
3970	4976320
3971	4977320
3972	4978320
3973	4979320
3974	4980320
3975	4981320
3976	4982320
3977	4983320
3978	4984320
3979	4985320
3980	4986320
3981	4987320
3982	4988320
3983	4989320
3984	4990320
3985	4991320
3986	4992320
3987	4993320
3988	4994320
3989	4995320
3990	4996320
3991	4997320
3992	4998320
3993	4999320
3994	5000320
3995	5001320
3996	5002320
3997	5003320
3998	5004320
3999	5005320
4000	5006320
4001	5007320
4002	5008320
4003	5009320
4004	5010320
4005	5011320
4006	5012320
4007	5013320
4008	5014320
4009	5015320
4010	5016320
4011	5017320
4012	5018320
4013	5019320
4014	5020320
4015	5021320
4016	5022320
4017	5023320
4018	5024320
4019	5025320
4020	5026320
4021	5027320
4022	5028320
4023	5029320
4024	5030320
4025	5031320
4026	5032320
4027	5033320
4028	5034320
4029	5035320
4030	5036320
4031	5037320
4032	5038320
4033	5039320
4034	5040320
4035	5041320
4036	5042320
4037	5043320
4038	5044320
4039	5045320
4040	5046320
4041	5047320
4042	5048320
4043	5049320
4044	5050320
4045	5051320
4046	5052320
4047	5053320
4048	5054320
4049	5055320
4050	5056320
4051	5057320
4052	5058320
4053	5059320
4054	5060320
4055	5061320
4056	5062320
4057	5063320
4058	5064320
4059	5065320
4060	5066320
4061	5067320
4062	5068320
4063	5069320
4064	5070320
4065	5071320
4066	5072320
4067	5073320
4068	5074320
4069	5075320
4070	5076320
4071	5077320
4072	5078320
4073	5079320
4074	5080320
4075	5081320
4076	5082320
4077	5083320
4078	5084320
4079	5085320
4080	5086320
4081	5087320
4082	5088320
4083	5089320
4084	5090320
4085	5091320
4086	5092320
4087	5093320
4088	5094320
4089	5095320
4090	5096320
4091	5097320
4092	5098320
4093	5099320
4094	5100320
4095	5101320
4096	5102320
4097	5103320
4098	5104316
4099	5105320
4100	5106320
4101	5107320
4102	5108320
4103	5109320
4104	5110320
4105	5111320
4106	5112320
4107	5113320
4108	5114320
4109	5115320
4110	5116320
4111	5117320
4112	5118320
4113	5119312
4114	5120320
4115	5121320
4116	5122320
4117	5123320
4118	5124320
4119	5125320
4120	5126320
4121	5127320
4122	5128320
4123	5129320
4124	5130320
4125	5131320
4126	5132320
4127	5133320
4128	5134320
4129	5135320
4130	5136320
4131	5137320
4132	5138320
4133	5139320
4134	5140320
4135	5141320
4136	5142320
4137	5143320
4138	5144320
4139	5145320
4140	5146320
4141	5147320
4142	5148320
4143	5149320
4144	5150320
4145	5151320
4146	5152320
4147	5153320
4148	5154320
4149	5155320
4150	5156320
4151	5157320
4152	5158320
4153	5159320
4154	5160320
4155	5161320
4156	5162320
4157	5163320
4158	5164320
4159	5165320
4160	5166320
4161	5167320
4162	5168320
4163	5169320
4164	5170320
4165	5171320
4166	5172320
4167	5173320
4168	5174320
4169	5175320
4170	5176320
4171	5177320
4172	5178320
4173	5179320
4174	5180320
4175	5181320
4176	5182320
4177	5183320
4178	5184320
4179	5185320
4180	5186320
4181	5187320
4182	5188320
4183	5189320
4184	5190320
4185	5191320
4186	5192320
4187	5193320
4188	5194320
4189	5195320
4190	5196320
4191	5197320
4192	5198320
4193	5199320
4194	5200320
4195	5201320
4196	5202320
4197	5203320
4198	5204320
4199	5205320
4200	5206320
4201	5207320
4202	5208320
4203	5209320
4204	5210320
4205	5211320
4206	5212320
4207	5213320
4208	5214320
4209	5215320
4210	5216320
4211	5217320
4212	5218320
4213	5219320
4214	5220320
4215	5221320
4216	5222320
4217	5223320
4218	5224320
4219	5225320
4220	5226320
4221	5227320
4222	5228320
4223	5229320
4224	5230320
4225	5231320
4226	5232320
4227	5233320
4228	5234320
4229	5235320
4230	5236320
4231	5237320
4232	5238320
4233	5239320
4234	5240320
4235	5241320
4236	5242320
4237	5243320
4238	5244320
4239	5245320
4240	5246320
4241	5247320
4242	5248320
4243	5249320
4244	5250320
4245	5251320
4246	5252320
4247	5253320
4248	5254320
4249	5255320
4250	5256320
4251	5257320
4252	5258320
4253	5259320
4254	5260320
4255	5261320
4256	5262320
4257	5263320
4258	5264320
4259	5265320
4260	5266320
4261	5267320
4262	5268320
4263	5269320
4264	5270320
4265	5271320
4266	5272320
4267	5273320
4268	5274320
4269	5275320
4270	5276320
4271	5277320
4272	5278320
4273	5279320
4274	5280320
4275	5281320
4276	5282320
4277	5283320
4278	5284320
4279	5285320
4280	5286320
4281	5287320
4282	5288320
4283	5289320
4284	5290320
4285	5291320
4286	5292320
4287	5293320
4288	5294320
4289	5295320
4290	5296320
4291	5297320
4292	5298320
4293	5299320
4294	5300320
4295	5301320
4296	5302320
4297	5303320
4298	5304320
4299	5305320
4300	5306320
4301	5307320
4302	5308320
4303	5309320
4304	5310320
4305	5311320
4306	5312320
4307	5313320
4308	5314320
4309	5315320
4310	5316320
4311	5317320
4312	5318320
4313	5319320
4314	5320320
4315	5321320
4316	5322320
4317	5323320
4318	5324320
4319	5325320
4320	5326320
4321	5327320
4322	5328320
4323	5329320
4324	5330320
4325	5331320
4326	5332320
4327	5333320
4328	5334320
4329	5335320
4330	5336320
4331	5337320
4332	5338320
4333	5339320
4334	5340320
4335	5341320
4336	5342320
4337	5343320
4338	5344320
4339	5345320
4340	5346320
4341	5347320
4342	5348320
4343	5349320
4344	5350320
4345	5351320
4346	5352320
4347	5353320
4348	5354320
4349	5355320
4350	5356320
4351	5357320
4352	5358316
4353	5359320
4354	5360316
4355	5361320
4356	5362320
4357	5363320
4358	5364320
4359	5365320
4360	5366320
4361	5367320
4362	5368320
4363	5369320
4364	5370320
4365	5371320
4366	5372320
4367	5373320
4368	5374320
4369	5375312
4370	5376320
4371	5377320
4372	5378320
4373	5379320
4374	5380320
4375	5381320
4376	5382320
4377	5383320
4378	5384320
4379	5385320
4380	5386320
4381	5387320
4382	5388320
4383	5389320
4384	5390320
4385	5391320
4386	5392320
4387	5393320
4388	5394320
4389	5395320
4390	5396320
4391	5397320
4392	5398320
4393	5399320
4394	5400320
4395	5401320
4396	5402320
4397	5403320
4398	5404320
4399	5405320
4400	5406320
4401	5407320
4402	5408320
4403	5409320
4404	5410320
4405	5411320
4406	5412320
4407	5413320
4408	5414320
4409	5415320
4410	5416320
4411	5417320
4412	5418320
4413	5419320
4414	5420320
4415	5421320
4416	5422320
4417	5423320
4418	5424320
4419	5425320
4420	5426320
4421	5427320
4422	5428320
4423	5429320
4424	5430320
4425	5431320
4426	5432320
4427	5433320
4428	5434320
4429	5435320
4430	5436320
4431	5437320
4432	5438320
4433	5439320
4434	5440320
4435	5441320
4436	5442320
4437	5443320
4438	5444320
4439	5445320
4440	5446320
4441	5447320
4442	5448320
4443	5449320
4444	5450320
4445	5451320
4446	5452320
4447	5453320
4448	5454320
4449	5455320
4450	5456320
4451	5457320
4452	5458320
4453	5459320
4454	5460320
4455	5461320
4456	5462320
4457	5463320
4458	5464320
4459	5465320
4460	5466320
4461	5467320
4462	5468320
4463	5469320
4464	5470320
4465	5471320
4466	5472320
4467	5473320
4468	5474320
4469	5475320
4470	5476320
4471	5477320
4472	5478320
4473	5479320
4474	5480320
4475	5481320
4476	5482320
4477	5483320
4478	5484320
4479	5485320
4480	5486320
4481	5487320
4482	5488320
4483	5489320
4484	5490320
4485	5491320
4486	5492320
4487	5493320
4488	5494320
4489	5495320
4490	5496320
4491	5497320
4492	5498320
4493	5499320
4494	5500320
4495	5501320
4496	5502320
4497	5503320
4498	5504320
4499	5505320
4500	5506320
4501	5507320
4502	5508320
4503	5509320
4504	5510320
4505	5511320
4506	5512320
4507	5513320
4508	5514320
4509	5515320
4510	5516320
4511	5517320
4512	5518320
4513	5519320
4514	5520320
4515	5521320
4516	5522320
4517	5523320
4518	5524320
4519	5525320
4520	5526320
4521	5527320
4522	5528320
4523	5529320
4524	5530320
4525	5531320
4526	5532320
4527	5533320
4528	5534320
4529	5535320
4530	5536320
4531	5537320
4532	5538320
4533	5539320
4534	5540320
4535	5541320
4536	5542320
4537	5543320
4538	5544320
4539	5545320
4540	5546320
4541	5547320
4542	5548320
4543	5549320
4544	5550320
4545	5551320
4546	5552320
4547	5553320
4548	5554320
4549	5555320
4550	5556320
4551	5557320
4552	5558320
4553	5559320
4554	5560320
4555	5561320
4556	5562320
4557	5563320
4558	5564320
4559	5565320
4560	5566320
4561	5567320
4562	5568320
4563	5569320
4564	5570320
4565	5571320
4566	5572320
4567	5573320
4568	5574320
4569	5575320
4570	5576320
4571	5577320
4572	5578320
4573	5579320
4574	5580320
4575	5581320
4576	5582320
4577	5583320
4578	5584320
4579	5585320
4580	5586320
4581	5587320
4582	5588320
4583	5589320
4584	5590320
4585	5591320
4586	5592320
4587	5593320
4588	5594320
4589	5595320
4590	5596320
4591	5597320
4592	5598320
4593	5599320
4594	5600320
4595	5601320
4596	5602320
4597	5603320
4598	5604320
4599	5605320
4600	5606320
4601	5607320
4602	5608320
4603	5609320
4604	5610320
4605	5611320
4606	5612320
4607	5613320
4608	5614320
4609	5615320
4610	5616316
4611	5617320
4612	5618320
4613	5619320
4614	5620320
4615	5621320
4616	5622320
4617	5623320
4618	5624320
4619	5625320
4620	5626320
4621	5627320
4622	5628320
4623	5629320
4624	5630320
4625	5631312
4626	5632320
4627	5633320
4628	5634320
4629	5635320
4630	5636320
4631	5637320
4632	5638320
4633	5639320
4634	5640320
4635	5641320
4636	5642320
4637	5643320
4638	5644320
4639	5645320
4640	5646320
4641	5647320
4642	5648320
4643	5649320
4644	5650320
4645	5651320
4646	5652320
4647	5653320
4648	5654320
4649	5655320
4650	5656320
4651	5657320
4652	5658320
4653	5659320
4654	5660320
4655	5661320
4656	5662320
4657	5663320
4658	5664320
4659	5665320
4660	5666320
4661	5667320
4662	5668320
4663	5669320
4664	5670320
4665	5671320
4666	5672320
4667	5673320
4668	5674320
4669	5675320
4670	5676320
4671	5677320
4672	5678320
4673	5679320
4674	5680320
4675	5681320
4676	5682320
4677	5683320
4678	5684320
4679	5685320
4680	5686320
4681	5687320
4682	5688320
4683	5689320
4684	5690320
4685	5691320
4686	5692320
4687	5693320
4688	5694320
4689	5695320
4690	5696320
4691	5697320
4692	5698320
4693	5699320
4694	5700320
4695	5701320
4696	5702320
4697	5703320
4698	5704320
4699	5705320
4700	5706320
4701	5707320
4702	5708320
4703	5709320
4704	5710320
4705	5711320
4706	5712320
4707	5713320
4708	5714320
4709	5715320
4710	5716320
4711	5717320
4712	5718320
4713	5719320
4714	5720320
4715	5721320
4716	5722320
4717	5723320
4718	5724320
4719	5725320
4720	5726320
4721	5727320
4722	5728320
4723	5729320
4724	5730320
4725	5731320
4726	5732320
4727	5733320
4728	5734320
4729	5735320
4730	5736320
4731	5737320
4732	5738320
4733	5739320
4734	5740320
4735	5741320
4736	5742320
4737	5743320
4738	5744320
4739	5745320
4740	5746320
4741	5747320
4742	5748320
4743	5749320
4744	5750320
4745	5751320
4746	5752320
4747	5753320
4748	5754320
4749	5755320
4750	5756320
4751	5757320
4752	5758320
4753	5759320
4754	5760320
4755	5761320
4756	5762320
4757	5763320
4758	5764320
4759	5765320
4760	5766320
4761	5767320
4762	5768320
4763	5769320
4764	5770320
4765	5771320
4766	5772320
4767	5773320
4768	5774320
4769	5775320
4770	5776320
4771	5777320
4772	5778320
4773	5779320
4774	5780320
4775	5781320
4776	5782320
4777	5783320
4778	5784320
4779	5785320
4780	5786320
4781	5787320
4782	5788320
4783	5789320
4784	5790320
4785	5791320
4786	5792320
4787	5793320
4788	5794320
4789	5795320
4790	5796320
4791	5797320
4792	5798320
4793	5799320
4794	5800320
4795	5801320
4796	5802320
4797	5803320
4798	5804320
4799	5805320
4800	5806320
4801	5807320
4802	5808320
4803	5809320
4804	5810320
4805	5811320
4806	5812320
4807	5813320
4808	5814320
4809	5815320
4810	5816320
4811	5817320
4812	5818320
4813	5819320
4814	5820320
4815	5821320
4816	5822320
4817	5823320
4818	5824320
4819	5825320
4820	5826320
4821	5827320
4822	5828320
4823	5829320
4824	5830320
4825	5831320
4826	5832320
4827	5833320
4828	5834320
4829	5835320
4830	5836320
4831	5837320
4832	5838320
4833	5839320
4834	5840320
4835	5841320
4836	5842320
4837	5843320
4838	5844320
4839	5845320
4840	5846320
4841	5847320
4842	5848320
4843	5849320
4844	5850320
4845	5851320
4846	5852320
4847	5853320
4848	5854320
4849	5855320
4850	5856320
4851	5857320
4852	5858320
4853	5859320
4854	5860320
4855	5861320
4856	5862320
4857	5863320
4858	5864320
4859	5865320
4860	5866320
4861	5867320
4862	5868320
4863	5869320
4864	5870320
4865	5871320
4866	5872316
4867	5873320
4868	5874320
4869	5875320
4870	5876320
4871	5877320
4872	5878320
4873	5879320
4874	5880320
4875	5881320
4876	5882320
4877	5883320
4878	5884320
4879	5885320
4880	5886320
4881	5887312
4882	5888320
4883	5889320
4884	5890320
4885	5891320
4886	5892320
4887	5893320
4888	5894320
4889	5895320
4890	5896320
4891	5897320
4892	5898320
4893	5899320
4894	5900320
4895	5901320
4896	5902320
4897	5903320
4898	5904320
4899	5905320
4900	5906320
4901	5907320
4902	5908320
4903	5909320
4904	5910320
4905	5911320
4906	5912320
4907	5913320
4908	5914320
4909	5915320
4910	5916320
4911	5917320
4912	5918320
4913	5919320
4914	5920320
4915	5921320
4916	5922320
4917	5923320
4918	5924320
4919	5925320
4920	5926320
4921	5927320
4922	5928320
4923	5929320
4924	5930320
4925	5931320
4926	5932320
4927	5933320
4928	5934320
4929	5935320
4930	5936320
4931	5937320
4932	5938320
4933	5939320
4934	5940320
4935	5941320
4936	5942320
4937	5943320
4938	5944320
4939	5945320
4940	5946320
4941	5947320
4942	5948320
4943	5949320
4944	5950320
4945	5951320
4946	5952320
4947	5953320
4948	5954320
4949	5955320
4950	5956320
4951	5957320
4952	5958320
4953	5959320
4954	5960320
4955	5961320
4956	5962320
4957	5963320
4958	5964320
4959	5965320
4960	5966320
4961	5967320
4962	5968320
4963	5969320
4964	5970320
4965	5971320
4966	5972320
4967	5973320
4968	5974320
4969	5975320
4970	5976320
4971	5977320
4972	5978320
4973	5979320
4974	5980320
4975	5981320
4976	5982320
4977	5983320
4978	5984320
4979	5985320
4980	5986320
4981	5987320
4982	5988320
4983	5989320
4984	5990320
4985	5991320
4986	5992320
4987	5993320
4988	5994320
4989	5995320
4990	5996320
4991	5997320
4992	5998320
4993	5999320
4994	6000320
4995	6001320
4996	6002320
4997	6003320
4998	6004320
4999	6005320
5000	6006320
5001	6007320
5002	6008320
5003	6009320
5004	6010320
5005	6011320
5006	6012320
5007	6013320
5008	6014320
5009	6015320
5010	6016320
5011	6017320
5012	6018320
5013	6019320
5014	6020320
5015	6021320
5016	6022320
5017	6023320
5018	6024320
5019	6025320
5020	6026320
5021	6027320
5022	6028320
5023	6029320
5024	6030320
5025	6031320
5026	6032320
5027	6033320
5028	6034320
5029	6035320
5030	6036320
5031	6037320
5032	6038320
5033	6039320
5034	6040320
5035	6041320
5036	6042320
5037	6043320
5038	6044320
5039	6045320
5040	6046320
5041	6047320
5042	6048320
5043	6049320
5044	6050320
5045	6051320
5046	6052320
5047	6053320
5048	6054320
5049	6055320
5050	6056320
5051	6057320
5052	6058320
5053	6059320
5054	6060320
5055	6061320
5056	6062320
5057	6063320
5058	6064320
5059	6065320
5060	6066320
5061	6067320
5062	6068320
5063	6069320
5064	6070320
5065	6071320
5066	6072320
5067	6073320
5068	6074320
5069	6075320
5070	6076320
5071	6077320
5072	6078320
5073	6079320
5074	6080320
5075	6081320
5076	6082320
5077	6083320
5078	6084320
5079	6085320
5080	6086320
5081	6087320
5082	6088320
5083	6089320
5084	6090320
5085	6091320
5086	6092320
5087	6093320
5088	6094320
5089	6095320
5090	6096320
5091	6097320
5092	6098320
5093	6099320
5094	6100320
5095	6101320
5096	6102320
5097	6103320
5098	6104320
5099	6105320
5100	6106320
5101	6107320
5102	6108320
5103	6109320
5104	6110320
5105	6111320
5106	6112320
5107	6113320
5108	6114320
5109	6115320
5110	6116320
5111	6117320
5112	6118320
5113	6119320
5114	6120320
5115	6121320
5116	6122320
5117	6123320
5118	6124320
5119	6125320
5120	6126320
5121	6127320
5122	6128316
5123	6129320
5124	6130320
5125	6131320
5126	6132320
5127	6133320
5128	6134320
5129	6135320
5130	6136320
5131	6137320
5132	6138320
5133	6139320
5134	6140320
5135	6141320
5136	6142320
5137	6143312
5138	6144320
5139	6145320
5140	6146320
5141	6147320
5142	6148320
5143	6149320
5144	6150320
5145	6151320
5146	6152320
5147	6153320
5148	6154320
5149	6155320
5150	6156320
5151	6157320
5152	6158320
5153	6159320
5154	6160320
5155	6161320
5156	6162320
5157	6163320
5158	6164320
5159	6165320
5160	6166320
5161	6167320
5162	6168320
5163	6169320
5164	6170320
5165	6171320
5166	6172320
5167	6173320
5168	6174320
5169	6175320
5170	6176320
5171	6177320
5172	6178320
5173	6179320
5174	6180320
5175	6181320
5176	6182320
5177	6183320
5178	6184320
5179	6185320
5180	6186320
5181	6187320
5182	6188320
5183	6189320
5184	6190320
5185	6191320
5186	6192320
5187	6193320
5188	6194320
5189	6195320
5190	6196320
5191	6197320
5192	6198320
5193	6199320
5194	6200320
5195	6201320
5196	6202320
5197	6203320
5198	6204320
5199	6205320
5200	6206320
5201	6207320
5202	6208320
5203	6209320
5204	6210320
5205	6211320
5206	6212320
5207	6213320
5208	6214320
5209	6215320
5210	6216320
5211	6217320
5212	6218320
5213	6219320
5214	6220320
5215	6221320
5216	6222320
5217	6223320
5218	6224320
5219	6225320
5220	6226320
5221	6227320
5222	6228320
5223	6229320
5224	6230320
5225	6231320
5226	6232320
5227	6233320
5228	6234320
5229	6235320
5230	6236320
5231	6237320
5232	6238320
5233	6239320
5234	6240320
5235	6241320
5236	6242320
5237	6243320
5238	6244320
5239	6245320
5240	6246320
5241	6247320
5242	6248320
5243	6249320
5244	6250320
5245	6251320
5246	6252320
5247	6253320
5248	6254320
5249	6255320
5250	6256320
5251	6257320
5252	6258320
5253	6259320
5254	6260320
5255	6261320
5256	6262320
5257	6263320
5258	6264320
5259	6265320
5260	6266320
5261	6267320
5262	6268320
5263	6269320
5264	6270320
5265	6271320
5266	6272320
5267	6273320
5268	6274320
5269	6275320
5270	6276320
5271	6277320
5272	6278320
5273	6279320
5274	6280320
5275	6281320
5276	6282320
5277	6283320
5278	6284320
5279	6285320
5280	6286320
5281	6287320
5282	6288320
5283	6289320
5284	6290320
5285	6291320
5286	6292320
5287	6293320
5288	6294320
5289	6295320
5290	6296320
5291	6297320
5292	6298320
5293	6299320
5294	6300320
5295	6301320
5296	6302320
5297	6303320
5298	6304320
5299	6305320
5300	6306320
5301	6307320
5302	6308320
5303	6309320
5304	6310320
5305	6311320
5306	6312320
5307	6313320
5308	6314320
5309	6315320
5310	6316320
5311	6317320
5312	6318320
5313	6319320
5314	6320320
5315	6321320
5316	6322320
5317	6323320
5318	6324320
5319	6325320
5320	6326320
5321	6327320
5322	6328320
5323	6329320
5324	6330320
5325	6331320
5326	6332320
5327	6333320
5328	6334320
5329	6335320
5330	6336320
5331	6337320
5332	6338320
5333	6339320
5334	6340320
5335	6341320
5336	6342320
5337	6343320
5338	6344320
5339	6345320
5340	6346320
5341	6347320
5342	6348320
5343	6349320
5344	6350320
5345	6351320
5346	6352320
5347	6353320
5348	6354320
5349	6355320
5350	6356320
5351	6357320
5352	6358320
5353	6359320
5354	6360320
5355	6361320
5356	6362320
5357	6363320
5358	6364320
5359	6365320
5360	6366320
5361	6367320
5362	6368320
5363	6369320
5364	6370320
5365	6371320
5366	6372320
5367	6373320
5368	6374320
5369	6375320
5370	6376320
5371	6377320
5372	6378320
5373	6379320
5374	6380320
5375	6381320
5376	6382320
5377	6383320
5378	6384316
5379	6385320
5380	6386320
5381	6387320
5382	6388320
5383	6389320
5384	6390320
5385	6391320
5386	6392320
5387	6393320
5388	6394320
5389	6395320
5390	6396320
5391	6397320
5392	6398320
5393	6399312
5394	6400320
5395	6401320
5396	6402320
5397	6403320
5398	6404320
5399	6405320
5400	6406320
5401	6407320
5402	6408320
5403	6409320
5404	6410320
5405	6411320
5406	6412320
5407	6413320
5408	6414320
5409	6415320
5410	6416320
5411	6417320
5412	6418320
5413	6419320
5414	6420320
5415	6421320
5416	6422320
5417	6423320
5418	6424320
5419	6425320
5420	6426320
5421	6427320
5422	6428320
5423	6429320
5424	6430320
5425	6431320
5426	6432320
5427	6433320
5428	6434320
5429	6435320
5430	6436320
5431	6437320
5432	6438320
5433	6439320
5434	6440320
5435	6441320
5436	6442320
5437	6443320
5438	6444320
5439	6445320
5440	6446320
5441	6447320
5442	6448320
5443	6449320
5444	6450320
5445	6451320
5446	6452320
5447	6453320
5448	6454320
5449	6455320
5450	6456320
5451	6457320
5452	6458320
5453	6459320
5454	6460320
5455	6461320
5456	6462320
5457	6463320
5458	6464320
5459	6465320
5460	6466320
5461	6467320
5462	6468320
5463	6469320
5464	6470320
5465	6471320
5466	6472320
5467	6473320
5468	6474320
5469	6475320
5470	6476320
5471	6477320
5472	6478320
5473	6479320
5474	6480320
5475	6481320
5476	6482320
5477	6483320
5478	6484320
5479	6485320
5480	6486320
5481	6487320
5482	6488320
5483	6489320
5484	6490320
5485	6491320
5486	6492320
5487	6493320
5488	6494320
5489	6495320
5490	6496320
5491	6497320
5492	6498320
5493	6499320
5494	6500320
5495	6501320
5496	6502320
5497	6503320
5498	6504320
5499	6505320
5500	6506320
5501	6507320
5502	6508320
5503	6509320
5504	6510320
5505	6511320
5506	6512320
5507	6513320
5508	6514320
5509	6515320
5510	6516320
5511	6517320
5512	6518320
5513	6519320
5514	6520320
5515	6521320
5516	6522320
5517	6523320
5518	6524320
5519	6525320
5520	6526320
5521	6527320
5522	6528320
5523	6529320
5524	6530320
5525	6531320
5526	6532320
5527	6533320
5528	6534320
5529	6535320
5530	6536320
5531	6537320
5532	6538320
5533	6539320
5534	6540320
5535	6541320
5536	6542320
5537	6543320
5538	6544320
5539	6545320
5540	6546320
5541	6547320
5542	6548320
5543	6549320
5544	6550320
5545	6551320
5546	6552320
5547	6553320
5548	6554320
5549	6555320
5550	6556320
5551	6557320
5552	6558320
5553	6559320
5554	6560320
5555	6561320
5556	6562320
5557	6563320
5558	6564320
5559	6565320
5560	6566320
5561	6567320
5562	6568320
5563	6569320
5564	6570320
5565	6571320
5566	6572320
5567	6573320
5568	6574320
5569	6575320
5570	6576320
5571	6577320
5572	6578320
5573	6579320
5574	6580320
5575	6581320
5576	6582320
5577	6583320
5578	6584320
5579	6585320
5580	6586320
5581	6587320
5582	6588320
5583	6589320
5584	6590320
5585	6591320
5586	6592320
5587	6593320
5588	6594320
5589	6595320
5590	6596320
5591	6597320
5592	6598320
5593	6599320
5594	6600320
5595	6601320
5596	6602320
5597	6603320
5598	6604320
5599	6605320
5600	6606320
5601	6607320
5602	6608320
5603	6609320
5604	6610320
5605	6611320
5606	6612320
5607	6613320
5608	6614320
5609	6615320
5610	6616320
5611	6617320
5612	6618320
5613	6619320
5614	6620320
5615	6621320
5616	6622320
5617	6623320
5618	6624320
5619	6625320
5620	6626320
5621	6627320
5622	6628320
5623	6629320
5624	6630320
5625	6631320
5626	6632320
5627	6633320
5628	6634320
5629	6635320
5630	6636320
5631	6637320
5632	6638320
5633	6639320
5634	6640316
5635	6641320
5636	6642320
5637	6643320
5638	6644320
5639	6645320
5640	6646320
5641	6647320
5642	6648320
5643	6649320
5644	6650320
5645	6651320
5646	6652320
5647	6653320
5648	6654320
5649	6655312
5650	6656320
5651	6657320
5652	6658320
5653	6659320
5654	6660320
5655	6661320
5656	6662320
5657	6663320
5658	6664320
5659	6665320
5660	6666320
5661	6667320
5662	6668320
5663	6669320
5664	6670320
5665	6671320
5666	6672320
5667	6673320
5668	6674320
5669	6675320
5670	6676320
5671	6677320
5672	6678320
5673	6679320
5674	6680320
5675	6681320
5676	6682320
5677	6683320
5678	6684320
5679	6685320
5680	6686320
5681	6687320
5682	6688320
5683	6689320
5684	6690320
5685	6691320
5686	6692320
5687	6693320
5688	6694320
5689	6695320
5690	6696320
5691	6697320
5692	6698320
5693	6699320
5694	6700320
5695	6701320
5696	6702320
5697	6703320
5698	6704320
5699	6705320
5700	6706320
5701	6707320
5702	6708320
5703	6709320
5704	6710320
5705	6711320
5706	6712320
5707	6713320
5708	6714320
5709	6715320
5710	6716320
5711	6717320
5712	6718320
5713	6719320
5714	6720320
5715	6721320
5716	6722320
5717	6723320
5718	6724320
5719	6725320
5720	6726320
5721	6727320
5722	6728320
5723	6729320
5724	6730320
5725	6731320
5726	6732320
5727	6733320
5728	6734320
5729	6735320
5730	6736320
5731	6737320
5732	6738320
5733	6739320
5734	6740320
5735	6741320
5736	6742320
5737	6743320
5738	6744320
5739	6745320
5740	6746320
5741	6747320
5742	6748320
5743	6749320
5744	6750320
5745	6751320
5746	6752320
5747	6753320
5748	6754320
5749	6755320
5750	6756320
5751	6757320
5752	6758320
5753	6759320
5754	6760320
5755	6761320
5756	6762320
5757	6763320
5758	6764320
5759	6765320
5760	6766320
5761	6767320
5762	6768320
5763	6769320
5764	6770320
5765	6771320
5766	6772320
5767	6773320
5768	6774320
5769	6775320
5770	6776320
5771	6777320
5772	6778320
5773	6779320
5774	6780320
5775	6781320
5776	6782320
5777	6783320
5778	6784320
5779	6785320
5780	6786320
5781	6787320
5782	6788320
5783	6789320
5784	6790320
5785	6791320
5786	6792320
5787	6793320
5788	6794320
5789	6795320
5790	6796320
5791	6797320
5792	6798320
5793	6799320
5794	6800320
5795	6801320
5796	6802320
5797	6803320
5798	6804320
5799	6805320
5800	6806320
5801	6807320
5802	6808320
5803	6809320
5804	6810320
5805	6811320
5806	6812320
5807	6813320
5808	6814320
5809	6815320
5810	6816320
5811	6817320
5812	6818320
5813	6819320
5814	6820320
5815	6821320
5816	6822320
5817	6823320
5818	6824320
5819	6825320
5820	6826320
5821	6827320
5822	6828320
5823	6829320
5824	6830320
5825	6831320
5826	6832320
5827	6833320
5828	6834320
5829	6835320
5830	6836320
5831	6837320
5832	6838320
5833	6839320
5834	6840320
5835	6841320
5836	6842320
5837	6843320
5838	6844320
5839	6845320
5840	6846320
5841	6847320
5842	6848320
5843	6849320
5844	6850320
5845	6851320
5846	6852320
5847	6853320
5848	6854320
5849	6855320
5850	6856320
5851	6857320
5852	6858320
5853	6859320
5854	6860320
5855	6861320
5856	6862320
5857	6863320
5858	6864320
5859	6865320
5860	6866320
5861	6867320
5862	6868320
5863	6869320
5864	6870320
5865	6871320
5866	6872320
5867	6873320
5868	6874320
5869	6875320
5870	6876320
5871	6877320
5872	6878320
5873	6879320
5874	6880320
5875	6881320
5876	6882320
5877	6883320
5878	6884320
5879	6885320
5880	6886320
5881	6887320
5882	6888320
5883	6889320
5884	6890320
5885	6891320
5886	6892320
5887	6893320
5888	6894320
5889	6895320
5890	6896320
5891	6897320
5892	6898320
5893	6899320
5894	6900320
5895	6901320
5896	6902320
5897	6903320
5898	6904320
5899	6905320
5900	6906320
5901	6907320
5902	6908320
5903	6909320
5904	6910320
5905	6911312
5906	6912320
5907	6913320
5908	6914320
5909	6915320
5910	6916320
5911	6917320
5912	6918320
5913	6919320
5914	6920320
5915	6921320
5916	6922320
5917	6923320
5918	6924320
5919	6925320
5920	6926320
5921	6927320
5922	6928320
5923	6929320
5924	6930320
5925	6931320
5926	6932320
5927	6933320
5928	6934320
5929	6935320
5930	6936320
5931	6937320
5932	6938320
5933	6939320
5934	6940320
5935	6941320
5936	6942320
5937	6943320
5938	6944320
5939	6945320
5940	6946320
5941	6947320
5942	6948320
5943	6949320
5944	6950320
5945	6951320
5946	6952320
5947	6953320
5948	6954320
5949	6955320
5950	6956320
5951	6957320
5952	6958320
5953	6959320
5954	6960320
5955	6961320
5956	6962320
5957	6963320
5958	6964320
5959	6965320
5960	6966320
5961	6967320
5962	6968320
5963	6969320
5964	6970320
5965	6971320
5966	6972320
5967	6973320
5968	6974320
5969	6975320
5970	6976320
5971	6977320
5972	6978320
5973	6979320
5974	6980320
5975	6981320
5976	6982320
5977	6983320
5978	6984320
5979	6985320
5980	6986320
5981	6987320
5982	6988320
5983	6989320
5984	6990320
5985	6991320
5986	6992320
5987	6993320
5988	6994320
5989	6995320
5990	6996320
5991	6997320
5992	6998320
5993	6999320
5994	7000320
5995	7001320
5996	7002320
5997	7003320
5998	7004320
5999	7005320
6000	7006320
6001	7007320
6002	7008320
6003	7009320
6004	7010320
6005	7011320
6006	7012320
6007	7013320
6008	7014320
6009	7015320
6010	7016320
6011	7017320
6012	7018320
6013	7019320
6014	7020320
6015	7021320
6016	7022320
6017	7023320
6018	7024320
6019	7025320
6020	7026320
6021	7027320
6022	7028320
6023	7029320
6024	7030320
6025	7031320
6026	7032320
6027	7033320
6028	7034320
6029	7035320
6030	7036320
6031	7037320
6032	7038320
6033	7039320
6034	7040320
6035	7041320
6036	7042320
6037	7043320
6038	7044320
6039	7045320
6040	7046320
6041	7047320
6042	7048320
6043	7049320
6044	7050320
6045	7051320
6046	7052320
6047	7053320
6048	7054320
6049	7055320
6050	7056320
6051	7057320
6052	7058320
6053	7059320
6054	7060320
6055	7061320
6056	7062320
6057	7063320
6058	7064320
6059	7065320
6060	7066320
6061	7067320
6062	7068320
6063	7069320
6064	7070320
6065	7071320
6066	7072320
6067	7073320
6068	7074320
6069	7075320
6070	7076320
6071	7077320
6072	7078320
6073	7079320
6074	7080320
6075	7081320
6076	7082320
6077	7083320
6078	7084320
6079	7085320
6080	7086320
6081	7087320
6082	7088320
6083	7089320
6084	7090320
6085	7091320
6086	7092320
6087	7093320
6088	7094320
6089	7095320
6090	7096320
6091	7097320
6092	7098320
6093	7099320
6094	7100320
6095	7101320
6096	7102320
6097	7103320
6098	7104320
6099	7105320
6100	7106320
6101	7107320
6102	7108320
6103	7109320
6104	7110320
6105	7111320
6106	7112320
6107	7113320
6108	7114320
6109	7115320
6110	7116320
6111	7117320
6112	7118320
6113	7119320
6114	7120320
6115	7121320
6116	7122320
6117	7123320
6118	7124320
6119	7125320
6120	7126320
6121	7127320
6122	7128320
6123	7129320
6124	7130320
6125	7131320
6126	7132320
6127	7133320
6128	7134320
6129	7135320
6130	7136320
6131	7137320
6132	7138320
6133	7139320
6134	7140320
6135	7141320
6136	7142320
6137	7143320
6138	7144320
6139	7145320
6140	7146320
6141	7147320
6142	7148320
6143	7149320
6144	7150320
6145	7151320
6146	7152320
6147	7153320
6148	7154320
6149	7155320
6150	7156320
6151	7157320
6152	7158320
6153	7159320
6154	7160320
6155	7161320
6156	7162320
6157	7163320
6158	7164320
6159	7165320
6160	7166320
6161	7167312
6162	7168320
6163	7169320
6164	7170320
6165	7171320
6166	7172320
6167	7173320
6168	7174320
6169	7175320
6170	7176320
6171	7177320
6172	7178320
6173	7179320
6174	7180320
6175	7181320
6176	7182320
6177	7183320
6178	7184320
6179	7185320
6180	7186320
6181	7187320
6182	7188320
6183	7189320
6184	7190320
6185	7191320
6186	7192320
6187	7193320
6188	7194320
6189	7195320
6190	7196320
6191	7197320
6192	7198320
6193	7199320
6194	7200320
6195	7201320
6196	7202320
6197	7203320
6198	7204320
6199	7205320
6200	7206320
6201	7207320
6202	7208320
6203	7209320
6204	7210320
6205	7211320
6206	7212320
6207	7213320
6208	7214320
6209	7215320
6210	7216320
6211	7217320
6212	7218320
6213	7219320
6214	7220320
6215	7221320
6216	7222320
6217	7223320
6218	7224320
6219	7225320
6220	7226320
6221	7227320
6222	7228320
6223	7229320
6224	7230320
6225	7231320
6226	7232320
6227	7233320
6228	7234320
6229	7235320
6230	7236320
6231	7237320
6232	7238320
6233	7239320
6234	7240320
6235	7241320
6236	7242320
6237	7243320
6238	7244320
6239	7245320
6240	7246320
6241	7247320
6242	7248320
6243	7249320
6244	7250320
6245	7251320
6246	7252320
6247	7253320
6248	7254320
6249	7255320
6250	7256320
6251	7257320
6252	7258320
6253	7259320
6254	7260320
6255	7261320
6256	7262320
6257	7263320
6258	7264320
6259	7265320
6260	7266320
6261	7267320
6262	7268320
6263	7269320
6264	7270320
6265	7271320
6266	7272320
6267	7273320
6268	7274320
6269	7275320
6270	7276320
6271	7277320
6272	7278320
6273	7279320
6274	7280320
6275	7281320
6276	7282320
6277	7283320
6278	7284320
6279	7285320
6280	7286320
6281	7287320
6282	7288320
6283	7289320
6284	7290320
6285	7291320
6286	7292320
6287	7293320
6288	7294320
6289	7295320
6290	7296320
6291	7297320
6292	7298320
6293	7299320
6294	7300320
6295	7301320
6296	7302320
6297	7303320
6298	7304320
6299	7305320
6300	7306320
6301	7307320
6302	7308320
6303	7309320
6304	7310320
6305	7311320
6306	7312320
6307	7313320
6308	7314320
6309	7315320
6310	7316320
6311	7317320
6312	7318320
6313	7319320
6314	7320320
6315	7321320
6316	7322320
6317	7323320
6318	7324320
6319	7325320
6320	7326320
6321	7327320
6322	7328320
6323	7329320
6324	7330320
6325	7331320
6326	7332320
6327	7333320
6328	7334320
6329	7335320
6330	7336320
6331	7337320
6332	7338320
6333	7339320
6334	7340320
6335	7341320
6336	7342320
6337	7343320
6338	7344320
6339	7345320
6340	7346320
6341	7347320
6342	7348320
6343	7349320
6344	7350320
6345	7351320
6346	7352320
6347	7353320
6348	7354320
6349	7355320
6350	7356320
6351	7357320
6352	7358320
6353	7359320
6354	7360320
6355	7361320
6356	7362320
6357	7363320
6358	7364320
6359	7365320
6360	7366320
6361	7367320
6362	7368320
6363	7369320
6364	7370320
6365	7371320
6366	7372320
6367	7373320
6368	7374320
6369	7375320
6370	7376320
6371	7377320
6372	7378320
6373	7379320
6374	7380320
6375	7381320
6376	7382320
6377	7383320
6378	7384320
6379	7385320
6380	7386320
6381	7387320
6382	7388320
6383	7389320
6384	7390320
6385	7391320
6386	7392320
6387	7393320
6388	7394320
6389	7395320
6390	7396320
6391	7397320
6392	7398320
6393	7399320
6394	7400320
6395	7401320
6396	7402320
6397	7403320
6398	7404320
6399	7405320
6400	7406320
6401	7407320
6402	7408316
6403	7409320
6404	7410320
6405	7411320
6406	7412320
6407	7413320
6408	7414320
6409	7415320
6410	7416320
6411	7417320
6412	7418320
6413	7419320
6414	7420320
6415	7421320
6416	7422320
6417	7423312
6418	7424320
6419	7425320
6420	7426320
6421	7427320
6422	7428320
6423	7429320
6424	7430320
6425	7431320
6426	7432320
6427	7433320
6428	7434320
6429	7435320
6430	7436320
6431	7437320
6432	7438320
6433	7439320
6434	7440320
6435	7441320
6436	7442320
6437	7443320
6438	7444320
6439	7445320
6440	7446320
6441	7447320
6442	7448320
6443	7449320
6444	7450320
6445	7451320
6446	7452320
6447	7453320
6448	7454320
6449	7455320
6450	7456320
6451	7457320
6452	7458320
6453	7459320
6454	7460320
6455	7461320
6456	7462320
6457	7463320
6458	7464320
6459	7465320
6460	7466320
6461	7467320
6462	7468320
6463	7469320
6464	7470320
6465	7471320
6466	7472320
6467	7473320
6468	7474320
6469	7475320
6470	7476320
6471	7477320
6472	7478320
6473	7479320
6474	7480320
6475	7481320
6476	7482320
6477	7483320
6478	7484320
6479	7485320
6480	7486320
6481	7487320
6482	7488320
6483	7489320
6484	7490320
6485	7491320
6486	7492320
6487	7493320
6488	7494320
6489	7495320
6490	7496320
6491	7497320
6492	7498320
6493	7499320
6494	7500320
6495	7501320
6496	7502320
6497	7503320
6498	7504320
6499	7505320
6500	7506320
6501	7507320
6502	7508320
6503	7509320
6504	7510320
6505	7511320
6506	7512320
6507	7513320
6508	7514320
6509	7515320
6510	7516320
6511	7517320
6512	7518320
6513	7519320
6514	7520320
6515	7521320
6516	7522320
6517	7523320
6518	7524320
6519	7525320
6520	7526320
6521	7527320
6522	7528320
6523	7529320
6524	7530320
6525	7531320
6526	7532320
6527	7533320
6528	7534320
6529	7535320
6530	7536320
6531	7537320
6532	7538320
6533	7539320
6534	7540320
6535	7541320
6536	7542320
6537	7543320
6538	7544320
6539	7545320
6540	7546320
6541	7547320
6542	7548320
6543	7549320
6544	7550320
6545	7551320
6546	7552320
6547	7553320
6548	7554320
6549	7555320
6550	7556320
6551	7557320
6552	7558320
6553	7559320
6554	7560320
6555	7561320
6556	7562320
6557	7563320
6558	7564320
6559	7565320
6560	7566320
6561	7567320
6562	7568320
6563	7569320
6564	7570320
6565	7571320
6566	7572320
6567	7573320
6568	7574320
6569	7575320
6570	7576320
6571	7577320
6572	7578320
6573	7579320
6574	7580320
6575	7581320
6576	7582320
6577	7583320
6578	7584320
6579	7585320
6580	7586320
6581	7587320
6582	7588320
6583	7589320
6584	7590320
6585	7591320
6586	7592320
6587	7593320
6588	7594320
6589	7595320
6590	7596320
6591	7597320
6592	7598320
6593	7599320
6594	7600320
6595	7601320
6596	7602320
6597	7603320
6598	7604320
6599	7605320
6600	7606320
6601	7607320
6602	7608320
6603	7609320
6604	7610320
6605	7611320
6606	7612320
6607	7613320
6608	7614320
6609	7615320
6610	7616320
6611	7617320
6612	7618320
6613	7619320
6614	7620320
6615	7621320
6616	7622320
6617	7623320
6618	7624320
6619	7625320
6620	7626320
6621	7627320
6622	7628320
6623	7629320
6624	7630320
6625	7631320
6626	7632320
6627	7633320
6628	7634320
6629	7635320
6630	7636320
6631	7637320
6632	7638320
6633	7639320
6634	7640320
6635	7641320
6636	7642320
6637	7643320
6638	7644320
6639	7645320
6640	7646320
6641	7647320
6642	7648320
6643	7649320
6644	7650320
6645	7651320
6646	7652320
6647	7653320
6648	7654320
6649	7655320
6650	7656320
6651	7657320
6652	7658320
6653	7659320
6654	7660320
6655	7661320
6656	7662320
6657	7663320
6658	7664320
6659	7665320
6660	7666320
6661	7667320
6662	7668320
6663	7669320
6664	7670320
6665	7671320
6666	7672320
6667	7673320
6668	7674320
6669	7675320
6670	7676320
6671	7677320
6672	7678320
6673	7679312
6674	7680320
6675	7681320
6676	7682320
6677	7683320
6678	7684320
6679	7685320
6680	7686320
6681	7687320
6682	7688320
6683	7689320
6684	7690320
6685	7691320
6686	7692320
6687	7693320
6688	7694320
6689	7695320
6690	7696320
6691	7697320
6692	7698320
6693	7699320
6694	7700320
6695	7701320
6696	7702320
6697	7703320
6698	7704320
6699	7705320
6700	7706320
6701	7707320
6702	7708320
6703	7709320
6704	7710320
6705	7711320
6706	7712320
6707	7713320
6708	7714320
6709	7715320
6710	7716320
6711	7717320
6712	7718320
6713	7719320
6714	7720320
6715	7721320
6716	7722320
6717	7723320
6718	7724320
6719	7725320
6720	7726320
6721	7727320
6722	7728320
6723	7729320
6724	7730320
6725	7731320
6726	7732320
6727	7733320
6728	7734320
6729	7735320
6730	7736320
6731	7737320
6732	7738320
6733	7739320
6734	7740320
6735	7741320
6736	7742320
6737	7743320
6738	7744320
6739	7745320
6740	7746320
6741	7747320
6742	7748320
6743	7749320
6744	7750320
6745	7751320
6746	7752320
6747	7753320
6748	7754320
6749	7755320
6750	7756320
6751	7757320
6752	7758320
6753	7759320
6754	7760320
6755	7761320
6756	7762320
6757	7763320
6758	7764320
6759	7765320
6760	7766320
6761	7767320
6762	7768320
6763	7769320
6764	7770320
6765	7771320
6766	7772320
6767	7773320
6768	7774320
6769	7775320
6770	7776320
6771	7777320
6772	7778320
6773	7779320
6774	7780320
6775	7781320
6776	7782320
6777	7783320
6778	7784320
6779	7785320
6780	7786320
6781	7787320
6782	7788320
6783	7789320
6784	7790320
6785	7791320
6786	7792320
6787	7793320
6788	7794320
6789	7795320
6790	7796320
6791	7797320
6792	7798320
6793	7799320
6794	7800320
6795	7801320
6796	7802320
6797	7803320
6798	7804320
6799	7805320
6800	7806320
6801	7807320
6802	7808320
6803	7809320
6804	7810320
6805	7811320
6806	7812320
6807	7813320
6808	7814320
6809	7815320
6810	7816320
6811	7817320
6812	7818320
6813	7819320
6814	7820320
6815	7821320
6816	7822320
6817	7823320
6818	7824320
6819	7825320
6820	7826320
6821	7827320
6822	7828320
6823	7829320
6824	7830320
6825	7831320
6826	7832320
6827	7833320
6828	7834320
6829	7835320
6830	7836320
6831	7837320
6832	7838320
6833	7839320
6834	7840320
6835	7841320
6836	7842320
6837	7843320
6838	7844320
6839	7845320
6840	7846320
6841	7847320
6842	7848320
6843	7849320
6844	7850320
6845	7851320
6846	7852320
6847	7853320
6848	7854320
6849	7855320
6850	7856320
6851	7857320
6852	7858320
6853	7859320
6854	7860320
6855	7861320
6856	7862320
6857	7863320
6858	7864320
6859	7865320
6860	7866320
6861	7867320
6862	7868320
6863	7869320
6864	7870320
6865	7871320
6866	7872320
6867	7873320
6868	7874320
6869	7875320
6870	7876320
6871	7877320
6872	7878320
6873	7879320
6874	7880320
6875	7881320
6876	7882320
6877	7883320
6878	7884320
6879	7885320
6880	7886320
6881	7887320
6882	7888320
6883	7889320
6884	7890320
6885	7891320
6886	7892320
6887	7893320
6888	7894320
6889	7895320
6890	7896320
6891	7897320
6892	7898320
6893	7899320
6894	7900320
6895	7901320
6896	7902320
6897	7903320
6898	7904320
6899	7905320
6900	7906320
6901	7907320
6902	7908320
6903	7909320
6904	7910320
6905	7911320
6906	7912320
6907	7913320
6908	7914320
6909	7915320
6910	7916320
6911	7917320
6912	7918320
6913	7919320
6914	7920320
6915	7921320
6916	7922320
6917	7923320
6918	7924320
6919	7925320
6920	7926320
6921	7927320
6922	7928320
6923	7929320
6924	7930320
6925	7931320
6926	7932320
6927	7933320
6928	7934320
6929	7935312
6930	7936320
6931	7937320
6932	7938320
6933	7939320
6934	7940320
6935	7941320
6936	7942320
6937	7943320
6938	7944320
6939	7945320
6940	7946320
6941	7947320
6942	7948320
6943	7949320
6944	7950320
6945	7951320
6946	7952320
6947	7953320
6948	7954320
6949	7955320
6950	7956320
6951	7957320
6952	7958320
6953	7959320
6954	7960320
6955	7961320
6956	7962320
6957	7963320
6958	7964320
6959	7965320
6960	7966320
6961	7967320
6962	7968320
6963	7969320
6964	7970320
6965	7971320
6966	7972320
6967	7973320
6968	7974320
6969	7975320
6970	7976320
6971	7977320
6972	7978320
6973	7979320
6974	7980320
6975	7981320
6976	7982320
6977	7983320
6978	7984320
6979	7985320
6980	7986320
6981	7987320
6982	7988320
6983	7989320
6984	7990320
6985	7991320
6986	7992320
6987	7993320
6988	7994320
6989	7995320
6990	7996320
6991	7997320
6992	7998320
6993	7999320
6994	8000320
6995	8001320
6996	8002320
6997	8003320
6998	8004320
6999	8005320
7000	8006320
7001	8007320
7002	8008320
7003	8009320
7004	8010320
7005	8011320
7006	8012320
7007	8013320
7008	8014320
7009	8015320
7010	8016320
7011	8017320
7012	8018320
7013	8019320
7014	8020320
7015	8021320
7016	8022320
7017	8023320
7018	8024320
7019	8025320
7020	8026320
7021	8027320
7022	8028320
7023	8029320
7024	8030320
7025	8031320
7026	8032320
7027	8033320
7028	8034320
7029	8035320
7030	8036320
7031	8037320
7032	8038320
7033	8039320
7034	8040320
7035	8041320
7036	8042320
7037	8043320
7038	8044320
7039	8045320
7040	8046320
7041	8047320
7042	8048320
7043	8049320
7044	8050320
7045	8051320
7046	8052320
7047	8053320
7048	8054320
7049	8055320
7050	8056320
7051	8057320
7052	8058320
7053	8059320
7054	8060320
7055	8061320
7056	8062320
7057	8063320
7058	8064320
7059	8065320
7060	8066320
7061	8067320
7062	8068320
7063	8069320
7064	8070320
7065	8071320
7066	8072320
7067	8073320
7068	8074320
7069	8075320
7070	8076320
7071	8077320
7072	8078320
7073	8079320
7074	8080320
7075	8081320
7076	8082320
7077	8083320
7078	8084320
7079	8085320
7080	8086320
7081	8087320
7082	8088320
7083	8089320
7084	8090320
7085	8091320
7086	8092320
7087	8093320
7088	8094320
7089	8095320
7090	8096320
7091	8097320
7092	8098320
7093	8099320
7094	8100320
7095	8101320
7096	8102320
7097	8103320
7098	8104320
7099	8105320
7100	8106320
7101	8107320
7102	8108320
7103	8109320
7104	8110320
7105	8111320
7106	8112320
7107	8113320
7108	8114320
7109	8115320
7110	8116320
7111	8117320
7112	8118320
7113	8119320
7114	8120320
7115	8121320
7116	8122320
7117	8123320
7118	8124320
7119	8125320
7120	8126320
7121	8127320
7122	8128320
7123	8129320
7124	8130320
7125	8131320
7126	8132320
7127	8133320
7128	8134320
7129	8135320
7130	8136320
7131	8137320
7132	8138320
7133	8139320
7134	8140320
7135	8141320
7136	8142320
7137	8143320
7138	8144320
7139	8145320
7140	8146320
7141	8147320
7142	8148320
7143	8149320
7144	8150320
7145	8151320
7146	8152320
7147	8153320
7148	8154320
7149	8155320
7150	8156320
7151	8157320
7152	8158320
7153	8159320
7154	8160320
7155	8161320
7156	8162320
7157	8163320
7158	8164320
7159	8165320
7160	8166320
7161	8167320
7162	8168320
7163	8169320
7164	8170320
7165	8171320
7166	8172320
7167	8173320
7168	8174320
7169	8175320
7170	8176320
7171	8177320
7172	8178320
7173	8179320
7174	8180320
7175	8181320
7176	8182320
7177	8183320
7178	8184320
7179	8185320
7180	8186320
7181	8187320
7182	8188320
7183	8189320
7184	8190320
7185	8191312
7186	8192320
7187	8193320
7188	8194320
7189	8195320
7190	8196320
7191	8197320
7192	8198320
7193	8199320
7194	8200320
7195	8201320
7196	8202320
7197	8203320
7198	8204320
7199	8205320
7200	8206320
7201	8207320
7202	8208320
7203	8209320
7204	8210320
7205	8211320
7206	8212320
7207	8213320
7208	8214320
7209	8215320
7210	8216320
7211	8217320
7212	8218320
7213	8219320
7214	8220320
7215	8221320
7216	8222320
7217	8223320
7218	8224320
7219	8225320
7220	8226320
7221	8227320
7222	8228320
7223	8229320
7224	8230320
7225	8231320
7226	8232320
7227	8233320
7228	8234320
7229	8235320
7230	8236320
7231	8237320
7232	8238320
7233	8239320
7234	8240320
7235	8241320
7236	8242320
7237	8243320
7238	8244320
7239	8245320
7240	8246320
7241	8247320
7242	8248320
7243	8249320
7244	8250320
7245	8251320
7246	8252320
7247	8253320
7248	8254320
7249	8255320
7250	8256320
7251	8257320
7252	8258320
7253	8259320
7254	8260320
7255	8261320
7256	8262320
7257	8263320
7258	8264320
7259	8265320
7260	8266320
7261	8267320
7262	8268320
7263	8269320
7264	8270320
7265	8271320
7266	8272320
7267	8273320
7268	8274320
7269	8275320
7270	8276320
7271	8277320
7272	8278320
7273	8279320
7274	8280320
7275	8281320
7276	8282320
7277	8283320
7278	8284320
7279	8285320
7280	8286320
7281	8287320
7282	8288320
7283	8289320
7284	8290320
7285	8291320
7286	8292320
7287	8293320
7288	8294320
7289	8295320
7290	8296320
7291	8297320
7292	8298320
7293	8299320
7294	8300320
7295	8301320
7296	8302320
7297	8303320
7298	8304320
7299	8305320
7300	8306320
7301	8307320
7302	8308320
7303	8309320
7304	8310320
7305	8311320
7306	8312320
7307	8313320
7308	8314320
7309	8315320
7310	8316320
7311	8317320
7312	8318320
7313	8319320
7314	8320320
7315	8321320
7316	8322320
7317	8323320
7318	8324320
7319	8325320
7320	8326320
7321	8327320
7322	8328320
7323	8329320
7324	8330320
7325	8331320
7326	8332320
7327	8333320
7328	8334320
7329	8335320
7330	8336320
7331	8337320
7332	8338320
7333	8339320
7334	8340320
7335	8341320
7336	8342320
7337	8343320
7338	8344320
7339	8345320
7340	8346320
7341	8347320
7342	8348320
7343	8349320
7344	8350320
7345	8351320
7346	8352320
7347	8353320
7348	8354320
7349	8355320
7350	8356320
7351	8357320
7352	8358320
7353	8359320
7354	8360320
7355	8361320
7356	8362320
7357	8363320
7358	8364320
7359	8365320
7360	8366320
7361	8367320
7362	8368320
7363	8369320
7364	8370320
7365	8371320
7366	8372320
7367	8373320
7368	8374320
7369	8375320
7370	8376320
7371	8377320
7372	8378320
7373	8379320
7374	8380320
7375	8381320
7376	8382320
7377	8383320
7378	8384320
7379	8385320
7380	8386320
7381	8387320
7382	8388320
7383	8389320
7384	8390320
7385	8391320
7386	8392320
7387	8393320
7388	8394320
7389	8395320
7390	8396320
7391	8397320
7392	8398320
7393	8399320
7394	8400320
7395	8401320
7396	8402320
7397	8403320
7398	8404320
7399	8405320
7400	8406320
7401	8407320
7402	8408320
7403	8409320
7404	8410320
7405	8411320
7406	8412320
7407	8413320
7408	8414320
7409	8415320
7410	8416320
7411	8417320
7412	8418320
7413	8419320
7414	8420320
7415	8421320
7416	8422320
7417	8423320
7418	8424320
7419	8425320
7420	8426320
7421	8427320
7422	8428320
7423	8429320
7424	8430320
7425	8431320
7426	8432316
7427	8433320
7428	8434320
7429	8435320
7430	8436320
7431	8437320
7432	8438320
7433	8439320
7434	8440320
7435	8441320
7436	8442320
7437	8443320
7438	8444320
7439	8445320
7440	8446320
7441	8447312
7442	8448320
7443	8449320
7444	8450320
7445	8451320
7446	8452320
7447	8453320
7448	8454320
7449	8455320
7450	8456320
7451	8457320
7452	8458320
7453	8459320
7454	8460320
7455	8461320
7456	8462320
7457	8463320
7458	8464320
7459	8465320
7460	8466320
7461	8467320
7462	8468320
7463	8469320
7464	8470320
7465	8471320
7466	8472320
7467	8473320
7468	8474320
7469	8475320
7470	8476320
7471	8477320
7472	8478320
7473	8479320
7474	8480320
7475	8481320
7476	8482320
7477	8483320
7478	8484320
7479	8485320
7480	8486320
7481	8487320
7482	8488320
7483	8489320
7484	8490320
7485	8491320
7486	8492320
7487	8493320
7488	8494320
7489	8495320
7490	8496320
7491	8497320
7492	8498320
7493	8499320
7494	8500320
7495	8501320
7496	8502320
7497	8503320
7498	8504320
7499	8505320
7500	8506320
7501	8507320
7502	8508320
7503	8509320
7504	8510320
7505	8511320
7506	8512320
7507	8513320
7508	8514320
7509	8515320
7510	8516320
7511	8517320
7512	8518320
7513	8519320
7514	8520320
7515	8521320
7516	8522320
7517	8523320
7518	8524320
7519	8525320
7520	8526320
7521	8527320
7522	8528320
7523	8529320
7524	8530320
7525	8531320
7526	8532320
7527	8533320
7528	8534320
7529	8535320
7530	8536320
7531	8537320
7532	8538320
7533	8539320
7534	8540320
7535	8541320
7536	8542320
7537	8543320
7538	8544320
7539	8545320
7540	8546320
7541	8547320
7542	8548320
7543	8549320
7544	8550320
7545	8551320
7546	8552320
7547	8553320
7548	8554320
7549	8555320
7550	8556320
7551	8557320
7552	8558320
7553	8559320
7554	8560320
7555	8561320
7556	8562320
7557	8563320
7558	8564320
7559	8565320
7560	8566320
7561	8567320
7562	8568320
7563	8569320
7564	8570320
7565	8571320
7566	8572320
7567	8573320
7568	8574320
7569	8575320
7570	8576320
7571	8577320
7572	8578320
7573	8579320
7574	8580320
7575	8581320
7576	8582320
7577	8583320
7578	8584320
7579	8585320
7580	8586320
7581	8587320
7582	8588320
7583	8589320
7584	8590320
7585	8591320
7586	8592320
7587	8593320
7588	8594320
7589	8595320
7590	8596320
7591	8597320
7592	8598320
7593	8599320
7594	8600320
7595	8601320
7596	8602320
7597	8603320
7598	8604320
7599	8605320
7600	8606320
7601	8607320
7602	8608320
7603	8609320
7604	8610320
7605	8611320
7606	8612320
7607	8613320
7608	8614320
7609	8615320
7610	8616320
7611	8617320
7612	8618320
7613	8619320
7614	8620320
7615	8621320
7616	8622320
7617	8623320
7618	8624320
7619	8625320
7620	8626320
7621	8627320
7622	8628320
7623	8629320
7624	8630320
7625	8631320
7626	8632320
7627	8633320
7628	8634320
7629	8635320
7630	8636320
7631	8637320
7632	8638320
7633	8639320
7634	8640320
7635	8641320
7636	8642320
7637	8643320
7638	8644320
7639	8645320
7640	8646320
7641	8647320
7642	8648320
7643	8649320
7644	8650320
7645	8651320
7646	8652320
7647	8653320
7648	8654320
7649	8655320
7650	8656320
7651	8657320
7652	8658320
7653	8659320
7654	8660320
7655	8661320
7656	8662320
7657	8663320
7658	8664320
7659	8665320
7660	8666320
7661	8667320
7662	8668320
7663	8669320
7664	8670320
7665	8671320
7666	8672320
7667	8673320
7668	8674320
7669	8675320
7670	8676320
7671	8677320
7672	8678320
7673	8679320
7674	8680320
7675	8681320
7676	8682320
7677	8683320
7678	8684320
7679	8685320
7680	8686320
7681	8687320
7682	8688316
7683	8689320
7684	8690320
7685	8691320
7686	8692320
7687	8693320
7688	8694320
7689	8695320
7690	8696320
7691	8697320
7692	8698320
7693	8699320
7694	8700320
7695	8701320
7696	8702320
7697	8703312
7698	8704320
7699	8705320
7700	8706320
7701	8707320
7702	8708320
7703	8709320
7704	8710320
7705	8711320
7706	8712320
7707	8713320
7708	8714320
7709	8715320
7710	8716320
7711	8717320
7712	8718320
7713	8719320
7714	8720320
7715	8721320
7716	8722320
7717	8723320
7718	8724320
7719	8725320
7720	8726320
7721	8727320
7722	8728320
7723	8729320
7724	8730320
7725	8731320
7726	8732320
7727	8733320
7728	8734320
7729	8735320
7730	8736320
7731	8737320
7732	8738320
7733	8739320
7734	8740320
7735	8741320
7736	8742320
7737	8743320
7738	8744320
7739	8745320
7740	8746320
7741	8747320
7742	8748320
7743	8749320
7744	8750320
7745	8751320
7746	8752320
7747	8753320
7748	8754320
7749	8755320
7750	8756320
7751	8757320
7752	8758320
7753	8759320
7754	8760320
7755	8761320
7756	8762320
7757	8763320
7758	8764320
7759	8765320
7760	8766320
7761	8767320
7762	8768320
7763	8769320
7764	8770320
7765	8771320
7766	8772320
7767	8773320
7768	8774320
7769	8775320
7770	8776320
7771	8777320
7772	8778320
7773	8779320
7774	8780320
7775	8781320
7776	8782320
7777	8783320
7778	8784320
7779	8785320
7780	8786320
7781	8787320
7782	8788320
7783	8789320
7784	8790320
7785	8791320
7786	8792320
7787	8793320
7788	8794320
7789	8795320
7790	8796320
7791	8797320
7792	8798320
7793	8799320
7794	8800320
7795	8801320
7796	8802320
7797	8803320
7798	8804320
7799	8805320
7800	8806320
7801	8807320
7802	8808320
7803	8809320
7804	8810320
7805	8811320
7806	8812320
7807	8813320
7808	8814320
7809	8815320
7810	8816320
7811	8817320
7812	8818320
7813	8819320
7814	8820320
7815	8821320
7816	8822320
7817	8823320
7818	8824320
7819	8825320
7820	8826320
7821	8827320
7822	8828320
7823	8829320
7824	8830320
7825	8831320
7826	8832320
7827	8833320
7828	8834320
7829	8835320
7830	8836320
7831	8837320
7832	8838320
7833	8839320
7834	8840320
7835	8841320
7836	8842320
7837	8843320
7838	8844320
7839	8845320
7840	8846320
7841	8847320
7842	8848320
7843	8849320
7844	8850320
7845	8851320
7846	8852320
7847	8853320
7848	8854320
7849	8855320
7850	8856320
7851	8857320
7852	8858320
7853	8859320
7854	8860320
7855	8861320
7856	8862320
7857	8863320
7858	8864320
7859	8865320
7860	8866320
7861	8867320
7862	8868320
7863	8869320
7864	8870320
7865	8871320
7866	8872320
7867	8873320
7868	8874320
7869	8875320
7870	8876320
7871	8877320
7872	8878320
7873	8879320
7874	8880320
7875	8881320
7876	8882320
7877	8883320
7878	8884320
7879	8885320
7880	8886320
7881	8887320
7882	8888320
7883	8889320
7884	8890320
7885	8891320
7886	8892320
7887	8893320
7888	8894320
7889	8895320
7890	8896320
7891	8897320
7892	8898320
7893	8899320
7894	8900320
7895	8901320
7896	8902320
7897	8903320
7898	8904320
7899	8905320
7900	8906320
7901	8907320
7902	8908320
7903	8909320
7904	8910320
7905	8911320
7906	8912320
7907	8913320
7908	8914320
7909	8915320
7910	8916320
7911	8917320
7912	8918320
7913	8919320
7914	8920320
7915	8921320
7916	8922320
7917	8923320
7918	8924320
7919	8925320
7920	8926320
7921	8927320
7922	8928320
7923	8929320
7924	8930320
7925	8931320
7926	8932320
7927	8933320
7928	8934320
7929	8935320
7930	8936320
7931	8937320
7932	8938320
7933	8939320
7934	8940320
7935	8941320
7936	8942320
7937	8943320
7938	8944316
7939	8945320
7940	8946320
7941	8947320
7942	8948320
7943	8949320
7944	8950320
7945	8951320
7946	8952320
7947	8953320
7948	8954320
7949	8955320
7950	8956320
7951	8957320
7952	8958320
7953	8959312
7954	8960320
7955	8961320
7956	8962320
7957	8963320
7958	8964320
7959	8965320
7960	8966320
7961	8967320
7962	8968320
7963	8969320
7964	8970320
7965	8971320
7966	8972320
7967	8973320
7968	8974320
7969	8975320
7970	8976320
7971	8977320
7972	8978320
7973	8979320
7974	8980320
7975	8981320
7976	8982320
7977	8983320
7978	8984320
7979	8985320
7980	8986320
7981	8987320
7982	8988320
7983	8989320
7984	8990320
7985	8991320
7986	8992320
7987	8993320
7988	8994320
7989	8995320
7990	8996320
7991	8997320
7992	8998320
7993	8999320
7994	9000320
7995	9001320
7996	9002320
7997	9003320
7998	9004320
7999	9005320
8000	9006320
8001	9007320
8002	9008320
8003	9009320
8004	9010320
8005	9011320
8006	9012320
8007	9013320
8008	9014320
8009	9015320
8010	9016320
8011	9017320
8012	9018320
8013	9019320
8014	9020320
8015	9021320
8016	9022320
8017	9023320
8018	9024320
8019	9025320
8020	9026320
8021	9027320
8022	9028320
8023	9029320
8024	9030320
8025	9031320
8026	9032320
8027	9033320
8028	9034320
8029	9035320
8030	9036320
8031	9037320
8032	9038320
8033	9039320
8034	9040320
8035	9041320
8036	9042320
8037	9043320
8038	9044320
8039	9045320
8040	9046320
8041	9047320
8042	9048320
8043	9049320
8044	9050320
8045	9051320
8046	9052320
8047	9053320
8048	9054320
8049	9055320
8050	9056320
8051	9057320
8052	9058320
8053	9059320
8054	9060320
8055	9061320
8056	9062320
8057	9063320
8058	9064320
8059	9065320
8060	9066320
8061	9067320
8062	9068320
8063	9069320
8064	9070320
8065	9071320
8066	9072320
8067	9073320
8068	9074320
8069	9075320
8070	9076320
8071	9077320
8072	9078320
8073	9079320
8074	9080320
8075	9081320
8076	9082320
8077	9083320
8078	9084320
8079	9085320
8080	9086320
8081	9087320
8082	9088320
8083	9089320
8084	9090320
8085	9091320
8086	9092320
8087	9093320
8088	9094320
8089	9095320
8090	9096320
8091	9097320
8092	9098320
8093	9099320
8094	9100320
8095	9101320
8096	9102320
8097	9103320
8098	9104320
8099	9105320
8100	9106320
8101	9107320
8102	9108320
8103	9109320
8104	9110320
8105	9111320
8106	9112320
8107	9113320
8108	9114320
8109	9115320
8110	9116320
8111	9117320
8112	9118320
8113	9119320
8114	9120320
8115	9121320
8116	9122320
8117	9123320
8118	9124320
8119	9125320
8120	9126320
8121	9127320
8122	9128320
8123	9129320
8124	9130320
8125	9131320
8126	9132320
8127	9133320
8128	9134320
8129	9135320
8130	9136320
8131	9137320
8132	9138320
8133	9139320
8134	9140320
8135	9141320
8136	9142320
8137	9143320
8138	9144320
8139	9145320
8140	9146320
8141	9147320
8142	9148320
8143	9149320
8144	9150320
8145	9151320
8146	9152320
8147	9153320
8148	9154320
8149	9155320
8150	9156320
8151	9157320
8152	9158320
8153	9159320
8154	9160320
8155	9161320
8156	9162320
8157	9163320
8158	9164320
8159	9165320
8160	9166320
8161	9167320
8162	9168320
8163	9169320
8164	9170320
8165	9171320
8166	9172320
8167	9173320
8168	9174320
8169	9175320
8170	9176320
8171	9177320
8172	9178320
8173	9179320
8174	9180320
8175	9181320
8176	9182320
8177	9183320
8178	9184320
8179	9185320
8180	9186320
8181	9187320
8182	9188320
8183	9189320
8184	9190320
8185	9191320
8186	9192320
8187	9193320
8188	9194320
8189	9195320
8190	9196320
8191	9197320
8192	9198320
8193	9199320
8194	9200316
8195	9201320
8196	9202320
8197	9203320
8198	9204320
8199	9205320
8200	9206320
8201	9207320
8202	9208320
8203	9209320
8204	9210320
8205	9211320
8206	9212320
8207	9213320
8208	9214320
8209	9215312
8210	9216320
8211	9217320
8212	9218320
8213	9219320
8214	9220320
8215	9221320
8216	9222320
8217	9223320
8218	9224320
8219	9225320
8220	9226320
8221	9227320
8222	9228320
8223	9229320
8224	9230320
8225	9231320
8226	9232320
8227	9233320
8228	9234320
8229	9235320
8230	9236320
8231	9237320
8232	9238320
8233	9239320
8234	9240320
8235	9241320
8236	9242320
8237	9243320
8238	9244320
8239	9245320
8240	9246320
8241	9247320
8242	9248320
8243	9249320
8244	9250320
8245	9251320
8246	9252320
8247	9253320
8248	9254320
8249	9255320
8250	9256320
8251	9257320
8252	9258320
8253	9259320
8254	9260320
8255	9261320
8256	9262320
8257	9263320
8258	9264320
8259	9265320
8260	9266320
8261	9267320
8262	9268320
8263	9269320
8264	9270320
8265	9271320
8266	9272320
8267	9273320
8268	9274320
8269	9275320
8270	9276320
8271	9277320
8272	9278320
8273	9279320
8274	9280320
8275	9281320
8276	9282320
8277	9283320
8278	9284320
8279	9285320
8280	9286320
8281	9287320
8282	9288320
8283	9289320
8284	9290320
8285	9291320
8286	9292320
8287	9293320
8288	9294320
8289	9295320
8290	9296320
8291	9297320
8292	9298320
8293	9299320
8294	9300320
8295	9301320
8296	9302320
8297	9303320
8298	9304320
8299	9305320
8300	9306320
8301	9307320
8302	9308320
8303	9309320
8304	9310320
8305	9311320
8306	9312320
8307	9313320
8308	9314320
8309	9315320
8310	9316320
8311	9317320
8312	9318320
8313	9319320
8314	9320320
8315	9321320
8316	9322320
8317	9323320
8318	9324320
8319	9325320
8320	9326320
8321	9327320
8322	9328320
8323	9329320
8324	9330320
8325	9331320
8326	9332320
8327	9333320
8328	9334320
8329	9335320
8330	9336320
8331	9337320
8332	9338320
8333	9339320
8334	9340320
8335	9341320
8336	9342320
8337	9343320
8338	9344320
8339	9345320
8340	9346320
8341	9347320
8342	9348320
8343	9349320
8344	9350320
8345	9351320
8346	9352320
8347	9353320
8348	9354320
8349	9355320
8350	9356320
8351	9357320
8352	9358320
8353	9359320
8354	9360320
8355	9361320
8356	9362320
8357	9363320
8358	9364320
8359	9365320
8360	9366320
8361	9367320
8362	9368320
8363	9369320
8364	9370320
8365	9371320
8366	9372320
8367	9373320
8368	9374320
8369	9375320
8370	9376320
8371	9377320
8372	9378320
8373	9379320
8374	9380320
8375	9381320
8376	9382320
8377	9383320
8378	9384320
8379	9385320
8380	9386320
8381	9387320
8382	9388320
8383	9389320
8384	9390320
8385	9391320
8386	9392320
8387	9393320
8388	9394320
8389	9395320
8390	9396320
8391	9397320
8392	9398320
8393	9399320
8394	9400320
8395	9401320
8396	9402320
8397	9403320
8398	9404320
8399	9405320
8400	9406320
8401	9407320
8402	9408320
8403	9409320
8404	9410320
8405	9411320
8406	9412320
8407	9413320
8408	9414320
8409	9415320
8410	9416320
8411	9417320
8412	9418320
8413	9419320
8414	9420320
8415	9421320
8416	9422320
8417	9423320
8418	9424320
8419	9425320
8420	9426320
8421	9427320
8422	9428320
8423	9429320
8424	9430320
8425	9431320
8426	9432320
8427	9433320
8428	9434320
8429	9435320
8430	9436320
8431	9437320
8432	9438320
8433	9439320
8434	9440320
8435	9441320
8436	9442320
8437	9443320
8438	9444320
8439	9445320
8440	9446320
8441	9447320
8442	9448320
8443	9449320
8444	9450320
8445	9451320
8446	9452320
8447	9453320
8448	9454320
8449	9455320
8450	9456316
8451	9457320
8452	9458320
8453	9459320
8454	9460320
8455	9461320
8456	9462320
8457	9463320
8458	9464320
8459	9465320
8460	9466320
8461	9467320
8462	9468320
8463	9469320
8464	9470320
8465	9471312
8466	9472320
8467	9473320
8468	9474320
8469	9475320
8470	9476320
8471	9477320
8472	9478320
8473	9479320
8474	9480320
8475	9481320
8476	9482320
8477	9483320
8478	9484320
8479	9485320
8480	9486320
8481	9487320
8482	9488320
8483	9489320
8484	9490320
8485	9491320
8486	9492320
8487	9493320
8488	9494320
8489	9495320
8490	9496320
8491	9497320
8492	9498320
8493	9499320
8494	9500320
8495	9501320
8496	9502320
8497	9503320
8498	9504320
8499	9505320
8500	9506320
8501	9507320
8502	9508320
8503	9509320
8504	9510320
8505	9511320
8506	9512320
8507	9513320
8508	9514320
8509	9515320
8510	9516320
8511	9517320
8512	9518320
8513	9519320
8514	9520320
8515	9521320
8516	9522320
8517	9523312
8518	9524320
8519	9525320
8520	9526320
8521	9527320
8522	9528320
8523	9529320
8524	9530320
8525	9531320
8526	9532320
8527	9533320
8528	9534320
8529	9535320
8530	9536320
8531	9537320
8532	9538320
8533	9539320
8534	9540320
8535	9541320
8536	9542320
8537	9543320
8538	9544320
8539	9545320
8540	9546320
8541	9547320
8542	9548320
8543	9549320
8544	9550320
8545	9551320
8546	9552320
8547	9553320
8548	9554320
8549	9555320
8550	9556320
8551	9557320
8552	9558320
8553	9559320
8554	9560320
8555	9561320
8556	9562320
8557	9563320
8558	9564320
8559	9565320
8560	9566320
8561	9567320
8562	9568320
8563	9569320
8564	9570320
8565	9571320
8566	9572320
8567	9573320
8568	9574320
8569	9575320
8570	9576320
8571	9577320
8572	9578320
8573	9579320
8574	9580320
8575	9581320
8576	9582320
8577	9583320
8578	9584320
8579	9585320
8580	9586320
8581	9587320
8582	9588320
8583	9589320
8584	9590320
8585	9591320
8586	9592320
8587	9593320
8588	9594320
8589	9595320
8590	9596320
8591	9597320
8592	9598320
8593	9599320
8594	9600320
8595	9601320
8596	9602320
8597	9603320
8598	9604320
8599	9605320
8600	9606320
8601	9607320
8602	9608320
8603	9609320
8604	9610320
8605	9611320
8606	9612320
8607	9613320
8608	9614320
8609	9615320
8610	9616320
8611	9617320
8612	9618320
8613	9619320
8614	9620320
8615	9621320
8616	9622320
8617	9623320
8618	9624320
8619	9625320
8620	9626320
8621	9627320
8622	9628320
8623	9629320
8624	9630320
8625	9631320
8626	9632320
8627	9633320
8628	9634320
8629	9635320
8630	9636320
8631	9637320
8632	9638320
8633	9639320
8634	9640320
8635	9641320
8636	9642320
8637	9643320
8638	9644320
8639	9645320
8640	9646320
8641	9647320
8642	9648320
8643	9649320
8644	9650320
8645	9651320
8646	9652320
8647	9653320
8648	9654320
8649	9655320
8650	9656320
8651	9657320
8652	9658320
8653	9659320
8654	9660320
8655	9661320
8656	9662320
8657	9663320
8658	9664320
8659	9665320
8660	9666320
8661	9667320
8662	9668320
8663	9669320
8664	9670320
8665	9671320
8666	9672320
8667	9673320
8668	9674320
8669	9675320
8670	9676320
8671	9677320
8672	9678320
8673	9679320
8674	9680320
8675	9681320
8676	9682320
8677	9683320
8678	9684320
8679	9685320
8680	9686320
8681	9687320
8682	9688320
8683	9689320
8684	9690320
8685	9691320
8686	9692320
8687	9693320
8688	9694320
8689	9695320
8690	9696320
8691	9697320
8692	9698320
8693	9699320
8694	9700320
8695	9701320
8696	9702320
8697	9703320
8698	9704320
8699	9705320
8700	9706320
8701	9707320
8702	9708320
8703	9709320
8704	9710320
8705	9711320
8706	9712316
8707	9713320
8708	9714320
8709	9715320
8710	9716320
8711	9717320
8712	9718320
8713	9719320
8714	9720320
8715	9721320
8716	9722320
8717	9723320
8718	9724320
8719	9725320
8720	9726320
8721	9727312
8722	9728320
8723	9729320
8724	9730320
8725	9731320
8726	9732320
8727	9733320
8728	9734320
8729	9735320
8730	9736320
8731	9737320
8732	9738320
8733	9739320
8734	9740320
8735	9741320
8736	9742320
8737	9743320
8738	9744320
8739	9745320
8740	9746320
8741	9747320
8742	9748320
8743	9749320
8744	9750320
8745	9751320
8746	9752320
8747	9753320
8748	9754320
8749	9755320
8750	9756320
8751	9757320
8752	9758320
8753	9759320
8754	9760320
8755	9761320
8756	9762320
8757	9763320
8758	9764320
8759	9765320
8760	9766320
8761	9767320
8762	9768320
8763	9769320
8764	9770320
8765	9771320
8766	9772320
8767	9773320
8768	9774320
8769	9775320
8770	9776320
8771	9777320
8772	9778320
8773	9779320
8774	9780320
8775	9781320
8776	9782320
8777	9783320
8778	9784320
8779	9785320
8780	9786320
8781	9787320
8782	9788320
8783	9789320
8784	9790320
8785	9791320
8786	9792320
8787	9793320
8788	9794320
8789	9795320
8790	9796320
8791	9797320
8792	9798320
8793	9799320
8794	9800320
8795	9801320
8796	9802320
8797	9803320
8798	9804320
8799	9805320
8800	9806320
8801	9807320
8802	9808320
8803	9809320
8804	9810320
8805	9811320
8806	9812320
8807	9813320
8808	9814320
8809	9815320
8810	9816320
8811	9817320
8812	9818320
8813	9819320
8814	9820320
8815	9821320
8816	9822320
8817	9823320
8818	9824320
8819	9825320
8820	9826320
8821	9827320
8822	9828320
8823	9829320
8824	9830320
8825	9831320
8826	9832320
8827	9833320
8828	9834320
8829	9835320
8830	9836320
8831	9837320
8832	9838320
8833	9839320
8834	9840320
8835	9841320
8836	9842320
8837	9843320
8838	9844320
8839	9845320
8840	9846320
8841	9847320
8842	9848320
8843	9849320
8844	9850320
8845	9851320
8846	9852320
8847	9853320
8848	9854320
8849	9855320
8850	9856320
8851	9857320
8852	9858320
8853	9859320
8854	9860320
8855	9861320
8856	9862320
8857	9863320
8858	9864320
8859	9865320
8860	9866320
8861	9867320
8862	9868320
8863	9869320
8864	9870320
8865	9871320
8866	9872320
8867	9873320
8868	9874320
8869	9875320
8870	9876320
8871	9877320
8872	9878320
8873	9879320
8874	9880320
8875	9881320
8876	9882320
8877	9883320
8878	9884320
8879	9885320
8880	9886320
8881	9887320
8882	9888320
8883	9889320
8884	9890320
8885	9891320
8886	9892320
8887	9893320
8888	9894320
8889	9895320
8890	9896320
8891	9897320
8892	9898320
8893	9899320
8894	9900320
8895	9901320
8896	9902320
8897	9903320
8898	9904320
8899	9905320
8900	9906320
8901	9907320
8902	9908320
8903	9909320
8904	9910320
8905	9911320
8906	9912320
8907	9913320
8908	9914320
8909	9915320
8910	9916320
8911	9917320
8912	9918320
8913	9919320
8914	9920320
8915	9921320
8916	9922320
8917	9923320
8918	9924320
8919	9925320
8920	9926320
8921	9927320
8922	9928320
8923	9929320
8924	9930320
8925	9931320
8926	9932320
8927	9933320
8928	9934320
8929	9935320
8930	9936320
8931	9937320
8932	9938320
8933	9939320
8934	9940320
8935	9941320
8936	9942320
8937	9943320
8938	9944320
8939	9945320
8940	9946320
8941	9947320
8942	9948320
8943	9949320
8944	9950320
8945	9951320
8946	9952320
8947	9953320
8948	9954320
8949	9955320
8950	9956320
8951	9957320
8952	9958320
8953	9959320
8954	9960320
8955	9961320
8956	9962320
8957	9963320
8958	9964320
8959	9965320
8960	9966320
8961	9967320
8962	9968316
8963	9969320
8964	9970320
8965	9971320
8966	9972320
8967	9973320
8968	9974320
8969	9975320
8970	9976320
8971	9977320
8972	9978320
8973	9979320
8974	9980320
8975	9981320
8976	9982320
8977	9983312
8978	9984320
8979	9985320
8980	9986320
8981	9987320
8982	9988320
8983	9989320
8984	9990320
8985	9991320
8986	9992320
8987	9993320
8988	9994320
8989	9995320
8990	9996320
8991	9997320
8992	9998320
8993	9999320
8994	-1
8995	-1
8996	-1
8997	-1
8998	-1
8999	-1
9000	-1
9001	-1
9002	-1
9003	-1
9004	-1
9005	-1
9006	-1
9007	-1
9008	-1
9009	-1
9010	-1
9011	-1
9012	-1
9013	-1
9014	-1
9015	-1
9016	-1
9017	-1
9018	-1
9019	-1
9020	-1
9021	-1
9022	-1
9023	-1
9024	-1
9025	-1
9026	-1
9027	-1
9028	-1
9029	-1
9030	-1
9031	-1
9032	-1
9033	-1
9034	-1
9035	-1
9036	-1
9037	-1
9038	-1
9039	-1
9040	-1
9041	-1
9042	-1
9043	-1
9044	-1
9045	-1
9046	-1
9047	-1
9048	-1
9049	-1
9050	-1
9051	-1
9052	-1
9053	-1
9054	-1
9055	-1
9056	-1
9057	-1
9058	-1
9059	-1
9060	-1
9061	-1
9062	-1
9063	-1
9064	-1
9065	-1
9066	-1
9067	-1
9068	-1
9069	-1
9070	-1
9071	-1
9072	-1
9073	-1
9074	-1
9075	-1
9076	-1
9077	-1
9078	-1
9079	-1
9080	-1
9081	-1
9082	-1
9083	-1
9084	-1
9085	-1
9086	-1
9087	-1
9088	-1
9089	-1
9090	-1
9091	-1
9092	-1
9093	-1
9094	-1
9095	-1
9096	-1
9097	-1
9098	-1
9099	-1
9100	-1
9101	-1
9102	-1
9103	-1
9104	-1
9105	-1
9106	-1
9107	-1
9108	-1
9109	-1
9110	-1
9111	-1
9112	-1
9113	-1
9114	-1
9115	-1
9116	-1
9117	-1
9118	-1
9119	-1
9120	-1
9121	-1
9122	-1
9123	-1
9124	-1
9125	-1
9126	-1
9127	-1
9128	-1
9129	-1
9130	-1
9131	-1
9132	-1
9133	-1
9134	-1
9135	-1
9136	-1
9137	-1
9138	-1
9139	-1
9140	-1
9141	-1
9142	-1
9143	-1
9144	-1
9145	-1
9146	-1
9147	-1
9148	-1
9149	-1
9150	-1
9151	-1
9152	-1
9153	-1
9154	-1
9155	-1
9156	-1
9157	-1
9158	-1
9159	-1
9160	-1
9161	-1
9162	-1
9163	-1
9164	-1
9165	-1
9166	-1
9167	-1
9168	-1
9169	-1
9170	-1
9171	-1
9172	-1
9173	-1
9174	-1
9175	-1
9176	-1
9177	-1
9178	-1
9179	-1
9180	-1
9181	-1
9182	-1
9183	-1
9184	-1
9185	-1
9186	-1
9187	-1
9188	-1
9189	-1
9190	-1
9191	-1
9192	-1
9193	-1
9194	-1
9195	-1
9196	-1
9197	-1
9198	-1
9199	-1
9200	-1
9201	-1
9202	-1
9203	-1
9204	-1
9205	-1
9206	-1
9207	-1
9208	-1
9209	-1
9210	-1
9211	-1
9212	-1
9213	-1
9214	-1
9215	-1
9216	-1
9217	-1
9218	-1
9219	-1
9220	-1
9221	-1
9222	-1
9223	-1
9224	-1
9225	-1
9226	-1
9227	-1
9228	-1
9229	-1
9230	-1
9231	-1
9232	-1
9233	-1
9234	-1
9235	-1
9236	-1
9237	-1
9238	-1
9239	-1
9240	-1
9241	-1
9242	-1
9243	-1
9244	-1
9245	-1
9246	-1
9247	-1
9248	-1
9249	-1
9250	-1
9251	-1
9252	-1
9253	-1
9254	-1
9255	-1
9256	-1
9257	-1
9258	-1
9259	-1
9260	-1
9261	-1
9262	-1
9263	-1
9264	-1
9265	-1
9266	-1
9267	-1
9268	-1
9269	-1
9270	-1
9271	-1
9272	-1
9273	-1
9274	-1
9275	-1
9276	-1
9277	-1
9278	-1
9279	-1
9280	-1
9281	-1
9282	-1
9283	-1
9284	-1
9285	-1
9286	-1
9287	-1
9288	-1
9289	-1
9290	-1
9291	-1
9292	-1
9293	-1
9294	-1
9295	-1
9296	-1
9297	-1
9298	-1
9299	-1
9300	-1
9301	-1
9302	-1
9303	-1
9304	-1
9305	-1
9306	-1
9307	-1
9308	-1
9309	-1
9310	-1
9311	-1
9312	-1
9313	-1
9314	-1
9315	-1
9316	-1
9317	-1
9318	-1
9319	-1
9320	-1
9321	-1
9322	-1
9323	-1
9324	-1
9325	-1
9326	-1
9327	-1
9328	-1
9329	-1
9330	-1
9331	-1
9332	-1
9333	-1
9334	-1
9335	-1
9336	-1
9337	-1
9338	-1
9339	-1
9340	-1
9341	-1
9342	-1
9343	-1
9344	-1
9345	-1
9346	-1
9347	-1
9348	-1
9349	-1
9350	-1
9351	-1
9352	-1
9353	-1
9354	-1
9355	-1
9356	-1
9357	-1
9358	-1
9359	-1
9360	-1
9361	-1
9362	-1
9363	-1
9364	-1
9365	-1
9366	-1
9367	-1
9368	-1
9369	-1
9370	-1
9371	-1
9372	-1
9373	-1
9374	-1
9375	-1
9376	-1
9377	-1
9378	-1
9379	-1
9380	-1
9381	-1
9382	-1
9383	-1
9384	-1
9385	-1
9386	-1
9387	-1
9388	-1
9389	-1
9390	-1
9391	-1
9392	-1
9393	-1
9394	-1
9395	-1
9396	-1
9397	-1
9398	-1
9399	-1
9400	-1
9401	-1
9402	-1
9403	-1
9404	-1
9405	-1
9406	-1
9407	-1
9408	-1
9409	-1
9410	-1
9411	-1
9412	-1
9413	-1
9414	-1
9415	-1
9416	-1
9417	-1
9418	-1
9419	-1
9420	-1
9421	-1
9422	-1
9423	-1
9424	-1
9425	-1
9426	-1
9427	-1
9428	-1
9429	-1
9430	-1
9431	-1
9432	-1
9433	-1
9434	-1
9435	-1
9436	-1
9437	-1
9438	-1
9439	-1
9440	-1
9441	-1
9442	-1
9443	-1
9444	-1
9445	-1
9446	-1
9447	-1
9448	-1
9449	-1
9450	-1
9451	-1
9452	-1
9453	-1
9454	-1
9455	-1
9456	-1
9457	-1
9458	-1
9459	-1
9460	-1
9461	-1
9462	-1
9463	-1
9464	-1
9465	-1
9466	-1
9467	-1
9468	-1
9469	-1
9470	-1
9471	-1
9472	-1
9473	-1
9474	-1
9475	-1
9476	-1
9477	-1
9478	-1
9479	-1
9480	-1
9481	-1
9482	-1
9483	-1
9484	-1
9485	-1
9486	-1
9487	-1
9488	-1
9489	-1
9490	-1
9491	-1
9492	-1
9493	-1
9494	-1
9495	-1
9496	-1
9497	-1
9498	-1
9499	-1
9500	-1
9501	-1
9502	-1
9503	-1
9504	-1
9505	-1
9506	-1
9507	-1
9508	-1
9509	-1
9510	-1
9511	-1
9512	-1
9513	-1
9514	-1
9515	-1
9516	-1
9517	-1
9518	-1
9519	-1
9520	-1
9521	-1
9522	-1
9523	-1
9524	-1
9525	-1
9526	-1
9527	-1
9528	-1
9529	-1
9530	-1
9531	-1
9532	-1
9533	-1
9534	-1
9535	-1
9536	-1
9537	-1
9538	-1
9539	-1
9540	-1
9541	-1
9542	-1
9543	-1
9544	-1
9545	-1
9546	-1
9547	-1
9548	-1
9549	-1
9550	-1
9551	-1
9552	-1
9553	-1
9554	-1
9555	-1
9556	-1
9557	-1
9558	-1
9559	-1
9560	-1
9561	-1
9562	-1
9563	-1
9564	-1
9565	-1
9566	-1
9567	-1
9568	-1
9569	-1
9570	-1
9571	-1
9572	-1
9573	-1
9574	-1
9575	-1
9576	-1
9577	-1
9578	-1
9579	-1
9580	-1
9581	-1
9582	-1
9583	-1
9584	-1
9585	-1
9586	-1
9587	-1
9588	-1
9589	-1
9590	-1
9591	-1
9592	-1
9593	-1
9594	-1
9595	-1
9596	-1
9597	-1
9598	-1
9599	-1
9600	-1
9601	-1
9602	-1
9603	-1
9604	-1
9605	-1
9606	-1
9607	-1
9608	-1
9609	-1
9610	-1
9611	-1
9612	-1
9613	-1
9614	-1
9615	-1
9616	-1
9617	-1
9618	-1
9619	-1
9620	-1
9621	-1
9622	-1
9623	-1
9624	-1
9625	-1
9626	-1
9627	-1
9628	-1
9629	-1
9630	-1
9631	-1
9632	-1
9633	-1
9634	-1
9635	-1
9636	-1
9637	-1
9638	-1
9639	-1
9640	-1
9641	-1
9642	-1
9643	-1
9644	-1
9645	-1
9646	-1
9647	-1
9648	-1
9649	-1
9650	-1
9651	-1
9652	-1
9653	-1
9654	-1
9655	-1
9656	-1
9657	-1
9658	-1
9659	-1
9660	-1
9661	-1
9662	-1
9663	-1
9664	-1
9665	-1
9666	-1
9667	-1
9668	-1
9669	-1
9670	-1
9671	-1
9672	-1
9673	-1
9674	-1
9675	-1
9676	-1
9677	-1
9678	-1
9679	-1
9680	-1
9681	-1
9682	-1
9683	-1
9684	-1
9685	-1
9686	-1
9687	-1
9688	-1
9689	-1
9690	-1
9691	-1
9692	-1
9693	-1
9694	-1
9695	-1
9696	-1
9697	-1
9698	-1
9699	-1
9700	-1
9701	-1
9702	-1
9703	-1
9704	-1
9705	-1
9706	-1
9707	-1
9708	-1
9709	-1
9710	-1
9711	-1
9712	-1
9713	-1
9714	-1
9715	-1
9716	-1
9717	-1
9718	-1
9719	-1
9720	-1
9721	-1
9722	-1
9723	-1
9724	-1
9725	-1
9726	-1
9727	-1
9728	-1
9729	-1
9730	-1
9731	-1
9732	-1
9733	-1
9734	-1
9735	-1
9736	-1
9737	-1
9738	-1
9739	-1
9740	-1
9741	-1
9742	-1
9743	-1
9744	-1
9745	-1
9746	-1
9747	-1
9748	-1
9749	-1
9750	-1
9751	-1
9752	-1
9753	-1
9754	-1
9755	-1
9756	-1
9757	-1
9758	-1
9759	-1
9760	-1
9761	-1
9762	-1
9763	-1
9764	-1
9765	-1
9766	-1
9767	-1
9768	-1
9769	-1
9770	-1
9771	-1
9772	-1
9773	-1
9774	-1
9775	-1
9776	-1
9777	-1
9778	-1
9779	-1
9780	-1
9781	-1
9782	-1
9783	-1
9784	-1
9785	-1
9786	-1
9787	-1
9788	-1
9789	-1
9790	-1
9791	-1
9792	-1
9793	-1
9794	-1
9795	-1
9796	-1
9797	-1
9798	-1
9799	-1
9800	-1
9801	-1
9802	-1
9803	-1
9804	-1
9805	-1
9806	-1
9807	-1
9808	-1
9809	-1
9810	-1
9811	-1
9812	-1
9813	-1
9814	-1
9815	-1
9816	-1
9817	-1
9818	-1
9819	-1
9820	-1
9821	-1
9822	-1
9823	-1
9824	-1
9825	-1
9826	-1
9827	-1
9828	-1
9829	-1
9830	-1
9831	-1
9832	-1
9833	-1
9834	-1
9835	-1
9836	-1
9837	-1
9838	-1
9839	-1
9840	-1
9841	-1
9842	-1
9843	-1
9844	-1
9845	-1
9846	-1
9847	-1
9848	-1
9849	-1
9850	-1
9851	-1
9852	-1
9853	-1
9854	-1
9855	-1
9856	-1
9857	-1
9858	-1
9859	-1
9860	-1
9861	-1
9862	-1
9863	-1
9864	-1
9865	-1
9866	-1
9867	-1
9868	-1
9869	-1
9870	-1
9871	-1
9872	-1
9873	-1
9874	-1
9875	-1
9876	-1
9877	-1
9878	-1
9879	-1
9880	-1
9881	-1
9882	-1
9883	-1
9884	-1
9885	-1
9886	-1
9887	-1
9888	-1
9889	-1
9890	-1
9891	-1
9892	-1
9893	-1
9894	-1
9895	-1
9896	-1
9897	-1
9898	-1
9899	-1
9900	-1
9901	-1
9902	-1
9903	-1
9904	-1
9905	-1
9906	-1
9907	-1
9908	-1
9909	-1
9910	-1
9911	-1
9912	-1
9913	-1
9914	-1
9915	-1
9916	-1
9917	-1
9918	-1
9919	-1
9920	-1
9921	-1
9922	-1
9923	-1
9924	-1
9925	-1
9926	-1
9927	-1
9928	-1
9929	-1
9930	-1
9931	-1
9932	-1
9933	-1
9934	-1
9935	-1
9936	-1
9937	-1
9938	-1
9939	-1
9940	-1
9941	-1
9942	-1
9943	-1
9944	-1
9945	-1
9946	-1
9947	-1
9948	-1
9949	-1
9950	-1
9951	-1
9952	-1
9953	-1
9954	-1
9955	-1
9956	-1
9957	-1
9958	-1
9959	-1
9960	-1
9961	-1
9962	-1
9963	-1
9964	-1
9965	-1
9966	-1
9967	-1
9968	-1
9969	-1
9970	-1
9971	-1
9972	-1
9973	-1
9974	-1
9975	-1
9976	-1
9977	-1
9978	-1
9979	-1
9980	-1
9981	-1
9982	-1
9983	-1
9984	-1
9985	-1
9986	-1
9987	-1
9988	-1
9989	-1
9990	-1
9991	-1
9992	-1
9993	-1
9994	-1
9995	-1
9996	-1
9997	-1
9998	-1
9999	-1
